#VRML V2.0 utf8
# 3D model generated by easyeda2kicad.py (https://github.com/uPesy/easyeda2kicad.py)

Shape{
    appearance Appearance {
        material  Material 	{
            diffuseColor 0.25098039215686274 0.25098039215686274 0.25098039215686274
            specularColor 0.12549019607843137 0.12549019607843137 0.12549019607843137
            ambientIntensity 0.2
            transparency 0
            shininess 0.5
        }
    }
    geometry IndexedFaceSet {
        ccw TRUE
        solid FALSE
        coord DEF co Coordinate {
            point [
                -5.1526 0.9138 -0.6719, -5.7087 0.9138 -0.6719, -5.7087 2.1539 -0.6719, -1.9685 0.9138 -0.6719, -2.3622 0.9138 -0.6719, -2.3622 2.1539 -0.6719, 3.7659 1.9236 -0.6719, 3.6614 1.9374 -0.6719, 4.1339 2.1539 -0.6719, -0.4478 0.087 -0.6719, -0.7874 0.087 -0.6719, -0.7874 0.5742 -0.6719, 0.7874 0.087 -0.6719, 0.4528 0.087 -0.6719, 0.4528 0.5742 -0.6719, -4.4587 2.4689 -0.6719, -4.3307 2.9807 -0.6719, -4.3307 2.1539 -0.6719, 3.4646 2.3213 -0.6719, 4.1339 2.3213 -0.6719, 3.0217 0.6972 -0.6719, 3.4646 0.7464 -0.6719, 3.0217 0.5988 -0.6719, 3.4646 0.5742 -0.6719, 2.7559 0.5742 -0.6719, 4.1339 0.7464 -0.6719, 4.1339 0.9138 -0.6719, 2.7559 0.9138 -0.6719, 2.8839 0.6972 -0.6719, 2.8839 0.5988 -0.6719, 2.7559 2.1539 -0.6719, 2.8839 2.3705 -0.6719, 3.0217 2.3705 -0.6719, 2.8839 2.4689 -0.6719, 2.7559 2.9807 -0.6719, 3.0217 2.4689 -0.6719, 3.4646 2.9807 -0.6719, -5.0394 2.9807 -0.6719, -4.5965 2.4689 -0.6719, -5.0394 2.3213 -0.6719, -4.5965 2.3705 -0.6719, -4.4587 2.3705 -0.6719, -5.7087 2.3213 -0.6719, -5.1526 2.3213 -0.6719, -5.1526 2.1539 -0.6719, -5.7087 0.7464 -0.6719, -5.1526 0.7464 -0.6719, -5.0394 0.7464 -0.6719, -4.3307 0.9138 -0.6719, -4.4587 0.6972 -0.6719, -4.5965 0.6972 -0.6719, 0.3422 1.2061 -0.6719, 0.3839 1.2474 -0.6719, 0.4528 0.9138 -0.6719, 0.4528 2.1539 -0.6719, 0.3839 1.8203 -0.6719, 0.3422 1.8616 -0.6719, -0.1772 2.5181 -0.6719, -0.4478 2.9807 -0.6719, 0.2953 2.5181 -0.6719, 0.4528 2.9807 -0.6719, 0.2953 2.2031 -0.6719, 0.2953 2.1539 -0.6719, 0.2953 1.8968 -0.6719, 0.2953 1.1709 -0.6719, 0.2953 0.8646 -0.6719, 0.2953 0.9138 -0.6719, -0.4478 0.5742 -0.6719, -0.1772 0.5742 -0.6719, -0.1772 0.5496 -0.6719, 0.2953 0.5496 -0.6719, 0.2953 0.5742 -0.6719, -0.4478 0.9138 -0.6719, -0.1772 0.9138 -0.6719, -0.1772 0.8646 -0.6719, -0.374 1.5339 -0.6719, -0.3607 1.4274 -0.6719, -0.1772 2.2031 -0.6719, -0.1772 2.1539 -0.6719, -0.4478 2.1539 -0.6719, -0.1772 1.8968 -0.6719, -0.2592 1.8276 -0.6719, -0.1772 1.1709 -0.6719, -0.2592 1.2401 -0.6719, -0.3216 1.3274 -0.6719, -0.3216 1.7403 -0.6719, -0.3607 1.6404 -0.6719, 0.7874 0.5742 -0.6719, 1.1811 0.087 -0.6719, 1.1811 0.5742 -0.6719, 1.5748 0.087 -0.6719, 1.5748 0.5742 -0.6719, 1.9685 0.087 -0.6719, 1.9685 0.5742 -0.6719, 2.3622 0.087 -0.6719, 2.3622 0.5742 -0.6719, 2.7559 0.087 -0.6719, 3.4646 0.087 -0.6719, -1.1811 0.5742 -0.6719, -5.0394 0.087 -0.6719, -5.0394 0.5742 -0.6719, -4.3307 0.087 -0.6719, -4.3307 0.5742 -0.6719, -3.937 0.087 -0.6719, -3.937 0.5742 -0.6719, -3.5433 0.087 -0.6719, -3.5433 0.5742 -0.6719, -3.1496 0.087 -0.6719, -3.1496 0.5742 -0.6719, -2.7559 0.087 -0.6719, -2.7559 0.5742 -0.6719, -2.3622 0.087 -0.6719, -2.3622 0.5742 -0.6719, -1.9685 0.087 -0.6719, -1.9685 0.5742 -0.6719, -1.1811 0.087 -0.6719, 2.628 0.6972 -0.6719, 2.628 0.5988 -0.6719, 2.4902 0.5988 -0.6719, 2.4902 0.6972 -0.6719, 2.3622 0.9138 -0.6719, 2.2343 0.6972 -0.6719, 2.2343 0.5988 -0.6719, 2.0965 0.5988 -0.6719, 2.0965 0.6972 -0.6719, 1.9685 0.9138 -0.6719, 1.8406 0.6972 -0.6719, 1.8406 0.5988 -0.6719, 1.7028 0.5988 -0.6719, 1.7028 0.6972 -0.6719, 1.5748 0.9138 -0.6719, 1.4469 0.6972 -0.6719, 1.4469 0.5988 -0.6719, 1.3091 0.5988 -0.6719, 1.3091 0.6972 -0.6719, 1.1811 0.9138 -0.6719, 1.0531 0.6972 -0.6719, 1.0531 0.5988 -0.6719, 0.9154 0.5988 -0.6719, 0.9154 0.6972 -0.6719, 0.7874 0.9138 -0.6719, 0.6594 0.5988 -0.6719, 0.6594 0.6972 -0.6719, 0.5217 0.6972 -0.6719, 0.5217 0.5988 -0.6719, -0.5217 0.5988 -0.6719, -0.5217 0.6972 -0.6719, -0.6594 0.6972 -0.6719, -0.7874 0.9138 -0.6719, -0.6594 0.5988 -0.6719, -0.9154 0.5988 -0.6719, -1.0531 0.5988 -0.6719, -1.0531 0.6972 -0.6719, -1.1811 0.9138 -0.6719, -0.9154 0.6972 -0.6719, -1.3091 0.6972 -0.6719, -1.4469 0.6972 -0.6719, -1.8406 0.5988 -0.6719, -1.8406 0.6972 -0.6719, -1.7028 0.6972 -0.6719, -1.7028 0.5988 -0.6719, -2.2343 0.5988 -0.6719, -2.2343 0.6972 -0.6719, -2.0965 0.6972 -0.6719, -2.0965 0.5988 -0.6719, -2.4902 0.6972 -0.6719, -2.4902 0.5988 -0.6719, -2.628 0.5988 -0.6719, -2.628 0.6972 -0.6719, -2.7559 0.9138 -0.6719, -2.8839 0.6972 -0.6719, -2.8839 0.5988 -0.6719, -3.0217 0.5988 -0.6719, -3.0217 0.6972 -0.6719, -3.1496 0.9138 -0.6719, -3.2776 0.6972 -0.6719, -3.2776 0.5988 -0.6719, -3.4154 0.5988 -0.6719, -3.4154 0.6972 -0.6719, -3.5433 0.9138 -0.6719, -3.6713 0.6972 -0.6719, -3.8091 0.6972 -0.6719, -3.937 0.9138 -0.6719, -3.6713 0.5988 -0.6719, -3.8091 0.5988 -0.6719, -4.065 0.5988 -0.6719, -4.2028 0.5988 -0.6719, -4.2028 0.6972 -0.6719, -4.065 0.6972 -0.6719, 3.4596 1.8833 -0.6719, 3.3761 1.8192 -0.6719, 3.2716 1.4294 -0.6719, 3.3119 1.3321 -0.6719, 3.3761 1.2485 -0.6719, 3.4596 1.1844 -0.6719, 3.557 1.9236 -0.6719, 4.0512 1.4294 -0.6719, 4.065 1.5339 -0.6719, 4.0512 1.6383 -0.6719, 4.0109 1.7356 -0.6719, 3.3119 1.7356 -0.6719, 3.2716 1.6383 -0.6719, 3.2579 1.5339 -0.6719, 3.8632 1.1844 -0.6719, 3.9468 1.2485 -0.6719, 4.0109 1.3321 -0.6719, 3.9468 1.8192 -0.6719, 3.8632 1.8833 -0.6719, 3.557 1.1441 -0.6719, 3.6614 1.1303 -0.6719, 3.7659 1.1441 -0.6719, 0.7874 2.1539 -0.6719, -3.937 2.1539 -0.6719, -4.4587 0.5988 -0.6719, -4.5965 0.5988 -0.6719, 2.628 2.3705 -0.6719, 2.628 2.4689 -0.6719, 2.4902 2.4689 -0.6719, 2.3622 2.9807 -0.6719, 2.3622 2.1539 -0.6719, 2.4902 2.3705 -0.6719, 2.2343 2.3705 -0.6719, 2.2343 2.4689 -0.6719, 2.0965 2.4689 -0.6719, 1.9685 2.9807 -0.6719, 1.9685 2.1539 -0.6719, 2.0965 2.3705 -0.6719, 1.8406 2.3705 -0.6719, 1.8406 2.4689 -0.6719, 1.7028 2.4689 -0.6719, 1.5748 2.9807 -0.6719, 1.5748 2.1539 -0.6719, 1.7028 2.3705 -0.6719, 1.4469 2.3705 -0.6719, 1.4469 2.4689 -0.6719, 1.3091 2.4689 -0.6719, 1.1811 2.9807 -0.6719, 1.1811 2.1539 -0.6719, 1.3091 2.3705 -0.6719, 1.0531 2.3705 -0.6719, 1.0531 2.4689 -0.6719, 0.9154 2.4689 -0.6719, 0.7874 2.9807 -0.6719, 0.9154 2.3705 -0.6719, 0.6594 2.3705 -0.6719, 0.6594 2.4689 -0.6719, 0.5217 2.3705 -0.6719, 0.5217 2.4689 -0.6719, -0.6594 2.3705 -0.6719, -0.5217 2.3705 -0.6719, -0.5217 2.4689 -0.6719, -0.6594 2.4689 -0.6719, -0.7874 2.9807 -0.6719, -0.7874 2.1539 -0.6719, -1.0531 2.3705 -0.6719, -0.9154 2.3705 -0.6719, -0.9154 2.4689 -0.6719, -1.0531 2.4689 -0.6719, -1.1811 2.9807 -0.6719, -1.1811 2.1539 -0.6719, -1.8406 2.3705 -0.6719, -1.7028 2.3705 -0.6719, -1.7028 2.4689 -0.6719, -1.8406 2.4689 -0.6719, -1.9685 2.9807 -0.6719, -1.3091 2.4689 -0.6719, -1.4469 2.4689 -0.6719, -1.9685 2.1539 -0.6719, -1.4469 2.3705 -0.6719, -1.3091 2.3705 -0.6719, -2.2343 2.3705 -0.6719, -2.0965 2.3705 -0.6719, -2.0965 2.4689 -0.6719, -2.2343 2.4689 -0.6719, -2.3622 2.9807 -0.6719, -1.3091 0.5988 -0.6719, -1.4469 0.5988 -0.6719, -2.4902 2.3705 -0.6719, -2.4902 2.4689 -0.6719, -2.628 2.4689 -0.6719, -2.7559 2.9807 -0.6719, -2.7559 2.1539 -0.6719, -2.628 2.3705 -0.6719, -2.8839 2.3705 -0.6719, -2.8839 2.4689 -0.6719, -3.0217 2.4689 -0.6719, -3.1496 2.9807 -0.6719, -3.1496 2.1539 -0.6719, -3.0217 2.3705 -0.6719, -3.2776 2.3705 -0.6719, -3.2776 2.4689 -0.6719, -3.4154 2.4689 -0.6719, -3.5433 2.9807 -0.6719, -3.5433 2.1539 -0.6719, -3.4154 2.3705 -0.6719, -3.6713 2.3705 -0.6719, -3.6713 2.4689 -0.6719, -3.8091 2.4689 -0.6719, -3.937 2.9807 -0.6719, -3.8091 2.3705 -0.6719, -4.065 2.3705 -0.6719, -4.065 2.4689 -0.6719, -4.2028 2.3705 -0.6719, -4.2028 2.4689 -0.6719, -4.2028 2.4689 -0.6719
            ]
        }
        coordIndex [
            0,1,2,-1,3,4,5,-1,6,7,8,-1,9,10,11,-1,12,13,14,-1,15,16,17,-1,18,19,8,-1,20,21,22,-1,22,21,23,-1,22,23,24,-1,25,21,26,-1,26,21,20,-1,26,20,27,-1,27,20,28,-1,27,28,24,-1,24,28,29,-1,24,29,22,-1,30,31,32,-1,33,34,35,-1,35,34,36,-1,35,36,32,-1,32,36,18,-1,32,18,30,-1,30,18,8,-1,16,15,37,-1,37,15,38,-1,37,38,39,-1,39,38,40,-1,39,40,17,-1,17,40,41,-1,17,41,15,-1,42,43,44,-1,45,1,46,-1,46,1,0,-1,46,0,47,-1,48,49,50,-1,51,52,53,-1,54,55,56,-1,57,58,59,-1,59,58,60,-1,59,60,61,-1,61,60,54,-1,61,54,62,-1,62,54,56,-1,62,56,63,-1,51,53,64,-1,14,65,53,-1,53,65,66,-1,53,66,64,-1,67,68,9,-1,9,68,69,-1,9,69,13,-1,13,69,70,-1,13,70,14,-1,14,70,71,-1,14,71,65,-1,72,73,74,-1,75,76,72,-1,77,78,79,-1,79,78,80,-1,79,80,81,-1,82,73,83,-1,83,73,72,-1,83,72,84,-1,84,72,76,-1,81,85,79,-1,79,85,86,-1,79,86,75,-1,12,87,88,-1,88,87,89,-1,88,89,90,-1,90,89,91,-1,90,91,92,-1,92,91,93,-1,92,93,94,-1,94,93,95,-1,94,95,96,-1,96,95,24,-1,96,24,97,-1,97,24,23,-1,11,10,98,-1,99,100,101,-1,101,100,102,-1,101,102,103,-1,103,102,104,-1,103,104,105,-1,105,104,106,-1,105,106,107,-1,107,106,108,-1,107,108,109,-1,109,108,110,-1,109,110,111,-1,111,110,112,-1,111,112,113,-1,113,112,114,-1,113,114,115,-1,116,27,117,-1,117,27,24,-1,117,24,118,-1,118,24,95,-1,118,95,119,-1,119,95,120,-1,119,120,116,-1,121,120,122,-1,122,120,95,-1,122,95,123,-1,123,95,93,-1,123,93,124,-1,124,93,125,-1,124,125,121,-1,126,125,127,-1,127,125,93,-1,127,93,128,-1,128,93,91,-1,128,91,129,-1,129,91,130,-1,129,130,126,-1,131,130,132,-1,132,130,91,-1,132,91,133,-1,133,91,89,-1,133,89,134,-1,134,89,135,-1,134,135,131,-1,136,135,137,-1,137,135,89,-1,137,89,138,-1,138,89,87,-1,138,87,139,-1,139,87,140,-1,139,140,136,-1,12,14,87,-1,87,14,141,-1,87,141,140,-1,140,141,142,-1,140,142,53,-1,53,142,143,-1,53,143,14,-1,14,143,144,-1,14,144,141,-1,145,72,67,-1,67,72,74,-1,67,74,68,-1,146,147,148,-1,9,11,67,-1,67,11,149,-1,67,149,145,-1,150,148,11,-1,11,148,147,-1,11,147,149,-1,150,11,151,-1,151,11,98,-1,151,98,152,-1,152,98,153,-1,152,153,154,-1,153,155,156,-1,157,114,158,-1,158,114,3,-1,158,3,159,-1,10,115,98,-1,98,115,114,-1,98,114,160,-1,160,114,157,-1,161,112,162,-1,162,112,4,-1,162,4,163,-1,163,4,3,-1,163,3,164,-1,164,3,114,-1,164,114,161,-1,161,114,112,-1,165,4,166,-1,166,4,112,-1,166,112,167,-1,167,112,110,-1,167,110,168,-1,168,110,169,-1,168,169,165,-1,170,169,171,-1,171,169,110,-1,171,110,172,-1,172,110,108,-1,172,108,173,-1,173,108,174,-1,173,174,170,-1,175,174,176,-1,176,174,108,-1,176,108,177,-1,177,108,106,-1,177,106,178,-1,178,106,179,-1,178,179,175,-1,180,181,182,-1,180,179,183,-1,183,179,106,-1,183,106,184,-1,184,106,104,-1,185,182,104,-1,104,182,181,-1,104,181,184,-1,185,104,186,-1,186,104,102,-1,186,102,187,-1,187,102,48,-1,187,48,188,-1,189,190,30,-1,191,192,27,-1,27,192,193,-1,27,193,194,-1,8,7,30,-1,30,7,195,-1,30,195,189,-1,26,196,197,-1,26,197,8,-1,8,197,198,-1,8,198,199,-1,190,200,30,-1,30,200,201,-1,30,201,27,-1,27,201,202,-1,27,202,191,-1,203,204,26,-1,26,204,205,-1,26,205,196,-1,199,206,8,-1,8,206,207,-1,8,207,6,-1,194,208,27,-1,27,208,209,-1,27,209,26,-1,26,209,210,-1,26,210,203,-1,52,55,53,-1,53,55,54,-1,53,54,140,-1,140,54,211,-1,17,212,182,-1,185,188,182,-1,182,188,48,-1,182,48,17,-1,17,48,44,-1,17,44,39,-1,39,44,43,-1,49,48,213,-1,213,48,102,-1,213,102,214,-1,214,102,100,-1,214,100,50,-1,50,100,47,-1,50,47,48,-1,48,47,0,-1,48,0,44,-1,44,0,2,-1,44,2,42,-1,30,215,216,-1,217,218,216,-1,216,218,34,-1,216,34,30,-1,30,34,33,-1,30,33,31,-1,116,120,27,-1,27,120,219,-1,27,219,30,-1,30,219,220,-1,30,220,215,-1,219,221,222,-1,223,224,222,-1,222,224,218,-1,222,218,219,-1,219,218,217,-1,219,217,220,-1,121,125,120,-1,120,125,225,-1,120,225,219,-1,219,225,226,-1,219,226,221,-1,225,227,228,-1,229,230,228,-1,228,230,224,-1,228,224,225,-1,225,224,223,-1,225,223,226,-1,126,130,125,-1,125,130,231,-1,125,231,225,-1,225,231,232,-1,225,232,227,-1,231,233,234,-1,235,236,234,-1,234,236,230,-1,234,230,231,-1,231,230,229,-1,231,229,232,-1,131,135,130,-1,130,135,237,-1,130,237,231,-1,231,237,238,-1,231,238,233,-1,237,239,240,-1,241,242,240,-1,240,242,236,-1,240,236,237,-1,237,236,235,-1,237,235,238,-1,136,140,135,-1,135,140,211,-1,135,211,237,-1,237,211,243,-1,237,243,239,-1,211,244,245,-1,244,211,246,-1,246,211,54,-1,246,54,247,-1,247,54,60,-1,247,60,245,-1,245,60,242,-1,245,242,211,-1,211,242,241,-1,211,241,243,-1,248,249,79,-1,79,249,250,-1,251,252,250,-1,250,252,58,-1,250,58,79,-1,79,58,57,-1,79,57,77,-1,75,72,79,-1,79,72,253,-1,79,253,248,-1,254,255,253,-1,253,255,256,-1,257,258,256,-1,256,258,252,-1,256,252,253,-1,253,252,251,-1,253,251,248,-1,257,254,259,-1,259,254,253,-1,259,253,148,-1,148,253,72,-1,148,72,146,-1,146,72,145,-1,260,261,259,-1,262,263,264,-1,257,259,258,-1,258,259,265,-1,258,265,266,-1,150,154,148,-1,148,154,153,-1,148,153,259,-1,259,153,267,-1,259,267,260,-1,264,258,262,-1,262,258,266,-1,262,266,261,-1,261,266,268,-1,261,268,259,-1,259,268,269,-1,259,269,265,-1,270,271,267,-1,267,271,272,-1,273,274,272,-1,272,274,264,-1,272,264,267,-1,267,264,263,-1,267,263,260,-1,155,153,275,-1,275,153,98,-1,275,98,276,-1,276,98,160,-1,276,160,156,-1,156,160,159,-1,156,159,153,-1,153,159,3,-1,153,3,267,-1,267,3,5,-1,267,5,270,-1,5,277,278,-1,279,280,278,-1,278,280,274,-1,278,274,5,-1,5,274,273,-1,5,273,270,-1,165,169,4,-1,4,169,281,-1,4,281,5,-1,5,281,282,-1,5,282,277,-1,281,283,284,-1,285,286,284,-1,284,286,280,-1,284,280,281,-1,281,280,279,-1,281,279,282,-1,170,174,169,-1,169,174,287,-1,169,287,281,-1,281,287,288,-1,281,288,283,-1,287,289,290,-1,291,292,290,-1,290,292,286,-1,290,286,287,-1,287,286,285,-1,287,285,288,-1,175,179,174,-1,174,179,293,-1,174,293,287,-1,287,293,294,-1,287,294,289,-1,293,295,296,-1,297,298,296,-1,296,298,292,-1,296,292,293,-1,293,292,291,-1,293,291,294,-1,180,182,179,-1,179,182,212,-1,179,212,293,-1,293,212,299,-1,293,299,295,-1,212,300,301,-1,300,212,302,-1,302,212,17,-1,302,17,303,-1,303,17,16,-1,303,16,301,-1,301,16,298,-1,301,298,212,-1,212,298,297,-1,212,297,299,-1,
        ]
    }
}
Shape{
    appearance Appearance {
        material  Material 	{
            diffuseColor 0.8274509803921568 0.6666666666666666 0.12941176470588237
            specularColor 0.4117647058823529 0.3333333333333333 0.06666666666666667
            ambientIntensity 0.2
            transparency 0
            shininess 0.5
        }
    }
    geometry IndexedFaceSet {
        ccw TRUE
        solid FALSE
        coord DEF co Coordinate {
            point [
                -0.6594 1.2875 1.9734, -0.6594 1.1854 1.7903, -0.6594 1.1854 1.9847, -0.6594 1.3402 2.1762, -0.6594 1.2325 2.1296, -0.6594 1.3402 2.3859, -0.6594 1.2484 2.281, -0.6594 1.2325 2.4325, -0.6594 1.2875 2.5887, -0.6594 1.1854 2.5773, -0.6594 1.1854 2.7718, -1.0531 1.2875 1.9734, -1.0531 1.1854 1.7903, -1.0531 1.1854 1.9847, -1.0531 1.3402 2.1762, -1.0531 1.2325 2.1296, -1.0531 1.3402 2.3859, -1.0531 1.2484 2.281, -1.0531 1.2325 2.4325, -1.0531 1.2875 2.5887, -1.0531 1.1854 2.5773, -1.0531 1.1854 2.7718, -1.4469 1.2875 1.9734, -1.4469 1.1854 1.7903, -1.4469 1.1854 1.9847, -1.4469 1.3402 2.1762, -1.4469 1.2325 2.1296, -1.4469 1.3402 2.3859, -1.4469 1.2484 2.281, -1.4469 1.2325 2.4325, -1.4469 1.2875 2.5887, -1.4469 1.1854 2.5773, -1.4469 1.1854 2.7718, -1.8406 1.2875 1.9734, -1.8406 1.1854 1.7903, -1.8406 1.1854 1.9847, -1.8406 1.3402 2.1762, -1.8406 1.2325 2.1296, -1.8406 1.3402 2.3859, -1.8406 1.2484 2.281, -1.8406 1.2325 2.4325, -1.8406 1.2875 2.5887, -1.8406 1.1854 2.5773, -1.8406 1.1854 2.7718, -2.2343 1.2875 1.9734, -2.2343 1.1854 1.7903, -2.2343 1.1854 1.9847, -2.2343 1.3402 2.1762, -2.2343 1.2325 2.1296, -2.2343 1.3402 2.3859, -2.2343 1.2484 2.281, -2.2343 1.2325 2.4325, -2.2343 1.2875 2.5887, -2.2343 1.1854 2.5773, -2.2343 1.1854 2.7718, -2.628 1.2875 1.9734, -2.628 1.1854 1.7903, -2.628 1.1854 1.9847, -2.628 1.3402 2.1762, -2.628 1.2325 2.1296, -2.628 1.3402 2.3859, -2.628 1.2484 2.281, -2.628 1.2325 2.4325, -2.628 1.2875 2.5887, -2.628 1.1854 2.5773, -2.628 1.1854 2.7718, -3.0217 1.2875 1.9734, -3.0217 1.1854 1.7903, -3.0217 1.1854 1.9847, -3.0217 1.3402 2.1762, -3.0217 1.2325 2.1296, -3.0217 1.3402 2.3859, -3.0217 1.2484 2.281, -3.0217 1.2325 2.4325, -3.0217 1.2875 2.5887, -3.0217 1.1854 2.5773, -3.0217 1.1854 2.7718, -3.4154 1.2875 1.9734, -3.4154 1.1854 1.7903, -3.4154 1.1854 1.9847, -3.4154 1.3402 2.1762, -3.4154 1.2325 2.1296, -3.4154 1.3402 2.3859, -3.4154 1.2484 2.281, -3.4154 1.2325 2.4325, -3.4154 1.2875 2.5887, -3.4154 1.1854 2.5773, -3.4154 1.1854 2.7718, -3.8091 1.2875 1.9734, -3.8091 1.1854 1.7903, -3.8091 1.1854 1.9847, -3.8091 1.3402 2.1762, -3.8091 1.2325 2.1296, -3.8091 1.3402 2.3859, -3.8091 1.2484 2.281, -3.8091 1.2325 2.4325, -3.8091 1.2875 2.5887, -3.8091 1.1854 2.5773, -3.8091 1.1854 2.7718, -4.2028 1.2875 1.9734, -4.2028 1.1854 1.7903, -4.2028 1.1854 1.9847, -4.2028 1.3402 2.1762, -4.2028 1.2325 2.1296, -4.2028 1.3402 2.3859, -4.2028 1.2484 2.281, -4.2028 1.2325 2.4325, -4.2028 1.2875 2.5887, -4.2028 1.1854 2.5773, -4.2028 1.1854 2.7718, -4.5965 1.2875 1.9734, -4.5965 1.1854 1.7903, -4.5965 1.1854 1.9847, -4.5965 1.3402 2.1762, -4.5965 1.2325 2.1296, -4.5965 1.3402 2.3859, -4.5965 1.2484 2.281, -4.5965 1.2325 2.4325, -4.5965 1.2875 2.5887, -4.5965 1.1854 2.5773, -4.5965 1.1854 2.7718, -0.5217 1.7802 1.9734, -0.5217 1.8823 1.7903, -0.5217 1.8823 1.9847, -0.5217 1.7275 2.1762, -0.5217 1.8352 2.1296, -0.5217 1.7275 2.3859, -0.5217 1.8193 2.281, -0.5217 1.8352 2.4325, -0.5217 1.7802 2.5887, -0.5217 1.8823 2.5773, -0.5217 1.8823 2.7718, -0.6594 1.7802 2.5887, -0.6594 1.8823 2.7718, -0.6594 1.8823 2.5773, -0.6594 1.7275 2.3859, -0.6594 1.8352 2.4325, -0.6594 1.8193 2.281, -0.6594 1.7275 2.1762, -0.6594 1.8352 2.1296, -0.6594 1.7802 1.9734, -0.6594 1.8823 1.9847, -0.6594 1.8823 1.7903, -0.9154 1.7802 1.9734, -0.9154 1.8823 1.7903, -0.9154 1.8823 1.9847, -0.9154 1.7275 2.1762, -0.9154 1.8352 2.1296, -0.9154 1.7275 2.3859, -0.9154 1.8193 2.281, -0.9154 1.8352 2.4325, -0.9154 1.7802 2.5887, -0.9154 1.8823 2.5773, -0.9154 1.8823 2.7718, -1.0531 1.7802 2.5887, -1.0531 1.8823 2.7718, -1.0531 1.8823 2.5773, -1.0531 1.7275 2.3859, -1.0531 1.8352 2.4325, -1.0531 1.8193 2.281, -1.0531 1.7275 2.1762, -1.0531 1.8352 2.1296, -1.0531 1.7802 1.9734, -1.0531 1.8823 1.9847, -1.0531 1.8823 1.7903, -1.3091 1.7802 1.9734, -1.3091 1.8823 1.7903, -1.3091 1.8823 1.9847, -1.3091 1.7275 2.1762, -1.3091 1.8352 2.1296, -1.3091 1.7275 2.3859, -1.3091 1.8193 2.281, -1.3091 1.8352 2.4325, -1.3091 1.7802 2.5887, -1.3091 1.8823 2.5773, -1.3091 1.8823 2.7718, -1.4469 1.7802 2.5887, -1.4469 1.8823 2.7718, -1.4469 1.8823 2.5773, -1.4469 1.7275 2.3859, -1.4469 1.8352 2.4325, -1.4469 1.8193 2.281, -1.4469 1.7275 2.1762, -1.4469 1.8352 2.1296, -1.4469 1.7802 1.9734, -1.4469 1.8823 1.9847, -1.4469 1.8823 1.7903, -1.7028 1.7802 1.9734, -1.7028 1.8823 1.7903, -1.7028 1.8823 1.9847, -1.7028 1.7275 2.1762, -1.7028 1.8352 2.1296, -1.7028 1.7275 2.3859, -1.7028 1.8193 2.281, -1.7028 1.8352 2.4325, -1.7028 1.7802 2.5887, -1.7028 1.8823 2.5773, -1.7028 1.8823 2.7718, -1.8406 1.7802 2.5887, -1.8406 1.8823 2.7718, -1.8406 1.8823 2.5773, -1.8406 1.7275 2.3859, -1.8406 1.8352 2.4325, -1.8406 1.8193 2.281, -1.8406 1.7275 2.1762, -1.8406 1.8352 2.1296, -1.8406 1.7802 1.9734, -1.8406 1.8823 1.9847, -1.8406 1.8823 1.7903, -2.0965 1.7802 1.9734, -2.0965 1.8823 1.7903, -2.0965 1.8823 1.9847, -2.0965 1.7275 2.1762, -2.0965 1.8352 2.1296, -2.0965 1.7275 2.3859, -2.0965 1.8193 2.281, -2.0965 1.8352 2.4325, -2.0965 1.7802 2.5887, -2.0965 1.8823 2.5773, -2.0965 1.8823 2.7718, -2.2343 1.7802 2.5887, -2.2343 1.8823 2.7718, -2.2343 1.8823 2.5773, -2.2343 1.7275 2.3859, -2.2343 1.8352 2.4325, -2.2343 1.8193 2.281, -2.2343 1.7275 2.1762, -2.2343 1.8352 2.1296, -2.2343 1.7802 1.9734, -2.2343 1.8823 1.9847, -2.2343 1.8823 1.7903, -2.4902 1.7802 1.9734, -2.4902 1.8823 1.7903, -2.4902 1.8823 1.9847, -2.4902 1.7275 2.1762, -2.4902 1.8352 2.1296, -2.4902 1.7275 2.3859, -2.4902 1.8193 2.281, -2.4902 1.8352 2.4325, -2.4902 1.7802 2.5887, -2.4902 1.8823 2.5773, -2.4902 1.8823 2.7718, -2.628 1.7802 2.5887, -2.628 1.8823 2.7718, -2.628 1.8823 2.5773, -2.628 1.7275 2.3859, -2.628 1.8352 2.4325, -2.628 1.8193 2.281, -2.628 1.7275 2.1762, -2.628 1.8352 2.1296, -2.628 1.7802 1.9734, -2.628 1.8823 1.9847, -2.628 1.8823 1.7903, -2.8839 1.7802 1.9734, -2.8839 1.8823 1.7903, -2.8839 1.8823 1.9847, -2.8839 1.7275 2.1762, -2.8839 1.8352 2.1296, -2.8839 1.7275 2.3859, -2.8839 1.8193 2.281, -2.8839 1.8352 2.4325, -2.8839 1.7802 2.5887, -2.8839 1.8823 2.5773, -2.8839 1.8823 2.7718, -3.0217 1.7802 2.5887, -3.0217 1.8823 2.7718, -3.0217 1.8823 2.5773, -3.0217 1.7275 2.3859, -3.0217 1.8352 2.4325, -3.0217 1.8193 2.281, -3.0217 1.7275 2.1762, -3.0217 1.8352 2.1296, -3.0217 1.7802 1.9734, -3.0217 1.8823 1.9847, -3.0217 1.8823 1.7903, -3.2776 1.7802 1.9734, -3.2776 1.8823 1.7903, -3.2776 1.8823 1.9847, -3.2776 1.7275 2.1762, -3.2776 1.8352 2.1296, -3.2776 1.7275 2.3859, -3.2776 1.8193 2.281, -3.2776 1.8352 2.4325, -3.2776 1.7802 2.5887, -3.2776 1.8823 2.5773, -3.2776 1.8823 2.7718, -3.4154 1.7802 2.5887, -3.4154 1.8823 2.7718, -3.4154 1.8823 2.5773, -3.4154 1.7275 2.3859, -3.4154 1.8352 2.4325, -3.4154 1.8193 2.281, -3.4154 1.7275 2.1762, -3.4154 1.8352 2.1296, -3.4154 1.7802 1.9734, -3.4154 1.8823 1.9847, -3.4154 1.8823 1.7903, -3.6713 1.7802 1.9734, -3.6713 1.8823 1.7903, -3.6713 1.8823 1.9847, -3.6713 1.7275 2.1762, -3.6713 1.8352 2.1296, -3.6713 1.7275 2.3859, -3.6713 1.8193 2.281, -3.6713 1.8352 2.4325, -3.6713 1.7802 2.5887, -3.6713 1.8823 2.5773, -3.6713 1.8823 2.7718, -3.8091 1.7802 2.5887, -3.8091 1.8823 2.7718, -3.8091 1.8823 2.5773, -3.8091 1.7275 2.3859, -3.8091 1.8352 2.4325, -3.8091 1.8193 2.281, -3.8091 1.7275 2.1762, -3.8091 1.8352 2.1296, -3.8091 1.7802 1.9734, -3.8091 1.8823 1.9847, -3.8091 1.8823 1.7903, -4.065 1.7802 1.9734, -4.065 1.8823 1.7903, -4.065 1.8823 1.9847, -4.065 1.7275 2.1762, -4.065 1.8352 2.1296, -4.065 1.7275 2.3859, -4.065 1.8193 2.281, -4.065 1.8352 2.4325, -4.065 1.7802 2.5887, -4.065 1.8823 2.5773, -4.065 1.8823 2.7718, -4.2028 1.7802 2.5887, -4.2028 1.8823 2.7718, -4.2028 1.8823 2.5773, -4.2028 1.7275 2.3859, -4.2028 1.8352 2.4325, -4.2028 1.8193 2.281, -4.2028 1.7275 2.1762, -4.2028 1.8352 2.1296, -4.2028 1.7802 1.9734, -4.2028 1.8823 1.9847, -4.2028 1.8823 1.7903, -4.4587 1.7802 1.9734, -4.4587 1.8823 1.7903, -4.4587 1.8823 1.9847, -4.4587 1.7275 2.1762, -4.4587 1.8352 2.1296, -4.4587 1.7275 2.3859, -4.4587 1.8193 2.281, -4.4587 1.8352 2.4325, -4.4587 1.7802 2.5887, -4.4587 1.8823 2.5773, -4.4587 1.8823 2.7718, -4.5965 1.7802 2.5887, -4.5965 1.8823 2.7718, -4.5965 1.8823 2.5773, -4.5965 1.7275 2.3859, -4.5965 1.8352 2.4325, -4.5965 1.8193 2.281, -4.5965 1.7275 2.1762, -4.5965 1.8352 2.1296, -4.5965 1.7802 1.9734, -4.5965 1.8823 1.9847, -4.5965 1.8823 1.7903, 0.5217 1.2875 1.9734, 0.5217 1.1854 1.7903, 0.5217 1.1854 1.9847, 0.5217 1.3402 2.1762, 0.5217 1.2325 2.1296, 0.5217 1.3402 2.3859, 0.5217 1.2484 2.281, 0.5217 1.2325 2.4325, 0.5217 1.2875 2.5887, 0.5217 1.1854 2.5773, 0.5217 1.1854 2.7718, 0.9154 1.2875 1.9734, 0.9154 1.1854 1.7903, 0.9154 1.1854 1.9847, 0.9154 1.3402 2.1762, 0.9154 1.2325 2.1296, 0.9154 1.3402 2.3859, 0.9154 1.2484 2.281, 0.9154 1.2325 2.4325, 0.9154 1.2875 2.5887, 0.9154 1.1854 2.5773, 0.9154 1.1854 2.7718, 1.3091 1.2875 1.9734, 1.3091 1.1854 1.7903, 1.3091 1.1854 1.9847, 1.3091 1.3402 2.1762, 1.3091 1.2325 2.1296, 1.3091 1.3402 2.3859, 1.3091 1.2484 2.281, 1.3091 1.2325 2.4325, 1.3091 1.2875 2.5887, 1.3091 1.1854 2.5773, 1.3091 1.1854 2.7718, 1.7028 1.2875 1.9734, 1.7028 1.1854 1.7903, 1.7028 1.1854 1.9847, 1.7028 1.3402 2.1762, 1.7028 1.2325 2.1296, 1.7028 1.3402 2.3859, 1.7028 1.2484 2.281, 1.7028 1.2325 2.4325, 1.7028 1.2875 2.5887, 1.7028 1.1854 2.5773, 1.7028 1.1854 2.7718, 2.0965 1.2875 1.9734, 2.0965 1.1854 1.7903, 2.0965 1.1854 1.9847, 2.0965 1.3402 2.1762, 2.0965 1.2325 2.1296, 2.0965 1.3402 2.3859, 2.0965 1.2484 2.281, 2.0965 1.2325 2.4325, 2.0965 1.2875 2.5887, 2.0965 1.1854 2.5773, 2.0965 1.1854 2.7718, 2.4902 1.2875 1.9734, 2.4902 1.1854 1.7903, 2.4902 1.1854 1.9847, 2.4902 1.3402 2.1762, 2.4902 1.2325 2.1296, 2.4902 1.3402 2.3859, 2.4902 1.2484 2.281, 2.4902 1.2325 2.4325, 2.4902 1.2875 2.5887, 2.4902 1.1854 2.5773, 2.4902 1.1854 2.7718, 2.8839 1.2875 1.9734, 2.8839 1.1854 1.7903, 2.8839 1.1854 1.9847, 2.8839 1.3402 2.1762, 2.8839 1.2325 2.1296, 2.8839 1.3402 2.3859, 2.8839 1.2484 2.281, 2.8839 1.2325 2.4325, 2.8839 1.2875 2.5887, 2.8839 1.1854 2.5773, 2.8839 1.1854 2.7718, 0.6594 1.7802 1.9734, 0.6594 1.8823 1.7903, 0.6594 1.8823 1.9847, 0.6594 1.7275 2.1762, 0.6594 1.8352 2.1296, 0.6594 1.7275 2.3859, 0.6594 1.8193 2.281, 0.6594 1.8352 2.4325, 0.6594 1.7802 2.5887, 0.6594 1.8823 2.5773, 0.6594 1.8823 2.7718, 0.5217 1.7802 2.5887, 0.5217 1.8823 2.7718, 0.5217 1.8823 2.5773, 0.5217 1.7275 2.3859, 0.5217 1.8352 2.4325, 0.5217 1.8193 2.281, 0.5217 1.7275 2.1762, 0.5217 1.8352 2.1296, 0.5217 1.7802 1.9734, 0.5217 1.8823 1.9847, 0.5217 1.8823 1.7903, 1.0531 1.7802 1.9734, 1.0531 1.8823 1.7903, 1.0531 1.8823 1.9847, 1.0531 1.7275 2.1762, 1.0531 1.8352 2.1296, 1.0531 1.7275 2.3859, 1.0531 1.8193 2.281, 1.0531 1.8352 2.4325, 1.0531 1.7802 2.5887, 1.0531 1.8823 2.5773, 1.0531 1.8823 2.7718, 0.9154 1.7802 2.5887, 0.9154 1.8823 2.7718, 0.9154 1.8823 2.5773, 0.9154 1.7275 2.3859, 0.9154 1.8352 2.4325, 0.9154 1.8193 2.281, 0.9154 1.7275 2.1762, 0.9154 1.8352 2.1296, 0.9154 1.7802 1.9734, 0.9154 1.8823 1.9847, 0.9154 1.8823 1.7903, 1.4469 1.7802 1.9734, 1.4469 1.8823 1.7903, 1.4469 1.8823 1.9847, 1.4469 1.7275 2.1762, 1.4469 1.8352 2.1296, 1.4469 1.7275 2.3859, 1.4469 1.8193 2.281, 1.4469 1.8352 2.4325, 1.4469 1.7802 2.5887, 1.4469 1.8823 2.5773, 1.4469 1.8823 2.7718, 1.3091 1.7802 2.5887, 1.3091 1.8823 2.7718, 1.3091 1.8823 2.5773, 1.3091 1.7275 2.3859, 1.3091 1.8352 2.4325, 1.3091 1.8193 2.281, 1.3091 1.7275 2.1762, 1.3091 1.8352 2.1296, 1.3091 1.7802 1.9734, 1.3091 1.8823 1.9847, 1.3091 1.8823 1.7903, 1.8406 1.7802 1.9734, 1.8406 1.8823 1.7903, 1.8406 1.8823 1.9847, 1.8406 1.7275 2.1762, 1.8406 1.8352 2.1296, 1.8406 1.7275 2.3859, 1.8406 1.8193 2.281, 1.8406 1.8352 2.4325, 1.8406 1.7802 2.5887, 1.8406 1.8823 2.5773, 1.8406 1.8823 2.7718, 1.7028 1.7802 2.5887, 1.7028 1.8823 2.7718, 1.7028 1.8823 2.5773, 1.7028 1.7275 2.3859, 1.7028 1.8352 2.4325, 1.7028 1.8193 2.281, 1.7028 1.7275 2.1762, 1.7028 1.8352 2.1296, 1.7028 1.7802 1.9734, 1.7028 1.8823 1.9847, 1.7028 1.8823 1.7903, 2.2343 1.7802 1.9734, 2.2343 1.8823 1.7903, 2.2343 1.8823 1.9847, 2.2343 1.7275 2.1762, 2.2343 1.8352 2.1296, 2.2343 1.7275 2.3859, 2.2343 1.8193 2.281, 2.2343 1.8352 2.4325, 2.2343 1.7802 2.5887, 2.2343 1.8823 2.5773, 2.2343 1.8823 2.7718, 2.0965 1.7802 2.5887, 2.0965 1.8823 2.7718, 2.0965 1.8823 2.5773, 2.0965 1.7275 2.3859, 2.0965 1.8352 2.4325, 2.0965 1.8193 2.281, 2.0965 1.7275 2.1762, 2.0965 1.8352 2.1296, 2.0965 1.7802 1.9734, 2.0965 1.8823 1.9847, 2.0965 1.8823 1.7903, 2.628 1.7802 1.9734, 2.628 1.8823 1.7903, 2.628 1.8823 1.9847, 2.628 1.7275 2.1762, 2.628 1.8352 2.1296, 2.628 1.7275 2.3859, 2.628 1.8193 2.281, 2.628 1.8352 2.4325, 2.628 1.7802 2.5887, 2.628 1.8823 2.5773, 2.628 1.8823 2.7718, 2.4902 1.7802 2.5887, 2.4902 1.8823 2.7718, 2.4902 1.8823 2.5773, 2.4902 1.7275 2.3859, 2.4902 1.8352 2.4325, 2.4902 1.8193 2.281, 2.4902 1.7275 2.1762, 2.4902 1.8352 2.1296, 2.4902 1.7802 1.9734, 2.4902 1.8823 1.9847, 2.4902 1.8823 1.7903, 3.0217 1.7802 1.9734, 3.0217 1.8823 1.7903, 3.0217 1.8823 1.9847, 3.0217 1.7275 2.1762, 3.0217 1.8352 2.1296, 3.0217 1.7275 2.3859, 3.0217 1.8193 2.281, 3.0217 1.8352 2.4325, 3.0217 1.7802 2.5887, 3.0217 1.8823 2.5773, 3.0217 1.8823 2.7718, 2.8839 1.7802 2.5887, 2.8839 1.8823 2.7718, 2.8839 1.8823 2.5773, 2.8839 1.7275 2.3859, 2.8839 1.8352 2.4325, 2.8839 1.8193 2.281, 2.8839 1.7275 2.1762, 2.8839 1.8352 2.1296, 2.8839 1.7802 1.9734, 2.8839 1.8823 1.9847, 2.8839 1.8823 1.7903, -0.5217 1.1854 2.7718, -0.5217 1.2875 2.5887, -0.5217 1.3402 2.3859, -0.5217 1.3402 2.1762, -0.5217 1.2875 1.9734, -0.5217 1.1854 1.7903, -0.5217 1.1854 2.5773, -0.5217 1.2325 2.4325, -0.5217 1.2484 2.281, -0.5217 1.2325 2.1296, -0.5217 1.1854 1.9847, -0.9154 1.1854 2.7718, -0.9154 1.2875 2.5887, -0.9154 1.3402 2.3859, -0.9154 1.3402 2.1762, -0.9154 1.2875 1.9734, -0.9154 1.1854 1.7903, -0.9154 1.1854 2.5773, -0.9154 1.2325 2.4325, -0.9154 1.2484 2.281, -0.9154 1.2325 2.1296, -0.9154 1.1854 1.9847, -1.3091 1.1854 2.7718, -1.3091 1.2875 2.5887, -1.3091 1.3402 2.3859, -1.3091 1.3402 2.1762, -1.3091 1.2875 1.9734, -1.3091 1.1854 1.7903, -1.3091 1.1854 2.5773, -1.3091 1.2325 2.4325, -1.3091 1.2484 2.281, -1.3091 1.2325 2.1296, -1.3091 1.1854 1.9847, -1.7028 1.1854 2.7718, -1.7028 1.2875 2.5887, -1.7028 1.3402 2.3859, -1.7028 1.3402 2.1762, -1.7028 1.2875 1.9734, -1.7028 1.1854 1.7903, -1.7028 1.1854 2.5773, -1.7028 1.2325 2.4325, -1.7028 1.2484 2.281, -1.7028 1.2325 2.1296, -1.7028 1.1854 1.9847, -2.0965 1.1854 2.7718, -2.0965 1.2875 2.5887, -2.0965 1.3402 2.3859, -2.0965 1.3402 2.1762, -2.0965 1.2875 1.9734, -2.0965 1.1854 1.7903, -2.0965 1.1854 2.5773, -2.0965 1.2325 2.4325, -2.0965 1.2484 2.281, -2.0965 1.2325 2.1296, -2.0965 1.1854 1.9847, -2.4902 1.1854 2.7718, -2.4902 1.2875 2.5887, -2.4902 1.3402 2.3859, -2.4902 1.3402 2.1762, -2.4902 1.2875 1.9734, -2.4902 1.1854 1.7903, -2.4902 1.1854 2.5773, -2.4902 1.2325 2.4325, -2.4902 1.2484 2.281, -2.4902 1.2325 2.1296, -2.4902 1.1854 1.9847, -2.8839 1.1854 2.7718, -2.8839 1.2875 2.5887, -2.8839 1.3402 2.3859, -2.8839 1.3402 2.1762, -2.8839 1.2875 1.9734, -2.8839 1.1854 1.7903, -2.8839 1.1854 2.5773, -2.8839 1.2325 2.4325, -2.8839 1.2484 2.281, -2.8839 1.2325 2.1296, -2.8839 1.1854 1.9847, -3.2776 1.1854 2.7718, -3.2776 1.2875 2.5887, -3.2776 1.3402 2.3859, -3.2776 1.3402 2.1762, -3.2776 1.2875 1.9734, -3.2776 1.1854 1.7903, -3.2776 1.1854 2.5773, -3.2776 1.2325 2.4325, -3.2776 1.2484 2.281, -3.2776 1.2325 2.1296, -3.2776 1.1854 1.9847, -3.6713 1.1854 2.7718, -3.6713 1.2875 2.5887, -3.6713 1.3402 2.3859, -3.6713 1.3402 2.1762, -3.6713 1.2875 1.9734, -3.6713 1.1854 1.7903, -3.6713 1.1854 2.5773, -3.6713 1.2325 2.4325, -3.6713 1.2484 2.281, -3.6713 1.2325 2.1296, -3.6713 1.1854 1.9847, -4.065 1.1854 2.7718, -4.065 1.2875 2.5887, -4.065 1.3402 2.3859, -4.065 1.3402 2.1762, -4.065 1.2875 1.9734, -4.065 1.1854 1.7903, -4.065 1.1854 2.5773, -4.065 1.2325 2.4325, -4.065 1.2484 2.281, -4.065 1.2325 2.1296, -4.065 1.1854 1.9847, -4.4587 1.1854 2.7718, -4.4587 1.2875 2.5887, -4.4587 1.3402 2.3859, -4.4587 1.3402 2.1762, -4.4587 1.2875 1.9734, -4.4587 1.1854 1.7903, -4.4587 1.1854 2.5773, -4.4587 1.2325 2.4325, -4.4587 1.2484 2.281, -4.4587 1.2325 2.1296, -4.4587 1.1854 1.9847, -4.4587 1.1854 1.9847
            ]
        }
        coordIndex [
            0,1,2,-1,0,2,3,-1,3,2,4,-1,3,4,5,-1,4,6,5,-1,5,6,7,-1,5,7,8,-1,8,7,9,-1,8,9,10,-1,11,12,13,-1,11,13,14,-1,14,13,15,-1,14,15,16,-1,15,17,16,-1,16,17,18,-1,16,18,19,-1,19,18,20,-1,19,20,21,-1,22,23,24,-1,22,24,25,-1,25,24,26,-1,25,26,27,-1,26,28,27,-1,27,28,29,-1,27,29,30,-1,30,29,31,-1,30,31,32,-1,33,34,35,-1,33,35,36,-1,36,35,37,-1,36,37,38,-1,37,39,38,-1,38,39,40,-1,38,40,41,-1,41,40,42,-1,41,42,43,-1,44,45,46,-1,44,46,47,-1,47,46,48,-1,47,48,49,-1,48,50,49,-1,49,50,51,-1,49,51,52,-1,52,51,53,-1,52,53,54,-1,55,56,57,-1,55,57,58,-1,58,57,59,-1,58,59,60,-1,59,61,60,-1,60,61,62,-1,60,62,63,-1,63,62,64,-1,63,64,65,-1,66,67,68,-1,66,68,69,-1,69,68,70,-1,69,70,71,-1,70,72,71,-1,71,72,73,-1,71,73,74,-1,74,73,75,-1,74,75,76,-1,77,78,79,-1,77,79,80,-1,80,79,81,-1,80,81,82,-1,81,83,82,-1,82,83,84,-1,82,84,85,-1,85,84,86,-1,85,86,87,-1,88,89,90,-1,88,90,91,-1,91,90,92,-1,91,92,93,-1,92,94,93,-1,93,94,95,-1,93,95,96,-1,96,95,97,-1,96,97,98,-1,99,100,101,-1,99,101,102,-1,102,101,103,-1,102,103,104,-1,103,105,104,-1,104,105,106,-1,104,106,107,-1,107,106,108,-1,107,108,109,-1,110,111,112,-1,110,112,113,-1,113,112,114,-1,113,114,115,-1,114,116,115,-1,115,116,117,-1,115,117,118,-1,118,117,119,-1,118,119,120,-1,121,122,123,-1,121,123,124,-1,124,123,125,-1,124,125,126,-1,125,127,126,-1,126,127,128,-1,126,128,129,-1,129,128,130,-1,129,130,131,-1,132,133,134,-1,132,134,135,-1,134,136,135,-1,135,136,137,-1,135,137,138,-1,138,137,139,-1,138,139,140,-1,140,139,141,-1,140,141,142,-1,143,144,145,-1,143,145,146,-1,146,145,147,-1,146,147,148,-1,147,149,148,-1,148,149,150,-1,148,150,151,-1,151,150,152,-1,151,152,153,-1,154,155,156,-1,154,156,157,-1,156,158,157,-1,157,158,159,-1,157,159,160,-1,160,159,161,-1,160,161,162,-1,162,161,163,-1,162,163,164,-1,165,166,167,-1,165,167,168,-1,168,167,169,-1,168,169,170,-1,169,171,170,-1,170,171,172,-1,170,172,173,-1,173,172,174,-1,173,174,175,-1,176,177,178,-1,176,178,179,-1,178,180,179,-1,179,180,181,-1,179,181,182,-1,182,181,183,-1,182,183,184,-1,184,183,185,-1,184,185,186,-1,187,188,189,-1,187,189,190,-1,190,189,191,-1,190,191,192,-1,191,193,192,-1,192,193,194,-1,192,194,195,-1,195,194,196,-1,195,196,197,-1,198,199,200,-1,198,200,201,-1,200,202,201,-1,201,202,203,-1,201,203,204,-1,204,203,205,-1,204,205,206,-1,206,205,207,-1,206,207,208,-1,209,210,211,-1,209,211,212,-1,212,211,213,-1,212,213,214,-1,213,215,214,-1,214,215,216,-1,214,216,217,-1,217,216,218,-1,217,218,219,-1,220,221,222,-1,220,222,223,-1,222,224,223,-1,223,224,225,-1,223,225,226,-1,226,225,227,-1,226,227,228,-1,228,227,229,-1,228,229,230,-1,231,232,233,-1,231,233,234,-1,234,233,235,-1,234,235,236,-1,235,237,236,-1,236,237,238,-1,236,238,239,-1,239,238,240,-1,239,240,241,-1,242,243,244,-1,242,244,245,-1,244,246,245,-1,245,246,247,-1,245,247,248,-1,248,247,249,-1,248,249,250,-1,250,249,251,-1,250,251,252,-1,253,254,255,-1,253,255,256,-1,256,255,257,-1,256,257,258,-1,257,259,258,-1,258,259,260,-1,258,260,261,-1,261,260,262,-1,261,262,263,-1,264,265,266,-1,264,266,267,-1,266,268,267,-1,267,268,269,-1,267,269,270,-1,270,269,271,-1,270,271,272,-1,272,271,273,-1,272,273,274,-1,275,276,277,-1,275,277,278,-1,278,277,279,-1,278,279,280,-1,279,281,280,-1,280,281,282,-1,280,282,283,-1,283,282,284,-1,283,284,285,-1,286,287,288,-1,286,288,289,-1,288,290,289,-1,289,290,291,-1,289,291,292,-1,292,291,293,-1,292,293,294,-1,294,293,295,-1,294,295,296,-1,297,298,299,-1,297,299,300,-1,300,299,301,-1,300,301,302,-1,301,303,302,-1,302,303,304,-1,302,304,305,-1,305,304,306,-1,305,306,307,-1,308,309,310,-1,308,310,311,-1,310,312,311,-1,311,312,313,-1,311,313,314,-1,314,313,315,-1,314,315,316,-1,316,315,317,-1,316,317,318,-1,319,320,321,-1,319,321,322,-1,322,321,323,-1,322,323,324,-1,323,325,324,-1,324,325,326,-1,324,326,327,-1,327,326,328,-1,327,328,329,-1,330,331,332,-1,330,332,333,-1,332,334,333,-1,333,334,335,-1,333,335,336,-1,336,335,337,-1,336,337,338,-1,338,337,339,-1,338,339,340,-1,341,342,343,-1,341,343,344,-1,344,343,345,-1,344,345,346,-1,345,347,346,-1,346,347,348,-1,346,348,349,-1,349,348,350,-1,349,350,351,-1,352,353,354,-1,352,354,355,-1,354,356,355,-1,355,356,357,-1,355,357,358,-1,358,357,359,-1,358,359,360,-1,360,359,361,-1,360,361,362,-1,363,364,365,-1,363,365,366,-1,366,365,367,-1,366,367,368,-1,367,369,368,-1,368,369,370,-1,368,370,371,-1,371,370,372,-1,371,372,373,-1,374,375,376,-1,374,376,377,-1,377,376,378,-1,377,378,379,-1,378,380,379,-1,379,380,381,-1,379,381,382,-1,382,381,383,-1,382,383,384,-1,385,386,387,-1,385,387,388,-1,388,387,389,-1,388,389,390,-1,389,391,390,-1,390,391,392,-1,390,392,393,-1,393,392,394,-1,393,394,395,-1,396,397,398,-1,396,398,399,-1,399,398,400,-1,399,400,401,-1,400,402,401,-1,401,402,403,-1,401,403,404,-1,404,403,405,-1,404,405,406,-1,407,408,409,-1,407,409,410,-1,410,409,411,-1,410,411,412,-1,411,413,412,-1,412,413,414,-1,412,414,415,-1,415,414,416,-1,415,416,417,-1,418,419,420,-1,418,420,421,-1,421,420,422,-1,421,422,423,-1,422,424,423,-1,423,424,425,-1,423,425,426,-1,426,425,427,-1,426,427,428,-1,429,430,431,-1,429,431,432,-1,432,431,433,-1,432,433,434,-1,433,435,434,-1,434,435,436,-1,434,436,437,-1,437,436,438,-1,437,438,439,-1,440,441,442,-1,440,442,443,-1,443,442,444,-1,443,444,445,-1,444,446,445,-1,445,446,447,-1,445,447,448,-1,448,447,449,-1,448,449,450,-1,451,452,453,-1,451,453,454,-1,453,455,454,-1,454,455,456,-1,454,456,457,-1,457,456,458,-1,457,458,459,-1,459,458,460,-1,459,460,461,-1,462,463,464,-1,462,464,465,-1,465,464,466,-1,465,466,467,-1,466,468,467,-1,467,468,469,-1,467,469,470,-1,470,469,471,-1,470,471,472,-1,473,474,475,-1,473,475,476,-1,475,477,476,-1,476,477,478,-1,476,478,479,-1,479,478,480,-1,479,480,481,-1,481,480,482,-1,481,482,483,-1,484,485,486,-1,484,486,487,-1,487,486,488,-1,487,488,489,-1,488,490,489,-1,489,490,491,-1,489,491,492,-1,492,491,493,-1,492,493,494,-1,495,496,497,-1,495,497,498,-1,497,499,498,-1,498,499,500,-1,498,500,501,-1,501,500,502,-1,501,502,503,-1,503,502,504,-1,503,504,505,-1,506,507,508,-1,506,508,509,-1,509,508,510,-1,509,510,511,-1,510,512,511,-1,511,512,513,-1,511,513,514,-1,514,513,515,-1,514,515,516,-1,517,518,519,-1,517,519,520,-1,519,521,520,-1,520,521,522,-1,520,522,523,-1,523,522,524,-1,523,524,525,-1,525,524,526,-1,525,526,527,-1,528,529,530,-1,528,530,531,-1,531,530,532,-1,531,532,533,-1,532,534,533,-1,533,534,535,-1,533,535,536,-1,536,535,537,-1,536,537,538,-1,539,540,541,-1,539,541,542,-1,541,543,542,-1,542,543,544,-1,542,544,545,-1,545,544,546,-1,545,546,547,-1,547,546,548,-1,547,548,549,-1,550,551,552,-1,550,552,553,-1,553,552,554,-1,553,554,555,-1,554,556,555,-1,555,556,557,-1,555,557,558,-1,558,557,559,-1,558,559,560,-1,561,562,563,-1,561,563,564,-1,563,565,564,-1,564,565,566,-1,564,566,567,-1,567,566,568,-1,567,568,569,-1,569,568,570,-1,569,570,571,-1,572,573,574,-1,572,574,575,-1,575,574,576,-1,575,576,577,-1,576,578,577,-1,577,578,579,-1,577,579,580,-1,580,579,581,-1,580,581,582,-1,583,584,585,-1,583,585,586,-1,585,587,586,-1,586,587,588,-1,586,588,589,-1,589,588,590,-1,589,590,591,-1,591,590,592,-1,591,592,593,-1,10,594,595,-1,10,595,8,-1,8,595,596,-1,8,596,5,-1,5,596,597,-1,5,597,3,-1,3,597,598,-1,3,598,0,-1,0,598,599,-1,0,599,1,-1,595,594,600,-1,595,600,596,-1,600,601,596,-1,596,601,602,-1,596,602,597,-1,597,602,603,-1,597,603,598,-1,598,603,604,-1,598,604,599,-1,2,604,4,-1,4,604,603,-1,4,603,6,-1,6,603,602,-1,6,602,7,-1,7,602,601,-1,7,601,9,-1,9,601,600,-1,21,605,606,-1,21,606,19,-1,19,606,607,-1,19,607,16,-1,16,607,608,-1,16,608,14,-1,14,608,609,-1,14,609,11,-1,11,609,610,-1,11,610,12,-1,606,605,611,-1,606,611,607,-1,611,612,607,-1,607,612,613,-1,607,613,608,-1,608,613,614,-1,608,614,609,-1,609,614,615,-1,609,615,610,-1,13,615,15,-1,15,615,614,-1,15,614,17,-1,17,614,613,-1,17,613,18,-1,18,613,612,-1,18,612,20,-1,20,612,611,-1,32,616,617,-1,32,617,30,-1,30,617,618,-1,30,618,27,-1,27,618,619,-1,27,619,25,-1,25,619,620,-1,25,620,22,-1,22,620,621,-1,22,621,23,-1,617,616,622,-1,617,622,618,-1,622,623,618,-1,618,623,624,-1,618,624,619,-1,619,624,625,-1,619,625,620,-1,620,625,626,-1,620,626,621,-1,24,626,26,-1,26,626,625,-1,26,625,28,-1,28,625,624,-1,28,624,29,-1,29,624,623,-1,29,623,31,-1,31,623,622,-1,43,627,628,-1,43,628,41,-1,41,628,629,-1,41,629,38,-1,38,629,630,-1,38,630,36,-1,36,630,631,-1,36,631,33,-1,33,631,632,-1,33,632,34,-1,628,627,633,-1,628,633,629,-1,633,634,629,-1,629,634,635,-1,629,635,630,-1,630,635,636,-1,630,636,631,-1,631,636,637,-1,631,637,632,-1,35,637,37,-1,37,637,636,-1,37,636,39,-1,39,636,635,-1,39,635,40,-1,40,635,634,-1,40,634,42,-1,42,634,633,-1,54,638,639,-1,54,639,52,-1,52,639,640,-1,52,640,49,-1,49,640,641,-1,49,641,47,-1,47,641,642,-1,47,642,44,-1,44,642,643,-1,44,643,45,-1,639,638,644,-1,639,644,640,-1,644,645,640,-1,640,645,646,-1,640,646,641,-1,641,646,647,-1,641,647,642,-1,642,647,648,-1,642,648,643,-1,46,648,48,-1,48,648,647,-1,48,647,50,-1,50,647,646,-1,50,646,51,-1,51,646,645,-1,51,645,53,-1,53,645,644,-1,65,649,650,-1,65,650,63,-1,63,650,651,-1,63,651,60,-1,60,651,652,-1,60,652,58,-1,58,652,653,-1,58,653,55,-1,55,653,654,-1,55,654,56,-1,650,649,655,-1,650,655,651,-1,655,656,651,-1,651,656,657,-1,651,657,652,-1,652,657,658,-1,652,658,653,-1,653,658,659,-1,653,659,654,-1,57,659,59,-1,59,659,658,-1,59,658,61,-1,61,658,657,-1,61,657,62,-1,62,657,656,-1,62,656,64,-1,64,656,655,-1,76,660,661,-1,76,661,74,-1,74,661,662,-1,74,662,71,-1,71,662,663,-1,71,663,69,-1,69,663,664,-1,69,664,66,-1,66,664,665,-1,66,665,67,-1,661,660,666,-1,661,666,662,-1,666,667,662,-1,662,667,668,-1,662,668,663,-1,663,668,669,-1,663,669,664,-1,664,669,670,-1,664,670,665,-1,68,670,70,-1,70,670,669,-1,70,669,72,-1,72,669,668,-1,72,668,73,-1,73,668,667,-1,73,667,75,-1,75,667,666,-1,87,671,672,-1,87,672,85,-1,85,672,673,-1,85,673,82,-1,82,673,674,-1,82,674,80,-1,80,674,675,-1,80,675,77,-1,77,675,676,-1,77,676,78,-1,672,671,677,-1,672,677,673,-1,677,678,673,-1,673,678,679,-1,673,679,674,-1,674,679,680,-1,674,680,675,-1,675,680,681,-1,675,681,676,-1,79,681,81,-1,81,681,680,-1,81,680,83,-1,83,680,679,-1,83,679,84,-1,84,679,678,-1,84,678,86,-1,86,678,677,-1,98,682,683,-1,98,683,96,-1,96,683,684,-1,96,684,93,-1,93,684,685,-1,93,685,91,-1,91,685,686,-1,91,686,88,-1,88,686,687,-1,88,687,89,-1,683,682,688,-1,683,688,684,-1,688,689,684,-1,684,689,690,-1,684,690,685,-1,685,690,691,-1,685,691,686,-1,686,691,692,-1,686,692,687,-1,90,692,92,-1,92,692,691,-1,92,691,94,-1,94,691,690,-1,94,690,95,-1,95,690,689,-1,95,689,97,-1,97,689,688,-1,109,693,694,-1,109,694,107,-1,107,694,695,-1,107,695,104,-1,104,695,696,-1,104,696,102,-1,102,696,697,-1,102,697,99,-1,99,697,698,-1,99,698,100,-1,694,693,699,-1,694,699,695,-1,699,700,695,-1,695,700,701,-1,695,701,696,-1,696,701,702,-1,696,702,697,-1,697,702,703,-1,697,703,698,-1,101,703,103,-1,103,703,702,-1,103,702,105,-1,105,702,701,-1,105,701,106,-1,106,701,700,-1,106,700,108,-1,108,700,699,-1,120,704,705,-1,120,705,118,-1,118,705,706,-1,118,706,115,-1,115,706,707,-1,115,707,113,-1,113,707,708,-1,113,708,110,-1,110,708,709,-1,110,709,111,-1,705,704,710,-1,705,710,706,-1,710,711,706,-1,706,711,712,-1,706,712,707,-1,707,712,713,-1,707,713,708,-1,708,713,714,-1,708,714,709,-1,112,714,114,-1,114,714,713,-1,114,713,116,-1,116,713,712,-1,116,712,117,-1,117,712,711,-1,117,711,119,-1,119,711,710,-1,
        ]
    }
}
Shape{
    appearance Appearance {
        material  Material 	{
            diffuseColor 0.25098039215686274 0.25098039215686274 0.25098039215686274
            specularColor 0.12549019607843137 0.12549019607843137 0.12549019607843137
            ambientIntensity 0.2
            transparency 0
            shininess 0.5
        }
    }
    geometry IndexedFaceSet {
        ccw TRUE
        solid FALSE
        coord DEF co Coordinate {
            point [
                -2.7559 1.1854 0.273, -2.3622 1.1854 0.273, -2.3622 1.8823 0.273, -1.9685 1.1854 0.273, -1.5748 1.8823 0.273, -1.5748 1.1854 0.273, -1.1811 1.8823 0.273, -1.1811 1.1854 0.273, -0.7874 1.8823 0.273, -0.7874 1.1854 0.273, -0.436 1.8823 0.273, -0.3504 1.1854 0.273, -0.3504 1.8823 0.273, -2.7559 1.8823 0.273, -3.1496 1.8823 0.273, -3.5433 1.1854 0.273, -3.5433 1.8823 0.273, -3.937 1.1854 0.273, -3.937 1.8823 0.273, -4.3307 1.1854 0.273, -4.3307 1.8823 0.273, -4.7667 1.1854 0.273, -4.937 1.8823 0.273, -4.937 1.1854 0.273, -4.937 1.1854 0.273
            ]
        }
        coordIndex [
            0,1,2,-1,2,1,3,-1,2,3,4,-1,4,3,5,-1,4,5,6,-1,6,5,7,-1,6,7,8,-1,8,7,9,-1,8,9,10,-1,10,9,11,-1,10,11,12,-1,2,13,0,-1,0,13,14,-1,0,14,15,-1,15,14,16,-1,15,16,17,-1,17,16,18,-1,17,18,19,-1,19,18,20,-1,19,20,21,-1,21,20,22,-1,21,22,23,-1,
        ]
    }
}
Shape{
    appearance Appearance {
        material  Material 	{
            diffuseColor 0.8274509803921568 0.6666666666666666 0.12941176470588237
            specularColor 0.4117647058823529 0.3333333333333333 0.06666666666666667
            ambientIntensity 0.2
            transparency 0
            shininess 0.5
        }
    }
    geometry IndexedFaceSet {
        ccw TRUE
        solid FALSE
        coord DEF co Coordinate {
            point [
                -0.6594 1.8823 2.5773, -0.5217 1.8823 2.5773, -0.6594 1.8352 2.4325, -0.5217 1.8352 2.4325, -0.6594 1.8193 2.281, -0.5217 1.8193 2.281, -0.6594 1.8352 2.1296, -0.5217 1.8352 2.1296, -0.6594 1.8823 1.9847, -0.5217 1.8823 1.9847, -0.6594 1.8823 1.7903, -0.5217 1.8823 1.7903, -0.5217 1.7802 1.9734, -0.6594 1.7802 1.9734, -0.5217 1.7275 2.1762, -0.6594 1.7275 2.1762, -0.5217 1.7275 2.3859, -0.6594 1.7275 2.3859, -0.5217 1.7802 2.5887, -0.6594 1.7802 2.5887, -0.5217 1.8823 2.7718, -0.6594 1.8823 2.7718, -1.0531 1.8823 2.5773, -0.9154 1.8823 2.5773, -1.0531 1.8352 2.4325, -0.9154 1.8352 2.4325, -1.0531 1.8193 2.281, -0.9154 1.8193 2.281, -1.0531 1.8352 2.1296, -0.9154 1.8352 2.1296, -1.0531 1.8823 1.9847, -0.9154 1.8823 1.9847, -1.0531 1.8823 1.7903, -0.9154 1.8823 1.7903, -0.9154 1.7802 1.9734, -1.0531 1.7802 1.9734, -0.9154 1.7275 2.1762, -1.0531 1.7275 2.1762, -0.9154 1.7275 2.3859, -1.0531 1.7275 2.3859, -0.9154 1.7802 2.5887, -1.0531 1.7802 2.5887, -0.9154 1.8823 2.7718, -1.0531 1.8823 2.7718, -1.4469 1.8823 2.5773, -1.3091 1.8823 2.5773, -1.4469 1.8352 2.4325, -1.3091 1.8352 2.4325, -1.4469 1.8193 2.281, -1.3091 1.8193 2.281, -1.4469 1.8352 2.1296, -1.3091 1.8352 2.1296, -1.4469 1.8823 1.9847, -1.3091 1.8823 1.9847, -1.4469 1.8823 1.7903, -1.3091 1.8823 1.7903, -1.3091 1.7802 1.9734, -1.4469 1.7802 1.9734, -1.3091 1.7275 2.1762, -1.4469 1.7275 2.1762, -1.3091 1.7275 2.3859, -1.4469 1.7275 2.3859, -1.3091 1.7802 2.5887, -1.4469 1.7802 2.5887, -1.3091 1.8823 2.7718, -1.4469 1.8823 2.7718, -1.8406 1.8823 2.5773, -1.7028 1.8823 2.5773, -1.8406 1.8352 2.4325, -1.7028 1.8352 2.4325, -1.8406 1.8193 2.281, -1.7028 1.8193 2.281, -1.8406 1.8352 2.1296, -1.7028 1.8352 2.1296, -1.8406 1.8823 1.9847, -1.7028 1.8823 1.9847, -1.8406 1.8823 1.7903, -1.7028 1.8823 1.7903, -1.7028 1.7802 1.9734, -1.8406 1.7802 1.9734, -1.7028 1.7275 2.1762, -1.8406 1.7275 2.1762, -1.7028 1.7275 2.3859, -1.8406 1.7275 2.3859, -1.7028 1.7802 2.5887, -1.8406 1.7802 2.5887, -1.7028 1.8823 2.7718, -1.8406 1.8823 2.7718, -2.2343 1.8823 2.5773, -2.0965 1.8823 2.5773, -2.2343 1.8352 2.4325, -2.0965 1.8352 2.4325, -2.2343 1.8193 2.281, -2.0965 1.8193 2.281, -2.2343 1.8352 2.1296, -2.0965 1.8352 2.1296, -2.2343 1.8823 1.9847, -2.0965 1.8823 1.9847, -2.2343 1.8823 1.7903, -2.0965 1.8823 1.7903, -2.0965 1.7802 1.9734, -2.2343 1.7802 1.9734, -2.0965 1.7275 2.1762, -2.2343 1.7275 2.1762, -2.0965 1.7275 2.3859, -2.2343 1.7275 2.3859, -2.0965 1.7802 2.5887, -2.2343 1.7802 2.5887, -2.0965 1.8823 2.7718, -2.2343 1.8823 2.7718, -2.628 1.8823 2.5773, -2.4902 1.8823 2.5773, -2.628 1.8352 2.4325, -2.4902 1.8352 2.4325, -2.628 1.8193 2.281, -2.4902 1.8193 2.281, -2.628 1.8352 2.1296, -2.4902 1.8352 2.1296, -2.628 1.8823 1.9847, -2.4902 1.8823 1.9847, -2.628 1.8823 1.7903, -2.4902 1.8823 1.7903, -2.4902 1.7802 1.9734, -2.628 1.7802 1.9734, -2.4902 1.7275 2.1762, -2.628 1.7275 2.1762, -2.4902 1.7275 2.3859, -2.628 1.7275 2.3859, -2.4902 1.7802 2.5887, -2.628 1.7802 2.5887, -2.4902 1.8823 2.7718, -2.628 1.8823 2.7718, -3.0217 1.8823 2.5773, -2.8839 1.8823 2.5773, -3.0217 1.8352 2.4325, -2.8839 1.8352 2.4325, -3.0217 1.8193 2.281, -2.8839 1.8193 2.281, -3.0217 1.8352 2.1296, -2.8839 1.8352 2.1296, -3.0217 1.8823 1.9847, -2.8839 1.8823 1.9847, -3.0217 1.8823 1.7903, -2.8839 1.8823 1.7903, -2.8839 1.7802 1.9734, -3.0217 1.7802 1.9734, -2.8839 1.7275 2.1762, -3.0217 1.7275 2.1762, -2.8839 1.7275 2.3859, -3.0217 1.7275 2.3859, -2.8839 1.7802 2.5887, -3.0217 1.7802 2.5887, -2.8839 1.8823 2.7718, -3.0217 1.8823 2.7718, -3.4154 1.8823 2.5773, -3.2776 1.8823 2.5773, -3.4154 1.8352 2.4325, -3.2776 1.8352 2.4325, -3.4154 1.8193 2.281, -3.2776 1.8193 2.281, -3.4154 1.8352 2.1296, -3.2776 1.8352 2.1296, -3.4154 1.8823 1.9847, -3.2776 1.8823 1.9847, -3.4154 1.8823 1.7903, -3.2776 1.8823 1.7903, -3.2776 1.7802 1.9734, -3.4154 1.7802 1.9734, -3.2776 1.7275 2.1762, -3.4154 1.7275 2.1762, -3.2776 1.7275 2.3859, -3.4154 1.7275 2.3859, -3.2776 1.7802 2.5887, -3.4154 1.7802 2.5887, -3.2776 1.8823 2.7718, -3.4154 1.8823 2.7718, -3.8091 1.8823 2.5773, -3.6713 1.8823 2.5773, -3.8091 1.8352 2.4325, -3.6713 1.8352 2.4325, -3.8091 1.8193 2.281, -3.6713 1.8193 2.281, -3.8091 1.8352 2.1296, -3.6713 1.8352 2.1296, -3.8091 1.8823 1.9847, -3.6713 1.8823 1.9847, -3.8091 1.8823 1.7903, -3.6713 1.8823 1.7903, -3.6713 1.7802 1.9734, -3.8091 1.7802 1.9734, -3.6713 1.7275 2.1762, -3.8091 1.7275 2.1762, -3.6713 1.7275 2.3859, -3.8091 1.7275 2.3859, -3.6713 1.7802 2.5887, -3.8091 1.7802 2.5887, -3.6713 1.8823 2.7718, -3.8091 1.8823 2.7718, -4.2028 1.8823 2.5773, -4.065 1.8823 2.5773, -4.2028 1.8352 2.4325, -4.065 1.8352 2.4325, -4.2028 1.8193 2.281, -4.065 1.8193 2.281, -4.2028 1.8352 2.1296, -4.065 1.8352 2.1296, -4.2028 1.8823 1.9847, -4.065 1.8823 1.9847, -4.2028 1.8823 1.7903, -4.065 1.8823 1.7903, -4.065 1.7802 1.9734, -4.2028 1.7802 1.9734, -4.065 1.7275 2.1762, -4.2028 1.7275 2.1762, -4.065 1.7275 2.3859, -4.2028 1.7275 2.3859, -4.065 1.7802 2.5887, -4.2028 1.7802 2.5887, -4.065 1.8823 2.7718, -4.2028 1.8823 2.7718, -4.5965 1.8823 2.5773, -4.4587 1.8823 2.5773, -4.5965 1.8352 2.4325, -4.4587 1.8352 2.4325, -4.5965 1.8193 2.281, -4.4587 1.8193 2.281, -4.5965 1.8352 2.1296, -4.4587 1.8352 2.1296, -4.5965 1.8823 1.9847, -4.4587 1.8823 1.9847, -4.5965 1.8823 1.7903, -4.4587 1.8823 1.7903, -4.4587 1.7802 1.9734, -4.5965 1.7802 1.9734, -4.4587 1.7275 2.1762, -4.5965 1.7275 2.1762, -4.4587 1.7275 2.3859, -4.5965 1.7275 2.3859, -4.4587 1.7802 2.5887, -4.5965 1.7802 2.5887, -4.4587 1.8823 2.7718, -4.5965 1.8823 2.7718, 0.5217 1.1854 2.7718, 0.6594 1.1854 2.7718, 0.6594 1.2875 2.5887, 0.5217 1.2875 2.5887, 0.6594 1.3402 2.3859, 0.5217 1.3402 2.3859, 0.6594 1.3402 2.1762, 0.5217 1.3402 2.1762, 0.6594 1.2875 1.9734, 0.5217 1.2875 1.9734, 0.6594 1.1854 1.7903, 0.5217 1.1854 1.7903, 0.6594 1.1854 2.5773, 0.6594 1.2325 2.4325, 0.6594 1.2484 2.281, 0.6594 1.2325 2.1296, 0.6594 1.1854 1.9847, 0.5217 1.1854 1.9847, 0.5217 1.2325 2.1296, 0.5217 1.2484 2.281, 0.5217 1.2325 2.4325, 0.5217 1.1854 2.5773, 0.9154 1.1854 2.7718, 1.0531 1.1854 2.7718, 1.0531 1.2875 2.5887, 0.9154 1.2875 2.5887, 1.0531 1.3402 2.3859, 0.9154 1.3402 2.3859, 1.0531 1.3402 2.1762, 0.9154 1.3402 2.1762, 1.0531 1.2875 1.9734, 0.9154 1.2875 1.9734, 1.0531 1.1854 1.7903, 0.9154 1.1854 1.7903, 1.0531 1.1854 2.5773, 1.0531 1.2325 2.4325, 1.0531 1.2484 2.281, 1.0531 1.2325 2.1296, 1.0531 1.1854 1.9847, 0.9154 1.1854 1.9847, 0.9154 1.2325 2.1296, 0.9154 1.2484 2.281, 0.9154 1.2325 2.4325, 0.9154 1.1854 2.5773, 1.3091 1.1854 2.7718, 1.4469 1.1854 2.7718, 1.4469 1.2875 2.5887, 1.3091 1.2875 2.5887, 1.4469 1.3402 2.3859, 1.3091 1.3402 2.3859, 1.4469 1.3402 2.1762, 1.3091 1.3402 2.1762, 1.4469 1.2875 1.9734, 1.3091 1.2875 1.9734, 1.4469 1.1854 1.7903, 1.3091 1.1854 1.7903, 1.4469 1.1854 2.5773, 1.4469 1.2325 2.4325, 1.4469 1.2484 2.281, 1.4469 1.2325 2.1296, 1.4469 1.1854 1.9847, 1.3091 1.1854 1.9847, 1.3091 1.2325 2.1296, 1.3091 1.2484 2.281, 1.3091 1.2325 2.4325, 1.3091 1.1854 2.5773, 1.7028 1.1854 2.7718, 1.8406 1.1854 2.7718, 1.8406 1.2875 2.5887, 1.7028 1.2875 2.5887, 1.8406 1.3402 2.3859, 1.7028 1.3402 2.3859, 1.8406 1.3402 2.1762, 1.7028 1.3402 2.1762, 1.8406 1.2875 1.9734, 1.7028 1.2875 1.9734, 1.8406 1.1854 1.7903, 1.7028 1.1854 1.7903, 1.8406 1.1854 2.5773, 1.8406 1.2325 2.4325, 1.8406 1.2484 2.281, 1.8406 1.2325 2.1296, 1.8406 1.1854 1.9847, 1.7028 1.1854 1.9847, 1.7028 1.2325 2.1296, 1.7028 1.2484 2.281, 1.7028 1.2325 2.4325, 1.7028 1.1854 2.5773, 2.0965 1.1854 2.7718, 2.2343 1.1854 2.7718, 2.2343 1.2875 2.5887, 2.0965 1.2875 2.5887, 2.2343 1.3402 2.3859, 2.0965 1.3402 2.3859, 2.2343 1.3402 2.1762, 2.0965 1.3402 2.1762, 2.2343 1.2875 1.9734, 2.0965 1.2875 1.9734, 2.2343 1.1854 1.7903, 2.0965 1.1854 1.7903, 2.2343 1.1854 2.5773, 2.2343 1.2325 2.4325, 2.2343 1.2484 2.281, 2.2343 1.2325 2.1296, 2.2343 1.1854 1.9847, 2.0965 1.1854 1.9847, 2.0965 1.2325 2.1296, 2.0965 1.2484 2.281, 2.0965 1.2325 2.4325, 2.0965 1.1854 2.5773, 2.4902 1.1854 2.7718, 2.628 1.1854 2.7718, 2.628 1.2875 2.5887, 2.4902 1.2875 2.5887, 2.628 1.3402 2.3859, 2.4902 1.3402 2.3859, 2.628 1.3402 2.1762, 2.4902 1.3402 2.1762, 2.628 1.2875 1.9734, 2.4902 1.2875 1.9734, 2.628 1.1854 1.7903, 2.4902 1.1854 1.7903, 2.628 1.1854 2.5773, 2.628 1.2325 2.4325, 2.628 1.2484 2.281, 2.628 1.2325 2.1296, 2.628 1.1854 1.9847, 2.4902 1.1854 1.9847, 2.4902 1.2325 2.1296, 2.4902 1.2484 2.281, 2.4902 1.2325 2.4325, 2.4902 1.1854 2.5773, 2.8839 1.1854 2.7718, 3.0217 1.1854 2.7718, 3.0217 1.2875 2.5887, 2.8839 1.2875 2.5887, 3.0217 1.3402 2.3859, 2.8839 1.3402 2.3859, 3.0217 1.3402 2.1762, 2.8839 1.3402 2.1762, 3.0217 1.2875 1.9734, 2.8839 1.2875 1.9734, 3.0217 1.1854 1.7903, 2.8839 1.1854 1.7903, 3.0217 1.1854 2.5773, 3.0217 1.2325 2.4325, 3.0217 1.2484 2.281, 3.0217 1.2325 2.1296, 3.0217 1.1854 1.9847, 2.8839 1.1854 1.9847, 2.8839 1.2325 2.1296, 2.8839 1.2484 2.281, 2.8839 1.2325 2.4325, 2.8839 1.1854 2.5773, 2.8839 1.1854 2.5773
            ]
        }
        coordIndex [
            0,1,2,-1,2,1,3,-1,2,3,4,-1,4,3,5,-1,4,5,6,-1,6,5,7,-1,6,7,8,-1,8,7,9,-1,10,11,12,-1,10,12,13,-1,13,12,14,-1,13,14,15,-1,15,14,16,-1,15,16,17,-1,17,16,18,-1,17,18,19,-1,19,18,20,-1,19,20,21,-1,22,23,24,-1,24,23,25,-1,24,25,26,-1,26,25,27,-1,26,27,28,-1,28,27,29,-1,28,29,30,-1,30,29,31,-1,32,33,34,-1,32,34,35,-1,35,34,36,-1,35,36,37,-1,37,36,38,-1,37,38,39,-1,39,38,40,-1,39,40,41,-1,41,40,42,-1,41,42,43,-1,44,45,46,-1,46,45,47,-1,46,47,48,-1,48,47,49,-1,48,49,50,-1,50,49,51,-1,50,51,52,-1,52,51,53,-1,54,55,56,-1,54,56,57,-1,57,56,58,-1,57,58,59,-1,59,58,60,-1,59,60,61,-1,61,60,62,-1,61,62,63,-1,63,62,64,-1,63,64,65,-1,66,67,68,-1,68,67,69,-1,68,69,70,-1,70,69,71,-1,70,71,72,-1,72,71,73,-1,72,73,74,-1,74,73,75,-1,76,77,78,-1,76,78,79,-1,79,78,80,-1,79,80,81,-1,81,80,82,-1,81,82,83,-1,83,82,84,-1,83,84,85,-1,85,84,86,-1,85,86,87,-1,88,89,90,-1,90,89,91,-1,90,91,92,-1,92,91,93,-1,92,93,94,-1,94,93,95,-1,94,95,96,-1,96,95,97,-1,98,99,100,-1,98,100,101,-1,101,100,102,-1,101,102,103,-1,103,102,104,-1,103,104,105,-1,105,104,106,-1,105,106,107,-1,107,106,108,-1,107,108,109,-1,110,111,112,-1,112,111,113,-1,112,113,114,-1,114,113,115,-1,114,115,116,-1,116,115,117,-1,116,117,118,-1,118,117,119,-1,120,121,122,-1,120,122,123,-1,123,122,124,-1,123,124,125,-1,125,124,126,-1,125,126,127,-1,127,126,128,-1,127,128,129,-1,129,128,130,-1,129,130,131,-1,132,133,134,-1,134,133,135,-1,134,135,136,-1,136,135,137,-1,136,137,138,-1,138,137,139,-1,138,139,140,-1,140,139,141,-1,142,143,144,-1,142,144,145,-1,145,144,146,-1,145,146,147,-1,147,146,148,-1,147,148,149,-1,149,148,150,-1,149,150,151,-1,151,150,152,-1,151,152,153,-1,154,155,156,-1,156,155,157,-1,156,157,158,-1,158,157,159,-1,158,159,160,-1,160,159,161,-1,160,161,162,-1,162,161,163,-1,164,165,166,-1,164,166,167,-1,167,166,168,-1,167,168,169,-1,169,168,170,-1,169,170,171,-1,171,170,172,-1,171,172,173,-1,173,172,174,-1,173,174,175,-1,176,177,178,-1,178,177,179,-1,178,179,180,-1,180,179,181,-1,180,181,182,-1,182,181,183,-1,182,183,184,-1,184,183,185,-1,186,187,188,-1,186,188,189,-1,189,188,190,-1,189,190,191,-1,191,190,192,-1,191,192,193,-1,193,192,194,-1,193,194,195,-1,195,194,196,-1,195,196,197,-1,198,199,200,-1,200,199,201,-1,200,201,202,-1,202,201,203,-1,202,203,204,-1,204,203,205,-1,204,205,206,-1,206,205,207,-1,208,209,210,-1,208,210,211,-1,211,210,212,-1,211,212,213,-1,213,212,214,-1,213,214,215,-1,215,214,216,-1,215,216,217,-1,217,216,218,-1,217,218,219,-1,220,221,222,-1,222,221,223,-1,222,223,224,-1,224,223,225,-1,224,225,226,-1,226,225,227,-1,226,227,228,-1,228,227,229,-1,230,231,232,-1,230,232,233,-1,233,232,234,-1,233,234,235,-1,235,234,236,-1,235,236,237,-1,237,236,238,-1,237,238,239,-1,239,238,240,-1,239,240,241,-1,242,243,244,-1,242,244,245,-1,245,244,246,-1,245,246,247,-1,247,246,248,-1,247,248,249,-1,249,248,250,-1,249,250,251,-1,251,250,252,-1,251,252,253,-1,244,243,254,-1,244,254,246,-1,254,255,246,-1,246,255,256,-1,246,256,248,-1,248,256,257,-1,248,257,250,-1,250,257,258,-1,250,258,252,-1,259,258,260,-1,260,258,257,-1,260,257,261,-1,261,257,256,-1,261,256,262,-1,262,256,255,-1,262,255,263,-1,263,255,254,-1,264,265,266,-1,264,266,267,-1,267,266,268,-1,267,268,269,-1,269,268,270,-1,269,270,271,-1,271,270,272,-1,271,272,273,-1,273,272,274,-1,273,274,275,-1,266,265,276,-1,266,276,268,-1,276,277,268,-1,268,277,278,-1,268,278,270,-1,270,278,279,-1,270,279,272,-1,272,279,280,-1,272,280,274,-1,281,280,282,-1,282,280,279,-1,282,279,283,-1,283,279,278,-1,283,278,284,-1,284,278,277,-1,284,277,285,-1,285,277,276,-1,286,287,288,-1,286,288,289,-1,289,288,290,-1,289,290,291,-1,291,290,292,-1,291,292,293,-1,293,292,294,-1,293,294,295,-1,295,294,296,-1,295,296,297,-1,288,287,298,-1,288,298,290,-1,298,299,290,-1,290,299,300,-1,290,300,292,-1,292,300,301,-1,292,301,294,-1,294,301,302,-1,294,302,296,-1,303,302,304,-1,304,302,301,-1,304,301,305,-1,305,301,300,-1,305,300,306,-1,306,300,299,-1,306,299,307,-1,307,299,298,-1,308,309,310,-1,308,310,311,-1,311,310,312,-1,311,312,313,-1,313,312,314,-1,313,314,315,-1,315,314,316,-1,315,316,317,-1,317,316,318,-1,317,318,319,-1,310,309,320,-1,310,320,312,-1,320,321,312,-1,312,321,322,-1,312,322,314,-1,314,322,323,-1,314,323,316,-1,316,323,324,-1,316,324,318,-1,325,324,326,-1,326,324,323,-1,326,323,327,-1,327,323,322,-1,327,322,328,-1,328,322,321,-1,328,321,329,-1,329,321,320,-1,330,331,332,-1,330,332,333,-1,333,332,334,-1,333,334,335,-1,335,334,336,-1,335,336,337,-1,337,336,338,-1,337,338,339,-1,339,338,340,-1,339,340,341,-1,332,331,342,-1,332,342,334,-1,342,343,334,-1,334,343,344,-1,334,344,336,-1,336,344,345,-1,336,345,338,-1,338,345,346,-1,338,346,340,-1,347,346,348,-1,348,346,345,-1,348,345,349,-1,349,345,344,-1,349,344,350,-1,350,344,343,-1,350,343,351,-1,351,343,342,-1,352,353,354,-1,352,354,355,-1,355,354,356,-1,355,356,357,-1,357,356,358,-1,357,358,359,-1,359,358,360,-1,359,360,361,-1,361,360,362,-1,361,362,363,-1,354,353,364,-1,354,364,356,-1,364,365,356,-1,356,365,366,-1,356,366,358,-1,358,366,367,-1,358,367,360,-1,360,367,368,-1,360,368,362,-1,369,368,370,-1,370,368,367,-1,370,367,371,-1,371,367,366,-1,371,366,372,-1,372,366,365,-1,372,365,373,-1,373,365,364,-1,374,375,376,-1,374,376,377,-1,377,376,378,-1,377,378,379,-1,379,378,380,-1,379,380,381,-1,381,380,382,-1,381,382,383,-1,383,382,384,-1,383,384,385,-1,376,375,386,-1,376,386,378,-1,386,387,378,-1,378,387,388,-1,378,388,380,-1,380,388,389,-1,380,389,382,-1,382,389,390,-1,382,390,384,-1,391,390,392,-1,392,390,389,-1,392,389,393,-1,393,389,388,-1,393,388,394,-1,394,388,387,-1,394,387,395,-1,395,387,386,-1,
        ]
    }
}
Shape{
    appearance Appearance {
        material  Material 	{
            diffuseColor 0.25098039215686274 0.25098039215686274 0.25098039215686274
            specularColor 0.12549019607843137 0.12549019607843137 0.12549019607843137
            ambientIntensity 0.2
            transparency 0
            shininess 0.5
        }
    }
    geometry IndexedFaceSet {
        ccw TRUE
        solid FALSE
        coord DEF co Coordinate {
            point [
                3.3622 1.1854 0.273, 3.3622 1.8823 0.273, 3.1919 1.8823 0.273, 2.7559 1.1854 0.273, 2.7559 1.8823 0.273, 2.3622 1.1854 0.273, 2.3622 1.8823 0.273, 1.9685 1.1854 0.273, 1.9685 1.8823 0.273, 1.5748 1.1854 0.273, 1.5748 1.8823 0.273, 1.1811 1.1854 0.273, 1.1811 1.8823 0.273, 0.7874 1.1854 0.273, 0.7874 1.8823 0.273, 0.436 1.1854 0.273, 0.3504 1.8823 0.273, 0.3504 1.1854 0.273, 0.3504 1.1854 0.273
            ]
        }
        coordIndex [
            0,1,2,-1,0,2,3,-1,3,2,4,-1,3,4,5,-1,5,4,6,-1,5,6,7,-1,7,6,8,-1,7,8,9,-1,9,8,10,-1,9,10,11,-1,11,10,12,-1,11,12,13,-1,13,12,14,-1,13,14,15,-1,15,14,16,-1,15,16,17,-1,
        ]
    }
}
Shape{
    appearance Appearance {
        material  Material 	{
            diffuseColor 0.8274509803921568 0.6666666666666666 0.12941176470588237
            specularColor 0.4117647058823529 0.3333333333333333 0.06666666666666667
            ambientIntensity 0.2
            transparency 0
            shininess 0.5
        }
    }
    geometry IndexedFaceSet {
        ccw TRUE
        solid FALSE
        coord DEF co Coordinate {
            point [
                0.5217 1.8823 2.5773, 0.6594 1.8823 2.5773, 0.5217 1.8352 2.4325, 0.6594 1.8352 2.4325, 0.5217 1.8193 2.281, 0.6594 1.8193 2.281, 0.5217 1.8352 2.1296, 0.6594 1.8352 2.1296, 0.5217 1.8823 1.9847, 0.6594 1.8823 1.9847, 0.5217 1.8823 1.7903, 0.6594 1.8823 1.7903, 0.6594 1.7802 1.9734, 0.5217 1.7802 1.9734, 0.6594 1.7275 2.1762, 0.5217 1.7275 2.1762, 0.6594 1.7275 2.3859, 0.5217 1.7275 2.3859, 0.6594 1.7802 2.5887, 0.5217 1.7802 2.5887, 0.6594 1.8823 2.7718, 0.5217 1.8823 2.7718, 0.9154 1.8823 2.5773, 1.0531 1.8823 2.5773, 0.9154 1.8352 2.4325, 1.0531 1.8352 2.4325, 0.9154 1.8193 2.281, 1.0531 1.8193 2.281, 0.9154 1.8352 2.1296, 1.0531 1.8352 2.1296, 0.9154 1.8823 1.9847, 1.0531 1.8823 1.9847, 0.9154 1.8823 1.7903, 1.0531 1.8823 1.7903, 1.0531 1.7802 1.9734, 0.9154 1.7802 1.9734, 1.0531 1.7275 2.1762, 0.9154 1.7275 2.1762, 1.0531 1.7275 2.3859, 0.9154 1.7275 2.3859, 1.0531 1.7802 2.5887, 0.9154 1.7802 2.5887, 1.0531 1.8823 2.7718, 0.9154 1.8823 2.7718, 1.3091 1.8823 2.5773, 1.4469 1.8823 2.5773, 1.3091 1.8352 2.4325, 1.4469 1.8352 2.4325, 1.3091 1.8193 2.281, 1.4469 1.8193 2.281, 1.3091 1.8352 2.1296, 1.4469 1.8352 2.1296, 1.3091 1.8823 1.9847, 1.4469 1.8823 1.9847, 1.3091 1.8823 1.7903, 1.4469 1.8823 1.7903, 1.4469 1.7802 1.9734, 1.3091 1.7802 1.9734, 1.4469 1.7275 2.1762, 1.3091 1.7275 2.1762, 1.4469 1.7275 2.3859, 1.3091 1.7275 2.3859, 1.4469 1.7802 2.5887, 1.3091 1.7802 2.5887, 1.4469 1.8823 2.7718, 1.3091 1.8823 2.7718, 1.7028 1.8823 2.5773, 1.8406 1.8823 2.5773, 1.7028 1.8352 2.4325, 1.8406 1.8352 2.4325, 1.7028 1.8193 2.281, 1.8406 1.8193 2.281, 1.7028 1.8352 2.1296, 1.8406 1.8352 2.1296, 1.7028 1.8823 1.9847, 1.8406 1.8823 1.9847, 1.7028 1.8823 1.7903, 1.8406 1.8823 1.7903, 1.8406 1.7802 1.9734, 1.7028 1.7802 1.9734, 1.8406 1.7275 2.1762, 1.7028 1.7275 2.1762, 1.8406 1.7275 2.3859, 1.7028 1.7275 2.3859, 1.8406 1.7802 2.5887, 1.7028 1.7802 2.5887, 1.8406 1.8823 2.7718, 1.7028 1.8823 2.7718, 2.0965 1.8823 2.5773, 2.2343 1.8823 2.5773, 2.0965 1.8352 2.4325, 2.2343 1.8352 2.4325, 2.0965 1.8193 2.281, 2.2343 1.8193 2.281, 2.0965 1.8352 2.1296, 2.2343 1.8352 2.1296, 2.0965 1.8823 1.9847, 2.2343 1.8823 1.9847, 2.0965 1.8823 1.7903, 2.2343 1.8823 1.7903, 2.2343 1.7802 1.9734, 2.0965 1.7802 1.9734, 2.2343 1.7275 2.1762, 2.0965 1.7275 2.1762, 2.2343 1.7275 2.3859, 2.0965 1.7275 2.3859, 2.2343 1.7802 2.5887, 2.0965 1.7802 2.5887, 2.2343 1.8823 2.7718, 2.0965 1.8823 2.7718, 2.4902 1.8823 2.5773, 2.628 1.8823 2.5773, 2.4902 1.8352 2.4325, 2.628 1.8352 2.4325, 2.4902 1.8193 2.281, 2.628 1.8193 2.281, 2.4902 1.8352 2.1296, 2.628 1.8352 2.1296, 2.4902 1.8823 1.9847, 2.628 1.8823 1.9847, 2.4902 1.8823 1.7903, 2.628 1.8823 1.7903, 2.628 1.7802 1.9734, 2.4902 1.7802 1.9734, 2.628 1.7275 2.1762, 2.4902 1.7275 2.1762, 2.628 1.7275 2.3859, 2.4902 1.7275 2.3859, 2.628 1.7802 2.5887, 2.4902 1.7802 2.5887, 2.628 1.8823 2.7718, 2.4902 1.8823 2.7718, 2.8839 1.8823 2.5773, 3.0217 1.8823 2.5773, 2.8839 1.8352 2.4325, 3.0217 1.8352 2.4325, 2.8839 1.8193 2.281, 3.0217 1.8193 2.281, 2.8839 1.8352 2.1296, 3.0217 1.8352 2.1296, 2.8839 1.8823 1.9847, 3.0217 1.8823 1.9847, 2.8839 1.8823 1.7903, 3.0217 1.8823 1.7903, 3.0217 1.7802 1.9734, 2.8839 1.7802 1.9734, 3.0217 1.7275 2.1762, 2.8839 1.7275 2.1762, 3.0217 1.7275 2.3859, 2.8839 1.7275 2.3859, 3.0217 1.7802 2.5887, 2.8839 1.7802 2.5887, 3.0217 1.8823 2.7718, 2.8839 1.8823 2.7718, 2.8839 1.8823 2.7718
            ]
        }
        coordIndex [
            0,1,2,-1,2,1,3,-1,2,3,4,-1,4,3,5,-1,4,5,6,-1,6,5,7,-1,6,7,8,-1,8,7,9,-1,10,11,12,-1,10,12,13,-1,13,12,14,-1,13,14,15,-1,15,14,16,-1,15,16,17,-1,17,16,18,-1,17,18,19,-1,19,18,20,-1,19,20,21,-1,22,23,24,-1,24,23,25,-1,24,25,26,-1,26,25,27,-1,26,27,28,-1,28,27,29,-1,28,29,30,-1,30,29,31,-1,32,33,34,-1,32,34,35,-1,35,34,36,-1,35,36,37,-1,37,36,38,-1,37,38,39,-1,39,38,40,-1,39,40,41,-1,41,40,42,-1,41,42,43,-1,44,45,46,-1,46,45,47,-1,46,47,48,-1,48,47,49,-1,48,49,50,-1,50,49,51,-1,50,51,52,-1,52,51,53,-1,54,55,56,-1,54,56,57,-1,57,56,58,-1,57,58,59,-1,59,58,60,-1,59,60,61,-1,61,60,62,-1,61,62,63,-1,63,62,64,-1,63,64,65,-1,66,67,68,-1,68,67,69,-1,68,69,70,-1,70,69,71,-1,70,71,72,-1,72,71,73,-1,72,73,74,-1,74,73,75,-1,76,77,78,-1,76,78,79,-1,79,78,80,-1,79,80,81,-1,81,80,82,-1,81,82,83,-1,83,82,84,-1,83,84,85,-1,85,84,86,-1,85,86,87,-1,88,89,90,-1,90,89,91,-1,90,91,92,-1,92,91,93,-1,92,93,94,-1,94,93,95,-1,94,95,96,-1,96,95,97,-1,98,99,100,-1,98,100,101,-1,101,100,102,-1,101,102,103,-1,103,102,104,-1,103,104,105,-1,105,104,106,-1,105,106,107,-1,107,106,108,-1,107,108,109,-1,110,111,112,-1,112,111,113,-1,112,113,114,-1,114,113,115,-1,114,115,116,-1,116,115,117,-1,116,117,118,-1,118,117,119,-1,120,121,122,-1,120,122,123,-1,123,122,124,-1,123,124,125,-1,125,124,126,-1,125,126,127,-1,127,126,128,-1,127,128,129,-1,129,128,130,-1,129,130,131,-1,132,133,134,-1,134,133,135,-1,134,135,136,-1,136,135,137,-1,136,137,138,-1,138,137,139,-1,138,139,140,-1,140,139,141,-1,142,143,144,-1,142,144,145,-1,145,144,146,-1,145,146,147,-1,147,146,148,-1,147,148,149,-1,149,148,150,-1,149,150,151,-1,151,150,152,-1,151,152,153,-1,
        ]
    }
}
Shape{
    appearance Appearance {
        material  Material 	{
            diffuseColor 0.25098039215686274 0.25098039215686274 0.25098039215686274
            specularColor 0.12549019607843137 0.12549019607843137 0.12549019607843137
            ambientIntensity 0.2
            transparency 0
            shininess 0.5
        }
    }
    geometry IndexedFaceSet {
        ccw TRUE
        solid FALSE
        coord DEF co Coordinate {
            point [
                0.2953 0.8646 -1.0262, -0.1772 0.8646 -1.0262, 0.2953 0.8646 -0.6719, -0.1772 0.8646 -0.6719, 0.2953 0.8646 2.8715, -0.1772 0.8646 2.8715, 0.2116 1.2696 -2.7978, 0.138 1.2391 -2.7978, 0.0591 1.5339 -2.7978, 0.0591 1.2287 -2.7978, -0.0199 1.2391 -2.7978, 0.3538 1.4549 -2.7978, 0.3233 1.3813 -2.7978, 0.2748 1.3181 -2.7978, 0.3233 1.6864 -2.7978, 0.3538 1.6128 -2.7978, 0.3642 1.5339 -2.7978, 0.138 1.8286 -2.7978, 0.2116 1.7981 -2.7978, 0.2748 1.7496 -2.7978, -0.0935 1.7981 -2.7978, -0.0199 1.8286 -2.7978, 0.0591 1.839 -2.7978, -0.2357 1.6128 -2.7978, -0.2052 1.6864 -2.7978, -0.1567 1.7496 -2.7978, -0.2052 1.3813 -2.7978, -0.2357 1.4549 -2.7978, -0.2461 1.5339 -2.7978, -0.0935 1.2696 -2.7978, -0.1567 1.3181 -2.7978, -4.937 1.8823 3.1077, -4.937 1.1854 3.1077, -4.937 1.8823 2.9397, -4.937 1.1854 2.281, -4.937 1.8823 2.281, -4.937 1.8823 0.273, -4.937 1.1854 1.0317, -4.937 1.1854 0.273, -4.7667 1.1854 0.273, -2.7559 1.1854 0.273, -2.7559 1.1854 1.0317, -2.3622 1.1854 0.273, -2.3622 1.1854 1.0317, -1.9685 1.1854 0.273, -1.9685 1.1854 1.0317, -1.5748 1.1854 0.273, -1.5748 1.1854 1.0317, -1.1811 1.1854 0.273, -1.1811 1.1854 1.0317, -0.7874 1.1854 0.273, -0.7874 1.1854 1.0317, -0.3504 1.1854 0.273, -0.3504 1.1854 1.0317, -3.937 1.1854 0.273, -3.937 1.1854 1.0317, -3.5433 1.1854 0.273, -3.5433 1.1854 1.0317, -4.7667 1.1854 1.0317, -4.3307 1.1854 0.273, -4.3307 1.1854 1.0317, -0.7874 1.1854 2.281, -0.6594 1.1854 1.9847, -0.6594 1.1854 1.7903, -0.5217 1.1854 1.9847, -0.3504 1.1854 2.281, -0.5217 1.1854 1.7903, -1.1811 1.1854 2.281, -1.0531 1.1854 1.9847, -1.0531 1.1854 1.7903, -0.9154 1.1854 1.9847, -0.9154 1.1854 1.7903, -1.5748 1.1854 2.281, -1.4469 1.1854 1.9847, -1.4469 1.1854 1.7903, -1.3091 1.1854 1.9847, -1.3091 1.1854 1.7903, -1.9685 1.1854 2.281, -1.8406 1.1854 1.9847, -1.8406 1.1854 1.7903, -1.7028 1.1854 1.9847, -1.7028 1.1854 1.7903, -2.3622 1.1854 2.281, -2.2343 1.1854 1.9847, -2.2343 1.1854 1.7903, -2.0965 1.1854 1.9847, -2.0965 1.1854 1.7903, -2.7559 1.1854 2.281, -2.628 1.1854 1.9847, -2.628 1.1854 1.7903, -2.4902 1.1854 1.9847, -2.4902 1.1854 1.7903, -3.2776 1.1854 1.9847, -3.4154 1.1854 1.9847, -3.5433 1.1854 2.281, -3.4154 1.1854 1.7903, -3.2776 1.1854 1.7903, -3.937 1.1854 2.281, -3.8091 1.1854 1.9847, -3.8091 1.1854 1.7903, -4.3307 1.1854 2.281, -4.065 1.1854 1.9847, -4.2028 1.1854 1.9847, -4.2028 1.1854 1.7903, -4.065 1.1854 1.7903, -3.6713 1.1854 1.9847, -3.6713 1.1854 1.7903, -4.7667 1.1854 2.281, -4.5965 1.1854 1.9847, -4.5965 1.1854 1.7903, -4.4587 1.1854 1.9847, -4.4587 1.1854 1.7903, -0.5217 1.1854 2.5773, -0.6594 1.1854 2.5773, -0.6594 1.1854 2.7718, -0.7874 1.1854 3.1077, -0.5217 1.1854 2.7718, -0.3504 1.1854 3.1077, -0.9154 1.1854 2.5773, -1.0531 1.1854 2.5773, -1.0531 1.1854 2.7718, -1.1811 1.1854 3.1077, -0.9154 1.1854 2.7718, -1.3091 1.1854 2.5773, -1.4469 1.1854 2.5773, -1.4469 1.1854 2.7718, -1.5748 1.1854 3.1077, -1.3091 1.1854 2.7718, -1.7028 1.1854 2.5773, -1.8406 1.1854 2.5773, -1.8406 1.1854 2.7718, -1.9685 1.1854 3.1077, -1.7028 1.1854 2.7718, -2.0965 1.1854 2.5773, -2.2343 1.1854 2.5773, -2.2343 1.1854 2.7718, -2.3622 1.1854 3.1077, -2.0965 1.1854 2.7718, -2.4902 1.1854 2.5773, -2.628 1.1854 2.5773, -2.628 1.1854 2.7718, -2.7559 1.1854 3.1077, -2.4902 1.1854 2.7718, -3.0217 1.1854 2.5773, -2.8839 1.1854 2.5773, -3.2776 1.1854 2.7718, -3.4154 1.1854 2.7718, -3.5433 1.1854 3.1077, -2.8839 1.1854 2.7718, -3.0217 1.1854 2.7718, -3.4154 1.1854 2.5773, -3.2776 1.1854 2.5773, -3.0217 1.1854 1.9847, -3.0217 1.1854 1.7903, -2.8839 1.1854 1.7903, -2.8839 1.1854 1.9847, -3.6713 1.1854 2.5773, -3.8091 1.1854 2.5773, -3.8091 1.1854 2.7718, -3.937 1.1854 3.1077, -3.6713 1.1854 2.7718, -4.065 1.1854 2.5773, -4.2028 1.1854 2.5773, -4.2028 1.1854 2.7718, -4.3307 1.1854 3.1077, -4.065 1.1854 2.7718, -4.4587 1.1854 2.5773, -4.5965 1.1854 2.5773, -4.5965 1.1854 2.7718, -4.7667 1.1854 3.1077, -4.4587 1.1854 2.7718, -0.3504 1.8823 0.273, -0.3504 1.8823 2.281, -0.3504 1.8823 2.9397, -0.3504 1.8823 3.1077, -4.3307 1.8823 2.9397, -4.3307 1.8823 2.281, -4.4587 1.8823 1.9847, -4.4587 1.8823 1.7903, -4.5965 1.8823 1.9847, -4.5965 1.8823 1.7903, -4.3307 1.8823 0.273, -3.937 1.8823 2.281, -4.065 1.8823 1.9847, -4.065 1.8823 1.7903, -4.2028 1.8823 1.9847, -4.2028 1.8823 1.7903, -3.937 1.8823 0.273, -3.5433 1.8823 2.281, -3.6713 1.8823 1.9847, -3.6713 1.8823 1.7903, -3.8091 1.8823 1.9847, -3.8091 1.8823 1.7903, -3.5433 1.8823 0.273, -3.1496 1.8823 2.281, -3.2776 1.8823 1.9847, -3.2776 1.8823 1.7903, -3.4154 1.8823 1.9847, -3.4154 1.8823 1.7903, -3.1496 1.8823 0.273, -2.7559 1.8823 2.281, -2.8839 1.8823 1.9847, -2.8839 1.8823 1.7903, -3.0217 1.8823 1.9847, -3.0217 1.8823 1.7903, -2.7559 1.8823 0.273, -2.2343 1.8823 1.9847, -2.0965 1.8823 1.9847, -1.5748 1.8823 2.281, -2.0965 1.8823 1.7903, -2.2343 1.8823 1.7903, -2.3622 1.8823 0.273, -1.7028 1.8823 1.7903, -1.5748 1.8823 0.273, -1.8406 1.8823 1.7903, -2.3622 1.8823 2.281, -2.4902 1.8823 1.7903, -2.628 1.8823 1.7903, -2.628 1.8823 1.9847, -2.4902 1.8823 1.9847, -1.8406 1.8823 1.9847, -1.7028 1.8823 1.9847, -1.1811 1.8823 2.281, -1.3091 1.8823 1.9847, -1.3091 1.8823 1.7903, -1.4469 1.8823 1.9847, -1.4469 1.8823 1.7903, -1.1811 1.8823 0.273, -0.7874 1.8823 2.281, -0.9154 1.8823 1.9847, -0.9154 1.8823 1.7903, -1.0531 1.8823 1.9847, -1.0531 1.8823 1.7903, -0.7874 1.8823 0.273, -0.436 1.8823 2.281, -0.5217 1.8823 1.9847, -0.5217 1.8823 1.7903, -0.6594 1.8823 1.9847, -0.6594 1.8823 1.7903, -0.436 1.8823 0.273, -4.5965 1.8823 2.7718, -4.5965 1.8823 2.5773, -4.4587 1.8823 2.5773, -4.4587 1.8823 2.7718, -4.2028 1.8823 2.7718, -4.2028 1.8823 2.5773, -4.065 1.8823 2.5773, -4.065 1.8823 2.7718, -3.937 1.8823 2.9397, -3.8091 1.8823 2.7718, -3.8091 1.8823 2.5773, -3.6713 1.8823 2.5773, -3.6713 1.8823 2.7718, -3.5433 1.8823 2.9397, -3.4154 1.8823 2.7718, -3.4154 1.8823 2.5773, -3.2776 1.8823 2.5773, -3.2776 1.8823 2.7718, -3.1496 1.8823 2.9397, -3.0217 1.8823 2.7718, -3.0217 1.8823 2.5773, -2.8839 1.8823 2.5773, -2.8839 1.8823 2.7718, -2.7559 1.8823 2.9397, -2.628 1.8823 2.7718, -2.628 1.8823 2.5773, -2.4902 1.8823 2.5773, -2.4902 1.8823 2.7718, -2.3622 1.8823 2.9397, -2.0965 1.8823 2.5773, -2.2343 1.8823 2.5773, -2.0965 1.8823 2.7718, -1.5748 1.8823 2.9397, -2.2343 1.8823 2.7718, -1.8406 1.8823 2.5773, -1.8406 1.8823 2.7718, -1.7028 1.8823 2.7718, -1.7028 1.8823 2.5773, -1.4469 1.8823 2.7718, -1.4469 1.8823 2.5773, -1.3091 1.8823 2.5773, -1.3091 1.8823 2.7718, -1.1811 1.8823 2.9397, -1.0531 1.8823 2.7718, -1.0531 1.8823 2.5773, -0.9154 1.8823 2.5773, -0.9154 1.8823 2.7718, -0.7874 1.8823 2.9397, -0.436 1.8823 2.9397, -0.5217 1.8823 2.7718, -0.5217 1.8823 2.5773, -0.6594 1.8823 2.7718, -0.6594 1.8823 2.5773, -4.3307 1.8823 3.1077, -3.937 1.8823 3.1077, -3.5433 1.8823 3.1077, -3.1496 1.8823 3.1077, -2.7559 1.8823 3.1077, -2.3622 1.8823 3.1077, -1.5748 1.8823 3.1077, -1.1811 1.8823 3.1077, -0.7874 1.8823 3.1077, -0.436 1.8823 3.1077, 0.3504 1.8823 3.1667, 0.3504 1.1854 3.1667, 0.3504 1.8823 2.9693, 0.3504 1.1854 2.281, 0.3504 1.8823 2.281, 0.3504 1.8823 0.273, 0.3504 1.1854 1.0317, 0.3504 1.1854 0.273, 0.436 1.1854 0.273, 1.9685 1.1854 0.273, 1.5748 1.1854 0.273, 1.5748 1.1854 1.0317, 3.3622 1.1854 1.0317, 3.3622 1.1854 0.273, 2.7559 1.1854 1.0317, 2.7559 1.1854 0.273, 2.3622 1.1854 1.0317, 2.3622 1.1854 0.273, 1.9685 1.1854 1.0317, 1.1811 1.1854 1.0317, 0.436 1.1854 1.0317, 0.7874 1.1854 0.273, 0.7874 1.1854 1.0317, 1.1811 1.1854 0.273, 2.7559 1.1854 2.281, 2.8839 1.1854 1.9847, 2.8839 1.1854 1.7903, 3.0217 1.1854 1.9847, 3.3622 1.1854 2.281, 3.0217 1.1854 1.7903, 2.3622 1.1854 2.281, 2.4902 1.1854 1.9847, 2.4902 1.1854 1.7903, 2.628 1.1854 1.9847, 2.628 1.1854 1.7903, 1.9685 1.1854 2.281, 2.0965 1.1854 1.9847, 2.0965 1.1854 1.7903, 1.7028 1.1854 1.7903, 1.8406 1.1854 1.7903, 2.2343 1.1854 1.9847, 2.2343 1.1854 1.7903, 1.8406 1.1854 1.9847, 1.7028 1.1854 1.9847, 1.5748 1.1854 2.281, 1.4469 1.1854 1.9847, 1.3091 1.1854 1.9847, 1.1811 1.1854 2.281, 1.3091 1.1854 1.7903, 0.9154 1.1854 1.7903, 1.0531 1.1854 1.7903, 1.4469 1.1854 1.7903, 1.0531 1.1854 1.9847, 0.9154 1.1854 1.9847, 0.7874 1.1854 2.281, 0.436 1.1854 2.281, 0.5217 1.1854 1.9847, 0.5217 1.1854 1.7903, 0.6594 1.1854 1.9847, 0.6594 1.1854 1.7903, 2.8839 1.1854 2.7718, 2.7559 1.1854 3.1667, 3.0217 1.1854 2.7718, 3.3622 1.1854 3.1667, 3.0217 1.1854 2.5773, 2.8839 1.1854 2.5773, 2.628 1.1854 2.5773, 2.628 1.1854 2.7718, 2.4902 1.1854 2.5773, 2.4902 1.1854 2.7718, 2.3622 1.1854 3.1667, 2.2343 1.1854 2.5773, 2.2343 1.1854 2.7718, 1.9685 1.1854 3.1667, 2.0965 1.1854 2.5773, 2.0965 1.1854 2.7718, 1.7028 1.1854 2.7718, 1.7028 1.1854 2.5773, 1.5748 1.1854 3.1667, 1.8406 1.1854 2.7718, 1.8406 1.1854 2.5773, 1.3091 1.1854 2.7718, 1.3091 1.1854 2.5773, 1.1811 1.1854 3.1667, 1.4469 1.1854 2.7718, 1.4469 1.1854 2.5773, 0.9154 1.1854 2.7718, 0.9154 1.1854 2.5773, 1.0531 1.1854 2.7718, 0.7874 1.1854 3.1667, 1.0531 1.1854 2.5773, 0.6594 1.1854 2.7718, 0.436 1.1854 3.1667, 0.5217 1.1854 2.7718, 0.5217 1.1854 2.5773, 0.6594 1.1854 2.5773, 3.3622 1.8823 0.273, 3.3622 1.8823 2.281, 3.3622 1.8823 2.9693, 3.3622 1.8823 3.1667, 0.7874 1.8823 2.9693, 3.0217 1.8823 1.7903, 3.1919 1.8823 0.273, 3.1919 1.8823 2.281, 1.4469 1.8823 1.7903, 1.5748 1.8823 0.273, 1.5748 1.8823 2.281, 0.7874 1.8823 2.281, 0.6594 1.8823 1.9847, 0.6594 1.8823 1.7903, 0.5217 1.8823 1.9847, 0.5217 1.8823 1.7903, 0.7874 1.8823 0.273, 1.1811 1.8823 2.281, 1.0531 1.8823 1.9847, 1.0531 1.8823 1.7903, 0.9154 1.8823 1.9847, 0.9154 1.8823 1.7903, 1.1811 1.8823 0.273, 1.3091 1.8823 1.7903, 1.3091 1.8823 1.9847, 1.4469 1.8823 1.9847, 1.9685 1.8823 2.281, 1.8406 1.8823 1.9847, 1.8406 1.8823 1.7903, 1.7028 1.8823 1.9847, 1.7028 1.8823 1.7903, 1.9685 1.8823 0.273, 2.3622 1.8823 2.281, 2.2343 1.8823 1.9847, 2.2343 1.8823 1.7903, 2.0965 1.8823 1.9847, 2.0965 1.8823 1.7903, 2.3622 1.8823 0.273, 2.7559 1.8823 2.281, 2.628 1.8823 1.9847, 2.628 1.8823 1.7903, 2.4902 1.8823 1.9847, 2.4902 1.8823 1.7903, 2.7559 1.8823 0.273, 2.8839 1.8823 1.7903, 2.8839 1.8823 1.9847, 3.0217 1.8823 1.9847, 0.5217 1.8823 2.7718, 0.5217 1.8823 2.5773, 0.6594 1.8823 2.5773, 0.6594 1.8823 2.7718, 0.9154 1.8823 2.7718, 0.9154 1.8823 2.5773, 1.0531 1.8823 2.5773, 1.0531 1.8823 2.7718, 1.1811 1.8823 2.9693, 1.3091 1.8823 2.7718, 1.3091 1.8823 2.5773, 1.4469 1.8823 2.5773, 1.4469 1.8823 2.7718, 1.5748 1.8823 2.9693, 1.7028 1.8823 2.7718, 1.7028 1.8823 2.5773, 1.8406 1.8823 2.5773, 1.8406 1.8823 2.7718, 1.9685 1.8823 2.9693, 2.0965 1.8823 2.7718, 2.0965 1.8823 2.5773, 2.2343 1.8823 2.5773, 2.2343 1.8823 2.7718, 2.3622 1.8823 2.9693, 2.4902 1.8823 2.7718, 2.4902 1.8823 2.5773, 2.628 1.8823 2.5773, 2.628 1.8823 2.7718, 2.7559 1.8823 2.9693, 3.0217 1.8823 2.7718, 3.1919 1.8823 2.9693, 2.8839 1.8823 2.7718, 2.8839 1.8823 2.5773, 3.0217 1.8823 2.5773, 0.7874 1.8823 3.1667, 1.1811 1.8823 3.1667, 1.5748 1.8823 3.1667, 1.9685 1.8823 3.1667, 2.3622 1.8823 3.1667, 2.7559 1.8823 3.1667, 3.1919 1.8823 3.1667, 0.5906 -0.474 2.2415, 0.5906 -0.474 1.8675, 2.1654 -0.474 2.2415, 2.1654 -0.474 1.8675, -4.3307 -0.474 1.8675, -4.3307 -0.474 2.2415, -5.7087 -0.474 1.8675, -5.7087 -0.474 2.2415, -3.7402 -0.474 2.2415, -3.7402 -0.474 1.8675, -2.1654 -0.474 2.2415, -2.1654 -0.474 1.8675, -1.5748 -0.474 2.2415, -1.5748 -0.474 1.8675, -0.0 -0.474 2.2415, -0.0 -0.474 1.8675, 2.7559 -0.474 2.2415, 2.7559 -0.474 1.8675, 4.1339 -0.474 2.2415, 4.1339 -0.474 1.8675, -0.1772 1.1709 -0.6719, -0.1772 1.1709 2.8715, -0.1772 0.9974 -0.6719, -0.1772 0.9974 -0.6719
            ]
        }
        coordIndex [
            0,1,2,-1,2,1,3,-1,2,3,4,-1,4,3,5,-1,6,7,8,-1,8,7,9,-1,8,9,10,-1,11,12,8,-1,8,12,13,-1,8,13,6,-1,14,15,8,-1,8,15,16,-1,8,16,11,-1,17,18,8,-1,8,18,19,-1,8,19,14,-1,20,21,8,-1,8,21,22,-1,8,22,17,-1,23,24,8,-1,8,24,25,-1,8,25,20,-1,26,27,8,-1,8,27,28,-1,8,28,23,-1,10,29,8,-1,8,29,30,-1,8,30,26,-1,31,32,33,-1,33,32,34,-1,33,34,35,-1,35,34,36,-1,36,34,37,-1,36,37,38,-1,39,38,37,-1,40,41,42,-1,42,41,43,-1,42,43,44,-1,44,43,45,-1,44,45,46,-1,46,45,47,-1,46,47,48,-1,48,47,49,-1,48,49,50,-1,50,49,51,-1,50,51,52,-1,52,51,53,-1,54,55,56,-1,56,55,57,-1,56,57,40,-1,39,58,59,-1,59,58,60,-1,59,60,54,-1,61,62,63,-1,62,61,64,-1,64,61,65,-1,64,65,66,-1,66,65,53,-1,66,53,63,-1,63,53,51,-1,63,51,61,-1,67,68,69,-1,68,67,70,-1,70,67,61,-1,70,61,71,-1,71,61,51,-1,71,51,69,-1,69,51,49,-1,69,49,67,-1,72,73,74,-1,73,72,75,-1,75,72,67,-1,75,67,76,-1,76,67,49,-1,76,49,74,-1,74,49,47,-1,74,47,72,-1,77,78,79,-1,78,77,80,-1,80,77,72,-1,80,72,81,-1,81,72,47,-1,81,47,79,-1,79,47,45,-1,79,45,77,-1,82,83,84,-1,83,82,85,-1,85,82,77,-1,85,77,86,-1,86,77,45,-1,86,45,84,-1,84,45,43,-1,84,43,82,-1,87,88,89,-1,88,87,90,-1,90,87,82,-1,90,82,91,-1,91,82,43,-1,91,43,89,-1,89,43,41,-1,89,41,87,-1,92,93,94,-1,94,93,95,-1,94,95,57,-1,40,57,41,-1,41,57,95,-1,41,95,96,-1,97,98,99,-1,100,97,101,-1,101,102,100,-1,100,102,103,-1,100,103,60,-1,54,60,55,-1,55,60,103,-1,55,103,104,-1,98,97,105,-1,105,97,94,-1,105,94,106,-1,106,94,57,-1,106,57,99,-1,99,57,55,-1,99,55,97,-1,97,55,104,-1,97,104,101,-1,107,108,109,-1,108,107,110,-1,110,107,100,-1,110,100,111,-1,111,100,60,-1,111,60,109,-1,109,60,58,-1,109,58,107,-1,112,65,113,-1,113,65,61,-1,113,61,114,-1,114,61,115,-1,114,115,116,-1,116,115,117,-1,116,117,112,-1,112,117,65,-1,118,61,119,-1,119,61,67,-1,119,67,120,-1,120,67,121,-1,120,121,122,-1,122,121,115,-1,122,115,118,-1,118,115,61,-1,123,67,124,-1,124,67,72,-1,124,72,125,-1,125,72,126,-1,125,126,127,-1,127,126,121,-1,127,121,123,-1,123,121,67,-1,128,72,129,-1,129,72,77,-1,129,77,130,-1,130,77,131,-1,130,131,132,-1,132,131,126,-1,132,126,128,-1,128,126,72,-1,133,77,134,-1,134,77,82,-1,134,82,135,-1,135,82,136,-1,135,136,137,-1,137,136,131,-1,137,131,133,-1,133,131,77,-1,138,82,139,-1,139,82,87,-1,139,87,140,-1,140,87,141,-1,140,141,142,-1,142,141,136,-1,142,136,138,-1,138,136,82,-1,143,144,87,-1,145,146,147,-1,87,144,141,-1,141,144,148,-1,141,148,149,-1,147,146,94,-1,94,146,150,-1,94,150,151,-1,147,141,145,-1,145,141,149,-1,145,149,151,-1,151,149,143,-1,151,143,94,-1,94,143,87,-1,94,87,92,-1,92,87,152,-1,92,152,96,-1,96,152,153,-1,96,153,41,-1,41,153,154,-1,41,154,87,-1,87,154,155,-1,87,155,152,-1,156,94,157,-1,157,94,97,-1,157,97,158,-1,158,97,159,-1,158,159,160,-1,160,159,147,-1,160,147,156,-1,156,147,94,-1,161,97,162,-1,162,97,100,-1,162,100,163,-1,163,100,164,-1,163,164,165,-1,165,164,159,-1,165,159,161,-1,161,159,97,-1,166,100,167,-1,167,100,107,-1,167,107,168,-1,168,107,169,-1,168,169,170,-1,170,169,164,-1,170,164,166,-1,166,164,100,-1,39,37,58,-1,58,37,34,-1,58,34,107,-1,107,34,32,-1,107,32,169,-1,171,52,53,-1,171,53,172,-1,172,53,65,-1,172,65,173,-1,173,65,117,-1,173,117,174,-1,31,33,175,-1,176,177,178,-1,177,176,179,-1,179,176,35,-1,179,35,180,-1,180,35,36,-1,180,36,178,-1,178,36,181,-1,178,181,176,-1,182,183,184,-1,183,182,185,-1,185,182,176,-1,185,176,186,-1,186,176,181,-1,186,181,184,-1,184,181,187,-1,184,187,182,-1,188,189,190,-1,189,188,191,-1,191,188,182,-1,191,182,192,-1,192,182,187,-1,192,187,190,-1,190,187,193,-1,190,193,188,-1,194,195,196,-1,195,194,197,-1,197,194,188,-1,197,188,198,-1,198,188,193,-1,198,193,196,-1,196,193,199,-1,196,199,194,-1,200,201,202,-1,201,200,203,-1,203,200,194,-1,203,194,204,-1,204,194,199,-1,204,199,202,-1,202,199,205,-1,202,205,200,-1,206,207,208,-1,209,210,211,-1,208,212,213,-1,213,212,214,-1,210,215,211,-1,211,215,216,-1,211,216,205,-1,205,216,217,-1,205,217,200,-1,200,217,218,-1,200,218,215,-1,215,218,219,-1,215,219,216,-1,211,213,209,-1,209,213,214,-1,209,214,207,-1,207,214,220,-1,207,220,208,-1,208,220,221,-1,208,221,212,-1,222,223,224,-1,223,222,225,-1,225,222,208,-1,225,208,226,-1,226,208,213,-1,226,213,224,-1,224,213,227,-1,224,227,222,-1,228,229,230,-1,229,228,231,-1,231,228,222,-1,231,222,232,-1,232,222,227,-1,232,227,230,-1,230,227,233,-1,230,233,228,-1,234,235,236,-1,235,234,237,-1,237,234,228,-1,237,228,238,-1,238,228,233,-1,238,233,236,-1,236,233,239,-1,236,239,234,-1,234,239,171,-1,234,171,172,-1,240,33,241,-1,241,33,35,-1,241,35,242,-1,242,35,176,-1,242,176,243,-1,243,176,175,-1,243,175,240,-1,240,175,33,-1,244,175,245,-1,245,175,176,-1,245,176,246,-1,246,176,182,-1,246,182,247,-1,247,182,248,-1,247,248,244,-1,244,248,175,-1,249,248,250,-1,250,248,182,-1,250,182,251,-1,251,182,188,-1,251,188,252,-1,252,188,253,-1,252,253,249,-1,249,253,248,-1,254,253,255,-1,255,253,188,-1,255,188,256,-1,256,188,194,-1,256,194,257,-1,257,194,258,-1,257,258,254,-1,254,258,253,-1,259,258,260,-1,260,258,194,-1,260,194,261,-1,261,194,200,-1,261,200,262,-1,262,200,263,-1,262,263,259,-1,259,263,258,-1,264,263,265,-1,265,263,200,-1,265,200,266,-1,266,200,215,-1,266,215,267,-1,267,215,268,-1,267,268,264,-1,264,268,263,-1,269,270,215,-1,271,272,268,-1,215,270,268,-1,268,270,273,-1,268,273,271,-1,210,206,215,-1,215,206,208,-1,215,208,269,-1,269,208,274,-1,269,274,271,-1,271,274,275,-1,271,275,272,-1,272,275,276,-1,272,276,208,-1,208,276,277,-1,208,277,274,-1,278,272,279,-1,279,272,208,-1,279,208,280,-1,280,208,222,-1,280,222,281,-1,281,222,282,-1,281,282,278,-1,278,282,272,-1,283,282,284,-1,284,282,222,-1,284,222,285,-1,285,222,228,-1,285,228,286,-1,286,228,287,-1,286,287,283,-1,283,287,282,-1,288,289,290,-1,289,288,291,-1,291,288,287,-1,291,287,292,-1,292,287,228,-1,292,228,290,-1,290,228,234,-1,290,234,288,-1,288,234,172,-1,288,172,173,-1,31,175,293,-1,293,175,248,-1,293,248,294,-1,294,248,253,-1,294,253,295,-1,295,253,258,-1,295,258,296,-1,296,258,263,-1,296,263,297,-1,297,263,268,-1,297,268,298,-1,298,268,272,-1,298,272,299,-1,299,272,282,-1,299,282,300,-1,300,282,287,-1,300,287,301,-1,301,287,288,-1,301,288,302,-1,302,288,173,-1,302,173,174,-1,303,304,305,-1,305,304,306,-1,305,306,307,-1,307,306,308,-1,308,306,309,-1,308,309,310,-1,311,310,309,-1,312,313,314,-1,315,316,317,-1,317,316,318,-1,317,318,319,-1,319,318,320,-1,319,320,321,-1,314,313,322,-1,311,323,324,-1,324,323,325,-1,324,325,326,-1,327,328,329,-1,328,327,330,-1,330,327,331,-1,330,331,332,-1,332,331,315,-1,332,315,329,-1,329,315,317,-1,329,317,327,-1,333,334,335,-1,334,333,336,-1,336,333,327,-1,336,327,337,-1,337,327,317,-1,337,317,335,-1,335,317,319,-1,335,319,333,-1,338,339,340,-1,341,342,321,-1,339,338,343,-1,343,338,333,-1,343,333,344,-1,344,333,319,-1,344,319,340,-1,340,319,321,-1,340,321,338,-1,338,321,342,-1,338,342,345,-1,345,346,347,-1,347,346,341,-1,347,341,314,-1,314,341,321,-1,314,321,312,-1,312,321,320,-1,348,349,350,-1,350,349,351,-1,352,353,322,-1,348,347,354,-1,354,347,314,-1,354,314,351,-1,351,314,322,-1,351,322,350,-1,350,322,353,-1,350,353,355,-1,355,356,357,-1,357,356,352,-1,357,352,325,-1,325,352,322,-1,325,322,326,-1,326,322,313,-1,358,359,360,-1,359,358,361,-1,361,358,357,-1,361,357,362,-1,362,357,325,-1,362,325,360,-1,360,325,323,-1,360,323,358,-1,363,364,365,-1,365,364,366,-1,365,366,367,-1,367,366,331,-1,367,331,368,-1,368,331,327,-1,327,369,370,-1,369,327,371,-1,371,327,333,-1,371,333,372,-1,372,373,370,-1,370,373,364,-1,370,364,327,-1,327,364,363,-1,327,363,368,-1,333,374,375,-1,372,333,373,-1,373,333,375,-1,373,375,376,-1,374,333,377,-1,377,333,338,-1,377,338,378,-1,379,380,347,-1,381,376,382,-1,345,347,338,-1,338,347,380,-1,338,380,383,-1,375,378,376,-1,376,378,338,-1,376,338,382,-1,382,338,383,-1,384,385,350,-1,386,381,387,-1,348,350,347,-1,347,350,385,-1,347,385,388,-1,382,379,381,-1,381,379,347,-1,381,347,387,-1,387,347,388,-1,389,390,357,-1,386,391,392,-1,392,391,389,-1,355,357,350,-1,350,357,390,-1,350,390,393,-1,387,384,386,-1,386,384,350,-1,386,350,391,-1,391,350,393,-1,389,357,392,-1,392,357,394,-1,392,394,395,-1,395,394,396,-1,395,396,358,-1,358,396,397,-1,358,397,357,-1,357,397,398,-1,357,398,394,-1,311,309,323,-1,323,309,306,-1,323,306,358,-1,358,306,304,-1,358,304,395,-1,399,316,315,-1,399,315,400,-1,400,315,331,-1,400,331,401,-1,401,331,366,-1,401,366,402,-1,303,305,403,-1,404,405,406,-1,407,408,409,-1,410,411,412,-1,411,410,413,-1,413,410,307,-1,413,307,414,-1,414,307,308,-1,414,308,412,-1,412,308,415,-1,412,415,410,-1,416,417,418,-1,417,416,419,-1,419,416,410,-1,419,410,420,-1,420,410,415,-1,420,415,418,-1,418,415,421,-1,418,421,416,-1,408,407,421,-1,421,407,422,-1,421,422,416,-1,416,422,423,-1,416,423,409,-1,409,423,424,-1,409,424,407,-1,425,426,427,-1,426,425,428,-1,428,425,409,-1,428,409,429,-1,429,409,408,-1,429,408,427,-1,427,408,430,-1,427,430,425,-1,431,432,433,-1,432,431,434,-1,434,431,425,-1,434,425,435,-1,435,425,430,-1,435,430,433,-1,433,430,436,-1,433,436,431,-1,437,438,439,-1,438,437,440,-1,440,437,431,-1,440,431,441,-1,441,431,436,-1,441,436,439,-1,439,436,442,-1,439,442,437,-1,405,404,442,-1,442,404,443,-1,442,443,437,-1,437,443,444,-1,437,444,406,-1,406,444,445,-1,406,445,404,-1,446,305,447,-1,447,305,307,-1,447,307,448,-1,448,307,410,-1,448,410,449,-1,449,410,403,-1,449,403,446,-1,446,403,305,-1,450,403,451,-1,451,403,410,-1,451,410,452,-1,452,410,416,-1,452,416,453,-1,453,416,454,-1,453,454,450,-1,450,454,403,-1,455,454,456,-1,456,454,416,-1,456,416,457,-1,457,416,409,-1,457,409,458,-1,458,409,459,-1,458,459,455,-1,455,459,454,-1,460,459,461,-1,461,459,409,-1,461,409,462,-1,462,409,425,-1,462,425,463,-1,463,425,464,-1,463,464,460,-1,460,464,459,-1,465,464,466,-1,466,464,425,-1,466,425,467,-1,467,425,431,-1,467,431,468,-1,468,431,469,-1,468,469,465,-1,465,469,464,-1,470,469,471,-1,471,469,431,-1,471,431,472,-1,472,431,437,-1,472,437,473,-1,473,437,474,-1,473,474,470,-1,470,474,469,-1,475,476,477,-1,477,476,474,-1,477,474,478,-1,478,474,437,-1,478,437,479,-1,479,437,406,-1,479,406,475,-1,475,406,476,-1,405,399,406,-1,406,399,400,-1,406,400,476,-1,476,400,401,-1,303,403,480,-1,480,403,454,-1,480,454,481,-1,481,454,459,-1,481,459,482,-1,482,459,464,-1,482,464,483,-1,483,464,469,-1,483,469,484,-1,484,469,474,-1,484,474,485,-1,485,474,476,-1,485,476,486,-1,486,476,401,-1,486,401,402,-1,487,488,489,-1,489,488,490,-1,491,492,493,-1,493,492,494,-1,495,496,497,-1,497,496,498,-1,499,500,501,-1,501,500,502,-1,503,504,505,-1,505,504,506,-1,507,508,509,-1,509,508,5,-1,509,5,3,-1,
        ]
    }
}
Shape{
    appearance Appearance {
        material  Material 	{
            diffuseColor 0.8274509803921568 0.6666666666666666 0.12941176470588237
            specularColor 0.4117647058823529 0.3333333333333333 0.06666666666666667
            ambientIntensity 0.2
            transparency 0
            shininess 0.5
        }
    }
    geometry IndexedFaceSet {
        ccw TRUE
        solid FALSE
        coord DEF co Coordinate {
            point [
                0.203 1.1254 2.8715, 0.2953 1.1709 2.8715, 0.2953 0.8646 2.8715, -0.1772 1.1709 2.8715, -0.1195 1.1393 2.8715, -0.1772 0.8646 2.8715, -0.0144 1.1071 2.8715, 0.0955 1.1023 2.8715, 0.0955 1.1023 2.8715
            ]
        }
        coordIndex [
            0,1,2,-1,3,4,5,-1,5,4,6,-1,5,6,2,-1,2,6,7,-1,2,7,0,-1,
        ]
    }
}
Shape{
    appearance Appearance {
        material  Material 	{
            diffuseColor 0.25098039215686274 0.25098039215686274 0.25098039215686274
            specularColor 0.12549019607843137 0.12549019607843137 0.12549019607843137
            ambientIntensity 0.2
            transparency 0
            shininess 0.5
        }
    }
    geometry IndexedFaceSet {
        ccw TRUE
        solid FALSE
        coord DEF co Coordinate {
            point [
                0.2953 0.8646 -0.6719, 0.2953 0.8646 2.8715, 0.2953 0.9974 -0.6719, 0.2953 1.1709 2.8715, 0.2953 1.1709 -0.6719, 0.3839 1.3463 -2.6343, 0.3839 1.2474 -2.4986, 0.3653 1.2276 -2.4986, 0.3233 1.3813 -2.7978, 0.3538 1.4549 -2.7978, 0.3839 1.4468 -2.725, 0.3642 1.5339 -2.7978, 0.3839 1.5339 -2.7518, 0.3839 1.5109 -2.7499, 0.3839 1.4776 -2.7405, 0.3538 1.6128 -2.7978, 0.3839 1.6209 -2.725, 0.3839 1.5793 -2.7444, 0.3839 1.5569 -2.7499, 0.3839 1.6746 -2.6836, 0.3233 1.6864 -2.7978, 0.3839 1.7214 -2.6343, 0.2748 1.7496 -2.7978, 0.3839 1.8203 -2.4986, -0.0199 1.2391 -2.7978, 0.0591 1.2287 -2.7978, 0.0591 1.1008 -2.4986, -0.0139 1.1104 -2.4986, -0.053 1.1155 -2.4986, -0.0935 1.2696 -2.7978, -0.1182 1.1425 -2.4986, -0.1575 1.1588 -2.4986, -0.1567 1.3181 -2.7978, -0.211 1.1998 -2.4986, -0.2472 1.2276 -2.4986, -0.2052 1.3813 -2.7978, -0.2863 1.2786 -2.4986, -0.316 1.3173 -2.4986, -0.2357 1.4549 -2.7978, -0.3394 1.3739 -2.4986, -0.3593 1.4218 -2.4986, -0.2461 1.5339 -2.7978, -0.3668 1.4793 -2.4986, -0.374 1.5339 -2.4986, -0.3668 1.5884 -2.4986, -0.2357 1.6128 -2.7978, -0.3593 1.6459 -2.4986, -0.3394 1.6939 -2.4986, -0.2052 1.6864 -2.7978, -0.316 1.7504 -2.4986, -0.2863 1.7891 -2.4986, -0.1567 1.7496 -2.7978, -0.2472 1.8401 -2.4986, -0.211 1.8679 -2.4986, -0.0935 1.7981 -2.7978, -0.1575 1.9089 -2.4986, -0.1182 1.9252 -2.4986, -0.0199 1.8286 -2.7978, -0.053 1.9522 -2.4986, -0.0139 1.9573 -2.4986, 0.0591 1.839 -2.7978, 0.0591 1.9669 -2.4986, 0.0951 1.9622 -2.4986, 0.138 1.8286 -2.7978, 0.1711 1.9522 -2.4986, 0.2018 1.9395 -2.4986, 0.2116 1.7981 -2.7978, 0.2756 1.9089 -2.4986, 0.2995 1.8906 -2.4986, 0.3653 1.8401 -2.4986, 0.3839 1.3929 -2.6833, 0.2748 1.3181 -2.7978, 0.2116 1.2696 -2.7978, 0.2995 1.1771 -2.4986, 0.2756 1.1588 -2.4986, 0.138 1.2391 -2.7978, 0.2018 1.1282 -2.4986, 0.1711 1.1155 -2.4986, 0.0951 1.1055 -2.4986, 0.3839 1.8203 -0.6719, 0.3839 1.2474 -0.6719, -0.1772 2.2031 -0.6719, -0.1772 2.2031 2.8715, -0.1772 2.0703 -0.6719, -0.1772 1.8968 2.8715, -0.1772 1.8968 -0.6719, -0.1772 1.8968 -0.6719
            ]
        }
        coordIndex [
            0,1,2,-1,2,1,3,-1,2,3,4,-1,5,6,7,-1,8,9,10,-1,11,12,13,-1,11,13,9,-1,9,13,14,-1,9,14,10,-1,15,16,17,-1,15,17,11,-1,11,17,18,-1,11,18,12,-1,16,15,19,-1,19,15,20,-1,19,20,21,-1,21,20,22,-1,21,22,23,-1,24,25,26,-1,26,27,24,-1,24,27,28,-1,24,28,29,-1,28,30,29,-1,29,30,31,-1,29,31,32,-1,31,33,32,-1,32,33,34,-1,32,34,35,-1,34,36,35,-1,35,36,37,-1,35,37,38,-1,37,39,38,-1,38,39,40,-1,38,40,41,-1,41,40,42,-1,42,43,41,-1,41,43,44,-1,41,44,45,-1,44,46,45,-1,45,46,47,-1,45,47,48,-1,47,49,48,-1,48,49,50,-1,48,50,51,-1,50,52,51,-1,51,52,53,-1,51,53,54,-1,53,55,54,-1,54,55,56,-1,54,56,57,-1,56,58,57,-1,57,58,59,-1,57,59,60,-1,59,61,60,-1,60,61,62,-1,60,62,63,-1,62,64,63,-1,63,64,65,-1,63,65,66,-1,65,67,66,-1,66,67,68,-1,66,68,22,-1,22,68,69,-1,22,69,23,-1,10,70,8,-1,8,70,5,-1,8,5,71,-1,71,5,7,-1,71,7,72,-1,7,73,72,-1,72,73,74,-1,72,74,75,-1,74,76,75,-1,75,76,77,-1,75,77,25,-1,25,77,78,-1,25,78,26,-1,70,21,5,-1,5,21,23,-1,5,23,6,-1,6,23,79,-1,6,79,80,-1,70,18,17,-1,70,10,14,-1,17,16,70,-1,70,16,19,-1,70,19,21,-1,14,13,70,-1,70,13,12,-1,70,12,18,-1,81,82,83,-1,83,82,84,-1,83,84,85,-1,
        ]
    }
}
Shape{
    appearance Appearance {
        material  Material 	{
            diffuseColor 0.8274509803921568 0.6666666666666666 0.12941176470588237
            specularColor 0.4117647058823529 0.3333333333333333 0.06666666666666667
            ambientIntensity 0.2
            transparency 0
            shininess 0.5
        }
    }
    geometry IndexedFaceSet {
        ccw TRUE
        solid FALSE
        coord DEF co Coordinate {
            point [
                -0.6594 0.5988 -0.6719, -0.6594 0.6972 -0.6719, -0.6594 0.6069 -0.733, -0.6594 0.7019 -0.7075, -0.6594 0.6305 -0.79, -0.6594 0.7157 -0.7408, -0.6594 0.668 -0.8389, -0.6594 0.7376 -0.7693, -0.6594 0.7169 -0.8764, -0.6594 0.7661 -0.7912, -0.6594 0.9236 -0.9958, -0.6594 0.9728 -0.9105, -0.6594 0.9522 -1.0177, -0.6594 1.0217 -0.9481, -0.6594 0.9741 -1.0462, -0.6594 1.0593 -0.997, -0.6594 0.9878 -1.0794, -0.6594 1.0829 -1.054, -0.6594 0.9925 -1.1151, -0.6594 1.0909 -1.1151, -0.6594 0.9925 -2.3254, -0.6594 1.0909 -2.3254, -0.6594 2.0752 -2.3254, -0.6594 1.9768 -2.3254, -0.6594 2.0752 -1.1151, -0.6594 1.9768 -1.1151, -0.6594 2.0799 -1.0794, -0.6594 1.9848 -1.054, -0.6594 2.0937 -1.0462, -0.6594 2.0084 -0.997, -0.6594 2.1155 -1.0177, -0.6594 2.046 -0.9481, -0.6594 2.1441 -0.9958, -0.6594 2.0949 -0.9105, -0.6594 2.3508 -0.8764, -0.6594 2.3016 -0.7912, -0.6594 2.3997 -0.8389, -0.6594 2.3301 -0.7693, -0.6594 2.4372 -0.79, -0.6594 2.352 -0.7408, -0.6594 2.4608 -0.733, -0.6594 2.3658 -0.7075, -0.6594 2.4689 -0.6719, -0.6594 2.3705 -0.6719, -1.0531 0.5988 -0.6719, -1.0531 0.6972 -0.6719, -1.0531 0.5958 -0.7005, -1.0531 0.6921 -0.721, -1.0531 0.5869 -0.7279, -1.0531 0.6768 -0.7679, -1.0531 0.5725 -0.7529, -1.0531 0.6521 -0.8107, -1.0531 0.5532 -0.7743, -1.0531 0.6191 -0.8474, -1.0531 0.5299 -0.7912, -1.0531 0.5791 -0.8764, -1.0531 0.3232 -0.9105, -1.0531 0.3724 -0.9958, -1.0531 0.2833 -0.9396, -1.0531 0.3491 -1.0127, -1.0531 0.2502 -0.9763, -1.0531 0.3299 -1.0341, -1.0531 0.2255 -1.019, -1.0531 0.3154 -1.0591, -1.0531 0.2103 -1.066, -1.0531 0.3065 -1.0864, -1.0531 0.2051 -1.1151, -1.0531 0.3035 -1.1151, -1.0531 0.2051 -2.3254, -1.0531 0.3035 -2.3254, -1.0531 2.8626 -2.3254, -1.0531 2.7642 -2.3254, -1.0531 2.8626 -1.1151, -1.0531 2.7642 -1.1151, -1.0531 2.8574 -1.066, -1.0531 2.7612 -1.0864, -1.0531 2.8422 -1.019, -1.0531 2.7523 -1.0591, -1.0531 2.8175 -0.9763, -1.0531 2.7378 -1.0341, -1.0531 2.7844 -0.9396, -1.0531 2.7186 -1.0127, -1.0531 2.7445 -0.9105, -1.0531 2.6953 -0.9958, -1.0531 2.5378 -0.7912, -1.0531 2.4886 -0.8764, -1.0531 2.5145 -0.7743, -1.0531 2.4486 -0.8474, -1.0531 2.4952 -0.7529, -1.0531 2.4156 -0.8107, -1.0531 2.4808 -0.7279, -1.0531 2.3909 -0.7679, -1.0531 2.4719 -0.7005, -1.0531 2.3756 -0.721, -1.0531 2.4689 -0.6719, -1.0531 2.3705 -0.6719, 0.9154 0.5988 -0.6719, 0.9154 0.6972 -0.6719, 0.9154 0.6069 -0.733, 0.9154 0.7019 -0.7075, 0.9154 0.6305 -0.79, 0.9154 0.7157 -0.7408, 0.9154 0.668 -0.8389, 0.9154 0.7376 -0.7693, 0.9154 0.7169 -0.8764, 0.9154 0.7661 -0.7912, 0.9154 0.9236 -0.9958, 0.9154 0.9728 -0.9105, 0.9154 0.9522 -1.0177, 0.9154 1.0217 -0.9481, 0.9154 0.9741 -1.0462, 0.9154 1.0593 -0.997, 0.9154 0.9878 -1.0794, 0.9154 1.0829 -1.054, 0.9154 0.9925 -1.1151, 0.9154 1.0909 -1.1151, 0.9154 0.9925 -2.3254, 0.9154 1.0909 -2.3254, 0.9154 2.0752 -2.3254, 0.9154 1.9768 -2.3254, 0.9154 2.0752 -1.1151, 0.9154 1.9768 -1.1151, 0.9154 2.0799 -1.0794, 0.9154 1.9848 -1.054, 0.9154 2.0937 -1.0462, 0.9154 2.0084 -0.997, 0.9154 2.1155 -1.0177, 0.9154 2.046 -0.9481, 0.9154 2.1441 -0.9958, 0.9154 2.0949 -0.9105, 0.9154 2.3508 -0.8764, 0.9154 2.3016 -0.7912, 0.9154 2.3997 -0.8389, 0.9154 2.3301 -0.7693, 0.9154 2.4372 -0.79, 0.9154 2.352 -0.7408, 0.9154 2.4608 -0.733, 0.9154 2.3658 -0.7075, 0.9154 2.4689 -0.6719, 0.9154 2.3705 -0.6719, 1.7028 0.5988 -0.6719, 1.7028 0.6972 -0.6719, 1.7028 0.6069 -0.733, 1.7028 0.7019 -0.7075, 1.7028 0.6305 -0.79, 1.7028 0.7157 -0.7408, 1.7028 0.668 -0.8389, 1.7028 0.7376 -0.7693, 1.7028 0.7169 -0.8764, 1.7028 0.7661 -0.7912, 1.7028 0.9236 -0.9958, 1.7028 0.9728 -0.9105, 1.7028 0.9522 -1.0177, 1.7028 1.0217 -0.9481, 1.7028 0.9741 -1.0462, 1.7028 1.0593 -0.997, 1.7028 0.9878 -1.0794, 1.7028 1.0829 -1.054, 1.7028 0.9925 -1.1151, 1.7028 1.0909 -1.1151, 1.7028 0.9925 -2.3254, 1.7028 1.0909 -2.3254, 1.7028 2.0752 -2.3254, 1.7028 1.9768 -2.3254, 1.7028 2.0752 -1.1151, 1.7028 1.9768 -1.1151, 1.7028 2.0799 -1.0794, 1.7028 1.9848 -1.054, 1.7028 2.0937 -1.0462, 1.7028 2.0084 -0.997, 1.7028 2.1155 -1.0177, 1.7028 2.046 -0.9481, 1.7028 2.1441 -0.9958, 1.7028 2.0949 -0.9105, 1.7028 2.3508 -0.8764, 1.7028 2.3016 -0.7912, 1.7028 2.3997 -0.8389, 1.7028 2.3301 -0.7693, 1.7028 2.4372 -0.79, 1.7028 2.352 -0.7408, 1.7028 2.4608 -0.733, 1.7028 2.3658 -0.7075, 1.7028 2.4689 -0.6719, 1.7028 2.3705 -0.6719, 2.4902 0.5988 -0.6719, 2.4902 0.6972 -0.6719, 2.4902 0.6069 -0.733, 2.4902 0.7019 -0.7075, 2.4902 0.6305 -0.79, 2.4902 0.7157 -0.7408, 2.4902 0.668 -0.8389, 2.4902 0.7376 -0.7693, 2.4902 0.7169 -0.8764, 2.4902 0.7661 -0.7912, 2.4902 0.9236 -0.9958, 2.4902 0.9728 -0.9105, 2.4902 0.9522 -1.0177, 2.4902 1.0217 -0.9481, 2.4902 0.9741 -1.0462, 2.4902 1.0593 -0.997, 2.4902 0.9878 -1.0794, 2.4902 1.0829 -1.054, 2.4902 0.9925 -1.1151, 2.4902 1.0909 -1.1151, 2.4902 0.9925 -2.3254, 2.4902 1.0909 -2.3254, 2.4902 2.0752 -2.3254, 2.4902 1.9768 -2.3254, 2.4902 2.0752 -1.1151, 2.4902 1.9768 -1.1151, 2.4902 2.0799 -1.0794, 2.4902 1.9848 -1.054, 2.4902 2.0937 -1.0462, 2.4902 2.0084 -0.997, 2.4902 2.1155 -1.0177, 2.4902 2.046 -0.9481, 2.4902 2.1441 -0.9958, 2.4902 2.0949 -0.9105, 2.4902 2.3508 -0.8764, 2.4902 2.3016 -0.7912, 2.4902 2.3997 -0.8389, 2.4902 2.3301 -0.7693, 2.4902 2.4372 -0.79, 2.4902 2.352 -0.7408, 2.4902 2.4608 -0.733, 2.4902 2.3658 -0.7075, 2.4902 2.4689 -0.6719, 2.4902 2.3705 -0.6719, 0.5217 0.5988 -0.6719, 0.5217 0.6972 -0.6719, 0.5217 0.5958 -0.7005, 0.5217 0.6921 -0.721, 0.5217 0.5869 -0.7279, 0.5217 0.6768 -0.7679, 0.5217 0.5725 -0.7529, 0.5217 0.6521 -0.8107, 0.5217 0.5532 -0.7743, 0.5217 0.6191 -0.8474, 0.5217 0.5299 -0.7912, 0.5217 0.5791 -0.8764, 0.5217 0.3232 -0.9105, 0.5217 0.3724 -0.9958, 0.5217 0.2833 -0.9396, 0.5217 0.3491 -1.0127, 0.5217 0.2502 -0.9763, 0.5217 0.3299 -1.0341, 0.5217 0.2255 -1.019, 0.5217 0.3154 -1.0591, 0.5217 0.2103 -1.066, 0.5217 0.3065 -1.0864, 0.5217 0.2051 -1.1151, 0.5217 0.3035 -1.1151, 0.5217 0.2051 -2.3254, 0.5217 0.3035 -2.3254, 0.5217 2.3705 -0.6719, 0.5217 2.4689 -0.6719, 0.5217 2.3756 -0.721, 0.5217 2.4719 -0.7005, 0.5217 2.3909 -0.7679, 0.5217 2.4808 -0.7279, 0.5217 2.4156 -0.8107, 0.5217 2.4952 -0.7529, 0.5217 2.4486 -0.8474, 0.5217 2.5145 -0.7743, 0.5217 2.4886 -0.8764, 0.5217 2.5378 -0.7912, 0.5217 2.6953 -0.9958, 0.5217 2.7445 -0.9105, 0.5217 2.7186 -1.0127, 0.5217 2.7844 -0.9396, 0.5217 2.7378 -1.0341, 0.5217 2.8175 -0.9763, 0.5217 2.7523 -1.0591, 0.5217 2.8422 -1.019, 0.5217 2.7612 -1.0864, 0.5217 2.8574 -1.066, 0.5217 2.7642 -1.1151, 0.5217 2.8626 -1.1151, 0.5217 2.7642 -2.3254, 0.5217 2.8626 -2.3254, 1.3091 0.5988 -0.6719, 1.3091 0.6972 -0.6719, 1.3091 0.5958 -0.7005, 1.3091 0.6921 -0.721, 1.3091 0.5869 -0.7279, 1.3091 0.6768 -0.7679, 1.3091 0.5725 -0.7529, 1.3091 0.6521 -0.8107, 1.3091 0.5532 -0.7743, 1.3091 0.6191 -0.8474, 1.3091 0.5299 -0.7912, 1.3091 0.5791 -0.8764, 1.3091 0.3232 -0.9105, 1.3091 0.3724 -0.9958, 1.3091 0.2833 -0.9396, 1.3091 0.3491 -1.0127, 1.3091 0.2502 -0.9763, 1.3091 0.3299 -1.0341, 1.3091 0.2255 -1.019, 1.3091 0.3154 -1.0591, 1.3091 0.2103 -1.066, 1.3091 0.3065 -1.0864, 1.3091 0.2051 -1.1151, 1.3091 0.3035 -1.1151, 1.3091 0.2051 -2.3254, 1.3091 0.3035 -2.3254, 1.3091 2.8626 -2.3254, 1.3091 2.7642 -2.3254, 1.3091 2.8626 -1.1151, 1.3091 2.7642 -1.1151, 1.3091 2.8574 -1.066, 1.3091 2.7612 -1.0864, 1.3091 2.8422 -1.019, 1.3091 2.7523 -1.0591, 1.3091 2.8175 -0.9763, 1.3091 2.7378 -1.0341, 1.3091 2.7844 -0.9396, 1.3091 2.7186 -1.0127, 1.3091 2.7445 -0.9105, 1.3091 2.6953 -0.9958, 1.3091 2.5378 -0.7912, 1.3091 2.4886 -0.8764, 1.3091 2.5145 -0.7743, 1.3091 2.4486 -0.8474, 1.3091 2.4952 -0.7529, 1.3091 2.4156 -0.8107, 1.3091 2.4808 -0.7279, 1.3091 2.3909 -0.7679, 1.3091 2.4719 -0.7005, 1.3091 2.3756 -0.721, 1.3091 2.4689 -0.6719, 1.3091 2.3705 -0.6719, 2.0965 0.5988 -0.6719, 2.0965 0.6972 -0.6719, 2.0965 0.5958 -0.7005, 2.0965 0.6892 -0.733, 2.0965 0.5869 -0.7279, 2.0965 0.6656 -0.79, 2.0965 0.3035 -2.3254, 2.0965 0.2051 -2.3254, 2.0965 0.3035 -1.1151, 2.0965 0.2051 -1.1151, 2.0965 0.3065 -1.0864, 2.0965 0.2103 -1.066, 2.0965 0.3154 -1.0591, 2.0965 0.2255 -1.019, 2.0965 0.3299 -1.0341, 2.0965 0.2502 -0.9763, 2.0965 0.3491 -1.0127, 2.0965 0.2833 -0.9396, 2.0965 0.3724 -0.9958, 2.0965 0.3232 -0.9105, 2.0965 0.5791 -0.8764, 2.0965 0.5299 -0.7912, 2.0965 0.628 -0.8389, 2.0965 0.5532 -0.7743, 2.0965 0.5725 -0.7529, 2.0965 2.3705 -0.6719, 2.0965 2.4689 -0.6719, 2.0965 2.3785 -0.733, 2.0965 2.4719 -0.7005, 2.0965 2.4021 -0.79, 2.0965 2.4808 -0.7279, 2.0965 2.4952 -0.7529, 2.0965 2.4397 -0.8389, 2.0965 2.5145 -0.7743, 2.0965 2.4886 -0.8764, 2.0965 2.5378 -0.7912, 2.0965 2.6953 -0.9958, 2.0965 2.7445 -0.9105, 2.0965 2.7186 -1.0127, 2.0965 2.7844 -0.9396, 2.0965 2.7378 -1.0341, 2.0965 2.8175 -0.9763, 2.0965 2.7523 -1.0591, 2.0965 2.8422 -1.019, 2.0965 2.7612 -1.0864, 2.0965 2.8574 -1.066, 2.0965 2.7642 -1.1151, 2.0965 2.8626 -1.1151, 2.0965 2.7642 -2.3254, 2.0965 2.8626 -2.3254, 2.8839 0.5988 -0.6719, 2.8839 0.6972 -0.6719, 2.8839 0.5958 -0.7005, 2.8839 0.6892 -0.733, 2.8839 0.5869 -0.7279, 2.8839 0.6656 -0.79, 2.8839 0.3035 -2.3254, 2.8839 0.2051 -2.3254, 2.8839 0.3035 -1.1151, 2.8839 0.2051 -1.1151, 2.8839 0.3065 -1.0864, 2.8839 0.2103 -1.066, 2.8839 0.3154 -1.0591, 2.8839 0.2255 -1.019, 2.8839 0.3299 -1.0341, 2.8839 0.2502 -0.9763, 2.8839 0.3491 -1.0127, 2.8839 0.2833 -0.9396, 2.8839 0.3724 -0.9958, 2.8839 0.3232 -0.9105, 2.8839 0.5791 -0.8764, 2.8839 0.5299 -0.7912, 2.8839 0.628 -0.8389, 2.8839 0.5532 -0.7743, 2.8839 0.5725 -0.7529, 2.8839 2.3705 -0.6719, 2.8839 2.4689 -0.6719, 2.8839 2.3785 -0.733, 2.8839 2.4719 -0.7005, 2.8839 2.4021 -0.79, 2.8839 2.4808 -0.7279, 2.8839 2.4952 -0.7529, 2.8839 2.4397 -0.8389, 2.8839 2.5145 -0.7743, 2.8839 2.4886 -0.8764, 2.8839 2.5378 -0.7912, 2.8839 2.6953 -0.9958, 2.8839 2.7445 -0.9105, 2.8839 2.7186 -1.0127, 2.8839 2.7844 -0.9396, 2.8839 2.7378 -1.0341, 2.8839 2.8175 -0.9763, 2.8839 2.7523 -1.0591, 2.8839 2.8422 -1.019, 2.8839 2.7612 -1.0864, 2.8839 2.8574 -1.066, 2.8839 2.7642 -1.1151, 2.8839 2.8626 -1.1151, 2.8839 2.7642 -2.3254, 2.8839 2.8626 -2.3254, -1.8406 0.5988 -0.6719, -1.8406 0.6972 -0.6719, -1.8406 0.5958 -0.7005, -1.8406 0.6921 -0.721, -1.8406 0.5869 -0.7279, -1.8406 0.6768 -0.7679, -1.8406 0.5725 -0.7529, -1.8406 0.6521 -0.8107, -1.8406 0.5532 -0.7743, -1.8406 0.6191 -0.8474, -1.8406 0.5299 -0.7912, -1.8406 0.5791 -0.8764, -1.8406 0.3232 -0.9105, -1.8406 0.3724 -0.9958, -1.8406 0.2833 -0.9396, -1.8406 0.3491 -1.0127, -1.8406 0.2502 -0.9763, -1.8406 0.3299 -1.0341, -1.8406 0.2255 -1.019, -1.8406 0.3154 -1.0591, -1.8406 0.2103 -1.066, -1.8406 0.3065 -1.0864, -1.8406 0.2051 -1.1151, -1.8406 0.3035 -1.1151, -1.8406 0.2051 -2.3254, -1.8406 0.3035 -2.3254, -1.8406 2.8626 -2.3254, -1.8406 2.7642 -2.3254, -1.8406 2.8626 -1.1151, -1.8406 2.7642 -1.1151, -1.8406 2.8574 -1.066, -1.8406 2.7612 -1.0864, -1.8406 2.8422 -1.019, -1.8406 2.7523 -1.0591, -1.8406 2.8175 -0.9763, -1.8406 2.7378 -1.0341, -1.8406 2.7844 -0.9396, -1.8406 2.7186 -1.0127, -1.8406 2.7445 -0.9105, -1.8406 2.6953 -0.9958, -1.8406 2.5378 -0.7912, -1.8406 2.4886 -0.8764, -1.8406 2.5145 -0.7743, -1.8406 2.4486 -0.8474, -1.8406 2.4952 -0.7529, -1.8406 2.4156 -0.8107, -1.8406 2.4808 -0.7279, -1.8406 2.3909 -0.7679, -1.8406 2.4719 -0.7005, -1.8406 2.3756 -0.721, -1.8406 2.4689 -0.6719, -1.8406 2.3705 -0.6719, -2.628 0.5988 -0.6719, -2.628 0.6972 -0.6719, -2.628 0.5958 -0.7005, -2.628 0.6921 -0.721, -2.628 0.5869 -0.7279, -2.628 0.6768 -0.7679, -2.628 0.5725 -0.7529, -2.628 0.6521 -0.8107, -2.628 0.5532 -0.7743, -2.628 0.6191 -0.8474, -2.628 0.5299 -0.7912, -2.628 0.5791 -0.8764, -2.628 0.3232 -0.9105, -2.628 0.3724 -0.9958, -2.628 0.2833 -0.9396, -2.628 0.3491 -1.0127, -2.628 0.2502 -0.9763, -2.628 0.3299 -1.0341, -2.628 0.2255 -1.019, -2.628 0.3154 -1.0591, -2.628 0.2103 -1.066, -2.628 0.3065 -1.0864, -2.628 0.2051 -1.1151, -2.628 0.3035 -1.1151, -2.628 0.2051 -2.3254, -2.628 0.3035 -2.3254, -2.628 2.8626 -2.3254, -2.628 2.7642 -2.3254, -2.628 2.8626 -1.1151, -2.628 2.7642 -1.1151, -2.628 2.8574 -1.066, -2.628 2.7612 -1.0864, -2.628 2.8422 -1.019, -2.628 2.7523 -1.0591, -2.628 2.8175 -0.9763, -2.628 2.7378 -1.0341, -2.628 2.7844 -0.9396, -2.628 2.7186 -1.0127, -2.628 2.7445 -0.9105, -2.628 2.6953 -0.9958, -2.628 2.5378 -0.7912, -2.628 2.4886 -0.8764, -2.628 2.5145 -0.7743, -2.628 2.4486 -0.8474, -2.628 2.4952 -0.7529, -2.628 2.4156 -0.8107, -2.628 2.4808 -0.7279, -2.628 2.3909 -0.7679, -2.628 2.4719 -0.7005, -2.628 2.3756 -0.721, -2.628 2.4689 -0.6719, -2.628 2.3705 -0.6719, -3.4154 0.5988 -0.6719, -3.4154 0.6972 -0.6719, -3.4154 0.5958 -0.7005, -3.4154 0.6892 -0.733, -3.4154 0.5869 -0.7279, -3.4154 0.6656 -0.79, -3.4154 0.3035 -2.3254, -3.4154 0.2051 -2.3254, -3.4154 0.3035 -1.1151, -3.4154 0.2051 -1.1151, -3.4154 0.3065 -1.0864, -3.4154 0.2103 -1.066, -3.4154 0.3154 -1.0591, -3.4154 0.2255 -1.019, -3.4154 0.3299 -1.0341, -3.4154 0.2502 -0.9763, -3.4154 0.3491 -1.0127, -3.4154 0.2833 -0.9396, -3.4154 0.3724 -0.9958, -3.4154 0.3232 -0.9105, -3.4154 0.5791 -0.8764, -3.4154 0.5299 -0.7912, -3.4154 0.628 -0.8389, -3.4154 0.5532 -0.7743, -3.4154 0.5725 -0.7529, -3.4154 2.3705 -0.6719, -3.4154 2.4689 -0.6719, -3.4154 2.3785 -0.733, -3.4154 2.4719 -0.7005, -3.4154 2.4021 -0.79, -3.4154 2.4808 -0.7279, -3.4154 2.4952 -0.7529, -3.4154 2.4397 -0.8389, -3.4154 2.5145 -0.7743, -3.4154 2.4886 -0.8764, -3.4154 2.5378 -0.7912, -3.4154 2.6953 -0.9958, -3.4154 2.7445 -0.9105, -3.4154 2.7186 -1.0127, -3.4154 2.7844 -0.9396, -3.4154 2.7378 -1.0341, -3.4154 2.8175 -0.9763, -3.4154 2.7523 -1.0591, -3.4154 2.8422 -1.019, -3.4154 2.7612 -1.0864, -3.4154 2.8574 -1.066, -3.4154 2.7642 -1.1151, -3.4154 2.8626 -1.1151, -3.4154 2.7642 -2.3254, -3.4154 2.8626 -2.3254, -4.2028 0.5988 -0.6719, -4.2028 0.6972 -0.6719, -4.2028 0.5958 -0.7005, -4.2028 0.6892 -0.733, -4.2028 0.5869 -0.7279, -4.2028 0.6656 -0.79, -4.2028 0.3035 -2.3254, -4.2028 0.2051 -2.3254, -4.2028 0.3035 -1.1151, -4.2028 0.2051 -1.1151, -4.2028 0.3065 -1.0864, -4.2028 0.2103 -1.066, -4.2028 0.3154 -1.0591, -4.2028 0.2255 -1.019, -4.2028 0.3299 -1.0341, -4.2028 0.2502 -0.9763, -4.2028 0.3491 -1.0127, -4.2028 0.2833 -0.9396, -4.2028 0.3724 -0.9958, -4.2028 0.3232 -0.9105, -4.2028 0.5791 -0.8764, -4.2028 0.5299 -0.7912, -4.2028 0.628 -0.8389, -4.2028 0.5532 -0.7743, -4.2028 0.5725 -0.7529, -4.2028 2.3705 -0.6719, -4.2028 2.4689 -0.6719, -4.2028 2.3785 -0.733, -4.2028 2.4719 -0.7005, -4.2028 2.4021 -0.79, -4.2028 2.4808 -0.7279, -4.2028 2.4952 -0.7529, -4.2028 2.4397 -0.8389, -4.2028 2.5145 -0.7743, -4.2028 2.4886 -0.8764, -4.2028 2.5378 -0.7912, -4.2028 2.6953 -0.9958, -4.2028 2.7445 -0.9105, -4.2028 2.7186 -1.0127, -4.2028 2.7844 -0.9396, -4.2028 2.7378 -1.0341, -4.2028 2.8175 -0.9763, -4.2028 2.7523 -1.0591, -4.2028 2.8422 -1.019, -4.2028 2.7612 -1.0864, -4.2028 2.8574 -1.066, -4.2028 2.7642 -1.1151, -4.2028 2.8626 -1.1151, -4.2028 2.7642 -2.3254, -4.2028 2.8626 -2.3254, -1.4469 0.5988 -0.6719, -1.4469 0.6972 -0.6719, -1.4469 0.6069 -0.733, -1.4469 0.7019 -0.7075, -1.4469 0.6305 -0.79, -1.4469 0.7157 -0.7408, -1.4469 0.668 -0.8389, -1.4469 0.7376 -0.7693, -1.4469 0.7169 -0.8764, -1.4469 0.7661 -0.7912, -1.4469 0.9236 -0.9958, -1.4469 0.9728 -0.9105, -1.4469 0.9522 -1.0177, -1.4469 1.0217 -0.9481, -1.4469 0.9741 -1.0462, -1.4469 1.0593 -0.997, -1.4469 0.9878 -1.0794, -1.4469 1.0829 -1.054, -1.4469 0.9925 -1.1151, -1.4469 1.0909 -1.1151, -1.4469 0.9925 -2.3254, -1.4469 1.0909 -2.3254, -1.4469 2.0752 -2.3254, -1.4469 1.9768 -2.3254, -1.4469 2.0752 -1.1151, -1.4469 1.9768 -1.1151, -1.4469 2.0799 -1.0794, -1.4469 1.9848 -1.054, -1.4469 2.0937 -1.0462, -1.4469 2.0084 -0.997, -1.4469 2.1155 -1.0177, -1.4469 2.046 -0.9481, -1.4469 2.1441 -0.9958, -1.4469 2.0949 -0.9105, -1.4469 2.3508 -0.8764, -1.4469 2.3016 -0.7912, -1.4469 2.3997 -0.8389, -1.4469 2.3301 -0.7693, -1.4469 2.4372 -0.79, -1.4469 2.352 -0.7408, -1.4469 2.4608 -0.733, -1.4469 2.3658 -0.7075, -1.4469 2.4689 -0.6719, -1.4469 2.3705 -0.6719, -2.2343 0.5988 -0.6719, -2.2343 0.6972 -0.6719, -2.2343 0.6069 -0.733, -2.2343 0.7019 -0.7075, -2.2343 0.6305 -0.79, -2.2343 0.7157 -0.7408, -2.2343 0.668 -0.8389, -2.2343 0.7376 -0.7693, -2.2343 0.7169 -0.8764, -2.2343 0.7661 -0.7912, -2.2343 0.9236 -0.9958, -2.2343 0.9728 -0.9105, -2.2343 0.9522 -1.0177, -2.2343 1.0217 -0.9481, -2.2343 0.9741 -1.0462, -2.2343 1.0593 -0.997, -2.2343 0.9878 -1.0794, -2.2343 1.0829 -1.054, -2.2343 0.9925 -1.1151, -2.2343 1.0909 -1.1151, -2.2343 0.9925 -2.3254, -2.2343 1.0909 -2.3254, -2.2343 2.0752 -2.3254, -2.2343 1.9768 -2.3254, -2.2343 2.0752 -1.1151, -2.2343 1.9768 -1.1151, -2.2343 2.0799 -1.0794, -2.2343 1.9848 -1.054, -2.2343 2.0937 -1.0462, -2.2343 2.0084 -0.997, -2.2343 2.1155 -1.0177, -2.2343 2.046 -0.9481, -2.2343 2.1441 -0.9958, -2.2343 2.0949 -0.9105, -2.2343 2.3508 -0.8764, -2.2343 2.3016 -0.7912, -2.2343 2.3997 -0.8389, -2.2343 2.3301 -0.7693, -2.2343 2.4372 -0.79, -2.2343 2.352 -0.7408, -2.2343 2.4608 -0.733, -2.2343 2.3658 -0.7075, -2.2343 2.4689 -0.6719, -2.2343 2.3705 -0.6719, -3.0217 0.5988 -0.6719, -3.0217 0.6972 -0.6719, -3.0217 0.6069 -0.733, -3.0217 0.7019 -0.7075, -3.0217 0.6305 -0.79, -3.0217 0.7157 -0.7408, -3.0217 0.668 -0.8389, -3.0217 0.7376 -0.7693, -3.0217 0.7169 -0.8764, -3.0217 0.7661 -0.7912, -3.0217 0.9236 -0.9958, -3.0217 0.9728 -0.9105, -3.0217 0.9522 -1.0177, -3.0217 1.0217 -0.9481, -3.0217 0.9741 -1.0462, -3.0217 1.0593 -0.997, -3.0217 0.9878 -1.0794, -3.0217 1.0829 -1.054, -3.0217 0.9925 -1.1151, -3.0217 1.0909 -1.1151, -3.0217 0.9925 -2.3254, -3.0217 1.0909 -2.3254, -3.0217 2.0752 -2.3254, -3.0217 1.9768 -2.3254, -3.0217 2.0752 -1.1151, -3.0217 1.9768 -1.1151, -3.0217 2.0799 -1.0794, -3.0217 1.9848 -1.054, -3.0217 2.0937 -1.0462, -3.0217 2.0084 -0.997, -3.0217 2.1155 -1.0177, -3.0217 2.046 -0.9481, -3.0217 2.1441 -0.9958, -3.0217 2.0949 -0.9105, -3.0217 2.3508 -0.8764, -3.0217 2.3016 -0.7912, -3.0217 2.3997 -0.8389, -3.0217 2.3301 -0.7693, -3.0217 2.4372 -0.79, -3.0217 2.352 -0.7408, -3.0217 2.4608 -0.733, -3.0217 2.3658 -0.7075, -3.0217 2.4689 -0.6719, -3.0217 2.3705 -0.6719, -3.8091 0.5988 -0.6719, -3.8091 0.6972 -0.6719, -3.8091 0.6069 -0.733, -3.8091 0.7019 -0.7075, -3.8091 0.6305 -0.79, -3.8091 0.7157 -0.7408, -3.8091 0.668 -0.8389, -3.8091 0.7376 -0.7693, -3.8091 0.7169 -0.8764, -3.8091 0.7661 -0.7912, -3.8091 0.9236 -0.9958, -3.8091 0.9728 -0.9105, -3.8091 0.9522 -1.0177, -3.8091 1.0217 -0.9481, -3.8091 0.9741 -1.0462, -3.8091 1.0593 -0.997, -3.8091 0.9878 -1.0794, -3.8091 1.0829 -1.054, -3.8091 0.9925 -1.1151, -3.8091 1.0909 -1.1151, -3.8091 0.9925 -2.3254, -3.8091 1.0909 -2.3254, -3.8091 2.0752 -2.3254, -3.8091 1.9768 -2.3254, -3.8091 2.0752 -1.1151, -3.8091 1.9768 -1.1151, -3.8091 2.0799 -1.0794, -3.8091 1.9848 -1.054, -3.8091 2.0937 -1.0462, -3.8091 2.0084 -0.997, -3.8091 2.1155 -1.0177, -3.8091 2.046 -0.9481, -3.8091 2.1441 -0.9958, -3.8091 2.0949 -0.9105, -3.8091 2.3508 -0.8764, -3.8091 2.3016 -0.7912, -3.8091 2.3997 -0.8389, -3.8091 2.3301 -0.7693, -3.8091 2.4372 -0.79, -3.8091 2.352 -0.7408, -3.8091 2.4608 -0.733, -3.8091 2.3658 -0.7075, -3.8091 2.4689 -0.6719, -3.8091 2.3705 -0.6719, -4.5965 0.5988 -0.6719, -4.5965 0.6972 -0.6719, -4.5965 0.6069 -0.733, -4.5965 0.7019 -0.7075, -4.5965 0.6305 -0.79, -4.5965 0.7157 -0.7408, -4.5965 0.668 -0.8389, -4.5965 0.7376 -0.7693, -4.5965 0.7169 -0.8764, -4.5965 0.7661 -0.7912, -4.5965 0.9236 -0.9958, -4.5965 0.9728 -0.9105, -4.5965 0.9522 -1.0177, -4.5965 1.0217 -0.9481, -4.5965 0.9741 -1.0462, -4.5965 1.0593 -0.997, -4.5965 0.9878 -1.0794, -4.5965 1.0829 -1.054, -4.5965 0.9925 -1.1151, -4.5965 1.0909 -1.1151, -4.5965 0.9925 -2.3254, -4.5965 1.0909 -2.3254, -4.5965 2.0752 -2.3254, -4.5965 1.9768 -2.3254, -4.5965 2.0752 -1.1151, -4.5965 1.9768 -1.1151, -4.5965 2.0799 -1.0794, -4.5965 1.9848 -1.054, -4.5965 2.0937 -1.0462, -4.5965 2.0084 -0.997, -4.5965 2.1155 -1.0177, -4.5965 2.046 -0.9481, -4.5965 2.1441 -0.9958, -4.5965 2.0949 -0.9105, -4.5965 2.3508 -0.8764, -4.5965 2.3016 -0.7912, -4.5965 2.3997 -0.8389, -4.5965 2.3301 -0.7693, -4.5965 2.4372 -0.79, -4.5965 2.352 -0.7408, -4.5965 2.4608 -0.733, -4.5965 2.3658 -0.7075, -4.5965 2.4689 -0.6719, -4.5965 2.3705 -0.6719, -4.5965 2.3705 -0.6719
            ]
        }
        coordIndex [
            0,1,2,-1,2,1,3,-1,2,3,4,-1,4,3,5,-1,4,5,6,-1,6,5,7,-1,6,7,8,-1,8,7,9,-1,8,9,10,-1,10,9,11,-1,10,11,12,-1,12,11,13,-1,12,13,14,-1,14,13,15,-1,14,15,16,-1,16,15,17,-1,16,17,18,-1,18,17,19,-1,18,19,20,-1,20,19,21,-1,22,23,24,-1,24,23,25,-1,24,25,26,-1,26,25,27,-1,26,27,28,-1,28,27,29,-1,28,29,30,-1,30,29,31,-1,30,31,32,-1,32,31,33,-1,32,33,34,-1,34,33,35,-1,34,35,36,-1,36,35,37,-1,36,37,38,-1,38,37,39,-1,38,39,40,-1,40,39,41,-1,40,41,42,-1,42,41,43,-1,44,45,46,-1,46,45,47,-1,46,47,48,-1,48,47,49,-1,48,49,50,-1,50,49,51,-1,50,51,52,-1,52,51,53,-1,52,53,54,-1,54,53,55,-1,54,55,56,-1,56,55,57,-1,56,57,58,-1,58,57,59,-1,58,59,60,-1,60,59,61,-1,60,61,62,-1,62,61,63,-1,62,63,64,-1,64,63,65,-1,64,65,66,-1,66,65,67,-1,66,67,68,-1,68,67,69,-1,70,71,72,-1,72,71,73,-1,72,73,74,-1,74,73,75,-1,74,75,76,-1,76,75,77,-1,76,77,78,-1,78,77,79,-1,78,79,80,-1,80,79,81,-1,80,81,82,-1,82,81,83,-1,82,83,84,-1,84,83,85,-1,84,85,86,-1,86,85,87,-1,86,87,88,-1,88,87,89,-1,88,89,90,-1,90,89,91,-1,90,91,92,-1,92,91,93,-1,92,93,94,-1,94,93,95,-1,96,97,98,-1,98,97,99,-1,98,99,100,-1,100,99,101,-1,100,101,102,-1,102,101,103,-1,102,103,104,-1,104,103,105,-1,104,105,106,-1,106,105,107,-1,106,107,108,-1,108,107,109,-1,108,109,110,-1,110,109,111,-1,110,111,112,-1,112,111,113,-1,112,113,114,-1,114,113,115,-1,114,115,116,-1,116,115,117,-1,118,119,120,-1,120,119,121,-1,120,121,122,-1,122,121,123,-1,122,123,124,-1,124,123,125,-1,124,125,126,-1,126,125,127,-1,126,127,128,-1,128,127,129,-1,128,129,130,-1,130,129,131,-1,130,131,132,-1,132,131,133,-1,132,133,134,-1,134,133,135,-1,134,135,136,-1,136,135,137,-1,136,137,138,-1,138,137,139,-1,140,141,142,-1,142,141,143,-1,142,143,144,-1,144,143,145,-1,144,145,146,-1,146,145,147,-1,146,147,148,-1,148,147,149,-1,148,149,150,-1,150,149,151,-1,150,151,152,-1,152,151,153,-1,152,153,154,-1,154,153,155,-1,154,155,156,-1,156,155,157,-1,156,157,158,-1,158,157,159,-1,158,159,160,-1,160,159,161,-1,162,163,164,-1,164,163,165,-1,164,165,166,-1,166,165,167,-1,166,167,168,-1,168,167,169,-1,168,169,170,-1,170,169,171,-1,170,171,172,-1,172,171,173,-1,172,173,174,-1,174,173,175,-1,174,175,176,-1,176,175,177,-1,176,177,178,-1,178,177,179,-1,178,179,180,-1,180,179,181,-1,180,181,182,-1,182,181,183,-1,184,185,186,-1,186,185,187,-1,186,187,188,-1,188,187,189,-1,188,189,190,-1,190,189,191,-1,190,191,192,-1,192,191,193,-1,192,193,194,-1,194,193,195,-1,194,195,196,-1,196,195,197,-1,196,197,198,-1,198,197,199,-1,198,199,200,-1,200,199,201,-1,200,201,202,-1,202,201,203,-1,202,203,204,-1,204,203,205,-1,206,207,208,-1,208,207,209,-1,208,209,210,-1,210,209,211,-1,210,211,212,-1,212,211,213,-1,212,213,214,-1,214,213,215,-1,214,215,216,-1,216,215,217,-1,216,217,218,-1,218,217,219,-1,218,219,220,-1,220,219,221,-1,220,221,222,-1,222,221,223,-1,222,223,224,-1,224,223,225,-1,224,225,226,-1,226,225,227,-1,228,229,230,-1,230,229,231,-1,230,231,232,-1,232,231,233,-1,232,233,234,-1,234,233,235,-1,234,235,236,-1,236,235,237,-1,236,237,238,-1,238,237,239,-1,238,239,240,-1,240,239,241,-1,240,241,242,-1,242,241,243,-1,242,243,244,-1,244,243,245,-1,244,245,246,-1,246,245,247,-1,246,247,248,-1,248,247,249,-1,248,249,250,-1,250,249,251,-1,250,251,252,-1,252,251,253,-1,254,255,256,-1,256,255,257,-1,256,257,258,-1,258,257,259,-1,258,259,260,-1,260,259,261,-1,260,261,262,-1,262,261,263,-1,262,263,264,-1,264,263,265,-1,264,265,266,-1,266,265,267,-1,266,267,268,-1,268,267,269,-1,268,269,270,-1,270,269,271,-1,270,271,272,-1,272,271,273,-1,272,273,274,-1,274,273,275,-1,274,275,276,-1,276,275,277,-1,276,277,278,-1,278,277,279,-1,280,281,282,-1,282,281,283,-1,282,283,284,-1,284,283,285,-1,284,285,286,-1,286,285,287,-1,286,287,288,-1,288,287,289,-1,288,289,290,-1,290,289,291,-1,290,291,292,-1,292,291,293,-1,292,293,294,-1,294,293,295,-1,294,295,296,-1,296,295,297,-1,296,297,298,-1,298,297,299,-1,298,299,300,-1,300,299,301,-1,300,301,302,-1,302,301,303,-1,302,303,304,-1,304,303,305,-1,306,307,308,-1,308,307,309,-1,308,309,310,-1,310,309,311,-1,310,311,312,-1,312,311,313,-1,312,313,314,-1,314,313,315,-1,314,315,316,-1,316,315,317,-1,316,317,318,-1,318,317,319,-1,318,319,320,-1,320,319,321,-1,320,321,322,-1,322,321,323,-1,322,323,324,-1,324,323,325,-1,324,325,326,-1,326,325,327,-1,326,327,328,-1,328,327,329,-1,328,329,330,-1,330,329,331,-1,332,333,334,-1,334,333,335,-1,334,335,336,-1,336,335,337,-1,338,339,340,-1,340,339,341,-1,340,341,342,-1,342,341,343,-1,342,343,344,-1,344,343,345,-1,344,345,346,-1,346,345,347,-1,346,347,348,-1,348,347,349,-1,348,349,350,-1,350,349,351,-1,350,351,352,-1,352,351,353,-1,352,353,354,-1,354,353,355,-1,354,355,337,-1,337,355,356,-1,337,356,336,-1,357,358,359,-1,359,358,360,-1,359,360,361,-1,360,362,361,-1,361,362,363,-1,361,363,364,-1,364,363,365,-1,364,365,366,-1,366,365,367,-1,366,367,368,-1,368,367,369,-1,368,369,370,-1,370,369,371,-1,370,371,372,-1,372,371,373,-1,372,373,374,-1,374,373,375,-1,374,375,376,-1,376,375,377,-1,376,377,378,-1,378,377,379,-1,378,379,380,-1,380,379,381,-1,382,383,384,-1,384,383,385,-1,384,385,386,-1,386,385,387,-1,388,389,390,-1,390,389,391,-1,390,391,392,-1,392,391,393,-1,392,393,394,-1,394,393,395,-1,394,395,396,-1,396,395,397,-1,396,397,398,-1,398,397,399,-1,398,399,400,-1,400,399,401,-1,400,401,402,-1,402,401,403,-1,402,403,404,-1,404,403,405,-1,404,405,387,-1,387,405,406,-1,387,406,386,-1,407,408,409,-1,409,408,410,-1,409,410,411,-1,410,412,411,-1,411,412,413,-1,411,413,414,-1,414,413,415,-1,414,415,416,-1,416,415,417,-1,416,417,418,-1,418,417,419,-1,418,419,420,-1,420,419,421,-1,420,421,422,-1,422,421,423,-1,422,423,424,-1,424,423,425,-1,424,425,426,-1,426,425,427,-1,426,427,428,-1,428,427,429,-1,428,429,430,-1,430,429,431,-1,432,433,434,-1,434,433,435,-1,434,435,436,-1,436,435,437,-1,436,437,438,-1,438,437,439,-1,438,439,440,-1,440,439,441,-1,440,441,442,-1,442,441,443,-1,442,443,444,-1,444,443,445,-1,444,445,446,-1,446,445,447,-1,446,447,448,-1,448,447,449,-1,448,449,450,-1,450,449,451,-1,450,451,452,-1,452,451,453,-1,452,453,454,-1,454,453,455,-1,454,455,456,-1,456,455,457,-1,458,459,460,-1,460,459,461,-1,460,461,462,-1,462,461,463,-1,462,463,464,-1,464,463,465,-1,464,465,466,-1,466,465,467,-1,466,467,468,-1,468,467,469,-1,468,469,470,-1,470,469,471,-1,470,471,472,-1,472,471,473,-1,472,473,474,-1,474,473,475,-1,474,475,476,-1,476,475,477,-1,476,477,478,-1,478,477,479,-1,478,479,480,-1,480,479,481,-1,480,481,482,-1,482,481,483,-1,484,485,486,-1,486,485,487,-1,486,487,488,-1,488,487,489,-1,488,489,490,-1,490,489,491,-1,490,491,492,-1,492,491,493,-1,492,493,494,-1,494,493,495,-1,494,495,496,-1,496,495,497,-1,496,497,498,-1,498,497,499,-1,498,499,500,-1,500,499,501,-1,500,501,502,-1,502,501,503,-1,502,503,504,-1,504,503,505,-1,504,505,506,-1,506,505,507,-1,506,507,508,-1,508,507,509,-1,510,511,512,-1,512,511,513,-1,512,513,514,-1,514,513,515,-1,514,515,516,-1,516,515,517,-1,516,517,518,-1,518,517,519,-1,518,519,520,-1,520,519,521,-1,520,521,522,-1,522,521,523,-1,522,523,524,-1,524,523,525,-1,524,525,526,-1,526,525,527,-1,526,527,528,-1,528,527,529,-1,528,529,530,-1,530,529,531,-1,530,531,532,-1,532,531,533,-1,532,533,534,-1,534,533,535,-1,536,537,538,-1,538,537,539,-1,538,539,540,-1,540,539,541,-1,542,543,544,-1,544,543,545,-1,544,545,546,-1,546,545,547,-1,546,547,548,-1,548,547,549,-1,548,549,550,-1,550,549,551,-1,550,551,552,-1,552,551,553,-1,552,553,554,-1,554,553,555,-1,554,555,556,-1,556,555,557,-1,556,557,558,-1,558,557,559,-1,558,559,541,-1,541,559,560,-1,541,560,540,-1,561,562,563,-1,563,562,564,-1,563,564,565,-1,564,566,565,-1,565,566,567,-1,565,567,568,-1,568,567,569,-1,568,569,570,-1,570,569,571,-1,570,571,572,-1,572,571,573,-1,572,573,574,-1,574,573,575,-1,574,575,576,-1,576,575,577,-1,576,577,578,-1,578,577,579,-1,578,579,580,-1,580,579,581,-1,580,581,582,-1,582,581,583,-1,582,583,584,-1,584,583,585,-1,586,587,588,-1,588,587,589,-1,588,589,590,-1,590,589,591,-1,592,593,594,-1,594,593,595,-1,594,595,596,-1,596,595,597,-1,596,597,598,-1,598,597,599,-1,598,599,600,-1,600,599,601,-1,600,601,602,-1,602,601,603,-1,602,603,604,-1,604,603,605,-1,604,605,606,-1,606,605,607,-1,606,607,608,-1,608,607,609,-1,608,609,591,-1,591,609,610,-1,591,610,590,-1,611,612,613,-1,613,612,614,-1,613,614,615,-1,614,616,615,-1,615,616,617,-1,615,617,618,-1,618,617,619,-1,618,619,620,-1,620,619,621,-1,620,621,622,-1,622,621,623,-1,622,623,624,-1,624,623,625,-1,624,625,626,-1,626,625,627,-1,626,627,628,-1,628,627,629,-1,628,629,630,-1,630,629,631,-1,630,631,632,-1,632,631,633,-1,632,633,634,-1,634,633,635,-1,636,637,638,-1,638,637,639,-1,638,639,640,-1,640,639,641,-1,640,641,642,-1,642,641,643,-1,642,643,644,-1,644,643,645,-1,644,645,646,-1,646,645,647,-1,646,647,648,-1,648,647,649,-1,648,649,650,-1,650,649,651,-1,650,651,652,-1,652,651,653,-1,652,653,654,-1,654,653,655,-1,654,655,656,-1,656,655,657,-1,658,659,660,-1,660,659,661,-1,660,661,662,-1,662,661,663,-1,662,663,664,-1,664,663,665,-1,664,665,666,-1,666,665,667,-1,666,667,668,-1,668,667,669,-1,668,669,670,-1,670,669,671,-1,670,671,672,-1,672,671,673,-1,672,673,674,-1,674,673,675,-1,674,675,676,-1,676,675,677,-1,676,677,678,-1,678,677,679,-1,680,681,682,-1,682,681,683,-1,682,683,684,-1,684,683,685,-1,684,685,686,-1,686,685,687,-1,686,687,688,-1,688,687,689,-1,688,689,690,-1,690,689,691,-1,690,691,692,-1,692,691,693,-1,692,693,694,-1,694,693,695,-1,694,695,696,-1,696,695,697,-1,696,697,698,-1,698,697,699,-1,698,699,700,-1,700,699,701,-1,702,703,704,-1,704,703,705,-1,704,705,706,-1,706,705,707,-1,706,707,708,-1,708,707,709,-1,708,709,710,-1,710,709,711,-1,710,711,712,-1,712,711,713,-1,712,713,714,-1,714,713,715,-1,714,715,716,-1,716,715,717,-1,716,717,718,-1,718,717,719,-1,718,719,720,-1,720,719,721,-1,720,721,722,-1,722,721,723,-1,724,725,726,-1,726,725,727,-1,726,727,728,-1,728,727,729,-1,728,729,730,-1,730,729,731,-1,730,731,732,-1,732,731,733,-1,732,733,734,-1,734,733,735,-1,734,735,736,-1,736,735,737,-1,736,737,738,-1,738,737,739,-1,738,739,740,-1,740,739,741,-1,740,741,742,-1,742,741,743,-1,742,743,744,-1,744,743,745,-1,746,747,748,-1,748,747,749,-1,748,749,750,-1,750,749,751,-1,750,751,752,-1,752,751,753,-1,752,753,754,-1,754,753,755,-1,754,755,756,-1,756,755,757,-1,756,757,758,-1,758,757,759,-1,758,759,760,-1,760,759,761,-1,760,761,762,-1,762,761,763,-1,762,763,764,-1,764,763,765,-1,764,765,766,-1,766,765,767,-1,768,769,770,-1,770,769,771,-1,770,771,772,-1,772,771,773,-1,772,773,774,-1,774,773,775,-1,774,775,776,-1,776,775,777,-1,776,777,778,-1,778,777,779,-1,778,779,780,-1,780,779,781,-1,780,781,782,-1,782,781,783,-1,782,783,784,-1,784,783,785,-1,784,785,786,-1,786,785,787,-1,786,787,788,-1,788,787,789,-1,790,791,792,-1,792,791,793,-1,792,793,794,-1,794,793,795,-1,794,795,796,-1,796,795,797,-1,796,797,798,-1,798,797,799,-1,798,799,800,-1,800,799,801,-1,800,801,802,-1,802,801,803,-1,802,803,804,-1,804,803,805,-1,804,805,806,-1,806,805,807,-1,806,807,808,-1,808,807,809,-1,808,809,810,-1,810,809,811,-1,812,813,814,-1,814,813,815,-1,814,815,816,-1,816,815,817,-1,816,817,818,-1,818,817,819,-1,818,819,820,-1,820,819,821,-1,820,821,822,-1,822,821,823,-1,822,823,824,-1,824,823,825,-1,824,825,826,-1,826,825,827,-1,826,827,828,-1,828,827,829,-1,828,829,830,-1,830,829,831,-1,830,831,832,-1,832,831,833,-1,834,835,836,-1,836,835,837,-1,836,837,838,-1,838,837,839,-1,838,839,840,-1,840,839,841,-1,840,841,842,-1,842,841,843,-1,842,843,844,-1,844,843,845,-1,844,845,846,-1,846,845,847,-1,846,847,848,-1,848,847,849,-1,848,849,850,-1,850,849,851,-1,850,851,852,-1,852,851,853,-1,852,853,854,-1,854,853,855,-1,
        ]
    }
}
Shape{
    appearance Appearance {
        material  Material 	{
            diffuseColor 0.25098039215686274 0.25098039215686274 0.25098039215686274
            specularColor 0.12549019607843137 0.12549019607843137 0.12549019607843137
            ambientIntensity 0.2
            transparency 0
            shininess 0.5
        }
    }
    geometry IndexedFaceSet {
        ccw TRUE
        solid FALSE
        coord DEF co Coordinate {
            point [
                3.3972 1.3813 -2.7978, 3.3667 1.4549 -2.7978, 3.6614 1.5339 -2.7978, 3.3563 1.5339 -2.7978, 3.3667 1.6128 -2.7978, 3.5824 1.2391 -2.7978, 3.5089 1.2696 -2.7978, 3.4457 1.3181 -2.7978, 3.814 1.2696 -2.7978, 3.7404 1.2391 -2.7978, 3.6614 1.2287 -2.7978, 3.9561 1.4549 -2.7978, 3.9257 1.3813 -2.7978, 3.8772 1.3181 -2.7978, 3.9257 1.6864 -2.7978, 3.9561 1.6128 -2.7978, 3.9665 1.5339 -2.7978, 3.7404 1.8286 -2.7978, 3.814 1.7981 -2.7978, 3.8772 1.7496 -2.7978, 3.5089 1.7981 -2.7978, 3.5824 1.8286 -2.7978, 3.6614 1.839 -2.7978, 3.3972 1.6864 -2.7978, 3.4457 1.7496 -2.7978, 0.5906 0.0772 3.3242, 0.5906 -0.474 2.2415, 2.1654 0.0772 3.3242, 2.1654 -0.474 2.2415, -1.5748 0.0772 3.3242, -1.5748 -0.474 2.2415, 0.0 0.0772 3.3242, -0.0 -0.474 2.2415, -3.7402 0.0772 3.3242, -3.7402 -0.474 2.2415, -2.1654 0.0772 3.3242, -2.1654 -0.474 2.2415, -5.1535 2.0988 3.3242, -5.1535 0.9689 3.3242, -4.937 1.8823 3.1077, -4.937 1.1854 3.1077, -0.1339 0.9689 3.3242, -0.3504 1.1854 3.1077, -0.1339 2.0988 3.3242, -0.3504 1.8823 3.1077, 0.1929 2.0398 3.3242, 0.1929 1.0279 3.3242, 0.3504 1.8823 3.1667, 0.3504 1.1854 3.1667, 3.5197 1.0279 3.3242, 3.3622 1.1854 3.1667, 2.7559 1.1854 3.1667, 2.3622 1.1854 3.1667, 1.9685 1.1854 3.1667, 1.5748 1.1854 3.1667, 1.1811 1.1854 3.1667, 0.7874 1.1854 3.1667, 0.436 1.1854 3.1667, 3.5197 2.0398 3.3242, 3.3622 1.8823 3.1667, 3.1919 1.8823 3.1667, 2.7559 1.8823 3.1667, 1.1811 1.8823 3.1667, 0.7874 1.8823 3.1667, 1.5748 1.8823 3.1667, 1.9685 1.8823 3.1667, 2.3622 1.8823 3.1667, -5.5448 0.0757 3.3214, -5.5118 0.0772 3.3242, -5.5118 2.7839 3.3242, -5.5912 2.7877 3.3075, -5.5684 0.0729 3.3159, -5.5585 2.7877 3.3173, -5.5448 2.7877 3.3214, -5.5118 2.7877 3.3242, -5.6015 2.7877 3.3014, -5.6328 0.056 3.2826, -5.5912 0.0686 3.3075, -5.6328 2.7877 3.2826, -5.6428 2.7877 3.2727, -5.6671 0.0385 3.2484, -5.6671 2.7877 3.2484, -5.6919 0.0174 3.2067, -5.6702 2.7877 3.2432, -5.6919 2.7877 3.2067, -5.7059 -0.0063 3.1603, -5.6935 2.7877 3.2017, -5.7062 2.7877 3.157, -5.7086 2.7877 3.1274, -5.7087 2.7839 3.1274, -5.7087 -0.0231 3.1274, -5.7059 2.7877 3.1603, -5.7087 -0.474 2.2415, -4.3307 -0.474 2.2415, -4.3307 0.0772 3.3242, 0.5906 -0.474 1.8675, 0.5906 0.087 1.8675, 2.1654 -0.474 1.8675, 2.1654 0.087 1.8675, 2.1654 0.087 3.3242, 2.7559 0.0772 3.3242, 2.7559 0.087 3.3242, 2.7559 -0.474 2.2415, 2.7559 0.087 1.8675, 2.7559 -0.474 1.8675, 4.1339 -0.474 1.8675, 4.1339 0.087 1.8675, -4.3307 0.087 1.8675, -4.3307 -0.474 1.8675, -5.7087 0.087 1.8675, -5.7087 -0.474 1.8675, -4.3307 0.087 3.3242, -3.7402 0.087 3.3242, -3.7402 0.087 1.8675, -3.7402 -0.474 1.8675, -2.1654 -0.474 1.8675, -2.1654 0.087 1.8675, -2.1654 0.087 3.3242, -1.5748 0.087 3.3242, -1.5748 0.087 1.8675, -1.5748 -0.474 1.8675, -0.0 -0.474 1.8675, 0.0 0.087 1.8675, -0.0 0.087 3.3242, 0.5906 0.087 3.3242, 3.937 0.0772 3.3242, 4.0568 0.0564 3.2835, 4.1339 -0.0231 3.1274, 4.0762 0.0478 3.2666, 4.1272 0.0029 3.1783, 4.1075 0.0271 3.2258, 4.0354 0.0637 3.2978, 4.0123 0.0695 3.3092, 3.988 0.0737 3.3175, 4.1339 -0.474 2.2415, 3.9627 0.0763 3.3225, 4.1243 2.7839 3.1853, 4.1272 2.7839 3.1783, 4.132 2.7839 3.1417, 4.1339 2.7839 3.1274, 4.1132 2.7839 3.212, 4.1075 2.7839 3.2258, 4.0999 2.7839 3.2357, 4.0762 2.7839 3.2666, 4.0699 2.7839 3.2714, 3.937 2.7839 3.3242, 3.9686 2.7839 3.32, 3.988 2.7839 3.3175, 4.0007 2.7839 3.3122, 4.0354 2.7839 3.2978, 4.0681 2.7839 3.2728, 3.4646 2.3213 -1.0656, 3.4646 2.9807 -1.0656, 4.1339 2.3213 -1.0656, 3.937 2.9807 -1.0656, 4.1339 2.7839 -1.0656, 3.988 2.974 -1.0656, 4.0354 2.9543 -1.0656, 4.0762 2.923 -1.0656, 4.1075 2.8823 -1.0656, 4.1272 2.8348 -1.0656, -5.0394 2.3213 -1.0656, -5.7087 2.3213 -1.0656, -5.0394 2.9807 -1.0656, -5.7087 2.7839 -1.0656, -5.5118 2.9807 -1.0656, -5.651 2.923 -1.0656, -5.6823 2.8823 -1.0656, -5.702 2.8348 -1.0656, -5.6102 2.9543 -1.0656, -5.5628 2.974 -1.0656, 4.1339 0.087 -1.0656, 3.4646 0.087 -1.0656, 4.1339 0.7464 -1.0656, 3.4646 0.7464 -1.0656, -5.7087 0.087 -1.0656, -5.7087 0.7464 -1.0656, -5.0394 0.087 -1.0656, -5.0394 0.7464 -1.0656, -0.1772 0.8646 -1.0262, 0.2953 0.8646 -1.0262, -0.1772 0.5496 -1.0262, 0.2953 0.5496 -1.0262, -0.1772 2.2031 -1.0262, -0.1772 2.5181 -1.0262, 0.2953 2.2031 -1.0262, 0.2953 2.5181 -1.0262, 0.2953 2.2031 2.8715, -0.1772 2.2031 2.8715, 0.2953 2.2031 -0.6719, -0.1772 2.2031 -0.6719, -0.1772 2.2031 -0.6719
            ]
        }
        coordIndex [
            0,1,2,-1,2,1,3,-1,2,3,4,-1,5,6,2,-1,2,6,7,-1,2,7,0,-1,8,9,2,-1,2,9,10,-1,2,10,5,-1,11,12,2,-1,2,12,13,-1,2,13,8,-1,14,15,2,-1,2,15,16,-1,2,16,11,-1,17,18,2,-1,2,18,19,-1,2,19,14,-1,20,21,2,-1,2,21,22,-1,2,22,17,-1,4,23,2,-1,2,23,24,-1,2,24,20,-1,25,26,27,-1,27,26,28,-1,29,30,31,-1,31,30,32,-1,33,34,35,-1,35,34,36,-1,37,38,39,-1,39,38,40,-1,38,41,40,-1,40,41,42,-1,41,43,42,-1,42,43,44,-1,43,37,44,-1,44,37,39,-1,45,46,47,-1,47,46,48,-1,49,50,51,-1,51,52,49,-1,49,52,53,-1,49,53,46,-1,46,53,54,-1,46,54,55,-1,55,56,46,-1,46,56,57,-1,46,57,48,-1,49,58,50,-1,50,58,59,-1,60,59,58,-1,60,58,61,-1,62,45,63,-1,63,45,47,-1,62,64,45,-1,45,64,65,-1,45,65,58,-1,58,65,66,-1,58,66,61,-1,67,68,69,-1,70,71,72,-1,72,71,67,-1,72,67,73,-1,73,67,69,-1,73,69,74,-1,75,76,70,-1,70,76,77,-1,70,77,71,-1,75,78,76,-1,76,78,79,-1,76,79,80,-1,80,79,81,-1,80,81,82,-1,81,83,82,-1,82,83,84,-1,82,84,85,-1,85,84,86,-1,87,88,89,-1,89,90,87,-1,87,90,85,-1,87,85,91,-1,91,85,86,-1,92,93,90,-1,90,93,94,-1,90,94,68,-1,68,67,90,-1,90,67,71,-1,90,71,85,-1,85,71,77,-1,76,80,77,-1,77,80,82,-1,77,82,85,-1,95,96,97,-1,97,96,98,-1,97,98,28,-1,28,98,99,-1,28,99,27,-1,100,101,102,-1,102,101,103,-1,102,103,104,-1,104,103,105,-1,105,103,106,-1,107,108,109,-1,109,108,110,-1,108,107,93,-1,93,107,111,-1,93,111,94,-1,33,112,34,-1,34,112,113,-1,34,113,114,-1,114,113,115,-1,115,113,116,-1,115,116,36,-1,36,116,117,-1,36,117,35,-1,29,118,30,-1,30,118,119,-1,30,119,120,-1,120,119,121,-1,121,119,122,-1,121,122,32,-1,32,122,123,-1,32,123,31,-1,25,124,26,-1,26,124,96,-1,26,96,95,-1,125,100,102,-1,126,127,128,-1,128,127,129,-1,128,129,130,-1,126,131,127,-1,127,131,132,-1,127,132,133,-1,102,134,125,-1,125,134,127,-1,125,127,135,-1,135,127,133,-1,136,130,137,-1,137,130,129,-1,137,129,138,-1,138,129,127,-1,138,127,139,-1,136,140,130,-1,130,140,141,-1,130,141,128,-1,128,141,142,-1,128,142,143,-1,144,131,143,-1,143,131,126,-1,143,126,128,-1,145,125,146,-1,146,125,135,-1,146,135,147,-1,147,135,133,-1,147,133,148,-1,148,133,132,-1,148,132,149,-1,149,132,131,-1,149,131,150,-1,150,131,144,-1,151,152,153,-1,153,152,154,-1,153,154,155,-1,155,154,156,-1,155,156,157,-1,157,158,155,-1,155,158,159,-1,155,159,160,-1,161,162,163,-1,163,162,164,-1,163,164,165,-1,166,164,167,-1,167,164,168,-1,166,169,164,-1,164,169,170,-1,164,170,165,-1,171,172,173,-1,173,172,174,-1,175,176,177,-1,177,176,178,-1,179,180,181,-1,181,180,182,-1,183,184,185,-1,185,184,186,-1,187,188,189,-1,189,188,190,-1,189,190,185,-1,185,190,183,-1,
        ]
    }
}
Shape{
    appearance Appearance {
        material  Material 	{
            diffuseColor 0.8274509803921568 0.6666666666666666 0.12941176470588237
            specularColor 0.4117647058823529 0.3333333333333333 0.06666666666666667
            ambientIntensity 0.2
            transparency 0
            shininess 0.5
        }
    }
    geometry IndexedFaceSet {
        ccw TRUE
        solid FALSE
        coord DEF co Coordinate {
            point [
                -0.1195 1.9284 2.8715, -0.1772 1.8968 2.8715, -0.1772 2.2031 2.8715, 0.2953 1.8968 2.8715, 0.203 1.9423 2.8715, 0.2953 2.2031 2.8715, 0.0955 1.9654 2.8715, -0.0144 1.9606 2.8715, -0.0144 1.9606 2.8715
            ]
        }
        coordIndex [
            0,1,2,-1,3,4,5,-1,5,4,6,-1,5,6,2,-1,2,6,7,-1,2,7,0,-1,
        ]
    }
}
Shape{
    appearance Appearance {
        material  Material 	{
            diffuseColor 0.25098039215686274 0.25098039215686274 0.25098039215686274
            specularColor 0.12549019607843137 0.12549019607843137 0.12549019607843137
            ambientIntensity 0.2
            transparency 0
            shininess 0.5
        }
    }
    geometry IndexedFaceSet {
        ccw TRUE
        solid FALSE
        coord DEF co Coordinate {
            point [
                0.2953 1.1709 -0.6719, 0.2953 1.1709 2.8715, 0.203 1.1254 2.8715, -0.1772 1.8968 -0.6719, -0.1772 1.8968 2.8715, -0.1195 1.9284 2.8715, -0.2892 1.7913 -0.6719, -0.2131 1.8707 -0.6719, -0.2472 1.8401 -2.4986, -0.2863 1.7891 -2.4986, -0.316 1.7504 -2.4986, -0.3428 1.6953 -0.6719, -0.3394 1.6939 -2.4986, -0.3593 1.6459 -2.4986, -0.3705 1.5888 -0.6719, -0.3668 1.5884 -2.4986, -0.374 1.5339 -2.4986, -0.3705 1.4789 -0.6719, -0.3668 1.4793 -2.4986, -0.3593 1.4218 -2.4986, -0.3428 1.3724 -0.6719, -0.3394 1.3739 -2.4986, -0.316 1.3173 -2.4986, -0.2892 1.2764 -0.6719, -0.2863 1.2786 -2.4986, -0.2472 1.2276 -2.4986, -0.2131 1.197 -0.6719, -0.1195 1.1393 2.8715, -0.1772 1.1709 2.8715, -0.1772 1.1709 -0.6719, 0.3839 1.2474 -2.4986, 0.3839 1.2474 -0.6719, 0.3653 1.2276 -2.4986, 0.3012 1.1748 -0.6719, 0.3839 1.8203 -0.6719, 0.3839 1.8203 -2.4986, 0.3653 1.8401 -2.4986, 0.3012 1.8929 -0.6719, 0.203 1.9423 2.8715, 0.2953 1.8968 2.8715, 0.2953 1.8968 -0.6719, 0.2995 1.8906 -2.4986, 0.2756 1.9089 -2.4986, 0.2018 1.9395 -2.4986, 0.1711 1.9522 -2.4986, 0.0955 1.9654 2.8715, 0.0951 1.9622 -2.4986, 0.0591 1.9669 -2.4986, -0.0144 1.9606 2.8715, -0.0139 1.9573 -2.4986, -0.053 1.9522 -2.4986, -0.1182 1.9252 -2.4986, -0.1575 1.9089 -2.4986, -0.211 1.8679 -2.4986, -0.211 1.1998 -2.4986, -0.1575 1.1588 -2.4986, -0.1182 1.1425 -2.4986, -0.053 1.1155 -2.4986, -0.0144 1.1071 2.8715, -0.0139 1.1104 -2.4986, 0.0591 1.1008 -2.4986, 0.0955 1.1023 2.8715, 0.0951 1.1055 -2.4986, 0.1711 1.1155 -2.4986, 0.2018 1.1282 -2.4986, 0.2756 1.1588 -2.4986, 0.2995 1.1771 -2.4986, 0.2995 1.1771 -2.4986
            ]
        }
        coordIndex [
            0,1,2,-1,3,4,5,-1,6,7,8,-1,8,9,6,-1,6,9,10,-1,6,10,11,-1,10,12,11,-1,11,12,13,-1,11,13,14,-1,13,15,14,-1,14,15,16,-1,14,16,17,-1,16,18,17,-1,17,18,19,-1,17,19,20,-1,19,21,20,-1,20,21,22,-1,20,22,23,-1,22,24,23,-1,23,24,25,-1,23,25,26,-1,27,28,29,-1,30,31,32,-1,32,31,33,-1,34,35,36,-1,34,36,37,-1,38,39,40,-1,36,41,37,-1,37,41,42,-1,37,42,40,-1,40,42,43,-1,40,43,38,-1,38,43,44,-1,38,44,45,-1,44,46,45,-1,45,46,47,-1,45,47,48,-1,47,49,48,-1,48,49,50,-1,48,50,5,-1,5,50,51,-1,5,51,3,-1,3,51,52,-1,3,52,7,-1,7,52,53,-1,7,53,8,-1,25,54,26,-1,26,54,55,-1,26,55,29,-1,29,55,56,-1,29,56,27,-1,27,56,57,-1,27,57,58,-1,57,59,58,-1,58,59,60,-1,58,60,61,-1,60,62,61,-1,61,62,63,-1,61,63,2,-1,2,63,64,-1,2,64,0,-1,0,64,65,-1,0,65,33,-1,33,65,66,-1,33,66,32,-1,
        ]
    }
}
Shape{
    appearance Appearance {
        material  Material 	{
            diffuseColor 0.8274509803921568 0.6666666666666666 0.12941176470588237
            specularColor 0.4117647058823529 0.3333333333333333 0.06666666666666667
            ambientIntensity 0.2
            transparency 0
            shininess 0.5
        }
    }
    geometry IndexedFaceSet {
        ccw TRUE
        solid FALSE
        coord DEF co Coordinate {
            point [
                -0.6594 0.9728 -0.9105, -0.6594 0.7661 -0.7912, -0.5217 0.9728 -0.9105, -0.5217 0.7661 -0.7912, -0.5217 1.0217 -0.9481, -0.6594 1.0217 -0.9481, -0.5217 1.0593 -0.997, -0.6594 1.0593 -0.997, -0.5217 1.0829 -1.054, -0.6594 1.0829 -1.054, -0.5217 1.0909 -1.1151, -0.6594 1.0909 -1.1151, -0.6594 1.0909 -2.3254, -0.5217 1.0909 -2.3254, -0.6594 0.9925 -2.3254, -0.5217 0.9925 -2.3254, -0.6594 0.9925 -1.1151, -0.5217 0.9925 -1.1151, -0.6594 0.9878 -1.0794, -0.5217 0.9878 -1.0794, -0.6594 0.9741 -1.0462, -0.5217 0.9741 -1.0462, -0.6594 0.9522 -1.0177, -0.5217 0.9522 -1.0177, -0.6594 0.9236 -0.9958, -0.5217 0.9236 -0.9958, -0.6594 0.7169 -0.8764, -0.5217 0.7169 -0.8764, -0.6594 2.1441 -0.9958, -0.6594 2.3508 -0.8764, -0.5217 2.1441 -0.9958, -0.5217 2.3508 -0.8764, -0.6594 2.1155 -1.0177, -0.5217 2.1155 -1.0177, -0.6594 2.0937 -1.0462, -0.5217 2.0937 -1.0462, -0.6594 2.0799 -1.0794, -0.5217 2.0799 -1.0794, -0.6594 2.0752 -1.1151, -0.5217 2.0752 -1.1151, -0.6594 2.0752 -2.3254, -0.5217 2.0752 -2.3254, -0.6594 1.9768 -2.3254, -0.5217 1.9768 -2.3254, -0.6594 1.9768 -1.1151, -0.5217 1.9768 -1.1151, -0.5217 1.9848 -1.054, -0.6594 1.9848 -1.054, -0.5217 2.0084 -0.997, -0.6594 2.0084 -0.997, -0.5217 2.046 -0.9481, -0.6594 2.046 -0.9481, -0.5217 2.0949 -0.9105, -0.6594 2.0949 -0.9105, -0.6594 2.3016 -0.7912, -0.5217 2.3016 -0.7912, -1.0531 0.3724 -0.9958, -1.0531 0.5791 -0.8764, -0.9154 0.3724 -0.9958, -0.9154 0.5791 -0.8764, -1.0531 0.3491 -1.0127, -0.9154 0.3491 -1.0127, -1.0531 0.3299 -1.0341, -0.9154 0.3299 -1.0341, -1.0531 0.3154 -1.0591, -0.9154 0.3154 -1.0591, -1.0531 0.3065 -1.0864, -0.9154 0.3065 -1.0864, -1.0531 0.3035 -1.1151, -0.9154 0.3035 -1.1151, -1.0531 0.3035 -2.3254, -0.9154 0.3035 -2.3254, -1.0531 0.2051 -2.3254, -0.9154 0.2051 -2.3254, -1.0531 0.2051 -1.1151, -0.9154 0.2051 -1.1151, -0.9154 0.2103 -1.066, -1.0531 0.2103 -1.066, -0.9154 0.2255 -1.019, -1.0531 0.2255 -1.019, -0.9154 0.2502 -0.9763, -1.0531 0.2502 -0.9763, -0.9154 0.2833 -0.9396, -1.0531 0.2833 -0.9396, -0.9154 0.3232 -0.9105, -1.0531 0.3232 -0.9105, -1.0531 0.5299 -0.7912, -0.9154 0.5299 -0.7912, -1.0531 2.7445 -0.9105, -1.0531 2.5378 -0.7912, -0.9154 2.7445 -0.9105, -0.9154 2.5378 -0.7912, -0.9154 2.7844 -0.9396, -1.0531 2.7844 -0.9396, -0.9154 2.8175 -0.9763, -1.0531 2.8175 -0.9763, -0.9154 2.8422 -1.019, -1.0531 2.8422 -1.019, -0.9154 2.8574 -1.066, -1.0531 2.8574 -1.066, -0.9154 2.8626 -1.1151, -1.0531 2.8626 -1.1151, -1.0531 2.8626 -2.3254, -0.9154 2.8626 -2.3254, -1.0531 2.7642 -2.3254, -0.9154 2.7642 -2.3254, -1.0531 2.7642 -1.1151, -0.9154 2.7642 -1.1151, -1.0531 2.7612 -1.0864, -0.9154 2.7612 -1.0864, -1.0531 2.7523 -1.0591, -0.9154 2.7523 -1.0591, -1.0531 2.7378 -1.0341, -0.9154 2.7378 -1.0341, -1.0531 2.7186 -1.0127, -0.9154 2.7186 -1.0127, -1.0531 2.6953 -0.9958, -0.9154 2.6953 -0.9958, -1.0531 2.4886 -0.8764, -0.9154 2.4886 -0.8764, 0.9154 0.9728 -0.9105, 0.9154 0.7661 -0.7912, 1.0531 0.9728 -0.9105, 1.0531 0.7661 -0.7912, 1.0531 1.0217 -0.9481, 0.9154 1.0217 -0.9481, 1.0531 1.0593 -0.997, 0.9154 1.0593 -0.997, 1.0531 1.0829 -1.054, 0.9154 1.0829 -1.054, 1.0531 1.0909 -1.1151, 0.9154 1.0909 -1.1151, 0.9154 1.0909 -2.3254, 1.0531 1.0909 -2.3254, 0.9154 0.9925 -2.3254, 1.0531 0.9925 -2.3254, 0.9154 0.9925 -1.1151, 1.0531 0.9925 -1.1151, 0.9154 0.9878 -1.0794, 1.0531 0.9878 -1.0794, 0.9154 0.9741 -1.0462, 1.0531 0.9741 -1.0462, 0.9154 0.9522 -1.0177, 1.0531 0.9522 -1.0177, 0.9154 0.9236 -0.9958, 1.0531 0.9236 -0.9958, 0.9154 0.7169 -0.8764, 1.0531 0.7169 -0.8764, 0.9154 2.1441 -0.9958, 0.9154 2.3508 -0.8764, 1.0531 2.1441 -0.9958, 1.0531 2.3508 -0.8764, 0.9154 2.1155 -1.0177, 1.0531 2.1155 -1.0177, 0.9154 2.0937 -1.0462, 1.0531 2.0937 -1.0462, 0.9154 2.0799 -1.0794, 1.0531 2.0799 -1.0794, 0.9154 2.0752 -1.1151, 1.0531 2.0752 -1.1151, 0.9154 2.0752 -2.3254, 1.0531 2.0752 -2.3254, 0.9154 1.9768 -2.3254, 1.0531 1.9768 -2.3254, 0.9154 1.9768 -1.1151, 1.0531 1.9768 -1.1151, 1.0531 1.9848 -1.054, 0.9154 1.9848 -1.054, 1.0531 2.0084 -0.997, 0.9154 2.0084 -0.997, 1.0531 2.046 -0.9481, 0.9154 2.046 -0.9481, 1.0531 2.0949 -0.9105, 0.9154 2.0949 -0.9105, 0.9154 2.3016 -0.7912, 1.0531 2.3016 -0.7912, 1.7028 0.9728 -0.9105, 1.7028 0.7661 -0.7912, 1.8406 0.9728 -0.9105, 1.8406 0.7661 -0.7912, 1.8406 1.0217 -0.9481, 1.7028 1.0217 -0.9481, 1.8406 1.0593 -0.997, 1.7028 1.0593 -0.997, 1.8406 1.0829 -1.054, 1.7028 1.0829 -1.054, 1.8406 1.0909 -1.1151, 1.7028 1.0909 -1.1151, 1.7028 1.0909 -2.3254, 1.8406 1.0909 -2.3254, 1.7028 0.9925 -2.3254, 1.8406 0.9925 -2.3254, 1.7028 0.9925 -1.1151, 1.8406 0.9925 -1.1151, 1.7028 0.9878 -1.0794, 1.8406 0.9878 -1.0794, 1.7028 0.9741 -1.0462, 1.8406 0.9741 -1.0462, 1.7028 0.9522 -1.0177, 1.8406 0.9522 -1.0177, 1.7028 0.9236 -0.9958, 1.8406 0.9236 -0.9958, 1.7028 0.7169 -0.8764, 1.8406 0.7169 -0.8764, 1.7028 2.1441 -0.9958, 1.7028 2.3508 -0.8764, 1.8406 2.1441 -0.9958, 1.8406 2.3508 -0.8764, 1.7028 2.1155 -1.0177, 1.8406 2.1155 -1.0177, 1.7028 2.0937 -1.0462, 1.8406 2.0937 -1.0462, 1.7028 2.0799 -1.0794, 1.8406 2.0799 -1.0794, 1.7028 2.0752 -1.1151, 1.8406 2.0752 -1.1151, 1.7028 2.0752 -2.3254, 1.8406 2.0752 -2.3254, 1.7028 1.9768 -2.3254, 1.8406 1.9768 -2.3254, 1.7028 1.9768 -1.1151, 1.8406 1.9768 -1.1151, 1.8406 1.9848 -1.054, 1.7028 1.9848 -1.054, 1.8406 2.0084 -0.997, 1.7028 2.0084 -0.997, 1.8406 2.046 -0.9481, 1.7028 2.046 -0.9481, 1.8406 2.0949 -0.9105, 1.7028 2.0949 -0.9105, 1.7028 2.3016 -0.7912, 1.8406 2.3016 -0.7912, 2.4902 0.9728 -0.9105, 2.4902 0.7661 -0.7912, 2.628 0.9728 -0.9105, 2.628 0.7661 -0.7912, 2.628 1.0217 -0.9481, 2.4902 1.0217 -0.9481, 2.628 1.0593 -0.997, 2.4902 1.0593 -0.997, 2.628 1.0829 -1.054, 2.4902 1.0829 -1.054, 2.628 1.0909 -1.1151, 2.4902 1.0909 -1.1151, 2.4902 1.0909 -2.3254, 2.628 1.0909 -2.3254, 2.4902 0.9925 -2.3254, 2.628 0.9925 -2.3254, 2.4902 0.9925 -1.1151, 2.628 0.9925 -1.1151, 2.4902 0.9878 -1.0794, 2.628 0.9878 -1.0794, 2.4902 0.9741 -1.0462, 2.628 0.9741 -1.0462, 2.4902 0.9522 -1.0177, 2.628 0.9522 -1.0177, 2.4902 0.9236 -0.9958, 2.628 0.9236 -0.9958, 2.4902 0.7169 -0.8764, 2.628 0.7169 -0.8764, 2.4902 2.1441 -0.9958, 2.4902 2.3508 -0.8764, 2.628 2.1441 -0.9958, 2.628 2.3508 -0.8764, 2.4902 2.1155 -1.0177, 2.628 2.1155 -1.0177, 2.4902 2.0937 -1.0462, 2.628 2.0937 -1.0462, 2.4902 2.0799 -1.0794, 2.628 2.0799 -1.0794, 2.4902 2.0752 -1.1151, 2.628 2.0752 -1.1151, 2.4902 2.0752 -2.3254, 2.628 2.0752 -2.3254, 2.4902 1.9768 -2.3254, 2.628 1.9768 -2.3254, 2.4902 1.9768 -1.1151, 2.628 1.9768 -1.1151, 2.628 1.9848 -1.054, 2.4902 1.9848 -1.054, 2.628 2.0084 -0.997, 2.4902 2.0084 -0.997, 2.628 2.046 -0.9481, 2.4902 2.046 -0.9481, 2.628 2.0949 -0.9105, 2.4902 2.0949 -0.9105, 2.4902 2.3016 -0.7912, 2.628 2.3016 -0.7912, 0.5217 0.3724 -0.9958, 0.5217 0.5791 -0.8764, 0.6594 0.3724 -0.9958, 0.6594 0.5791 -0.8764, 0.5217 0.3491 -1.0127, 0.6594 0.3491 -1.0127, 0.5217 0.3299 -1.0341, 0.6594 0.3299 -1.0341, 0.5217 0.3154 -1.0591, 0.6594 0.3154 -1.0591, 0.5217 0.3065 -1.0864, 0.6594 0.3065 -1.0864, 0.5217 0.3035 -1.1151, 0.6594 0.3035 -1.1151, 0.5217 0.3035 -2.3254, 0.6594 0.3035 -2.3254, 0.5217 0.2051 -2.3254, 0.6594 0.2051 -2.3254, 0.5217 0.2051 -1.1151, 0.6594 0.2051 -1.1151, 0.6594 0.2103 -1.066, 0.5217 0.2103 -1.066, 0.6594 0.2255 -1.019, 0.5217 0.2255 -1.019, 0.6594 0.2502 -0.9763, 0.5217 0.2502 -0.9763, 0.6594 0.2833 -0.9396, 0.5217 0.2833 -0.9396, 0.6594 0.3232 -0.9105, 0.5217 0.3232 -0.9105, 0.5217 0.5299 -0.7912, 0.6594 0.5299 -0.7912, 0.5217 2.7445 -0.9105, 0.5217 2.5378 -0.7912, 0.6594 2.7445 -0.9105, 0.6594 2.5378 -0.7912, 0.6594 2.7844 -0.9396, 0.5217 2.7844 -0.9396, 0.6594 2.8175 -0.9763, 0.5217 2.8175 -0.9763, 0.6594 2.8422 -1.019, 0.5217 2.8422 -1.019, 0.6594 2.8574 -1.066, 0.5217 2.8574 -1.066, 0.6594 2.8626 -1.1151, 0.5217 2.8626 -1.1151, 0.5217 2.8626 -2.3254, 0.6594 2.8626 -2.3254, 0.5217 2.7642 -2.3254, 0.6594 2.7642 -2.3254, 0.5217 2.7642 -1.1151, 0.6594 2.7642 -1.1151, 0.5217 2.7612 -1.0864, 0.6594 2.7612 -1.0864, 0.5217 2.7523 -1.0591, 0.6594 2.7523 -1.0591, 0.5217 2.7378 -1.0341, 0.6594 2.7378 -1.0341, 0.5217 2.7186 -1.0127, 0.6594 2.7186 -1.0127, 0.5217 2.6953 -0.9958, 0.6594 2.6953 -0.9958, 0.5217 2.4886 -0.8764, 0.6594 2.4886 -0.8764, 1.3091 0.3724 -0.9958, 1.3091 0.5791 -0.8764, 1.4469 0.3724 -0.9958, 1.4469 0.5791 -0.8764, 1.3091 0.3491 -1.0127, 1.4469 0.3491 -1.0127, 1.3091 0.3299 -1.0341, 1.4469 0.3299 -1.0341, 1.3091 0.3154 -1.0591, 1.4469 0.3154 -1.0591, 1.3091 0.3065 -1.0864, 1.4469 0.3065 -1.0864, 1.3091 0.3035 -1.1151, 1.4469 0.3035 -1.1151, 1.3091 0.3035 -2.3254, 1.4469 0.3035 -2.3254, 1.3091 0.2051 -2.3254, 1.4469 0.2051 -2.3254, 1.3091 0.2051 -1.1151, 1.4469 0.2051 -1.1151, 1.4469 0.2103 -1.066, 1.3091 0.2103 -1.066, 1.4469 0.2255 -1.019, 1.3091 0.2255 -1.019, 1.4469 0.2502 -0.9763, 1.3091 0.2502 -0.9763, 1.4469 0.2833 -0.9396, 1.3091 0.2833 -0.9396, 1.4469 0.3232 -0.9105, 1.3091 0.3232 -0.9105, 1.3091 0.5299 -0.7912, 1.4469 0.5299 -0.7912, 1.3091 2.7445 -0.9105, 1.3091 2.5378 -0.7912, 1.4469 2.7445 -0.9105, 1.4469 2.5378 -0.7912, 1.4469 2.7844 -0.9396, 1.3091 2.7844 -0.9396, 1.4469 2.8175 -0.9763, 1.3091 2.8175 -0.9763, 1.4469 2.8422 -1.019, 1.3091 2.8422 -1.019, 1.4469 2.8574 -1.066, 1.3091 2.8574 -1.066, 1.4469 2.8626 -1.1151, 1.3091 2.8626 -1.1151, 1.3091 2.8626 -2.3254, 1.4469 2.8626 -2.3254, 1.3091 2.7642 -2.3254, 1.4469 2.7642 -2.3254, 1.3091 2.7642 -1.1151, 1.4469 2.7642 -1.1151, 1.3091 2.7612 -1.0864, 1.4469 2.7612 -1.0864, 1.3091 2.7523 -1.0591, 1.4469 2.7523 -1.0591, 1.3091 2.7378 -1.0341, 1.4469 2.7378 -1.0341, 1.3091 2.7186 -1.0127, 1.4469 2.7186 -1.0127, 1.3091 2.6953 -0.9958, 1.4469 2.6953 -0.9958, 1.3091 2.4886 -0.8764, 1.4469 2.4886 -0.8764, 2.0965 0.3724 -0.9958, 2.0965 0.5791 -0.8764, 2.2343 0.3724 -0.9958, 2.2343 0.5791 -0.8764, 2.0965 0.3491 -1.0127, 2.2343 0.3491 -1.0127, 2.0965 0.3299 -1.0341, 2.2343 0.3299 -1.0341, 2.0965 0.3154 -1.0591, 2.2343 0.3154 -1.0591, 2.0965 0.3065 -1.0864, 2.2343 0.3065 -1.0864, 2.0965 0.3035 -1.1151, 2.2343 0.3035 -1.1151, 2.0965 0.3035 -2.3254, 2.2343 0.3035 -2.3254, 2.0965 0.2051 -2.3254, 2.2343 0.2051 -2.3254, 2.0965 0.2051 -1.1151, 2.2343 0.2051 -1.1151, 2.2343 0.2103 -1.066, 2.0965 0.2103 -1.066, 2.2343 0.2255 -1.019, 2.0965 0.2255 -1.019, 2.2343 0.2502 -0.9763, 2.0965 0.2502 -0.9763, 2.2343 0.2833 -0.9396, 2.0965 0.2833 -0.9396, 2.2343 0.3232 -0.9105, 2.0965 0.3232 -0.9105, 2.0965 0.5299 -0.7912, 2.2343 0.5299 -0.7912, 2.0965 2.7445 -0.9105, 2.0965 2.5378 -0.7912, 2.2343 2.7445 -0.9105, 2.2343 2.5378 -0.7912, 2.2343 2.7844 -0.9396, 2.0965 2.7844 -0.9396, 2.2343 2.8175 -0.9763, 2.0965 2.8175 -0.9763, 2.2343 2.8422 -1.019, 2.0965 2.8422 -1.019, 2.2343 2.8574 -1.066, 2.0965 2.8574 -1.066, 2.2343 2.8626 -1.1151, 2.0965 2.8626 -1.1151, 2.0965 2.8626 -2.3254, 2.2343 2.8626 -2.3254, 2.0965 2.7642 -2.3254, 2.2343 2.7642 -2.3254, 2.0965 2.7642 -1.1151, 2.2343 2.7642 -1.1151, 2.0965 2.7612 -1.0864, 2.2343 2.7612 -1.0864, 2.0965 2.7523 -1.0591, 2.2343 2.7523 -1.0591, 2.0965 2.7378 -1.0341, 2.2343 2.7378 -1.0341, 2.0965 2.7186 -1.0127, 2.2343 2.7186 -1.0127, 2.0965 2.6953 -0.9958, 2.2343 2.6953 -0.9958, 2.0965 2.4886 -0.8764, 2.2343 2.4886 -0.8764, 2.8839 0.3724 -0.9958, 2.8839 0.5791 -0.8764, 3.0217 0.3724 -0.9958, 3.0217 0.5791 -0.8764, 2.8839 0.3491 -1.0127, 3.0217 0.3491 -1.0127, 2.8839 0.3299 -1.0341, 3.0217 0.3299 -1.0341, 2.8839 0.3154 -1.0591, 3.0217 0.3154 -1.0591, 2.8839 0.3065 -1.0864, 3.0217 0.3065 -1.0864, 2.8839 0.3035 -1.1151, 3.0217 0.3035 -1.1151, 2.8839 0.3035 -2.3254, 3.0217 0.3035 -2.3254, 2.8839 0.2051 -2.3254, 3.0217 0.2051 -2.3254, 2.8839 0.2051 -1.1151, 3.0217 0.2051 -1.1151, 3.0217 0.2103 -1.066, 2.8839 0.2103 -1.066, 3.0217 0.2255 -1.019, 2.8839 0.2255 -1.019, 3.0217 0.2502 -0.9763, 2.8839 0.2502 -0.9763, 3.0217 0.2833 -0.9396, 2.8839 0.2833 -0.9396, 3.0217 0.3232 -0.9105, 2.8839 0.3232 -0.9105, 2.8839 0.5299 -0.7912, 3.0217 0.5299 -0.7912, 2.8839 2.7445 -0.9105, 2.8839 2.5378 -0.7912, 3.0217 2.7445 -0.9105, 3.0217 2.5378 -0.7912, 3.0217 2.7844 -0.9396, 2.8839 2.7844 -0.9396, 3.0217 2.8175 -0.9763, 2.8839 2.8175 -0.9763, 3.0217 2.8422 -1.019, 2.8839 2.8422 -1.019, 3.0217 2.8574 -1.066, 2.8839 2.8574 -1.066, 3.0217 2.8626 -1.1151, 2.8839 2.8626 -1.1151, 2.8839 2.8626 -2.3254, 3.0217 2.8626 -2.3254, 2.8839 2.7642 -2.3254, 3.0217 2.7642 -2.3254, 2.8839 2.7642 -1.1151, 3.0217 2.7642 -1.1151, 2.8839 2.7612 -1.0864, 3.0217 2.7612 -1.0864, 2.8839 2.7523 -1.0591, 3.0217 2.7523 -1.0591, 2.8839 2.7378 -1.0341, 3.0217 2.7378 -1.0341, 2.8839 2.7186 -1.0127, 3.0217 2.7186 -1.0127, 2.8839 2.6953 -0.9958, 3.0217 2.6953 -0.9958, 2.8839 2.4886 -0.8764, 3.0217 2.4886 -0.8764, -1.8406 0.3724 -0.9958, -1.8406 0.5791 -0.8764, -1.7028 0.3724 -0.9958, -1.7028 0.5791 -0.8764, -1.8406 0.3491 -1.0127, -1.7028 0.3491 -1.0127, -1.8406 0.3299 -1.0341, -1.7028 0.3299 -1.0341, -1.8406 0.3154 -1.0591, -1.7028 0.3154 -1.0591, -1.8406 0.3065 -1.0864, -1.7028 0.3065 -1.0864, -1.8406 0.3035 -1.1151, -1.7028 0.3035 -1.1151, -1.8406 0.3035 -2.3254, -1.7028 0.3035 -2.3254, -1.8406 0.2051 -2.3254, -1.7028 0.2051 -2.3254, -1.8406 0.2051 -1.1151, -1.7028 0.2051 -1.1151, -1.7028 0.2103 -1.066, -1.8406 0.2103 -1.066, -1.7028 0.2255 -1.019, -1.8406 0.2255 -1.019, -1.7028 0.2502 -0.9763, -1.8406 0.2502 -0.9763, -1.7028 0.2833 -0.9396, -1.8406 0.2833 -0.9396, -1.7028 0.3232 -0.9105, -1.8406 0.3232 -0.9105, -1.8406 0.5299 -0.7912, -1.7028 0.5299 -0.7912, -1.8406 2.7445 -0.9105, -1.8406 2.5378 -0.7912, -1.7028 2.7445 -0.9105, -1.7028 2.5378 -0.7912, -1.7028 2.7844 -0.9396, -1.8406 2.7844 -0.9396, -1.7028 2.8175 -0.9763, -1.8406 2.8175 -0.9763, -1.7028 2.8422 -1.019, -1.8406 2.8422 -1.019, -1.7028 2.8574 -1.066, -1.8406 2.8574 -1.066, -1.7028 2.8626 -1.1151, -1.8406 2.8626 -1.1151, -1.8406 2.8626 -2.3254, -1.7028 2.8626 -2.3254, -1.8406 2.7642 -2.3254, -1.7028 2.7642 -2.3254, -1.8406 2.7642 -1.1151, -1.7028 2.7642 -1.1151, -1.8406 2.7612 -1.0864, -1.7028 2.7612 -1.0864, -1.8406 2.7523 -1.0591, -1.7028 2.7523 -1.0591, -1.8406 2.7378 -1.0341, -1.7028 2.7378 -1.0341, -1.8406 2.7186 -1.0127, -1.7028 2.7186 -1.0127, -1.8406 2.6953 -0.9958, -1.7028 2.6953 -0.9958, -1.8406 2.4886 -0.8764, -1.7028 2.4886 -0.8764, -2.628 0.3724 -0.9958, -2.628 0.5791 -0.8764, -2.4902 0.3724 -0.9958, -2.4902 0.5791 -0.8764, -2.628 0.3491 -1.0127, -2.4902 0.3491 -1.0127, -2.628 0.3299 -1.0341, -2.4902 0.3299 -1.0341, -2.628 0.3154 -1.0591, -2.4902 0.3154 -1.0591, -2.628 0.3065 -1.0864, -2.4902 0.3065 -1.0864, -2.628 0.3035 -1.1151, -2.4902 0.3035 -1.1151, -2.628 0.3035 -2.3254, -2.4902 0.3035 -2.3254, -2.628 0.2051 -2.3254, -2.4902 0.2051 -2.3254, -2.628 0.2051 -1.1151, -2.4902 0.2051 -1.1151, -2.4902 0.2103 -1.066, -2.628 0.2103 -1.066, -2.4902 0.2255 -1.019, -2.628 0.2255 -1.019, -2.4902 0.2502 -0.9763, -2.628 0.2502 -0.9763, -2.4902 0.2833 -0.9396, -2.628 0.2833 -0.9396, -2.4902 0.3232 -0.9105, -2.628 0.3232 -0.9105, -2.628 0.5299 -0.7912, -2.4902 0.5299 -0.7912, -2.628 2.7445 -0.9105, -2.628 2.5378 -0.7912, -2.4902 2.7445 -0.9105, -2.4902 2.5378 -0.7912, -2.4902 2.7844 -0.9396, -2.628 2.7844 -0.9396, -2.4902 2.8175 -0.9763, -2.628 2.8175 -0.9763, -2.4902 2.8422 -1.019, -2.628 2.8422 -1.019, -2.4902 2.8574 -1.066, -2.628 2.8574 -1.066, -2.4902 2.8626 -1.1151, -2.628 2.8626 -1.1151, -2.628 2.8626 -2.3254, -2.4902 2.8626 -2.3254, -2.628 2.7642 -2.3254, -2.4902 2.7642 -2.3254, -2.628 2.7642 -1.1151, -2.4902 2.7642 -1.1151, -2.628 2.7612 -1.0864, -2.4902 2.7612 -1.0864, -2.628 2.7523 -1.0591, -2.4902 2.7523 -1.0591, -2.628 2.7378 -1.0341, -2.4902 2.7378 -1.0341, -2.628 2.7186 -1.0127, -2.4902 2.7186 -1.0127, -2.628 2.6953 -0.9958, -2.4902 2.6953 -0.9958, -2.628 2.4886 -0.8764, -2.4902 2.4886 -0.8764, -3.4154 0.3724 -0.9958, -3.4154 0.5791 -0.8764, -3.2776 0.3724 -0.9958, -3.2776 0.5791 -0.8764, -3.4154 0.3491 -1.0127, -3.2776 0.3491 -1.0127, -3.4154 0.3299 -1.0341, -3.2776 0.3299 -1.0341, -3.4154 0.3154 -1.0591, -3.2776 0.3154 -1.0591, -3.4154 0.3065 -1.0864, -3.2776 0.3065 -1.0864, -3.4154 0.3035 -1.1151, -3.2776 0.3035 -1.1151, -3.4154 0.3035 -2.3254, -3.2776 0.3035 -2.3254, -3.4154 0.2051 -2.3254, -3.2776 0.2051 -2.3254, -3.4154 0.2051 -1.1151, -3.2776 0.2051 -1.1151, -3.2776 0.2103 -1.066, -3.4154 0.2103 -1.066, -3.2776 0.2255 -1.019, -3.4154 0.2255 -1.019, -3.2776 0.2502 -0.9763, -3.4154 0.2502 -0.9763, -3.2776 0.2833 -0.9396, -3.4154 0.2833 -0.9396, -3.2776 0.3232 -0.9105, -3.4154 0.3232 -0.9105, -3.4154 0.5299 -0.7912, -3.2776 0.5299 -0.7912, -3.4154 2.7445 -0.9105, -3.4154 2.5378 -0.7912, -3.2776 2.7445 -0.9105, -3.2776 2.5378 -0.7912, -3.2776 2.7844 -0.9396, -3.4154 2.7844 -0.9396, -3.2776 2.8175 -0.9763, -3.4154 2.8175 -0.9763, -3.2776 2.8422 -1.019, -3.4154 2.8422 -1.019, -3.2776 2.8574 -1.066, -3.4154 2.8574 -1.066, -3.2776 2.8626 -1.1151, -3.4154 2.8626 -1.1151, -3.4154 2.8626 -2.3254, -3.2776 2.8626 -2.3254, -3.4154 2.7642 -2.3254, -3.2776 2.7642 -2.3254, -3.4154 2.7642 -1.1151, -3.2776 2.7642 -1.1151, -3.4154 2.7612 -1.0864, -3.2776 2.7612 -1.0864, -3.4154 2.7523 -1.0591, -3.2776 2.7523 -1.0591, -3.4154 2.7378 -1.0341, -3.2776 2.7378 -1.0341, -3.4154 2.7186 -1.0127, -3.2776 2.7186 -1.0127, -3.4154 2.6953 -0.9958, -3.2776 2.6953 -0.9958, -3.4154 2.4886 -0.8764, -3.2776 2.4886 -0.8764, -4.2028 0.3724 -0.9958, -4.2028 0.5791 -0.8764, -4.065 0.3724 -0.9958, -4.065 0.5791 -0.8764, -4.2028 0.3491 -1.0127, -4.065 0.3491 -1.0127, -4.2028 0.3299 -1.0341, -4.065 0.3299 -1.0341, -4.2028 0.3154 -1.0591, -4.065 0.3154 -1.0591, -4.2028 0.3065 -1.0864, -4.065 0.3065 -1.0864, -4.2028 0.3035 -1.1151, -4.065 0.3035 -1.1151, -4.2028 0.3035 -2.3254, -4.065 0.3035 -2.3254, -4.2028 0.2051 -2.3254, -4.065 0.2051 -2.3254, -4.2028 0.2051 -1.1151, -4.065 0.2051 -1.1151, -4.065 0.2103 -1.066, -4.2028 0.2103 -1.066, -4.065 0.2255 -1.019, -4.2028 0.2255 -1.019, -4.065 0.2502 -0.9763, -4.2028 0.2502 -0.9763, -4.065 0.2833 -0.9396, -4.2028 0.2833 -0.9396, -4.065 0.3232 -0.9105, -4.2028 0.3232 -0.9105, -4.2028 0.5299 -0.7912, -4.065 0.5299 -0.7912, -4.2028 2.7445 -0.9105, -4.2028 2.5378 -0.7912, -4.065 2.7445 -0.9105, -4.065 2.5378 -0.7912, -4.065 2.7844 -0.9396, -4.2028 2.7844 -0.9396, -4.065 2.8175 -0.9763, -4.2028 2.8175 -0.9763, -4.065 2.8422 -1.019, -4.2028 2.8422 -1.019, -4.065 2.8574 -1.066, -4.2028 2.8574 -1.066, -4.065 2.8626 -1.1151, -4.2028 2.8626 -1.1151, -4.2028 2.8626 -2.3254, -4.065 2.8626 -2.3254, -4.2028 2.7642 -2.3254, -4.065 2.7642 -2.3254, -4.2028 2.7642 -1.1151, -4.065 2.7642 -1.1151, -4.2028 2.7612 -1.0864, -4.065 2.7612 -1.0864, -4.2028 2.7523 -1.0591, -4.065 2.7523 -1.0591, -4.2028 2.7378 -1.0341, -4.065 2.7378 -1.0341, -4.2028 2.7186 -1.0127, -4.065 2.7186 -1.0127, -4.2028 2.6953 -0.9958, -4.065 2.6953 -0.9958, -4.2028 2.4886 -0.8764, -4.065 2.4886 -0.8764, -1.4469 0.9728 -0.9105, -1.4469 0.7661 -0.7912, -1.3091 0.9728 -0.9105, -1.3091 0.7661 -0.7912, -1.3091 1.0217 -0.9481, -1.4469 1.0217 -0.9481, -1.3091 1.0593 -0.997, -1.4469 1.0593 -0.997, -1.3091 1.0829 -1.054, -1.4469 1.0829 -1.054, -1.3091 1.0909 -1.1151, -1.4469 1.0909 -1.1151, -1.4469 1.0909 -2.3254, -1.3091 1.0909 -2.3254, -1.4469 0.9925 -2.3254, -1.3091 0.9925 -2.3254, -1.4469 0.9925 -1.1151, -1.3091 0.9925 -1.1151, -1.4469 0.9878 -1.0794, -1.3091 0.9878 -1.0794, -1.4469 0.9741 -1.0462, -1.3091 0.9741 -1.0462, -1.4469 0.9522 -1.0177, -1.3091 0.9522 -1.0177, -1.4469 0.9236 -0.9958, -1.3091 0.9236 -0.9958, -1.4469 0.7169 -0.8764, -1.3091 0.7169 -0.8764, -1.4469 2.1441 -0.9958, -1.4469 2.3508 -0.8764, -1.3091 2.1441 -0.9958, -1.3091 2.3508 -0.8764, -1.4469 2.1155 -1.0177, -1.3091 2.1155 -1.0177, -1.4469 2.0937 -1.0462, -1.3091 2.0937 -1.0462, -1.4469 2.0799 -1.0794, -1.3091 2.0799 -1.0794, -1.4469 2.0752 -1.1151, -1.3091 2.0752 -1.1151, -1.4469 2.0752 -2.3254, -1.3091 2.0752 -2.3254, -1.4469 1.9768 -2.3254, -1.3091 1.9768 -2.3254, -1.4469 1.9768 -1.1151, -1.3091 1.9768 -1.1151, -1.3091 1.9848 -1.054, -1.4469 1.9848 -1.054, -1.3091 2.0084 -0.997, -1.4469 2.0084 -0.997, -1.3091 2.046 -0.9481, -1.4469 2.046 -0.9481, -1.3091 2.0949 -0.9105, -1.4469 2.0949 -0.9105, -1.4469 2.3016 -0.7912, -1.3091 2.3016 -0.7912, -2.2343 0.9728 -0.9105, -2.2343 0.7661 -0.7912, -2.0965 0.9728 -0.9105, -2.0965 0.7661 -0.7912, -2.0965 1.0217 -0.9481, -2.2343 1.0217 -0.9481, -2.0965 1.0593 -0.997, -2.2343 1.0593 -0.997, -2.0965 1.0829 -1.054, -2.2343 1.0829 -1.054, -2.0965 1.0909 -1.1151, -2.2343 1.0909 -1.1151, -2.2343 1.0909 -2.3254, -2.0965 1.0909 -2.3254, -2.2343 0.9925 -2.3254, -2.0965 0.9925 -2.3254, -2.2343 0.9925 -1.1151, -2.0965 0.9925 -1.1151, -2.2343 0.9878 -1.0794, -2.0965 0.9878 -1.0794, -2.2343 0.9741 -1.0462, -2.0965 0.9741 -1.0462, -2.2343 0.9522 -1.0177, -2.0965 0.9522 -1.0177, -2.2343 0.9236 -0.9958, -2.0965 0.9236 -0.9958, -2.2343 0.7169 -0.8764, -2.0965 0.7169 -0.8764, -2.2343 2.1441 -0.9958, -2.2343 2.3508 -0.8764, -2.0965 2.1441 -0.9958, -2.0965 2.3508 -0.8764, -2.2343 2.1155 -1.0177, -2.0965 2.1155 -1.0177, -2.2343 2.0937 -1.0462, -2.0965 2.0937 -1.0462, -2.2343 2.0799 -1.0794, -2.0965 2.0799 -1.0794, -2.2343 2.0752 -1.1151, -2.0965 2.0752 -1.1151, -2.2343 2.0752 -2.3254, -2.0965 2.0752 -2.3254, -2.2343 1.9768 -2.3254, -2.0965 1.9768 -2.3254, -2.2343 1.9768 -1.1151, -2.0965 1.9768 -1.1151, -2.0965 1.9848 -1.054, -2.2343 1.9848 -1.054, -2.0965 2.0084 -0.997, -2.2343 2.0084 -0.997, -2.0965 2.046 -0.9481, -2.2343 2.046 -0.9481, -2.0965 2.0949 -0.9105, -2.2343 2.0949 -0.9105, -2.2343 2.3016 -0.7912, -2.0965 2.3016 -0.7912, -3.0217 0.9728 -0.9105, -3.0217 0.7661 -0.7912, -2.8839 0.9728 -0.9105, -2.8839 0.7661 -0.7912, -2.8839 1.0217 -0.9481, -3.0217 1.0217 -0.9481, -2.8839 1.0593 -0.997, -3.0217 1.0593 -0.997, -2.8839 1.0829 -1.054, -3.0217 1.0829 -1.054, -2.8839 1.0909 -1.1151, -3.0217 1.0909 -1.1151, -3.0217 1.0909 -2.3254, -2.8839 1.0909 -2.3254, -3.0217 0.9925 -2.3254, -2.8839 0.9925 -2.3254, -3.0217 0.9925 -1.1151, -2.8839 0.9925 -1.1151, -3.0217 0.9878 -1.0794, -2.8839 0.9878 -1.0794, -3.0217 0.9741 -1.0462, -2.8839 0.9741 -1.0462, -3.0217 0.9522 -1.0177, -2.8839 0.9522 -1.0177, -3.0217 0.9236 -0.9958, -2.8839 0.9236 -0.9958, -3.0217 0.7169 -0.8764, -2.8839 0.7169 -0.8764, -3.0217 2.1441 -0.9958, -3.0217 2.3508 -0.8764, -2.8839 2.1441 -0.9958, -2.8839 2.3508 -0.8764, -3.0217 2.1155 -1.0177, -2.8839 2.1155 -1.0177, -3.0217 2.0937 -1.0462, -2.8839 2.0937 -1.0462, -3.0217 2.0799 -1.0794, -2.8839 2.0799 -1.0794, -3.0217 2.0752 -1.1151, -2.8839 2.0752 -1.1151, -3.0217 2.0752 -2.3254, -2.8839 2.0752 -2.3254, -3.0217 1.9768 -2.3254, -2.8839 1.9768 -2.3254, -3.0217 1.9768 -1.1151, -2.8839 1.9768 -1.1151, -2.8839 1.9848 -1.054, -3.0217 1.9848 -1.054, -2.8839 2.0084 -0.997, -3.0217 2.0084 -0.997, -2.8839 2.046 -0.9481, -3.0217 2.046 -0.9481, -2.8839 2.0949 -0.9105, -3.0217 2.0949 -0.9105, -3.0217 2.3016 -0.7912, -2.8839 2.3016 -0.7912, -3.8091 0.9728 -0.9105, -3.8091 0.7661 -0.7912, -3.6713 0.9728 -0.9105, -3.6713 0.7661 -0.7912, -3.6713 1.0217 -0.9481, -3.8091 1.0217 -0.9481, -3.6713 1.0593 -0.997, -3.8091 1.0593 -0.997, -3.6713 1.0829 -1.054, -3.8091 1.0829 -1.054, -3.6713 1.0909 -1.1151, -3.8091 1.0909 -1.1151, -3.8091 1.0909 -2.3254, -3.6713 1.0909 -2.3254, -3.8091 0.9925 -2.3254, -3.6713 0.9925 -2.3254, -3.8091 0.9925 -1.1151, -3.6713 0.9925 -1.1151, -3.8091 0.9878 -1.0794, -3.6713 0.9878 -1.0794, -3.8091 0.9741 -1.0462, -3.6713 0.9741 -1.0462, -3.8091 0.9522 -1.0177, -3.6713 0.9522 -1.0177, -3.8091 0.9236 -0.9958, -3.6713 0.9236 -0.9958, -3.8091 0.7169 -0.8764, -3.6713 0.7169 -0.8764, -3.8091 2.1441 -0.9958, -3.8091 2.3508 -0.8764, -3.6713 2.1441 -0.9958, -3.6713 2.3508 -0.8764, -3.8091 2.1155 -1.0177, -3.6713 2.1155 -1.0177, -3.8091 2.0937 -1.0462, -3.6713 2.0937 -1.0462, -3.8091 2.0799 -1.0794, -3.6713 2.0799 -1.0794, -3.8091 2.0752 -1.1151, -3.6713 2.0752 -1.1151, -3.8091 2.0752 -2.3254, -3.6713 2.0752 -2.3254, -3.8091 1.9768 -2.3254, -3.6713 1.9768 -2.3254, -3.8091 1.9768 -1.1151, -3.6713 1.9768 -1.1151, -3.6713 1.9848 -1.054, -3.8091 1.9848 -1.054, -3.6713 2.0084 -0.997, -3.8091 2.0084 -0.997, -3.6713 2.046 -0.9481, -3.8091 2.046 -0.9481, -3.6713 2.0949 -0.9105, -3.8091 2.0949 -0.9105, -3.8091 2.3016 -0.7912, -3.6713 2.3016 -0.7912, -4.5965 0.9728 -0.9105, -4.5965 0.7661 -0.7912, -4.4587 0.9728 -0.9105, -4.4587 0.7661 -0.7912, -4.4587 1.0217 -0.9481, -4.5965 1.0217 -0.9481, -4.4587 1.0593 -0.997, -4.5965 1.0593 -0.997, -4.4587 1.0829 -1.054, -4.5965 1.0829 -1.054, -4.4587 1.0909 -1.1151, -4.5965 1.0909 -1.1151, -4.5965 1.0909 -2.3254, -4.4587 1.0909 -2.3254, -4.5965 0.9925 -2.3254, -4.4587 0.9925 -2.3254, -4.5965 0.9925 -1.1151, -4.4587 0.9925 -1.1151, -4.5965 0.9878 -1.0794, -4.4587 0.9878 -1.0794, -4.5965 0.9741 -1.0462, -4.4587 0.9741 -1.0462, -4.5965 0.9522 -1.0177, -4.4587 0.9522 -1.0177, -4.5965 0.9236 -0.9958, -4.4587 0.9236 -0.9958, -4.5965 0.7169 -0.8764, -4.4587 0.7169 -0.8764, -4.5965 2.1441 -0.9958, -4.5965 2.3508 -0.8764, -4.4587 2.1441 -0.9958, -4.4587 2.3508 -0.8764, -4.5965 2.1155 -1.0177, -4.4587 2.1155 -1.0177, -4.5965 2.0937 -1.0462, -4.4587 2.0937 -1.0462, -4.5965 2.0799 -1.0794, -4.4587 2.0799 -1.0794, -4.5965 2.0752 -1.1151, -4.4587 2.0752 -1.1151, -4.5965 2.0752 -2.3254, -4.4587 2.0752 -2.3254, -4.5965 1.9768 -2.3254, -4.4587 1.9768 -2.3254, -4.5965 1.9768 -1.1151, -4.4587 1.9768 -1.1151, -4.4587 1.9848 -1.054, -4.5965 1.9848 -1.054, -4.4587 2.0084 -0.997, -4.5965 2.0084 -0.997, -4.4587 2.046 -0.9481, -4.5965 2.046 -0.9481, -4.4587 2.0949 -0.9105, -4.5965 2.0949 -0.9105, -4.5965 2.3016 -0.7912, -4.4587 2.3016 -0.7912, -4.4587 2.3016 -0.7912
            ]
        }
        coordIndex [
            0,1,2,-1,2,1,3,-1,0,2,4,-1,0,4,5,-1,5,4,6,-1,5,6,7,-1,7,6,8,-1,7,8,9,-1,9,8,10,-1,9,10,11,-1,12,11,13,-1,13,11,10,-1,14,12,15,-1,15,12,13,-1,16,14,17,-1,17,14,15,-1,16,17,18,-1,18,17,19,-1,18,19,20,-1,20,19,21,-1,20,21,22,-1,22,21,23,-1,22,23,24,-1,24,23,25,-1,26,24,27,-1,27,24,25,-1,28,29,30,-1,30,29,31,-1,28,30,32,-1,32,30,33,-1,32,33,34,-1,34,33,35,-1,34,35,36,-1,36,35,37,-1,36,37,38,-1,38,37,39,-1,40,38,41,-1,41,38,39,-1,42,40,43,-1,43,40,41,-1,44,42,45,-1,45,42,43,-1,44,45,46,-1,44,46,47,-1,47,46,48,-1,47,48,49,-1,49,48,50,-1,49,50,51,-1,51,50,52,-1,51,52,53,-1,54,53,55,-1,55,53,52,-1,56,57,58,-1,58,57,59,-1,56,58,60,-1,60,58,61,-1,60,61,62,-1,62,61,63,-1,62,63,64,-1,64,63,65,-1,64,65,66,-1,66,65,67,-1,66,67,68,-1,68,67,69,-1,70,68,71,-1,71,68,69,-1,72,70,73,-1,73,70,71,-1,74,72,75,-1,75,72,73,-1,74,75,76,-1,74,76,77,-1,77,76,78,-1,77,78,79,-1,79,78,80,-1,79,80,81,-1,81,80,82,-1,81,82,83,-1,83,82,84,-1,83,84,85,-1,86,85,87,-1,87,85,84,-1,88,89,90,-1,90,89,91,-1,88,90,92,-1,88,92,93,-1,93,92,94,-1,93,94,95,-1,95,94,96,-1,95,96,97,-1,97,96,98,-1,97,98,99,-1,99,98,100,-1,99,100,101,-1,102,101,103,-1,103,101,100,-1,104,102,105,-1,105,102,103,-1,106,104,107,-1,107,104,105,-1,106,107,108,-1,108,107,109,-1,108,109,110,-1,110,109,111,-1,110,111,112,-1,112,111,113,-1,112,113,114,-1,114,113,115,-1,114,115,116,-1,116,115,117,-1,118,116,119,-1,119,116,117,-1,120,121,122,-1,122,121,123,-1,120,122,124,-1,120,124,125,-1,125,124,126,-1,125,126,127,-1,127,126,128,-1,127,128,129,-1,129,128,130,-1,129,130,131,-1,132,131,133,-1,133,131,130,-1,134,132,135,-1,135,132,133,-1,136,134,137,-1,137,134,135,-1,136,137,138,-1,138,137,139,-1,138,139,140,-1,140,139,141,-1,140,141,142,-1,142,141,143,-1,142,143,144,-1,144,143,145,-1,146,144,147,-1,147,144,145,-1,148,149,150,-1,150,149,151,-1,148,150,152,-1,152,150,153,-1,152,153,154,-1,154,153,155,-1,154,155,156,-1,156,155,157,-1,156,157,158,-1,158,157,159,-1,160,158,161,-1,161,158,159,-1,162,160,163,-1,163,160,161,-1,164,162,165,-1,165,162,163,-1,164,165,166,-1,164,166,167,-1,167,166,168,-1,167,168,169,-1,169,168,170,-1,169,170,171,-1,171,170,172,-1,171,172,173,-1,174,173,175,-1,175,173,172,-1,176,177,178,-1,178,177,179,-1,176,178,180,-1,176,180,181,-1,181,180,182,-1,181,182,183,-1,183,182,184,-1,183,184,185,-1,185,184,186,-1,185,186,187,-1,188,187,189,-1,189,187,186,-1,190,188,191,-1,191,188,189,-1,192,190,193,-1,193,190,191,-1,192,193,194,-1,194,193,195,-1,194,195,196,-1,196,195,197,-1,196,197,198,-1,198,197,199,-1,198,199,200,-1,200,199,201,-1,202,200,203,-1,203,200,201,-1,204,205,206,-1,206,205,207,-1,204,206,208,-1,208,206,209,-1,208,209,210,-1,210,209,211,-1,210,211,212,-1,212,211,213,-1,212,213,214,-1,214,213,215,-1,216,214,217,-1,217,214,215,-1,218,216,219,-1,219,216,217,-1,220,218,221,-1,221,218,219,-1,220,221,222,-1,220,222,223,-1,223,222,224,-1,223,224,225,-1,225,224,226,-1,225,226,227,-1,227,226,228,-1,227,228,229,-1,230,229,231,-1,231,229,228,-1,232,233,234,-1,234,233,235,-1,232,234,236,-1,232,236,237,-1,237,236,238,-1,237,238,239,-1,239,238,240,-1,239,240,241,-1,241,240,242,-1,241,242,243,-1,244,243,245,-1,245,243,242,-1,246,244,247,-1,247,244,245,-1,248,246,249,-1,249,246,247,-1,248,249,250,-1,250,249,251,-1,250,251,252,-1,252,251,253,-1,252,253,254,-1,254,253,255,-1,254,255,256,-1,256,255,257,-1,258,256,259,-1,259,256,257,-1,260,261,262,-1,262,261,263,-1,260,262,264,-1,264,262,265,-1,264,265,266,-1,266,265,267,-1,266,267,268,-1,268,267,269,-1,268,269,270,-1,270,269,271,-1,272,270,273,-1,273,270,271,-1,274,272,275,-1,275,272,273,-1,276,274,277,-1,277,274,275,-1,276,277,278,-1,276,278,279,-1,279,278,280,-1,279,280,281,-1,281,280,282,-1,281,282,283,-1,283,282,284,-1,283,284,285,-1,286,285,287,-1,287,285,284,-1,288,289,290,-1,290,289,291,-1,288,290,292,-1,292,290,293,-1,292,293,294,-1,294,293,295,-1,294,295,296,-1,296,295,297,-1,296,297,298,-1,298,297,299,-1,298,299,300,-1,300,299,301,-1,302,300,303,-1,303,300,301,-1,304,302,305,-1,305,302,303,-1,306,304,307,-1,307,304,305,-1,306,307,308,-1,306,308,309,-1,309,308,310,-1,309,310,311,-1,311,310,312,-1,311,312,313,-1,313,312,314,-1,313,314,315,-1,315,314,316,-1,315,316,317,-1,318,317,319,-1,319,317,316,-1,320,321,322,-1,322,321,323,-1,320,322,324,-1,320,324,325,-1,325,324,326,-1,325,326,327,-1,327,326,328,-1,327,328,329,-1,329,328,330,-1,329,330,331,-1,331,330,332,-1,331,332,333,-1,334,333,335,-1,335,333,332,-1,336,334,337,-1,337,334,335,-1,338,336,339,-1,339,336,337,-1,338,339,340,-1,340,339,341,-1,340,341,342,-1,342,341,343,-1,342,343,344,-1,344,343,345,-1,344,345,346,-1,346,345,347,-1,346,347,348,-1,348,347,349,-1,350,348,351,-1,351,348,349,-1,352,353,354,-1,354,353,355,-1,352,354,356,-1,356,354,357,-1,356,357,358,-1,358,357,359,-1,358,359,360,-1,360,359,361,-1,360,361,362,-1,362,361,363,-1,362,363,364,-1,364,363,365,-1,366,364,367,-1,367,364,365,-1,368,366,369,-1,369,366,367,-1,370,368,371,-1,371,368,369,-1,370,371,372,-1,370,372,373,-1,373,372,374,-1,373,374,375,-1,375,374,376,-1,375,376,377,-1,377,376,378,-1,377,378,379,-1,379,378,380,-1,379,380,381,-1,382,381,383,-1,383,381,380,-1,384,385,386,-1,386,385,387,-1,384,386,388,-1,384,388,389,-1,389,388,390,-1,389,390,391,-1,391,390,392,-1,391,392,393,-1,393,392,394,-1,393,394,395,-1,395,394,396,-1,395,396,397,-1,398,397,399,-1,399,397,396,-1,400,398,401,-1,401,398,399,-1,402,400,403,-1,403,400,401,-1,402,403,404,-1,404,403,405,-1,404,405,406,-1,406,405,407,-1,406,407,408,-1,408,407,409,-1,408,409,410,-1,410,409,411,-1,410,411,412,-1,412,411,413,-1,414,412,415,-1,415,412,413,-1,416,417,418,-1,418,417,419,-1,416,418,420,-1,420,418,421,-1,420,421,422,-1,422,421,423,-1,422,423,424,-1,424,423,425,-1,424,425,426,-1,426,425,427,-1,426,427,428,-1,428,427,429,-1,430,428,431,-1,431,428,429,-1,432,430,433,-1,433,430,431,-1,434,432,435,-1,435,432,433,-1,434,435,436,-1,434,436,437,-1,437,436,438,-1,437,438,439,-1,439,438,440,-1,439,440,441,-1,441,440,442,-1,441,442,443,-1,443,442,444,-1,443,444,445,-1,446,445,447,-1,447,445,444,-1,448,449,450,-1,450,449,451,-1,448,450,452,-1,448,452,453,-1,453,452,454,-1,453,454,455,-1,455,454,456,-1,455,456,457,-1,457,456,458,-1,457,458,459,-1,459,458,460,-1,459,460,461,-1,462,461,463,-1,463,461,460,-1,464,462,465,-1,465,462,463,-1,466,464,467,-1,467,464,465,-1,466,467,468,-1,468,467,469,-1,468,469,470,-1,470,469,471,-1,470,471,472,-1,472,471,473,-1,472,473,474,-1,474,473,475,-1,474,475,476,-1,476,475,477,-1,478,476,479,-1,479,476,477,-1,480,481,482,-1,482,481,483,-1,480,482,484,-1,484,482,485,-1,484,485,486,-1,486,485,487,-1,486,487,488,-1,488,487,489,-1,488,489,490,-1,490,489,491,-1,490,491,492,-1,492,491,493,-1,494,492,495,-1,495,492,493,-1,496,494,497,-1,497,494,495,-1,498,496,499,-1,499,496,497,-1,498,499,500,-1,498,500,501,-1,501,500,502,-1,501,502,503,-1,503,502,504,-1,503,504,505,-1,505,504,506,-1,505,506,507,-1,507,506,508,-1,507,508,509,-1,510,509,511,-1,511,509,508,-1,512,513,514,-1,514,513,515,-1,512,514,516,-1,512,516,517,-1,517,516,518,-1,517,518,519,-1,519,518,520,-1,519,520,521,-1,521,520,522,-1,521,522,523,-1,523,522,524,-1,523,524,525,-1,526,525,527,-1,527,525,524,-1,528,526,529,-1,529,526,527,-1,530,528,531,-1,531,528,529,-1,530,531,532,-1,532,531,533,-1,532,533,534,-1,534,533,535,-1,534,535,536,-1,536,535,537,-1,536,537,538,-1,538,537,539,-1,538,539,540,-1,540,539,541,-1,542,540,543,-1,543,540,541,-1,544,545,546,-1,546,545,547,-1,544,546,548,-1,548,546,549,-1,548,549,550,-1,550,549,551,-1,550,551,552,-1,552,551,553,-1,552,553,554,-1,554,553,555,-1,554,555,556,-1,556,555,557,-1,558,556,559,-1,559,556,557,-1,560,558,561,-1,561,558,559,-1,562,560,563,-1,563,560,561,-1,562,563,564,-1,562,564,565,-1,565,564,566,-1,565,566,567,-1,567,566,568,-1,567,568,569,-1,569,568,570,-1,569,570,571,-1,571,570,572,-1,571,572,573,-1,574,573,575,-1,575,573,572,-1,576,577,578,-1,578,577,579,-1,576,578,580,-1,576,580,581,-1,581,580,582,-1,581,582,583,-1,583,582,584,-1,583,584,585,-1,585,584,586,-1,585,586,587,-1,587,586,588,-1,587,588,589,-1,590,589,591,-1,591,589,588,-1,592,590,593,-1,593,590,591,-1,594,592,595,-1,595,592,593,-1,594,595,596,-1,596,595,597,-1,596,597,598,-1,598,597,599,-1,598,599,600,-1,600,599,601,-1,600,601,602,-1,602,601,603,-1,602,603,604,-1,604,603,605,-1,606,604,607,-1,607,604,605,-1,608,609,610,-1,610,609,611,-1,608,610,612,-1,612,610,613,-1,612,613,614,-1,614,613,615,-1,614,615,616,-1,616,615,617,-1,616,617,618,-1,618,617,619,-1,618,619,620,-1,620,619,621,-1,622,620,623,-1,623,620,621,-1,624,622,625,-1,625,622,623,-1,626,624,627,-1,627,624,625,-1,626,627,628,-1,626,628,629,-1,629,628,630,-1,629,630,631,-1,631,630,632,-1,631,632,633,-1,633,632,634,-1,633,634,635,-1,635,634,636,-1,635,636,637,-1,638,637,639,-1,639,637,636,-1,640,641,642,-1,642,641,643,-1,640,642,644,-1,640,644,645,-1,645,644,646,-1,645,646,647,-1,647,646,648,-1,647,648,649,-1,649,648,650,-1,649,650,651,-1,651,650,652,-1,651,652,653,-1,654,653,655,-1,655,653,652,-1,656,654,657,-1,657,654,655,-1,658,656,659,-1,659,656,657,-1,658,659,660,-1,660,659,661,-1,660,661,662,-1,662,661,663,-1,662,663,664,-1,664,663,665,-1,664,665,666,-1,666,665,667,-1,666,667,668,-1,668,667,669,-1,670,668,671,-1,671,668,669,-1,672,673,674,-1,674,673,675,-1,672,674,676,-1,676,674,677,-1,676,677,678,-1,678,677,679,-1,678,679,680,-1,680,679,681,-1,680,681,682,-1,682,681,683,-1,682,683,684,-1,684,683,685,-1,686,684,687,-1,687,684,685,-1,688,686,689,-1,689,686,687,-1,690,688,691,-1,691,688,689,-1,690,691,692,-1,690,692,693,-1,693,692,694,-1,693,694,695,-1,695,694,696,-1,695,696,697,-1,697,696,698,-1,697,698,699,-1,699,698,700,-1,699,700,701,-1,702,701,703,-1,703,701,700,-1,704,705,706,-1,706,705,707,-1,704,706,708,-1,704,708,709,-1,709,708,710,-1,709,710,711,-1,711,710,712,-1,711,712,713,-1,713,712,714,-1,713,714,715,-1,715,714,716,-1,715,716,717,-1,718,717,719,-1,719,717,716,-1,720,718,721,-1,721,718,719,-1,722,720,723,-1,723,720,721,-1,722,723,724,-1,724,723,725,-1,724,725,726,-1,726,725,727,-1,726,727,728,-1,728,727,729,-1,728,729,730,-1,730,729,731,-1,730,731,732,-1,732,731,733,-1,734,732,735,-1,735,732,733,-1,736,737,738,-1,738,737,739,-1,736,738,740,-1,740,738,741,-1,740,741,742,-1,742,741,743,-1,742,743,744,-1,744,743,745,-1,744,745,746,-1,746,745,747,-1,746,747,748,-1,748,747,749,-1,750,748,751,-1,751,748,749,-1,752,750,753,-1,753,750,751,-1,754,752,755,-1,755,752,753,-1,754,755,756,-1,754,756,757,-1,757,756,758,-1,757,758,759,-1,759,758,760,-1,759,760,761,-1,761,760,762,-1,761,762,763,-1,763,762,764,-1,763,764,765,-1,766,765,767,-1,767,765,764,-1,768,769,770,-1,770,769,771,-1,768,770,772,-1,768,772,773,-1,773,772,774,-1,773,774,775,-1,775,774,776,-1,775,776,777,-1,777,776,778,-1,777,778,779,-1,779,778,780,-1,779,780,781,-1,782,781,783,-1,783,781,780,-1,784,782,785,-1,785,782,783,-1,786,784,787,-1,787,784,785,-1,786,787,788,-1,788,787,789,-1,788,789,790,-1,790,789,791,-1,790,791,792,-1,792,791,793,-1,792,793,794,-1,794,793,795,-1,794,795,796,-1,796,795,797,-1,798,796,799,-1,799,796,797,-1,800,801,802,-1,802,801,803,-1,800,802,804,-1,800,804,805,-1,805,804,806,-1,805,806,807,-1,807,806,808,-1,807,808,809,-1,809,808,810,-1,809,810,811,-1,812,811,813,-1,813,811,810,-1,814,812,815,-1,815,812,813,-1,816,814,817,-1,817,814,815,-1,816,817,818,-1,818,817,819,-1,818,819,820,-1,820,819,821,-1,820,821,822,-1,822,821,823,-1,822,823,824,-1,824,823,825,-1,826,824,827,-1,827,824,825,-1,828,829,830,-1,830,829,831,-1,828,830,832,-1,832,830,833,-1,832,833,834,-1,834,833,835,-1,834,835,836,-1,836,835,837,-1,836,837,838,-1,838,837,839,-1,840,838,841,-1,841,838,839,-1,842,840,843,-1,843,840,841,-1,844,842,845,-1,845,842,843,-1,844,845,846,-1,844,846,847,-1,847,846,848,-1,847,848,849,-1,849,848,850,-1,849,850,851,-1,851,850,852,-1,851,852,853,-1,854,853,855,-1,855,853,852,-1,856,857,858,-1,858,857,859,-1,856,858,860,-1,856,860,861,-1,861,860,862,-1,861,862,863,-1,863,862,864,-1,863,864,865,-1,865,864,866,-1,865,866,867,-1,868,867,869,-1,869,867,866,-1,870,868,871,-1,871,868,869,-1,872,870,873,-1,873,870,871,-1,872,873,874,-1,874,873,875,-1,874,875,876,-1,876,875,877,-1,876,877,878,-1,878,877,879,-1,878,879,880,-1,880,879,881,-1,882,880,883,-1,883,880,881,-1,884,885,886,-1,886,885,887,-1,884,886,888,-1,888,886,889,-1,888,889,890,-1,890,889,891,-1,890,891,892,-1,892,891,893,-1,892,893,894,-1,894,893,895,-1,896,894,897,-1,897,894,895,-1,898,896,899,-1,899,896,897,-1,900,898,901,-1,901,898,899,-1,900,901,902,-1,900,902,903,-1,903,902,904,-1,903,904,905,-1,905,904,906,-1,905,906,907,-1,907,906,908,-1,907,908,909,-1,910,909,911,-1,911,909,908,-1,912,913,914,-1,914,913,915,-1,912,914,916,-1,912,916,917,-1,917,916,918,-1,917,918,919,-1,919,918,920,-1,919,920,921,-1,921,920,922,-1,921,922,923,-1,924,923,925,-1,925,923,922,-1,926,924,927,-1,927,924,925,-1,928,926,929,-1,929,926,927,-1,928,929,930,-1,930,929,931,-1,930,931,932,-1,932,931,933,-1,932,933,934,-1,934,933,935,-1,934,935,936,-1,936,935,937,-1,938,936,939,-1,939,936,937,-1,940,941,942,-1,942,941,943,-1,940,942,944,-1,944,942,945,-1,944,945,946,-1,946,945,947,-1,946,947,948,-1,948,947,949,-1,948,949,950,-1,950,949,951,-1,952,950,953,-1,953,950,951,-1,954,952,955,-1,955,952,953,-1,956,954,957,-1,957,954,955,-1,956,957,958,-1,956,958,959,-1,959,958,960,-1,959,960,961,-1,961,960,962,-1,961,962,963,-1,963,962,964,-1,963,964,965,-1,966,965,967,-1,967,965,964,-1,968,969,970,-1,970,969,971,-1,968,970,972,-1,968,972,973,-1,973,972,974,-1,973,974,975,-1,975,974,976,-1,975,976,977,-1,977,976,978,-1,977,978,979,-1,980,979,981,-1,981,979,978,-1,982,980,983,-1,983,980,981,-1,984,982,985,-1,985,982,983,-1,984,985,986,-1,986,985,987,-1,986,987,988,-1,988,987,989,-1,988,989,990,-1,990,989,991,-1,990,991,992,-1,992,991,993,-1,994,992,995,-1,995,992,993,-1,996,997,998,-1,998,997,999,-1,996,998,1000,-1,1000,998,1001,-1,1000,1001,1002,-1,1002,1001,1003,-1,1002,1003,1004,-1,1004,1003,1005,-1,1004,1005,1006,-1,1006,1005,1007,-1,1008,1006,1009,-1,1009,1006,1007,-1,1010,1008,1011,-1,1011,1008,1009,-1,1012,1010,1013,-1,1013,1010,1011,-1,1012,1013,1014,-1,1012,1014,1015,-1,1015,1014,1016,-1,1015,1016,1017,-1,1017,1016,1018,-1,1017,1018,1019,-1,1019,1018,1020,-1,1019,1020,1021,-1,1022,1021,1023,-1,1023,1021,1020,-1,1024,1025,1026,-1,1026,1025,1027,-1,1024,1026,1028,-1,1024,1028,1029,-1,1029,1028,1030,-1,1029,1030,1031,-1,1031,1030,1032,-1,1031,1032,1033,-1,1033,1032,1034,-1,1033,1034,1035,-1,1036,1035,1037,-1,1037,1035,1034,-1,1038,1036,1039,-1,1039,1036,1037,-1,1040,1038,1041,-1,1041,1038,1039,-1,1040,1041,1042,-1,1042,1041,1043,-1,1042,1043,1044,-1,1044,1043,1045,-1,1044,1045,1046,-1,1046,1045,1047,-1,1046,1047,1048,-1,1048,1047,1049,-1,1050,1048,1051,-1,1051,1048,1049,-1,1052,1053,1054,-1,1054,1053,1055,-1,1052,1054,1056,-1,1056,1054,1057,-1,1056,1057,1058,-1,1058,1057,1059,-1,1058,1059,1060,-1,1060,1059,1061,-1,1060,1061,1062,-1,1062,1061,1063,-1,1064,1062,1065,-1,1065,1062,1063,-1,1066,1064,1067,-1,1067,1064,1065,-1,1068,1066,1069,-1,1069,1066,1067,-1,1068,1069,1070,-1,1068,1070,1071,-1,1071,1070,1072,-1,1071,1072,1073,-1,1073,1072,1074,-1,1073,1074,1075,-1,1075,1074,1076,-1,1075,1076,1077,-1,1078,1077,1079,-1,1079,1077,1076,-1,
        ]
    }
}
Shape{
    appearance Appearance {
        material  Material 	{
            diffuseColor 0.25098039215686274 0.25098039215686274 0.25098039215686274
            specularColor 0.12549019607843137 0.12549019607843137 0.12549019607843137
            ambientIntensity 0.2
            transparency 0
            shininess 0.5
        }
    }
    geometry IndexedFaceSet {
        ccw TRUE
        solid FALSE
        coord DEF co Coordinate {
            point [
                3.2579 1.5339 -2.4986, 3.3667 1.4549 -2.7978, 3.2716 1.4294 -2.4986, 3.3972 1.3813 -2.7978, 3.3119 1.3321 -2.4986, 3.4457 1.3181 -2.7978, 3.3761 1.2485 -2.4986, 3.5089 1.2696 -2.7978, 3.4596 1.1844 -2.4986, 3.5824 1.2391 -2.7978, 3.557 1.1441 -2.4986, 3.6614 1.2287 -2.7978, 3.6614 1.1303 -2.4986, 3.7404 1.2391 -2.7978, 3.7659 1.1441 -2.4986, 3.814 1.2696 -2.7978, 3.8632 1.1844 -2.4986, 3.8772 1.3181 -2.7978, 3.9468 1.2485 -2.4986, 3.9257 1.3813 -2.7978, 4.0109 1.3321 -2.4986, 3.9561 1.4549 -2.7978, 4.0512 1.4294 -2.4986, 3.9665 1.5339 -2.7978, 4.065 1.5339 -2.4986, 3.9561 1.6128 -2.7978, 4.0512 1.6383 -2.4986, 3.9257 1.6864 -2.7978, 4.0109 1.7356 -2.4986, 3.8772 1.7496 -2.7978, 3.9468 1.8192 -2.4986, 3.814 1.7981 -2.7978, 3.8632 1.8833 -2.4986, 3.7404 1.8286 -2.7978, 3.7659 1.9236 -2.4986, 3.6614 1.839 -2.7978, 3.6614 1.9374 -2.4986, 3.5824 1.8286 -2.7978, 3.557 1.9236 -2.4986, 3.5089 1.7981 -2.7978, 3.4596 1.8833 -2.4986, 3.4457 1.7496 -2.7978, 3.3761 1.8192 -2.4986, 3.3972 1.6864 -2.7978, 3.3119 1.7356 -2.4986, 3.3667 1.6128 -2.7978, 3.2716 1.6383 -2.4986, 3.3563 1.5339 -2.7978, 3.937 2.9776 3.1602, 3.937 2.9661 3.2018, 3.9776 2.9628 3.1985, 3.937 2.9635 3.2065, 3.937 2.9428 3.2434, 3.9805 2.9393 3.2399, 3.937 2.9387 3.248, 3.937 2.9157 3.2736, 3.981 2.9121 3.27, 3.979 2.8707 3.299, 3.9747 2.8278 3.3155, 4.0105 2.8189 3.3066, 4.132 2.7839 3.1417, 4.129 2.8065 3.1644, 4.1272 2.7839 3.1783, 4.1243 2.7839 3.1853, 4.1065 2.7982 3.2265, 4.0999 2.7839 3.2357, 4.1075 2.7839 3.2258, 4.0699 2.7839 3.2714, 4.0762 2.7839 3.2666, 4.0842 2.8236 3.2518, 4.0007 2.7839 3.3122, 4.0354 2.7839 3.2978, 3.988 2.7839 3.3175, 3.9686 2.7839 3.32, 3.937 2.8167 3.3202, 3.937 2.7839 3.3242, 3.937 2.9785 3.157, 3.9725 2.9756 3.1541, 3.937 2.9807 3.1274, 3.9686 2.9765 3.1274, 4.0427 2.9487 3.1274, 4.0354 2.9543 3.1274, 4.0364 2.9537 3.1322, 4.0343 2.9548 3.1274, 4.0007 2.9687 3.1274, 4.1075 2.8823 3.1274, 4.1004 2.8915 3.1274, 4.0999 2.8919 3.1285, 4.0999 2.8922 3.1274, 4.0762 2.923 3.1274, 4.1282 2.8267 3.1274, 4.1272 2.8348 3.1274, 4.127 2.8348 3.1354, 4.1243 2.8418 3.1274, 4.1128 2.8641 3.1647, 3.937 2.9041 3.2815, 3.937 2.8741 3.3023, 3.937 2.8629 3.3065, 3.937 2.8308 3.3185, 4.0188 2.8608 3.289, 4.0425 2.8046 3.2922, 4.0681 2.7839 3.2728, 4.1339 2.7839 3.1274, 4.0228 2.9017 3.2596, 4.0545 2.8448 3.2731, 4.0685 2.7854 3.2722, 4.0795 2.9172 3.1529, 4.0681 2.9293 3.1274, 4.0507 2.9378 3.1734, 4.0897 2.8905 3.1911, 4.1147 2.8361 3.194, 4.1132 2.7839 3.212, 4.0219 2.9291 3.2296, 4.0602 2.885 3.2429, 4.0062 2.9672 3.1457, 3.988 2.974 3.1274, 4.0914 2.8627 3.2206, 4.0589 2.9125 3.2131, 4.0162 2.9532 3.1889, 2.7559 0.087 3.3242, 2.7559 0.0772 3.3242, 3.937 0.0772 3.3242, -1.5748 0.087 3.3242, -1.5748 0.0772 3.3242, 0.0 0.0772 3.3242, -0.1339 2.0988 3.3242, -5.5118 2.7839 3.3242, 0.5906 0.087 3.3242, -0.1339 0.9689 3.3242, -0.0 0.087 3.3242, -5.1535 0.9689 3.3242, 3.5197 1.0279 3.3242, 0.1929 1.0279 3.3242, 2.1654 0.087 3.3242, -4.3307 0.087 3.3242, -3.7402 0.087 3.3242, -3.7402 0.0772 3.3242, -2.1654 0.0772 3.3242, -2.1654 0.087 3.3242, -4.3307 0.0772 3.3242, -5.5118 0.0772 3.3242, -5.1535 2.0988 3.3242, 0.5906 0.0772 3.3242, 2.1654 0.0772 3.3242, 0.1929 2.0398 3.3242, 3.5197 2.0398 3.3242, -5.5118 2.8168 3.3214, -5.5118 2.8438 3.3133, -5.5482 2.8533 3.3079, -5.5118 2.8632 3.3075, -5.5118 2.8801 3.2974, -5.533 2.8887 3.2926, -5.5118 2.9162 3.2713, -5.5118 2.917 3.2705, -5.5499 2.9329 3.2502, -5.5118 2.964 3.2067, -5.5118 2.9749 3.1704, -5.5266 2.978 3.1565, -5.5549 2.9749 3.1274, -5.5547 2.9749 3.1281, -5.5545 2.975 3.1274, -5.6919 2.8632 3.1274, -5.6978 2.8438 3.1274, -5.6964 2.8493 3.1471, -5.7059 2.8168 3.1274, -5.7066 2.8088 3.1274, -5.7046 2.812 3.1553, -5.7086 2.7877 3.1274, -5.6819 2.8801 3.1274, -5.6765 2.889 3.1274, -5.682 2.8826 3.1327, -5.6671 2.9049 3.1274, -5.6661 2.8968 3.174, -5.6549 2.917 3.1274, -5.6328 2.9391 3.1274, -5.6436 2.9281 3.1514, -5.6193 2.9472 3.1274, -5.6167 2.9384 3.1895, -5.6128 2.9511 3.1274, -5.5448 2.9779 3.1274, -5.5118 2.9807 3.1274, -5.5118 2.9779 3.1603, -5.5118 2.9795 3.1417, -5.5118 2.9391 3.2484, -5.5118 2.9511 3.2284, -5.5218 2.9562 3.222, -5.5118 2.9609 3.2119, -5.5595 2.9645 3.1894, -5.5118 2.7877 3.3242, -5.5118 2.8088 3.3222, -5.5448 2.7877 3.3214, -5.5569 2.8137 3.3166, -5.5999 2.8171 3.3002, -5.5912 2.7877 3.3075, -5.5585 2.7877 3.3173, -5.6415 2.8187 3.2713, -5.6328 2.7877 3.2826, -5.6015 2.7877 3.3014, -5.6686 2.8184 3.2413, -5.6671 2.7877 3.2484, -5.6428 2.7877 3.2727, -5.692 2.8161 3.1998, -5.6919 2.7877 3.2067, -5.6702 2.7877 3.2432, -5.7062 2.7877 3.157, -5.7059 2.7877 3.1603, -5.6935 2.7877 3.2017, -5.5875 2.9626 3.1602, -5.5912 2.964 3.1274, -5.589 2.9401 3.2189, -5.5118 2.9049 3.2826, -5.5732 2.9006 3.2735, -5.6135 2.9062 3.2433, -5.6408 2.9049 3.2136, -5.5903 2.8612 3.2905, -5.6313 2.8649 3.2612, -5.6585 2.8641 3.2313, -5.6826 2.8587 3.1904, -5.7087 -0.474 1.8675, -5.7087 -0.474 2.2415, -5.7087 0.087 1.8675, -5.7087 -0.0231 3.1274, -5.7087 2.7839 3.1274, -5.7087 0.7464 -1.0656, -5.7087 0.087 -1.0656, -5.7087 0.7464 -0.6719, -5.7087 0.9138 -0.6719, -5.7087 2.1539 -0.6719, -5.7087 2.3213 -0.6719, -5.7087 2.7839 -1.0656, -5.7087 2.3213 -1.0656, 0.5906 0.087 1.8675, 0.0 0.087 1.8675, 2.7559 0.087 1.8675, 2.1654 0.087 1.8675, -1.5748 0.087 1.8675, -2.1654 0.087 1.8675, 0.7874 0.087 -0.6719, 1.1811 0.087 -0.6719, 1.5748 0.087 -0.6719, 1.9685 0.087 -0.6719, -5.0394 0.087 -1.0656, -5.0394 0.087 -0.6719, -4.3307 0.087 1.8675, -3.7402 0.087 1.8675, 0.4528 0.087 -0.6719, -0.4478 0.087 -0.6719, -0.7874 0.087 -0.6719, 3.4646 0.087 -1.0656, 4.1339 0.087 -1.0656, 3.4646 0.087 -0.6719, 4.1339 0.087 1.8675, 2.7559 0.087 -0.6719, 2.3622 0.087 -0.6719, -3.1496 0.087 -0.6719, -2.7559 0.087 -0.6719, -2.3622 0.087 -0.6719, -1.9685 0.087 -0.6719, -1.1811 0.087 -0.6719, -4.3307 0.087 -0.6719, -3.937 0.087 -0.6719, -3.5433 0.087 -0.6719, 4.1339 2.3213 -1.0656, 4.1339 2.7839 -1.0656, 4.1339 2.3213 -0.6719, 4.1339 2.1539 -0.6719, 4.1339 -0.474 2.2415, 4.1339 -0.474 1.8675, 4.1339 -0.0231 3.1274, 4.1339 0.9138 -0.6719, 4.1339 0.7464 -0.6719, 4.1339 0.7464 -1.0656, 3.4646 2.3213 -0.6719, 3.4646 2.9807 -0.6719, 3.4646 2.3213 -1.0656, 3.4646 2.9807 -1.0656, -5.0394 2.3213 -1.0656, -5.0394 2.9807 -1.0656, -5.0394 2.3213 -0.6719, -5.0394 2.9807 -0.6719, -5.1526 2.3213 -0.6719, 3.4646 0.7464 -0.6719, 3.4646 0.7464 -1.0656, 3.4646 0.5742 -0.6719, -5.0394 0.5742 -0.6719, -5.0394 0.7464 -1.0656, -5.0394 0.7464 -0.6719, -5.1526 0.7464 -0.6719, 0.2953 0.5496 -0.6719, 0.2953 0.5496 -1.0262, 0.2953 0.5742 -0.6719, 0.2953 0.8646 -1.0262, 0.2953 0.8646 -0.6719, -0.1772 0.5496 -0.6719, -0.1772 0.5496 -1.0262, -0.1772 0.8646 -0.6719, -0.1772 0.8646 -1.0262, -0.1772 0.5742 -0.6719, -0.1772 2.4935 -0.6719, -0.1772 2.5181 -0.6719, -0.1772 2.5181 -1.0262, -0.1772 2.2868 -0.6719, -0.1772 2.2031 -1.0262, -0.1772 2.2031 -0.6719, 0.2953 2.5181 -0.6719, 0.2953 2.5181 -1.0262, 0.2953 2.2031 -0.6719, 0.2953 2.2031 -1.0262, 0.2953 2.2868 -0.6719, 0.2953 2.4935 -0.6719, 0.2953 1.8968 -0.6719, 0.2953 1.8968 2.8715, 0.2953 2.0703 -0.6719, 0.2953 2.2031 2.8715, 0.2953 2.2031 2.8715
            ]
        }
        coordIndex [
            0,1,2,-1,2,1,3,-1,2,3,4,-1,4,3,5,-1,4,5,6,-1,6,5,7,-1,6,7,8,-1,8,7,9,-1,8,9,10,-1,10,9,11,-1,10,11,12,-1,12,11,13,-1,12,13,14,-1,14,13,15,-1,14,15,16,-1,16,15,17,-1,16,17,18,-1,18,17,19,-1,18,19,20,-1,20,19,21,-1,20,21,22,-1,22,21,23,-1,22,23,24,-1,24,23,25,-1,24,25,26,-1,26,25,27,-1,26,27,28,-1,28,27,29,-1,28,29,30,-1,30,29,31,-1,30,31,32,-1,32,31,33,-1,32,33,34,-1,34,33,35,-1,34,35,36,-1,36,35,37,-1,36,37,38,-1,38,37,39,-1,38,39,40,-1,40,39,41,-1,40,41,42,-1,42,41,43,-1,42,43,44,-1,44,43,45,-1,44,45,46,-1,46,45,47,-1,46,47,0,-1,0,47,1,-1,48,49,50,-1,51,52,53,-1,54,55,56,-1,57,58,59,-1,60,61,62,-1,62,61,63,-1,64,65,66,-1,67,68,69,-1,59,70,71,-1,70,59,72,-1,72,59,58,-1,72,58,73,-1,73,58,74,-1,73,74,75,-1,76,77,78,-1,78,77,79,-1,80,81,82,-1,82,81,83,-1,82,83,84,-1,85,86,87,-1,87,86,88,-1,87,88,89,-1,90,91,92,-1,92,91,93,-1,92,93,94,-1,95,96,57,-1,57,96,97,-1,57,97,58,-1,58,97,98,-1,58,98,74,-1,55,95,56,-1,56,95,57,-1,56,57,99,-1,99,57,59,-1,99,59,100,-1,100,59,71,-1,100,71,101,-1,102,90,60,-1,60,90,92,-1,60,92,61,-1,61,92,94,-1,52,54,53,-1,53,54,56,-1,53,56,103,-1,103,56,99,-1,103,99,104,-1,104,99,100,-1,104,100,105,-1,105,100,101,-1,93,85,94,-1,94,85,87,-1,94,87,106,-1,106,87,89,-1,106,89,107,-1,107,108,106,-1,106,108,109,-1,106,109,94,-1,94,109,110,-1,94,110,61,-1,61,110,111,-1,61,111,63,-1,49,51,50,-1,50,51,53,-1,50,53,112,-1,112,53,103,-1,112,103,113,-1,113,103,104,-1,113,104,69,-1,69,104,105,-1,69,105,67,-1,67,105,101,-1,107,80,108,-1,108,80,82,-1,108,82,114,-1,114,82,84,-1,114,84,115,-1,66,111,64,-1,64,111,110,-1,64,110,116,-1,116,110,109,-1,116,109,117,-1,117,109,108,-1,117,108,118,-1,118,108,114,-1,118,114,77,-1,77,114,115,-1,77,115,79,-1,76,48,77,-1,77,48,50,-1,77,50,118,-1,118,50,112,-1,118,112,117,-1,117,112,113,-1,117,113,116,-1,116,113,69,-1,116,69,64,-1,64,69,68,-1,64,68,65,-1,119,120,121,-1,122,123,124,-1,125,75,126,-1,127,128,129,-1,129,128,130,-1,131,132,133,-1,130,134,135,-1,136,137,135,-1,135,137,138,-1,135,138,130,-1,130,138,122,-1,130,122,129,-1,129,122,124,-1,139,134,140,-1,140,134,130,-1,140,130,126,-1,126,130,141,-1,126,141,125,-1,142,143,127,-1,127,143,133,-1,127,133,128,-1,128,133,132,-1,128,132,125,-1,125,132,144,-1,125,144,75,-1,75,144,145,-1,75,145,121,-1,121,145,131,-1,121,131,119,-1,119,131,133,-1,146,147,148,-1,149,150,151,-1,152,153,154,-1,155,156,157,-1,158,159,160,-1,161,162,163,-1,164,165,166,-1,166,165,167,-1,161,163,168,-1,169,170,171,-1,171,170,172,-1,171,172,173,-1,174,175,176,-1,176,175,177,-1,176,177,178,-1,160,159,179,-1,179,159,157,-1,179,157,180,-1,156,181,157,-1,157,181,182,-1,157,182,180,-1,183,184,185,-1,185,184,186,-1,185,186,187,-1,188,189,190,-1,190,189,191,-1,192,193,191,-1,191,193,194,-1,191,194,190,-1,195,196,192,-1,192,196,197,-1,192,197,193,-1,198,199,195,-1,195,199,200,-1,195,200,196,-1,201,202,198,-1,198,202,203,-1,198,203,199,-1,167,204,166,-1,166,204,205,-1,166,205,201,-1,201,205,206,-1,201,206,202,-1,186,155,187,-1,187,155,157,-1,187,157,207,-1,207,157,159,-1,207,159,208,-1,208,159,158,-1,153,183,154,-1,154,183,185,-1,154,185,209,-1,209,185,187,-1,209,187,177,-1,177,187,207,-1,177,207,178,-1,178,207,208,-1,150,210,151,-1,151,210,152,-1,151,152,211,-1,211,152,154,-1,211,154,212,-1,212,154,209,-1,212,209,213,-1,213,209,177,-1,213,177,172,-1,172,177,175,-1,172,175,173,-1,173,175,174,-1,147,149,148,-1,148,149,151,-1,148,151,214,-1,214,151,211,-1,214,211,215,-1,215,211,212,-1,215,212,216,-1,216,212,213,-1,216,213,217,-1,217,213,172,-1,217,172,163,-1,163,172,170,-1,163,170,168,-1,168,170,169,-1,189,146,191,-1,191,146,148,-1,191,148,192,-1,192,148,214,-1,192,214,195,-1,195,214,215,-1,195,215,198,-1,198,215,216,-1,198,216,201,-1,201,216,217,-1,201,217,166,-1,166,217,163,-1,166,163,164,-1,164,163,162,-1,218,219,220,-1,220,219,221,-1,220,221,222,-1,223,224,225,-1,225,224,220,-1,225,220,226,-1,226,220,227,-1,227,220,222,-1,227,222,228,-1,228,222,229,-1,228,229,230,-1,127,129,231,-1,231,129,232,-1,119,133,233,-1,233,133,234,-1,122,138,235,-1,235,138,236,-1,237,238,233,-1,233,238,239,-1,233,239,240,-1,224,241,242,-1,220,224,243,-1,243,224,244,-1,243,244,134,-1,134,244,135,-1,237,233,245,-1,245,233,234,-1,245,234,246,-1,246,234,231,-1,246,231,247,-1,248,249,250,-1,250,249,251,-1,250,251,252,-1,252,251,233,-1,252,233,253,-1,253,233,240,-1,254,255,235,-1,235,255,256,-1,235,256,232,-1,232,256,257,-1,232,257,231,-1,231,257,258,-1,231,258,247,-1,224,242,244,-1,244,242,259,-1,244,259,236,-1,236,259,260,-1,236,260,235,-1,235,260,261,-1,235,261,254,-1,262,263,264,-1,264,263,102,-1,264,102,265,-1,266,267,268,-1,268,267,251,-1,268,251,102,-1,265,102,269,-1,269,102,251,-1,269,251,270,-1,270,251,249,-1,270,249,271,-1,272,273,274,-1,274,273,275,-1,264,272,262,-1,262,272,274,-1,276,277,278,-1,278,277,279,-1,228,230,280,-1,280,230,276,-1,280,276,278,-1,281,282,283,-1,283,282,248,-1,283,248,250,-1,271,282,270,-1,270,282,281,-1,242,241,284,-1,284,241,285,-1,284,285,286,-1,286,285,287,-1,287,285,223,-1,287,223,225,-1,288,289,290,-1,290,289,291,-1,290,291,292,-1,288,293,289,-1,289,293,294,-1,295,296,297,-1,297,296,294,-1,297,294,293,-1,298,299,300,-1,298,300,301,-1,301,300,302,-1,301,302,303,-1,299,304,300,-1,300,304,305,-1,306,307,308,-1,308,307,305,-1,308,305,309,-1,309,305,304,-1,310,311,312,-1,312,311,313,-1,312,313,306,-1,
        ]
    }
}
Shape{
    appearance Appearance {
        material  Material 	{
            diffuseColor 0.8274509803921568 0.6666666666666666 0.12941176470588237
            specularColor 0.4117647058823529 0.3333333333333333 0.06666666666666667
            ambientIntensity 0.2
            transparency 0
            shininess 0.5
        }
    }
    geometry IndexedFaceSet {
        ccw TRUE
        solid FALSE
        coord DEF co Coordinate {
            point [
                -0.6594 0.6972 -0.6719, -0.5217 0.6972 -0.6719, -0.6594 0.7019 -0.7075, -0.5217 0.7019 -0.7075, -0.6594 0.7157 -0.7408, -0.5217 0.7157 -0.7408, -0.6594 0.7376 -0.7693, -0.5217 0.7376 -0.7693, -0.6594 0.7661 -0.7912, -0.5217 0.7661 -0.7912, -0.5217 0.5988 -0.6719, -0.5217 0.6069 -0.733, -0.5217 0.6305 -0.79, -0.5217 0.668 -0.8389, -0.5217 0.7169 -0.8764, -0.5217 0.9728 -0.9105, -0.5217 0.9236 -0.9958, -0.5217 1.0217 -0.9481, -0.5217 0.9522 -1.0177, -0.5217 1.0593 -0.997, -0.5217 0.9741 -1.0462, -0.5217 1.0829 -1.054, -0.5217 0.9878 -1.0794, -0.5217 1.0909 -1.1151, -0.5217 0.9925 -1.1151, -0.5217 1.0909 -2.3254, -0.5217 0.9925 -2.3254, -0.6594 0.7169 -0.8764, -0.6594 0.668 -0.8389, -0.6594 0.6305 -0.79, -0.6594 0.6069 -0.733, -0.6594 0.5988 -0.6719, -0.6594 2.4689 -0.6719, -0.5217 2.4689 -0.6719, -0.5217 2.4608 -0.733, -0.6594 2.4608 -0.733, -0.5217 2.4372 -0.79, -0.6594 2.4372 -0.79, -0.5217 2.3997 -0.8389, -0.6594 2.3997 -0.8389, -0.5217 2.3508 -0.8764, -0.6594 2.3508 -0.8764, -0.5217 1.9768 -2.3254, -0.5217 2.0752 -2.3254, -0.5217 1.9768 -1.1151, -0.5217 2.0752 -1.1151, -0.5217 1.9848 -1.054, -0.5217 2.0799 -1.0794, -0.5217 2.0084 -0.997, -0.5217 2.0937 -1.0462, -0.5217 2.046 -0.9481, -0.5217 2.1155 -1.0177, -0.5217 2.0949 -0.9105, -0.5217 2.1441 -0.9958, -0.5217 2.3016 -0.7912, -0.5217 2.3301 -0.7693, -0.5217 2.352 -0.7408, -0.5217 2.3658 -0.7075, -0.5217 2.3705 -0.6719, -0.6594 2.3016 -0.7912, -0.6594 2.3301 -0.7693, -0.6594 2.352 -0.7408, -0.6594 2.3658 -0.7075, -0.6594 2.3705 -0.6719, -1.0531 0.6972 -0.6719, -0.9154 0.6972 -0.6719, -0.9154 0.6921 -0.721, -1.0531 0.6921 -0.721, -0.9154 0.6768 -0.7679, -1.0531 0.6768 -0.7679, -0.9154 0.6521 -0.8107, -1.0531 0.6521 -0.8107, -0.9154 0.6191 -0.8474, -1.0531 0.6191 -0.8474, -0.9154 0.5791 -0.8764, -1.0531 0.5791 -0.8764, -0.9154 0.2051 -2.3254, -0.9154 0.3035 -2.3254, -0.9154 0.2051 -1.1151, -0.9154 0.3035 -1.1151, -0.9154 0.2103 -1.066, -0.9154 0.3065 -1.0864, -0.9154 0.2255 -1.019, -0.9154 0.3154 -1.0591, -0.9154 0.2502 -0.9763, -0.9154 0.3299 -1.0341, -0.9154 0.2833 -0.9396, -0.9154 0.3491 -1.0127, -0.9154 0.3232 -0.9105, -0.9154 0.3724 -0.9958, -0.9154 0.5299 -0.7912, -0.9154 0.5532 -0.7743, -0.9154 0.5725 -0.7529, -0.9154 0.5869 -0.7279, -0.9154 0.5958 -0.7005, -0.9154 0.5988 -0.6719, -1.0531 0.5299 -0.7912, -1.0531 0.5532 -0.7743, -1.0531 0.5725 -0.7529, -1.0531 0.5869 -0.7279, -1.0531 0.5958 -0.7005, -1.0531 0.5988 -0.6719, -1.0531 2.4689 -0.6719, -0.9154 2.4689 -0.6719, -1.0531 2.4719 -0.7005, -0.9154 2.4719 -0.7005, -1.0531 2.4808 -0.7279, -0.9154 2.4808 -0.7279, -1.0531 2.4952 -0.7529, -0.9154 2.4952 -0.7529, -1.0531 2.5145 -0.7743, -0.9154 2.5145 -0.7743, -1.0531 2.5378 -0.7912, -0.9154 2.5378 -0.7912, -0.9154 2.3705 -0.6719, -0.9154 2.3756 -0.721, -0.9154 2.3909 -0.7679, -0.9154 2.4156 -0.8107, -0.9154 2.4486 -0.8474, -0.9154 2.4886 -0.8764, -0.9154 2.7445 -0.9105, -0.9154 2.6953 -0.9958, -0.9154 2.7844 -0.9396, -0.9154 2.7186 -1.0127, -0.9154 2.8175 -0.9763, -0.9154 2.7378 -1.0341, -0.9154 2.8422 -1.019, -0.9154 2.7523 -1.0591, -0.9154 2.8574 -1.066, -0.9154 2.7612 -1.0864, -0.9154 2.8626 -1.1151, -0.9154 2.7642 -1.1151, -0.9154 2.8626 -2.3254, -0.9154 2.7642 -2.3254, -1.0531 2.4886 -0.8764, -1.0531 2.4486 -0.8474, -1.0531 2.4156 -0.8107, -1.0531 2.3909 -0.7679, -1.0531 2.3756 -0.721, -1.0531 2.3705 -0.6719, 0.9154 0.6972 -0.6719, 1.0531 0.6972 -0.6719, 0.9154 0.7019 -0.7075, 1.0531 0.7019 -0.7075, 0.9154 0.7157 -0.7408, 1.0531 0.7157 -0.7408, 0.9154 0.7376 -0.7693, 1.0531 0.7376 -0.7693, 0.9154 0.7661 -0.7912, 1.0531 0.7661 -0.7912, 1.0531 0.9925 -2.3254, 1.0531 1.0909 -2.3254, 1.0531 0.9925 -1.1151, 1.0531 1.0909 -1.1151, 1.0531 0.9878 -1.0794, 1.0531 1.0829 -1.054, 1.0531 0.9741 -1.0462, 1.0531 1.0593 -0.997, 1.0531 0.9522 -1.0177, 1.0531 1.0217 -0.9481, 1.0531 0.9236 -0.9958, 1.0531 0.9728 -0.9105, 1.0531 0.7169 -0.8764, 1.0531 0.668 -0.8389, 1.0531 0.6305 -0.79, 1.0531 0.6069 -0.733, 1.0531 0.5988 -0.6719, 0.9154 0.7169 -0.8764, 0.9154 0.668 -0.8389, 0.9154 0.6305 -0.79, 0.9154 0.6069 -0.733, 0.9154 0.5988 -0.6719, 0.9154 2.4689 -0.6719, 1.0531 2.4689 -0.6719, 1.0531 2.4608 -0.733, 0.9154 2.4608 -0.733, 1.0531 2.4372 -0.79, 0.9154 2.4372 -0.79, 1.0531 2.3997 -0.8389, 0.9154 2.3997 -0.8389, 1.0531 2.3508 -0.8764, 0.9154 2.3508 -0.8764, 1.0531 1.9768 -2.3254, 1.0531 2.0752 -2.3254, 1.0531 1.9768 -1.1151, 1.0531 2.0752 -1.1151, 1.0531 1.9848 -1.054, 1.0531 2.0799 -1.0794, 1.0531 2.0084 -0.997, 1.0531 2.0937 -1.0462, 1.0531 2.046 -0.9481, 1.0531 2.1155 -1.0177, 1.0531 2.0949 -0.9105, 1.0531 2.1441 -0.9958, 1.0531 2.3016 -0.7912, 1.0531 2.3301 -0.7693, 1.0531 2.352 -0.7408, 1.0531 2.3658 -0.7075, 1.0531 2.3705 -0.6719, 0.9154 2.3016 -0.7912, 0.9154 2.3301 -0.7693, 0.9154 2.352 -0.7408, 0.9154 2.3658 -0.7075, 0.9154 2.3705 -0.6719, 1.7028 0.6972 -0.6719, 1.8406 0.6972 -0.6719, 1.7028 0.7019 -0.7075, 1.8406 0.7019 -0.7075, 1.7028 0.7157 -0.7408, 1.8406 0.7157 -0.7408, 1.7028 0.7376 -0.7693, 1.8406 0.7376 -0.7693, 1.7028 0.7661 -0.7912, 1.8406 0.7661 -0.7912, 1.8406 0.9925 -2.3254, 1.8406 1.0909 -2.3254, 1.8406 0.9925 -1.1151, 1.8406 1.0909 -1.1151, 1.8406 0.9878 -1.0794, 1.8406 1.0829 -1.054, 1.8406 0.9741 -1.0462, 1.8406 1.0593 -0.997, 1.8406 0.9522 -1.0177, 1.8406 1.0217 -0.9481, 1.8406 0.9236 -0.9958, 1.8406 0.9728 -0.9105, 1.8406 0.7169 -0.8764, 1.8406 0.668 -0.8389, 1.8406 0.6305 -0.79, 1.8406 0.6069 -0.733, 1.8406 0.5988 -0.6719, 1.7028 0.7169 -0.8764, 1.7028 0.668 -0.8389, 1.7028 0.6305 -0.79, 1.7028 0.6069 -0.733, 1.7028 0.5988 -0.6719, 1.7028 2.4689 -0.6719, 1.8406 2.4689 -0.6719, 1.8406 2.4608 -0.733, 1.7028 2.4608 -0.733, 1.8406 2.4372 -0.79, 1.7028 2.4372 -0.79, 1.8406 2.3997 -0.8389, 1.7028 2.3997 -0.8389, 1.8406 2.3508 -0.8764, 1.7028 2.3508 -0.8764, 1.8406 1.9768 -2.3254, 1.8406 2.0752 -2.3254, 1.8406 1.9768 -1.1151, 1.8406 2.0752 -1.1151, 1.8406 1.9848 -1.054, 1.8406 2.0799 -1.0794, 1.8406 2.0084 -0.997, 1.8406 2.0937 -1.0462, 1.8406 2.046 -0.9481, 1.8406 2.1155 -1.0177, 1.8406 2.0949 -0.9105, 1.8406 2.1441 -0.9958, 1.8406 2.3016 -0.7912, 1.8406 2.3301 -0.7693, 1.8406 2.352 -0.7408, 1.8406 2.3658 -0.7075, 1.8406 2.3705 -0.6719, 1.7028 2.3016 -0.7912, 1.7028 2.3301 -0.7693, 1.7028 2.352 -0.7408, 1.7028 2.3658 -0.7075, 1.7028 2.3705 -0.6719, 2.4902 0.6972 -0.6719, 2.628 0.6972 -0.6719, 2.4902 0.7019 -0.7075, 2.628 0.7019 -0.7075, 2.4902 0.7157 -0.7408, 2.628 0.7157 -0.7408, 2.4902 0.7376 -0.7693, 2.628 0.7376 -0.7693, 2.4902 0.7661 -0.7912, 2.628 0.7661 -0.7912, 2.628 0.9925 -2.3254, 2.628 1.0909 -2.3254, 2.628 0.9925 -1.1151, 2.628 1.0909 -1.1151, 2.628 0.9878 -1.0794, 2.628 1.0829 -1.054, 2.628 0.9741 -1.0462, 2.628 1.0593 -0.997, 2.628 0.9522 -1.0177, 2.628 1.0217 -0.9481, 2.628 0.9236 -0.9958, 2.628 0.9728 -0.9105, 2.628 0.7169 -0.8764, 2.628 0.668 -0.8389, 2.628 0.6305 -0.79, 2.628 0.6069 -0.733, 2.628 0.5988 -0.6719, 2.4902 0.7169 -0.8764, 2.4902 0.668 -0.8389, 2.4902 0.6305 -0.79, 2.4902 0.6069 -0.733, 2.4902 0.5988 -0.6719, 2.4902 2.4689 -0.6719, 2.628 2.4689 -0.6719, 2.628 2.4608 -0.733, 2.4902 2.4608 -0.733, 2.628 2.4372 -0.79, 2.4902 2.4372 -0.79, 2.628 2.3997 -0.8389, 2.4902 2.3997 -0.8389, 2.628 2.3508 -0.8764, 2.4902 2.3508 -0.8764, 2.628 2.3705 -0.6719, 2.628 2.3658 -0.7075, 2.628 2.352 -0.7408, 2.628 2.3301 -0.7693, 2.628 2.3016 -0.7912, 2.628 2.1441 -0.9958, 2.628 2.0949 -0.9105, 2.628 2.1155 -1.0177, 2.628 2.046 -0.9481, 2.628 2.0937 -1.0462, 2.628 2.0084 -0.997, 2.628 2.0799 -1.0794, 2.628 1.9848 -1.054, 2.628 2.0752 -1.1151, 2.628 1.9768 -1.1151, 2.628 2.0752 -2.3254, 2.628 1.9768 -2.3254, 2.4902 2.3016 -0.7912, 2.4902 2.3301 -0.7693, 2.4902 2.352 -0.7408, 2.4902 2.3658 -0.7075, 2.4902 2.3705 -0.6719, 0.5217 0.6972 -0.6719, 0.6594 0.6972 -0.6719, 0.6594 0.6921 -0.721, 0.5217 0.6921 -0.721, 0.6594 0.6768 -0.7679, 0.5217 0.6768 -0.7679, 0.6594 0.6521 -0.8107, 0.5217 0.6521 -0.8107, 0.6594 0.6191 -0.8474, 0.5217 0.6191 -0.8474, 0.6594 0.5791 -0.8764, 0.5217 0.5791 -0.8764, 0.6594 0.2051 -2.3254, 0.6594 0.3035 -2.3254, 0.6594 0.2051 -1.1151, 0.6594 0.3035 -1.1151, 0.6594 0.2103 -1.066, 0.6594 0.3065 -1.0864, 0.6594 0.2255 -1.019, 0.6594 0.3154 -1.0591, 0.6594 0.2502 -0.9763, 0.6594 0.3299 -1.0341, 0.6594 0.2833 -0.9396, 0.6594 0.3491 -1.0127, 0.6594 0.3232 -0.9105, 0.6594 0.3724 -0.9958, 0.6594 0.5299 -0.7912, 0.6594 0.5532 -0.7743, 0.6594 0.5725 -0.7529, 0.6594 0.5869 -0.7279, 0.6594 0.5958 -0.7005, 0.6594 0.5988 -0.6719, 0.5217 0.5299 -0.7912, 0.5217 0.5532 -0.7743, 0.5217 0.5725 -0.7529, 0.5217 0.5869 -0.7279, 0.5217 0.5958 -0.7005, 0.5217 0.5988 -0.6719, 0.5217 2.4689 -0.6719, 0.6594 2.4689 -0.6719, 0.5217 2.4719 -0.7005, 0.6594 2.4719 -0.7005, 0.5217 2.4808 -0.7279, 0.6594 2.4808 -0.7279, 0.5217 2.4952 -0.7529, 0.6594 2.4952 -0.7529, 0.5217 2.5145 -0.7743, 0.6594 2.5145 -0.7743, 0.5217 2.5378 -0.7912, 0.6594 2.5378 -0.7912, 0.6594 2.7642 -2.3254, 0.6594 2.8626 -2.3254, 0.6594 2.7642 -1.1151, 0.6594 2.8626 -1.1151, 0.6594 2.7612 -1.0864, 0.6594 2.8574 -1.066, 0.6594 2.7523 -1.0591, 0.6594 2.8422 -1.019, 0.6594 2.7378 -1.0341, 0.6594 2.8175 -0.9763, 0.6594 2.7186 -1.0127, 0.6594 2.7844 -0.9396, 0.6594 2.6953 -0.9958, 0.6594 2.7445 -0.9105, 0.6594 2.4886 -0.8764, 0.6594 2.4486 -0.8474, 0.6594 2.4156 -0.8107, 0.6594 2.3909 -0.7679, 0.6594 2.3756 -0.721, 0.6594 2.3705 -0.6719, 0.5217 2.4886 -0.8764, 0.5217 2.4486 -0.8474, 0.5217 2.4156 -0.8107, 0.5217 2.3909 -0.7679, 0.5217 2.3756 -0.721, 0.5217 2.3705 -0.6719, 1.3091 0.6972 -0.6719, 1.4469 0.6972 -0.6719, 1.4469 0.6921 -0.721, 1.3091 0.6921 -0.721, 1.4469 0.6768 -0.7679, 1.3091 0.6768 -0.7679, 1.4469 0.6521 -0.8107, 1.3091 0.6521 -0.8107, 1.4469 0.6191 -0.8474, 1.3091 0.6191 -0.8474, 1.4469 0.5791 -0.8764, 1.3091 0.5791 -0.8764, 1.4469 0.2051 -2.3254, 1.4469 0.3035 -2.3254, 1.4469 0.2051 -1.1151, 1.4469 0.3035 -1.1151, 1.4469 0.2103 -1.066, 1.4469 0.3065 -1.0864, 1.4469 0.2255 -1.019, 1.4469 0.3154 -1.0591, 1.4469 0.2502 -0.9763, 1.4469 0.3299 -1.0341, 1.4469 0.2833 -0.9396, 1.4469 0.3491 -1.0127, 1.4469 0.3232 -0.9105, 1.4469 0.3724 -0.9958, 1.4469 0.5299 -0.7912, 1.4469 0.5532 -0.7743, 1.4469 0.5725 -0.7529, 1.4469 0.5869 -0.7279, 1.4469 0.5958 -0.7005, 1.4469 0.5988 -0.6719, 1.3091 0.5299 -0.7912, 1.3091 0.5532 -0.7743, 1.3091 0.5725 -0.7529, 1.3091 0.5869 -0.7279, 1.3091 0.5958 -0.7005, 1.3091 0.5988 -0.6719, 1.3091 2.4689 -0.6719, 1.4469 2.4689 -0.6719, 1.3091 2.4719 -0.7005, 1.4469 2.4719 -0.7005, 1.3091 2.4808 -0.7279, 1.4469 2.4808 -0.7279, 1.3091 2.4952 -0.7529, 1.4469 2.4952 -0.7529, 1.3091 2.5145 -0.7743, 1.4469 2.5145 -0.7743, 1.3091 2.5378 -0.7912, 1.4469 2.5378 -0.7912, 1.4469 2.3705 -0.6719, 1.4469 2.3756 -0.721, 1.4469 2.3909 -0.7679, 1.4469 2.4156 -0.8107, 1.4469 2.4486 -0.8474, 1.4469 2.4886 -0.8764, 1.4469 2.7445 -0.9105, 1.4469 2.6953 -0.9958, 1.4469 2.7844 -0.9396, 1.4469 2.7186 -1.0127, 1.4469 2.8175 -0.9763, 1.4469 2.7378 -1.0341, 1.4469 2.8422 -1.019, 1.4469 2.7523 -1.0591, 1.4469 2.8574 -1.066, 1.4469 2.7612 -1.0864, 1.4469 2.8626 -1.1151, 1.4469 2.7642 -1.1151, 1.4469 2.8626 -2.3254, 1.4469 2.7642 -2.3254, 1.3091 2.4886 -0.8764, 1.3091 2.4486 -0.8474, 1.3091 2.4156 -0.8107, 1.3091 2.3909 -0.7679, 1.3091 2.3756 -0.721, 1.3091 2.3705 -0.6719, 2.0965 0.6972 -0.6719, 2.2343 0.6972 -0.6719, 2.2343 0.6892 -0.733, 2.0965 0.6892 -0.733, 2.2343 0.6656 -0.79, 2.0965 0.6656 -0.79, 2.2343 0.628 -0.8389, 2.0965 0.628 -0.8389, 2.2343 0.5791 -0.8764, 2.0965 0.5791 -0.8764, 2.2343 0.5988 -0.6719, 2.2343 0.5958 -0.7005, 2.2343 0.5869 -0.7279, 2.2343 0.5725 -0.7529, 2.2343 0.5532 -0.7743, 2.2343 0.5299 -0.7912, 2.2343 0.3724 -0.9958, 2.2343 0.3232 -0.9105, 2.2343 0.3491 -1.0127, 2.2343 0.2833 -0.9396, 2.2343 0.3299 -1.0341, 2.2343 0.2502 -0.9763, 2.2343 0.3154 -1.0591, 2.2343 0.2255 -1.019, 2.2343 0.3065 -1.0864, 2.2343 0.2103 -1.066, 2.2343 0.3035 -1.1151, 2.2343 0.2051 -1.1151, 2.2343 0.3035 -2.3254, 2.2343 0.2051 -2.3254, 2.0965 0.5299 -0.7912, 2.0965 0.5532 -0.7743, 2.0965 0.5725 -0.7529, 2.0965 0.5869 -0.7279, 2.0965 0.5958 -0.7005, 2.0965 0.5988 -0.6719, 2.0965 2.4689 -0.6719, 2.2343 2.4689 -0.6719, 2.0965 2.4719 -0.7005, 2.2343 2.4719 -0.7005, 2.0965 2.4808 -0.7279, 2.2343 2.4808 -0.7279, 2.0965 2.4952 -0.7529, 2.2343 2.4952 -0.7529, 2.0965 2.5145 -0.7743, 2.2343 2.5145 -0.7743, 2.0965 2.5378 -0.7912, 2.2343 2.5378 -0.7912, 2.2343 2.3705 -0.6719, 2.2343 2.3785 -0.733, 2.2343 2.4021 -0.79, 2.2343 2.7642 -2.3254, 2.2343 2.8626 -2.3254, 2.2343 2.7642 -1.1151, 2.2343 2.8626 -1.1151, 2.2343 2.7612 -1.0864, 2.2343 2.8574 -1.066, 2.2343 2.7523 -1.0591, 2.2343 2.8422 -1.019, 2.2343 2.7378 -1.0341, 2.2343 2.8175 -0.9763, 2.2343 2.7186 -1.0127, 2.2343 2.7844 -0.9396, 2.2343 2.6953 -0.9958, 2.2343 2.7445 -0.9105, 2.2343 2.4886 -0.8764, 2.2343 2.4397 -0.8389, 2.0965 2.4886 -0.8764, 2.0965 2.4397 -0.8389, 2.0965 2.4021 -0.79, 2.0965 2.3785 -0.733, 2.0965 2.3705 -0.6719, 2.8839 0.6972 -0.6719, 3.0217 0.6972 -0.6719, 3.0217 0.6892 -0.733, 2.8839 0.6892 -0.733, 3.0217 0.6656 -0.79, 2.8839 0.6656 -0.79, 3.0217 0.628 -0.8389, 2.8839 0.628 -0.8389, 3.0217 0.5791 -0.8764, 2.8839 0.5791 -0.8764, 3.0217 0.5988 -0.6719, 3.0217 0.5958 -0.7005, 3.0217 0.5869 -0.7279, 3.0217 0.5725 -0.7529, 3.0217 0.5532 -0.7743, 3.0217 0.5299 -0.7912, 3.0217 0.3724 -0.9958, 3.0217 0.3232 -0.9105, 3.0217 0.3491 -1.0127, 3.0217 0.2833 -0.9396, 3.0217 0.3299 -1.0341, 3.0217 0.2502 -0.9763, 3.0217 0.3154 -1.0591, 3.0217 0.2255 -1.019, 3.0217 0.3065 -1.0864, 3.0217 0.2103 -1.066, 3.0217 0.3035 -1.1151, 3.0217 0.2051 -1.1151, 3.0217 0.3035 -2.3254, 3.0217 0.2051 -2.3254, 2.8839 0.5299 -0.7912, 2.8839 0.5532 -0.7743, 2.8839 0.5725 -0.7529, 2.8839 0.5869 -0.7279, 2.8839 0.5958 -0.7005, 2.8839 0.5988 -0.6719, 2.8839 2.4689 -0.6719, 3.0217 2.4689 -0.6719, 2.8839 2.4719 -0.7005, 3.0217 2.4719 -0.7005, 2.8839 2.4808 -0.7279, 3.0217 2.4808 -0.7279, 2.8839 2.4952 -0.7529, 3.0217 2.4952 -0.7529, 2.8839 2.5145 -0.7743, 3.0217 2.5145 -0.7743, 2.8839 2.5378 -0.7912, 3.0217 2.5378 -0.7912, 3.0217 2.3705 -0.6719, 3.0217 2.3785 -0.733, 3.0217 2.4021 -0.79, 3.0217 2.7642 -2.3254, 3.0217 2.8626 -2.3254, 3.0217 2.7642 -1.1151, 3.0217 2.8626 -1.1151, 3.0217 2.7612 -1.0864, 3.0217 2.8574 -1.066, 3.0217 2.7523 -1.0591, 3.0217 2.8422 -1.019, 3.0217 2.7378 -1.0341, 3.0217 2.8175 -0.9763, 3.0217 2.7186 -1.0127, 3.0217 2.7844 -0.9396, 3.0217 2.6953 -0.9958, 3.0217 2.7445 -0.9105, 3.0217 2.4886 -0.8764, 3.0217 2.4397 -0.8389, 2.8839 2.4886 -0.8764, 2.8839 2.4397 -0.8389, 2.8839 2.4021 -0.79, 2.8839 2.3785 -0.733, 2.8839 2.3705 -0.6719, -1.8406 0.6972 -0.6719, -1.7028 0.6972 -0.6719, -1.7028 0.6921 -0.721, -1.8406 0.6921 -0.721, -1.7028 0.6768 -0.7679, -1.8406 0.6768 -0.7679, -1.7028 0.6521 -0.8107, -1.8406 0.6521 -0.8107, -1.7028 0.6191 -0.8474, -1.8406 0.6191 -0.8474, -1.7028 0.5791 -0.8764, -1.8406 0.5791 -0.8764, -1.7028 0.2051 -2.3254, -1.7028 0.3035 -2.3254, -1.7028 0.2051 -1.1151, -1.7028 0.3035 -1.1151, -1.7028 0.2103 -1.066, -1.7028 0.3065 -1.0864, -1.7028 0.2255 -1.019, -1.7028 0.3154 -1.0591, -1.7028 0.2502 -0.9763, -1.7028 0.3299 -1.0341, -1.7028 0.2833 -0.9396, -1.7028 0.3491 -1.0127, -1.7028 0.3232 -0.9105, -1.7028 0.3724 -0.9958, -1.7028 0.5299 -0.7912, -1.7028 0.5532 -0.7743, -1.7028 0.5725 -0.7529, -1.7028 0.5869 -0.7279, -1.7028 0.5958 -0.7005, -1.7028 0.5988 -0.6719, -1.8406 0.5299 -0.7912, -1.8406 0.5532 -0.7743, -1.8406 0.5725 -0.7529, -1.8406 0.5869 -0.7279, -1.8406 0.5958 -0.7005, -1.8406 0.5988 -0.6719, -1.8406 2.4689 -0.6719, -1.7028 2.4689 -0.6719, -1.8406 2.4719 -0.7005, -1.7028 2.4719 -0.7005, -1.8406 2.4808 -0.7279, -1.7028 2.4808 -0.7279, -1.8406 2.4952 -0.7529, -1.7028 2.4952 -0.7529, -1.8406 2.5145 -0.7743, -1.7028 2.5145 -0.7743, -1.8406 2.5378 -0.7912, -1.7028 2.5378 -0.7912, -1.7028 2.3705 -0.6719, -1.7028 2.3756 -0.721, -1.7028 2.3909 -0.7679, -1.7028 2.4156 -0.8107, -1.7028 2.4486 -0.8474, -1.7028 2.4886 -0.8764, -1.7028 2.7445 -0.9105, -1.7028 2.6953 -0.9958, -1.7028 2.7844 -0.9396, -1.7028 2.7186 -1.0127, -1.7028 2.8175 -0.9763, -1.7028 2.7378 -1.0341, -1.7028 2.8422 -1.019, -1.7028 2.7523 -1.0591, -1.7028 2.8574 -1.066, -1.7028 2.7612 -1.0864, -1.7028 2.8626 -1.1151, -1.7028 2.7642 -1.1151, -1.7028 2.8626 -2.3254, -1.7028 2.7642 -2.3254, -1.8406 2.4886 -0.8764, -1.8406 2.4486 -0.8474, -1.8406 2.4156 -0.8107, -1.8406 2.3909 -0.7679, -1.8406 2.3756 -0.721, -1.8406 2.3705 -0.6719, -2.628 0.6972 -0.6719, -2.4902 0.6972 -0.6719, -2.4902 0.6921 -0.721, -2.628 0.6921 -0.721, -2.4902 0.6768 -0.7679, -2.628 0.6768 -0.7679, -2.4902 0.6521 -0.8107, -2.628 0.6521 -0.8107, -2.4902 0.6191 -0.8474, -2.628 0.6191 -0.8474, -2.4902 0.5791 -0.8764, -2.628 0.5791 -0.8764, -2.4902 0.2051 -2.3254, -2.4902 0.3035 -2.3254, -2.4902 0.2051 -1.1151, -2.4902 0.3035 -1.1151, -2.4902 0.2103 -1.066, -2.4902 0.3065 -1.0864, -2.4902 0.2255 -1.019, -2.4902 0.3154 -1.0591, -2.4902 0.2502 -0.9763, -2.4902 0.3299 -1.0341, -2.4902 0.2833 -0.9396, -2.4902 0.3491 -1.0127, -2.4902 0.3232 -0.9105, -2.4902 0.3724 -0.9958, -2.4902 0.5299 -0.7912, -2.4902 0.5532 -0.7743, -2.4902 0.5725 -0.7529, -2.4902 0.5869 -0.7279, -2.4902 0.5958 -0.7005, -2.4902 0.5988 -0.6719, -2.628 0.5299 -0.7912, -2.628 0.5532 -0.7743, -2.628 0.5725 -0.7529, -2.628 0.5869 -0.7279, -2.628 0.5958 -0.7005, -2.628 0.5988 -0.6719, -2.628 2.4689 -0.6719, -2.4902 2.4689 -0.6719, -2.628 2.4719 -0.7005, -2.4902 2.4719 -0.7005, -2.628 2.4808 -0.7279, -2.4902 2.4808 -0.7279, -2.628 2.4952 -0.7529, -2.4902 2.4952 -0.7529, -2.628 2.5145 -0.7743, -2.4902 2.5145 -0.7743, -2.628 2.5378 -0.7912, -2.4902 2.5378 -0.7912, -2.4902 2.3705 -0.6719, -2.4902 2.3756 -0.721, -2.4902 2.3909 -0.7679, -2.4902 2.4156 -0.8107, -2.4902 2.4486 -0.8474, -2.4902 2.4886 -0.8764, -2.4902 2.7445 -0.9105, -2.4902 2.6953 -0.9958, -2.4902 2.7844 -0.9396, -2.4902 2.7186 -1.0127, -2.4902 2.8175 -0.9763, -2.4902 2.7378 -1.0341, -2.4902 2.8422 -1.019, -2.4902 2.7523 -1.0591, -2.4902 2.8574 -1.066, -2.4902 2.7612 -1.0864, -2.4902 2.8626 -1.1151, -2.4902 2.7642 -1.1151, -2.4902 2.8626 -2.3254, -2.4902 2.7642 -2.3254, -2.628 2.4886 -0.8764, -2.628 2.4486 -0.8474, -2.628 2.4156 -0.8107, -2.628 2.3909 -0.7679, -2.628 2.3756 -0.721, -2.628 2.3705 -0.6719, -3.4154 0.6972 -0.6719, -3.2776 0.6972 -0.6719, -3.2776 0.6892 -0.733, -3.4154 0.6892 -0.733, -3.2776 0.6656 -0.79, -3.4154 0.6656 -0.79, -3.2776 0.628 -0.8389, -3.4154 0.628 -0.8389, -3.2776 0.5791 -0.8764, -3.4154 0.5791 -0.8764, -3.2776 0.5988 -0.6719, -3.2776 0.5958 -0.7005, -3.2776 0.2051 -2.3254, -3.2776 0.3035 -2.3254, -3.2776 0.2051 -1.1151, -3.2776 0.3035 -1.1151, -3.2776 0.2103 -1.066, -3.2776 0.3065 -1.0864, -3.2776 0.2255 -1.019, -3.2776 0.3154 -1.0591, -3.2776 0.2502 -0.9763, -3.2776 0.3299 -1.0341, -3.2776 0.2833 -0.9396, -3.2776 0.3491 -1.0127, -3.2776 0.3232 -0.9105, -3.2776 0.3724 -0.9958, -3.2776 0.5299 -0.7912, -3.2776 0.5532 -0.7743, -3.2776 0.5725 -0.7529, -3.2776 0.5869 -0.7279, -3.4154 0.5299 -0.7912, -3.4154 0.5532 -0.7743, -3.4154 0.5725 -0.7529, -3.4154 0.5869 -0.7279, -3.4154 0.5958 -0.7005, -3.4154 0.5988 -0.6719, -3.4154 2.4689 -0.6719, -3.2776 2.4689 -0.6719, -3.4154 2.4719 -0.7005, -3.2776 2.4719 -0.7005, -3.4154 2.4808 -0.7279, -3.2776 2.4808 -0.7279, -3.4154 2.4952 -0.7529, -3.2776 2.4952 -0.7529, -3.4154 2.5145 -0.7743, -3.2776 2.5145 -0.7743, -3.4154 2.5378 -0.7912, -3.2776 2.5378 -0.7912, -3.2776 2.3705 -0.6719, -3.2776 2.3785 -0.733, -3.2776 2.4021 -0.79, -3.2776 2.7642 -2.3254, -3.2776 2.8626 -2.3254, -3.2776 2.7642 -1.1151, -3.2776 2.8626 -1.1151, -3.2776 2.7612 -1.0864, -3.2776 2.8574 -1.066, -3.2776 2.7523 -1.0591, -3.2776 2.8422 -1.019, -3.2776 2.7378 -1.0341, -3.2776 2.8175 -0.9763, -3.2776 2.7186 -1.0127, -3.2776 2.7844 -0.9396, -3.2776 2.6953 -0.9958, -3.2776 2.7445 -0.9105, -3.2776 2.4886 -0.8764, -3.2776 2.4397 -0.8389, -3.4154 2.4886 -0.8764, -3.4154 2.4397 -0.8389, -3.4154 2.4021 -0.79, -3.4154 2.3785 -0.733, -3.4154 2.3705 -0.6719, -4.2028 0.6972 -0.6719, -4.065 0.6972 -0.6719, -4.065 0.6892 -0.733, -4.2028 0.6892 -0.733, -4.065 0.6656 -0.79, -4.2028 0.6656 -0.79, -4.065 0.628 -0.8389, -4.2028 0.628 -0.8389, -4.065 0.5791 -0.8764, -4.2028 0.5791 -0.8764, -4.065 0.5988 -0.6719, -4.065 0.5958 -0.7005, -4.065 0.2051 -2.3254, -4.065 0.3035 -2.3254, -4.065 0.2051 -1.1151, -4.065 0.3035 -1.1151, -4.065 0.2103 -1.066, -4.065 0.3065 -1.0864, -4.065 0.2255 -1.019, -4.065 0.3154 -1.0591, -4.065 0.2502 -0.9763, -4.065 0.3299 -1.0341, -4.065 0.2833 -0.9396, -4.065 0.3491 -1.0127, -4.065 0.3232 -0.9105, -4.065 0.3724 -0.9958, -4.065 0.5299 -0.7912, -4.065 0.5532 -0.7743, -4.065 0.5725 -0.7529, -4.065 0.5869 -0.7279, -4.2028 0.5299 -0.7912, -4.2028 0.5532 -0.7743, -4.2028 0.5725 -0.7529, -4.2028 0.5869 -0.7279, -4.2028 0.5958 -0.7005, -4.2028 0.5988 -0.6719, -4.2028 2.4689 -0.6719, -4.065 2.4689 -0.6719, -4.2028 2.4719 -0.7005, -4.065 2.4719 -0.7005, -4.2028 2.4808 -0.7279, -4.065 2.4808 -0.7279, -4.2028 2.4952 -0.7529, -4.065 2.4952 -0.7529, -4.2028 2.5145 -0.7743, -4.065 2.5145 -0.7743, -4.2028 2.5378 -0.7912, -4.065 2.5378 -0.7912, -4.065 2.3705 -0.6719, -4.065 2.3785 -0.733, -4.065 2.4021 -0.79, -4.065 2.7642 -2.3254, -4.065 2.8626 -2.3254, -4.065 2.7642 -1.1151, -4.065 2.8626 -1.1151, -4.065 2.7612 -1.0864, -4.065 2.8574 -1.066, -4.065 2.7523 -1.0591, -4.065 2.8422 -1.019, -4.065 2.7378 -1.0341, -4.065 2.8175 -0.9763, -4.065 2.7186 -1.0127, -4.065 2.7844 -0.9396, -4.065 2.6953 -0.9958, -4.065 2.7445 -0.9105, -4.065 2.4886 -0.8764, -4.065 2.4397 -0.8389, -4.2028 2.4886 -0.8764, -4.2028 2.4397 -0.8389, -4.2028 2.4021 -0.79, -4.2028 2.3785 -0.733, -4.2028 2.3705 -0.6719, -1.4469 0.6972 -0.6719, -1.3091 0.6972 -0.6719, -1.4469 0.7019 -0.7075, -1.3091 0.7019 -0.7075, -1.4469 0.7157 -0.7408, -1.3091 0.7157 -0.7408, -1.4469 0.7376 -0.7693, -1.3091 0.7376 -0.7693, -1.4469 0.7661 -0.7912, -1.3091 0.7661 -0.7912, -1.3091 0.9925 -2.3254, -1.3091 1.0909 -2.3254, -1.3091 0.9925 -1.1151, -1.3091 1.0909 -1.1151, -1.3091 0.9878 -1.0794, -1.3091 1.0829 -1.054, -1.3091 0.9741 -1.0462, -1.3091 1.0593 -0.997, -1.3091 0.9522 -1.0177, -1.3091 1.0217 -0.9481, -1.3091 0.9236 -0.9958, -1.3091 0.9728 -0.9105, -1.3091 0.7169 -0.8764, -1.3091 0.668 -0.8389, -1.3091 0.6305 -0.79, -1.3091 0.6069 -0.733, -1.3091 0.5988 -0.6719, -1.4469 0.7169 -0.8764, -1.4469 0.668 -0.8389, -1.4469 0.6305 -0.79, -1.4469 0.6069 -0.733, -1.4469 0.5988 -0.6719, -1.4469 2.4689 -0.6719, -1.3091 2.4689 -0.6719, -1.3091 2.4608 -0.733, -1.4469 2.4608 -0.733, -1.3091 2.4372 -0.79, -1.4469 2.4372 -0.79, -1.3091 2.3997 -0.8389, -1.4469 2.3997 -0.8389, -1.3091 2.3508 -0.8764, -1.4469 2.3508 -0.8764, -1.3091 1.9768 -2.3254, -1.3091 2.0752 -2.3254, -1.3091 1.9768 -1.1151, -1.3091 2.0752 -1.1151, -1.3091 1.9848 -1.054, -1.3091 2.0799 -1.0794, -1.3091 2.0084 -0.997, -1.3091 2.0937 -1.0462, -1.3091 2.046 -0.9481, -1.3091 2.1155 -1.0177, -1.3091 2.0949 -0.9105, -1.3091 2.1441 -0.9958, -1.3091 2.3016 -0.7912, -1.3091 2.3301 -0.7693, -1.3091 2.352 -0.7408, -1.3091 2.3658 -0.7075, -1.3091 2.3705 -0.6719, -1.4469 2.3016 -0.7912, -1.4469 2.3301 -0.7693, -1.4469 2.352 -0.7408, -1.4469 2.3658 -0.7075, -1.4469 2.3705 -0.6719, -2.2343 0.6972 -0.6719, -2.0965 0.6972 -0.6719, -2.2343 0.7019 -0.7075, -2.0965 0.7019 -0.7075, -2.2343 0.7157 -0.7408, -2.0965 0.7157 -0.7408, -2.2343 0.7376 -0.7693, -2.0965 0.7376 -0.7693, -2.2343 0.7661 -0.7912, -2.0965 0.7661 -0.7912, -2.0965 0.9925 -2.3254, -2.0965 1.0909 -2.3254, -2.0965 0.9925 -1.1151, -2.0965 1.0909 -1.1151, -2.0965 0.9878 -1.0794, -2.0965 1.0829 -1.054, -2.0965 0.9741 -1.0462, -2.0965 1.0593 -0.997, -2.0965 0.9522 -1.0177, -2.0965 1.0217 -0.9481, -2.0965 0.9236 -0.9958, -2.0965 0.9728 -0.9105, -2.0965 0.7169 -0.8764, -2.0965 0.668 -0.8389, -2.0965 0.6305 -0.79, -2.0965 0.6069 -0.733, -2.0965 0.5988 -0.6719, -2.2343 0.7169 -0.8764, -2.2343 0.668 -0.8389, -2.2343 0.6305 -0.79, -2.2343 0.6069 -0.733, -2.2343 0.5988 -0.6719, -2.2343 2.4689 -0.6719, -2.0965 2.4689 -0.6719, -2.0965 2.4608 -0.733, -2.2343 2.4608 -0.733, -2.0965 2.4372 -0.79, -2.2343 2.4372 -0.79, -2.0965 2.3997 -0.8389, -2.2343 2.3997 -0.8389, -2.0965 2.3508 -0.8764, -2.2343 2.3508 -0.8764, -2.0965 1.9768 -2.3254, -2.0965 2.0752 -2.3254, -2.0965 1.9768 -1.1151, -2.0965 2.0752 -1.1151, -2.0965 1.9848 -1.054, -2.0965 2.0799 -1.0794, -2.0965 2.0084 -0.997, -2.0965 2.0937 -1.0462, -2.0965 2.046 -0.9481, -2.0965 2.1155 -1.0177, -2.0965 2.0949 -0.9105, -2.0965 2.1441 -0.9958, -2.0965 2.3016 -0.7912, -2.0965 2.3301 -0.7693, -2.0965 2.352 -0.7408, -2.0965 2.3658 -0.7075, -2.0965 2.3705 -0.6719, -2.2343 2.3016 -0.7912, -2.2343 2.3301 -0.7693, -2.2343 2.352 -0.7408, -2.2343 2.3658 -0.7075, -2.2343 2.3705 -0.6719, -3.0217 0.6972 -0.6719, -2.8839 0.6972 -0.6719, -3.0217 0.7019 -0.7075, -2.8839 0.7019 -0.7075, -3.0217 0.7157 -0.7408, -2.8839 0.7157 -0.7408, -3.0217 0.7376 -0.7693, -2.8839 0.7376 -0.7693, -3.0217 0.7661 -0.7912, -2.8839 0.7661 -0.7912, -2.8839 0.9925 -2.3254, -2.8839 1.0909 -2.3254, -2.8839 0.9925 -1.1151, -2.8839 1.0909 -1.1151, -2.8839 0.9878 -1.0794, -2.8839 1.0829 -1.054, -2.8839 0.9741 -1.0462, -2.8839 1.0593 -0.997, -2.8839 0.9522 -1.0177, -2.8839 1.0217 -0.9481, -2.8839 0.9236 -0.9958, -2.8839 0.9728 -0.9105, -2.8839 0.7169 -0.8764, -2.8839 0.668 -0.8389, -2.8839 0.6305 -0.79, -2.8839 0.6069 -0.733, -2.8839 0.5988 -0.6719, -3.0217 0.7169 -0.8764, -3.0217 0.668 -0.8389, -3.0217 0.6305 -0.79, -3.0217 0.6069 -0.733, -3.0217 0.5988 -0.6719, -3.0217 2.4689 -0.6719, -2.8839 2.4689 -0.6719, -2.8839 2.4608 -0.733, -3.0217 2.4608 -0.733, -2.8839 2.4372 -0.79, -3.0217 2.4372 -0.79, -2.8839 2.3997 -0.8389, -3.0217 2.3997 -0.8389, -2.8839 2.3508 -0.8764, -3.0217 2.3508 -0.8764, -2.8839 1.9768 -2.3254, -2.8839 2.0752 -2.3254, -2.8839 1.9768 -1.1151, -2.8839 2.0752 -1.1151, -2.8839 1.9848 -1.054, -2.8839 2.0799 -1.0794, -2.8839 2.0084 -0.997, -2.8839 2.0937 -1.0462, -2.8839 2.046 -0.9481, -2.8839 2.1155 -1.0177, -2.8839 2.0949 -0.9105, -2.8839 2.1441 -0.9958, -2.8839 2.3016 -0.7912, -2.8839 2.3301 -0.7693, -2.8839 2.352 -0.7408, -2.8839 2.3658 -0.7075, -2.8839 2.3705 -0.6719, -3.0217 2.3016 -0.7912, -3.0217 2.3301 -0.7693, -3.0217 2.352 -0.7408, -3.0217 2.3658 -0.7075, -3.0217 2.3705 -0.6719, -3.8091 0.6972 -0.6719, -3.6713 0.6972 -0.6719, -3.8091 0.7019 -0.7075, -3.6713 0.7019 -0.7075, -3.8091 0.7157 -0.7408, -3.6713 0.7157 -0.7408, -3.8091 0.7376 -0.7693, -3.6713 0.7376 -0.7693, -3.8091 0.7661 -0.7912, -3.6713 0.7661 -0.7912, -3.6713 0.9925 -2.3254, -3.6713 1.0909 -2.3254, -3.6713 0.9925 -1.1151, -3.6713 1.0909 -1.1151, -3.6713 0.9878 -1.0794, -3.6713 1.0829 -1.054, -3.6713 0.9741 -1.0462, -3.6713 1.0593 -0.997, -3.6713 0.9522 -1.0177, -3.6713 1.0217 -0.9481, -3.6713 0.9236 -0.9958, -3.6713 0.9728 -0.9105, -3.6713 0.7169 -0.8764, -3.6713 0.668 -0.8389, -3.6713 0.6305 -0.79, -3.6713 0.6069 -0.733, -3.6713 0.5988 -0.6719, -3.8091 0.7169 -0.8764, -3.8091 0.668 -0.8389, -3.8091 0.6305 -0.79, -3.8091 0.6069 -0.733, -3.8091 0.5988 -0.6719, -3.8091 2.4689 -0.6719, -3.6713 2.4689 -0.6719, -3.6713 2.4608 -0.733, -3.8091 2.4608 -0.733, -3.6713 2.4372 -0.79, -3.8091 2.4372 -0.79, -3.6713 2.3997 -0.8389, -3.8091 2.3997 -0.8389, -3.6713 2.3508 -0.8764, -3.8091 2.3508 -0.8764, -3.6713 1.9768 -2.3254, -3.6713 2.0752 -2.3254, -3.6713 1.9768 -1.1151, -3.6713 2.0752 -1.1151, -3.6713 1.9848 -1.054, -3.6713 2.0799 -1.0794, -3.6713 2.0084 -0.997, -3.6713 2.0937 -1.0462, -3.6713 2.046 -0.9481, -3.6713 2.1155 -1.0177, -3.6713 2.0949 -0.9105, -3.6713 2.1441 -0.9958, -3.6713 2.3016 -0.7912, -3.6713 2.3301 -0.7693, -3.6713 2.352 -0.7408, -3.6713 2.3658 -0.7075, -3.6713 2.3705 -0.6719, -3.8091 2.3016 -0.7912, -3.8091 2.3301 -0.7693, -3.8091 2.352 -0.7408, -3.8091 2.3658 -0.7075, -3.8091 2.3705 -0.6719, -4.5965 0.6972 -0.6719, -4.4587 0.6972 -0.6719, -4.5965 0.7019 -0.7075, -4.4587 0.7019 -0.7075, -4.5965 0.7157 -0.7408, -4.4587 0.7157 -0.7408, -4.5965 0.7376 -0.7693, -4.4587 0.7376 -0.7693, -4.5965 0.7661 -0.7912, -4.4587 0.7661 -0.7912, -4.4587 0.9925 -2.3254, -4.4587 1.0909 -2.3254, -4.4587 0.9925 -1.1151, -4.4587 1.0909 -1.1151, -4.4587 0.9878 -1.0794, -4.4587 1.0829 -1.054, -4.4587 0.9741 -1.0462, -4.4587 1.0593 -0.997, -4.4587 0.9522 -1.0177, -4.4587 1.0217 -0.9481, -4.4587 0.9236 -0.9958, -4.4587 0.9728 -0.9105, -4.4587 0.7169 -0.8764, -4.4587 0.668 -0.8389, -4.4587 0.6305 -0.79, -4.4587 0.6069 -0.733, -4.4587 0.5988 -0.6719, -4.5965 0.7169 -0.8764, -4.5965 0.668 -0.8389, -4.5965 0.6305 -0.79, -4.5965 0.6069 -0.733, -4.5965 0.5988 -0.6719, -4.5965 2.4689 -0.6719, -4.4587 2.4689 -0.6719, -4.4587 2.4608 -0.733, -4.5965 2.4608 -0.733, -4.4587 2.4372 -0.79, -4.5965 2.4372 -0.79, -4.4587 2.3997 -0.8389, -4.5965 2.3997 -0.8389, -4.4587 2.3508 -0.8764, -4.5965 2.3508 -0.8764, -4.4587 1.9768 -2.3254, -4.4587 2.0752 -2.3254, -4.4587 1.9768 -1.1151, -4.4587 2.0752 -1.1151, -4.4587 1.9848 -1.054, -4.4587 2.0799 -1.0794, -4.4587 2.0084 -0.997, -4.4587 2.0937 -1.0462, -4.4587 2.046 -0.9481, -4.4587 2.1155 -1.0177, -4.4587 2.0949 -0.9105, -4.4587 2.1441 -0.9958, -4.4587 2.3016 -0.7912, -4.4587 2.3301 -0.7693, -4.4587 2.352 -0.7408, -4.4587 2.3658 -0.7075, -4.4587 2.3705 -0.6719, -4.5965 2.3016 -0.7912, -4.5965 2.3301 -0.7693, -4.5965 2.352 -0.7408, -4.5965 2.3658 -0.7075, -4.5965 2.3705 -0.6719, -4.5965 2.3705 -0.6719
            ]
        }
        coordIndex [
            0,1,2,-1,2,1,3,-1,2,3,4,-1,4,3,5,-1,4,5,6,-1,6,5,7,-1,6,7,8,-1,8,7,9,-1,1,10,3,-1,3,10,11,-1,3,11,5,-1,5,11,12,-1,5,12,7,-1,7,12,13,-1,7,13,9,-1,9,13,14,-1,9,14,15,-1,15,14,16,-1,15,16,17,-1,17,16,18,-1,17,18,19,-1,19,18,20,-1,19,20,21,-1,21,20,22,-1,21,22,23,-1,23,22,24,-1,23,24,25,-1,25,24,26,-1,27,14,13,-1,27,13,28,-1,28,13,12,-1,28,12,29,-1,29,12,11,-1,29,11,30,-1,30,11,10,-1,30,10,31,-1,32,33,34,-1,32,34,35,-1,35,34,36,-1,35,36,37,-1,37,36,38,-1,37,38,39,-1,39,38,40,-1,39,40,41,-1,42,43,44,-1,44,43,45,-1,44,45,46,-1,46,45,47,-1,46,47,48,-1,48,47,49,-1,48,49,50,-1,50,49,51,-1,50,51,52,-1,52,51,53,-1,52,53,54,-1,54,53,40,-1,54,40,55,-1,55,40,38,-1,55,38,56,-1,56,38,36,-1,56,36,57,-1,57,36,34,-1,57,34,58,-1,58,34,33,-1,59,54,60,-1,60,54,55,-1,60,55,61,-1,61,55,56,-1,61,56,62,-1,62,56,57,-1,62,57,63,-1,63,57,58,-1,64,65,66,-1,64,66,67,-1,67,66,68,-1,67,68,69,-1,69,68,70,-1,69,70,71,-1,71,70,72,-1,71,72,73,-1,73,72,74,-1,73,74,75,-1,76,77,78,-1,78,77,79,-1,78,79,80,-1,80,79,81,-1,80,81,82,-1,82,81,83,-1,82,83,84,-1,84,83,85,-1,84,85,86,-1,86,85,87,-1,86,87,88,-1,88,87,89,-1,88,89,90,-1,90,89,74,-1,90,74,91,-1,91,74,72,-1,91,72,92,-1,92,72,70,-1,92,70,93,-1,93,70,68,-1,93,68,94,-1,94,68,66,-1,94,66,95,-1,95,66,65,-1,96,90,97,-1,97,90,91,-1,97,91,98,-1,98,91,92,-1,98,92,99,-1,99,92,93,-1,99,93,100,-1,100,93,94,-1,100,94,101,-1,101,94,95,-1,102,103,104,-1,104,103,105,-1,104,105,106,-1,106,105,107,-1,106,107,108,-1,108,107,109,-1,108,109,110,-1,110,109,111,-1,110,111,112,-1,112,111,113,-1,103,114,105,-1,105,114,115,-1,105,115,107,-1,107,115,116,-1,107,116,109,-1,109,116,117,-1,109,117,111,-1,111,117,118,-1,111,118,113,-1,113,118,119,-1,113,119,120,-1,120,119,121,-1,120,121,122,-1,122,121,123,-1,122,123,124,-1,124,123,125,-1,124,125,126,-1,126,125,127,-1,126,127,128,-1,128,127,129,-1,128,129,130,-1,130,129,131,-1,130,131,132,-1,132,131,133,-1,134,119,118,-1,134,118,135,-1,135,118,117,-1,135,117,136,-1,136,117,116,-1,136,116,137,-1,137,116,115,-1,137,115,138,-1,138,115,114,-1,138,114,139,-1,140,141,142,-1,142,141,143,-1,142,143,144,-1,144,143,145,-1,144,145,146,-1,146,145,147,-1,146,147,148,-1,148,147,149,-1,150,151,152,-1,152,151,153,-1,152,153,154,-1,154,153,155,-1,154,155,156,-1,156,155,157,-1,156,157,158,-1,158,157,159,-1,158,159,160,-1,160,159,161,-1,160,161,162,-1,162,161,149,-1,162,149,163,-1,163,149,147,-1,163,147,164,-1,164,147,145,-1,164,145,165,-1,165,145,143,-1,165,143,166,-1,166,143,141,-1,167,162,163,-1,167,163,168,-1,168,163,164,-1,168,164,169,-1,169,164,165,-1,169,165,170,-1,170,165,166,-1,170,166,171,-1,172,173,174,-1,172,174,175,-1,175,174,176,-1,175,176,177,-1,177,176,178,-1,177,178,179,-1,179,178,180,-1,179,180,181,-1,182,183,184,-1,184,183,185,-1,184,185,186,-1,186,185,187,-1,186,187,188,-1,188,187,189,-1,188,189,190,-1,190,189,191,-1,190,191,192,-1,192,191,193,-1,192,193,194,-1,194,193,180,-1,194,180,195,-1,195,180,178,-1,195,178,196,-1,196,178,176,-1,196,176,197,-1,197,176,174,-1,197,174,198,-1,198,174,173,-1,199,194,200,-1,200,194,195,-1,200,195,201,-1,201,195,196,-1,201,196,202,-1,202,196,197,-1,202,197,203,-1,203,197,198,-1,204,205,206,-1,206,205,207,-1,206,207,208,-1,208,207,209,-1,208,209,210,-1,210,209,211,-1,210,211,212,-1,212,211,213,-1,214,215,216,-1,216,215,217,-1,216,217,218,-1,218,217,219,-1,218,219,220,-1,220,219,221,-1,220,221,222,-1,222,221,223,-1,222,223,224,-1,224,223,225,-1,224,225,226,-1,226,225,213,-1,226,213,227,-1,227,213,211,-1,227,211,228,-1,228,211,209,-1,228,209,229,-1,229,209,207,-1,229,207,230,-1,230,207,205,-1,231,226,227,-1,231,227,232,-1,232,227,228,-1,232,228,233,-1,233,228,229,-1,233,229,234,-1,234,229,230,-1,234,230,235,-1,236,237,238,-1,236,238,239,-1,239,238,240,-1,239,240,241,-1,241,240,242,-1,241,242,243,-1,243,242,244,-1,243,244,245,-1,246,247,248,-1,248,247,249,-1,248,249,250,-1,250,249,251,-1,250,251,252,-1,252,251,253,-1,252,253,254,-1,254,253,255,-1,254,255,256,-1,256,255,257,-1,256,257,258,-1,258,257,244,-1,258,244,259,-1,259,244,242,-1,259,242,260,-1,260,242,240,-1,260,240,261,-1,261,240,238,-1,261,238,262,-1,262,238,237,-1,263,258,264,-1,264,258,259,-1,264,259,265,-1,265,259,260,-1,265,260,266,-1,266,260,261,-1,266,261,267,-1,267,261,262,-1,268,269,270,-1,270,269,271,-1,270,271,272,-1,272,271,273,-1,272,273,274,-1,274,273,275,-1,274,275,276,-1,276,275,277,-1,278,279,280,-1,280,279,281,-1,280,281,282,-1,282,281,283,-1,282,283,284,-1,284,283,285,-1,284,285,286,-1,286,285,287,-1,286,287,288,-1,288,287,289,-1,288,289,290,-1,290,289,277,-1,290,277,291,-1,291,277,275,-1,291,275,292,-1,292,275,273,-1,292,273,293,-1,293,273,271,-1,293,271,294,-1,294,271,269,-1,295,290,291,-1,295,291,296,-1,296,291,292,-1,296,292,297,-1,297,292,293,-1,297,293,298,-1,298,293,294,-1,298,294,299,-1,300,301,302,-1,300,302,303,-1,303,302,304,-1,303,304,305,-1,305,304,306,-1,305,306,307,-1,307,306,308,-1,307,308,309,-1,301,310,302,-1,302,310,311,-1,302,311,304,-1,304,311,312,-1,304,312,306,-1,306,312,313,-1,306,313,308,-1,308,313,314,-1,308,314,315,-1,315,314,316,-1,315,316,317,-1,317,316,318,-1,317,318,319,-1,319,318,320,-1,319,320,321,-1,321,320,322,-1,321,322,323,-1,323,322,324,-1,323,324,325,-1,325,324,326,-1,327,314,328,-1,328,314,313,-1,328,313,329,-1,329,313,312,-1,329,312,330,-1,330,312,311,-1,330,311,331,-1,331,311,310,-1,332,333,334,-1,332,334,335,-1,335,334,336,-1,335,336,337,-1,337,336,338,-1,337,338,339,-1,339,338,340,-1,339,340,341,-1,341,340,342,-1,341,342,343,-1,344,345,346,-1,346,345,347,-1,346,347,348,-1,348,347,349,-1,348,349,350,-1,350,349,351,-1,350,351,352,-1,352,351,353,-1,352,353,354,-1,354,353,355,-1,354,355,356,-1,356,355,357,-1,356,357,358,-1,358,357,342,-1,358,342,359,-1,359,342,340,-1,359,340,360,-1,360,340,338,-1,360,338,361,-1,361,338,336,-1,361,336,362,-1,362,336,334,-1,362,334,363,-1,363,334,333,-1,364,358,365,-1,365,358,359,-1,365,359,366,-1,366,359,360,-1,366,360,367,-1,367,360,361,-1,367,361,368,-1,368,361,362,-1,368,362,369,-1,369,362,363,-1,370,371,372,-1,372,371,373,-1,372,373,374,-1,374,373,375,-1,374,375,376,-1,376,375,377,-1,376,377,378,-1,378,377,379,-1,378,379,380,-1,380,379,381,-1,382,383,384,-1,384,383,385,-1,384,385,386,-1,386,385,387,-1,386,387,388,-1,388,387,389,-1,388,389,390,-1,390,389,391,-1,390,391,392,-1,392,391,393,-1,392,393,394,-1,394,393,395,-1,394,395,396,-1,396,395,381,-1,396,381,397,-1,397,381,379,-1,397,379,398,-1,398,379,377,-1,398,377,399,-1,399,377,375,-1,399,375,400,-1,400,375,373,-1,400,373,401,-1,401,373,371,-1,402,396,397,-1,402,397,403,-1,403,397,398,-1,403,398,404,-1,404,398,399,-1,404,399,405,-1,405,399,400,-1,405,400,406,-1,406,400,401,-1,406,401,407,-1,408,409,410,-1,408,410,411,-1,411,410,412,-1,411,412,413,-1,413,412,414,-1,413,414,415,-1,415,414,416,-1,415,416,417,-1,417,416,418,-1,417,418,419,-1,420,421,422,-1,422,421,423,-1,422,423,424,-1,424,423,425,-1,424,425,426,-1,426,425,427,-1,426,427,428,-1,428,427,429,-1,428,429,430,-1,430,429,431,-1,430,431,432,-1,432,431,433,-1,432,433,434,-1,434,433,418,-1,434,418,435,-1,435,418,416,-1,435,416,436,-1,436,416,414,-1,436,414,437,-1,437,414,412,-1,437,412,438,-1,438,412,410,-1,438,410,439,-1,439,410,409,-1,440,434,441,-1,441,434,435,-1,441,435,442,-1,442,435,436,-1,442,436,443,-1,443,436,437,-1,443,437,444,-1,444,437,438,-1,444,438,445,-1,445,438,439,-1,446,447,448,-1,448,447,449,-1,448,449,450,-1,450,449,451,-1,450,451,452,-1,452,451,453,-1,452,453,454,-1,454,453,455,-1,454,455,456,-1,456,455,457,-1,447,458,449,-1,449,458,459,-1,449,459,451,-1,451,459,460,-1,451,460,453,-1,453,460,461,-1,453,461,455,-1,455,461,462,-1,455,462,457,-1,457,462,463,-1,457,463,464,-1,464,463,465,-1,464,465,466,-1,466,465,467,-1,466,467,468,-1,468,467,469,-1,468,469,470,-1,470,469,471,-1,470,471,472,-1,472,471,473,-1,472,473,474,-1,474,473,475,-1,474,475,476,-1,476,475,477,-1,478,463,462,-1,478,462,479,-1,479,462,461,-1,479,461,480,-1,480,461,460,-1,480,460,481,-1,481,460,459,-1,481,459,482,-1,482,459,458,-1,482,458,483,-1,484,485,486,-1,484,486,487,-1,487,486,488,-1,487,488,489,-1,489,488,490,-1,489,490,491,-1,491,490,492,-1,491,492,493,-1,485,494,486,-1,486,494,495,-1,486,495,488,-1,495,496,488,-1,488,496,497,-1,488,497,490,-1,490,497,498,-1,490,498,492,-1,492,498,499,-1,492,499,500,-1,500,499,501,-1,500,501,502,-1,502,501,503,-1,502,503,504,-1,504,503,505,-1,504,505,506,-1,506,505,507,-1,506,507,508,-1,508,507,509,-1,508,509,510,-1,510,509,511,-1,510,511,512,-1,512,511,513,-1,514,499,515,-1,515,499,498,-1,515,498,516,-1,516,498,497,-1,516,497,517,-1,517,497,496,-1,517,496,518,-1,518,496,495,-1,518,495,519,-1,519,495,494,-1,520,521,522,-1,522,521,523,-1,522,523,524,-1,524,523,525,-1,524,525,526,-1,526,525,527,-1,526,527,528,-1,528,527,529,-1,528,529,530,-1,530,529,531,-1,521,532,523,-1,523,532,533,-1,523,533,525,-1,525,533,534,-1,535,536,537,-1,537,536,538,-1,537,538,539,-1,539,538,540,-1,539,540,541,-1,541,540,542,-1,541,542,543,-1,543,542,544,-1,543,544,545,-1,545,544,546,-1,545,546,547,-1,547,546,548,-1,547,548,549,-1,549,548,531,-1,549,531,550,-1,550,531,529,-1,550,529,534,-1,534,529,527,-1,534,527,525,-1,551,549,550,-1,551,550,552,-1,552,550,534,-1,552,534,553,-1,553,534,533,-1,553,533,554,-1,554,533,532,-1,554,532,555,-1,556,557,558,-1,556,558,559,-1,559,558,560,-1,559,560,561,-1,561,560,562,-1,561,562,563,-1,563,562,564,-1,563,564,565,-1,557,566,558,-1,558,566,567,-1,558,567,560,-1,567,568,560,-1,560,568,569,-1,560,569,562,-1,562,569,570,-1,562,570,564,-1,564,570,571,-1,564,571,572,-1,572,571,573,-1,572,573,574,-1,574,573,575,-1,574,575,576,-1,576,575,577,-1,576,577,578,-1,578,577,579,-1,578,579,580,-1,580,579,581,-1,580,581,582,-1,582,581,583,-1,582,583,584,-1,584,583,585,-1,586,571,587,-1,587,571,570,-1,587,570,588,-1,588,570,569,-1,588,569,589,-1,589,569,568,-1,589,568,590,-1,590,568,567,-1,590,567,591,-1,591,567,566,-1,592,593,594,-1,594,593,595,-1,594,595,596,-1,596,595,597,-1,596,597,598,-1,598,597,599,-1,598,599,600,-1,600,599,601,-1,600,601,602,-1,602,601,603,-1,593,604,595,-1,595,604,605,-1,595,605,597,-1,597,605,606,-1,607,608,609,-1,609,608,610,-1,609,610,611,-1,611,610,612,-1,611,612,613,-1,613,612,614,-1,613,614,615,-1,615,614,616,-1,615,616,617,-1,617,616,618,-1,617,618,619,-1,619,618,620,-1,619,620,621,-1,621,620,603,-1,621,603,622,-1,622,603,601,-1,622,601,606,-1,606,601,599,-1,606,599,597,-1,623,621,622,-1,623,622,624,-1,624,622,606,-1,624,606,625,-1,625,606,605,-1,625,605,626,-1,626,605,604,-1,626,604,627,-1,628,629,630,-1,628,630,631,-1,631,630,632,-1,631,632,633,-1,633,632,634,-1,633,634,635,-1,635,634,636,-1,635,636,637,-1,637,636,638,-1,637,638,639,-1,640,641,642,-1,642,641,643,-1,642,643,644,-1,644,643,645,-1,644,645,646,-1,646,645,647,-1,646,647,648,-1,648,647,649,-1,648,649,650,-1,650,649,651,-1,650,651,652,-1,652,651,653,-1,652,653,654,-1,654,653,638,-1,654,638,655,-1,655,638,636,-1,655,636,656,-1,656,636,634,-1,656,634,657,-1,657,634,632,-1,657,632,658,-1,658,632,630,-1,658,630,659,-1,659,630,629,-1,660,654,661,-1,661,654,655,-1,661,655,662,-1,662,655,656,-1,662,656,663,-1,663,656,657,-1,663,657,664,-1,664,657,658,-1,664,658,665,-1,665,658,659,-1,666,667,668,-1,668,667,669,-1,668,669,670,-1,670,669,671,-1,670,671,672,-1,672,671,673,-1,672,673,674,-1,674,673,675,-1,674,675,676,-1,676,675,677,-1,667,678,669,-1,669,678,679,-1,669,679,671,-1,671,679,680,-1,671,680,673,-1,673,680,681,-1,673,681,675,-1,675,681,682,-1,675,682,677,-1,677,682,683,-1,677,683,684,-1,684,683,685,-1,684,685,686,-1,686,685,687,-1,686,687,688,-1,688,687,689,-1,688,689,690,-1,690,689,691,-1,690,691,692,-1,692,691,693,-1,692,693,694,-1,694,693,695,-1,694,695,696,-1,696,695,697,-1,698,683,682,-1,698,682,699,-1,699,682,681,-1,699,681,700,-1,700,681,680,-1,700,680,701,-1,701,680,679,-1,701,679,702,-1,702,679,678,-1,702,678,703,-1,704,705,706,-1,704,706,707,-1,707,706,708,-1,707,708,709,-1,709,708,710,-1,709,710,711,-1,711,710,712,-1,711,712,713,-1,713,712,714,-1,713,714,715,-1,716,717,718,-1,718,717,719,-1,718,719,720,-1,720,719,721,-1,720,721,722,-1,722,721,723,-1,722,723,724,-1,724,723,725,-1,724,725,726,-1,726,725,727,-1,726,727,728,-1,728,727,729,-1,728,729,730,-1,730,729,714,-1,730,714,731,-1,731,714,712,-1,731,712,732,-1,732,712,710,-1,732,710,733,-1,733,710,708,-1,733,708,734,-1,734,708,706,-1,734,706,735,-1,735,706,705,-1,736,730,737,-1,737,730,731,-1,737,731,738,-1,738,731,732,-1,738,732,739,-1,739,732,733,-1,739,733,740,-1,740,733,734,-1,740,734,741,-1,741,734,735,-1,742,743,744,-1,744,743,745,-1,744,745,746,-1,746,745,747,-1,746,747,748,-1,748,747,749,-1,748,749,750,-1,750,749,751,-1,750,751,752,-1,752,751,753,-1,743,754,745,-1,745,754,755,-1,745,755,747,-1,747,755,756,-1,747,756,749,-1,749,756,757,-1,749,757,751,-1,751,757,758,-1,751,758,753,-1,753,758,759,-1,753,759,760,-1,760,759,761,-1,760,761,762,-1,762,761,763,-1,762,763,764,-1,764,763,765,-1,764,765,766,-1,766,765,767,-1,766,767,768,-1,768,767,769,-1,768,769,770,-1,770,769,771,-1,770,771,772,-1,772,771,773,-1,774,759,758,-1,774,758,775,-1,775,758,757,-1,775,757,776,-1,776,757,756,-1,776,756,777,-1,777,756,755,-1,777,755,778,-1,778,755,754,-1,778,754,779,-1,780,781,782,-1,780,782,783,-1,783,782,784,-1,783,784,785,-1,785,784,786,-1,785,786,787,-1,787,786,788,-1,787,788,789,-1,781,790,782,-1,782,790,791,-1,782,791,784,-1,792,793,794,-1,794,793,795,-1,794,795,796,-1,796,795,797,-1,796,797,798,-1,798,797,799,-1,798,799,800,-1,800,799,801,-1,800,801,802,-1,802,801,803,-1,802,803,804,-1,804,803,805,-1,804,805,806,-1,806,805,788,-1,806,788,807,-1,807,788,786,-1,807,786,808,-1,808,786,784,-1,808,784,809,-1,809,784,791,-1,810,806,811,-1,811,806,807,-1,811,807,812,-1,812,807,808,-1,812,808,813,-1,813,808,809,-1,813,809,814,-1,814,809,791,-1,814,791,815,-1,815,791,790,-1,816,817,818,-1,818,817,819,-1,818,819,820,-1,820,819,821,-1,820,821,822,-1,822,821,823,-1,822,823,824,-1,824,823,825,-1,824,825,826,-1,826,825,827,-1,817,828,819,-1,819,828,829,-1,819,829,821,-1,821,829,830,-1,831,832,833,-1,833,832,834,-1,833,834,835,-1,835,834,836,-1,835,836,837,-1,837,836,838,-1,837,838,839,-1,839,838,840,-1,839,840,841,-1,841,840,842,-1,841,842,843,-1,843,842,844,-1,843,844,845,-1,845,844,827,-1,845,827,846,-1,846,827,825,-1,846,825,830,-1,830,825,823,-1,830,823,821,-1,847,845,846,-1,847,846,848,-1,848,846,830,-1,848,830,849,-1,849,830,829,-1,849,829,850,-1,850,829,828,-1,850,828,851,-1,852,853,854,-1,852,854,855,-1,855,854,856,-1,855,856,857,-1,857,856,858,-1,857,858,859,-1,859,858,860,-1,859,860,861,-1,853,862,854,-1,854,862,863,-1,854,863,856,-1,864,865,866,-1,866,865,867,-1,866,867,868,-1,868,867,869,-1,868,869,870,-1,870,869,871,-1,870,871,872,-1,872,871,873,-1,872,873,874,-1,874,873,875,-1,874,875,876,-1,876,875,877,-1,876,877,878,-1,878,877,860,-1,878,860,879,-1,879,860,858,-1,879,858,880,-1,880,858,856,-1,880,856,881,-1,881,856,863,-1,882,878,883,-1,883,878,879,-1,883,879,884,-1,884,879,880,-1,884,880,885,-1,885,880,881,-1,885,881,886,-1,886,881,863,-1,886,863,887,-1,887,863,862,-1,888,889,890,-1,890,889,891,-1,890,891,892,-1,892,891,893,-1,892,893,894,-1,894,893,895,-1,894,895,896,-1,896,895,897,-1,896,897,898,-1,898,897,899,-1,889,900,891,-1,891,900,901,-1,891,901,893,-1,893,901,902,-1,903,904,905,-1,905,904,906,-1,905,906,907,-1,907,906,908,-1,907,908,909,-1,909,908,910,-1,909,910,911,-1,911,910,912,-1,911,912,913,-1,913,912,914,-1,913,914,915,-1,915,914,916,-1,915,916,917,-1,917,916,899,-1,917,899,918,-1,918,899,897,-1,918,897,902,-1,902,897,895,-1,902,895,893,-1,919,917,918,-1,919,918,920,-1,920,918,902,-1,920,902,921,-1,921,902,901,-1,921,901,922,-1,922,901,900,-1,922,900,923,-1,924,925,926,-1,926,925,927,-1,926,927,928,-1,928,927,929,-1,928,929,930,-1,930,929,931,-1,930,931,932,-1,932,931,933,-1,934,935,936,-1,936,935,937,-1,936,937,938,-1,938,937,939,-1,938,939,940,-1,940,939,941,-1,940,941,942,-1,942,941,943,-1,942,943,944,-1,944,943,945,-1,944,945,946,-1,946,945,933,-1,946,933,947,-1,947,933,931,-1,947,931,948,-1,948,931,929,-1,948,929,949,-1,949,929,927,-1,949,927,950,-1,950,927,925,-1,951,946,947,-1,951,947,952,-1,952,947,948,-1,952,948,953,-1,953,948,949,-1,953,949,954,-1,954,949,950,-1,954,950,955,-1,956,957,958,-1,956,958,959,-1,959,958,960,-1,959,960,961,-1,961,960,962,-1,961,962,963,-1,963,962,964,-1,963,964,965,-1,966,967,968,-1,968,967,969,-1,968,969,970,-1,970,969,971,-1,970,971,972,-1,972,971,973,-1,972,973,974,-1,974,973,975,-1,974,975,976,-1,976,975,977,-1,976,977,978,-1,978,977,964,-1,978,964,979,-1,979,964,962,-1,979,962,980,-1,980,962,960,-1,980,960,981,-1,981,960,958,-1,981,958,982,-1,982,958,957,-1,983,978,984,-1,984,978,979,-1,984,979,985,-1,985,979,980,-1,985,980,986,-1,986,980,981,-1,986,981,987,-1,987,981,982,-1,988,989,990,-1,990,989,991,-1,990,991,992,-1,992,991,993,-1,992,993,994,-1,994,993,995,-1,994,995,996,-1,996,995,997,-1,998,999,1000,-1,1000,999,1001,-1,1000,1001,1002,-1,1002,1001,1003,-1,1002,1003,1004,-1,1004,1003,1005,-1,1004,1005,1006,-1,1006,1005,1007,-1,1006,1007,1008,-1,1008,1007,1009,-1,1008,1009,1010,-1,1010,1009,997,-1,1010,997,1011,-1,1011,997,995,-1,1011,995,1012,-1,1012,995,993,-1,1012,993,1013,-1,1013,993,991,-1,1013,991,1014,-1,1014,991,989,-1,1015,1010,1011,-1,1015,1011,1016,-1,1016,1011,1012,-1,1016,1012,1017,-1,1017,1012,1013,-1,1017,1013,1018,-1,1018,1013,1014,-1,1018,1014,1019,-1,1020,1021,1022,-1,1020,1022,1023,-1,1023,1022,1024,-1,1023,1024,1025,-1,1025,1024,1026,-1,1025,1026,1027,-1,1027,1026,1028,-1,1027,1028,1029,-1,1030,1031,1032,-1,1032,1031,1033,-1,1032,1033,1034,-1,1034,1033,1035,-1,1034,1035,1036,-1,1036,1035,1037,-1,1036,1037,1038,-1,1038,1037,1039,-1,1038,1039,1040,-1,1040,1039,1041,-1,1040,1041,1042,-1,1042,1041,1028,-1,1042,1028,1043,-1,1043,1028,1026,-1,1043,1026,1044,-1,1044,1026,1024,-1,1044,1024,1045,-1,1045,1024,1022,-1,1045,1022,1046,-1,1046,1022,1021,-1,1047,1042,1048,-1,1048,1042,1043,-1,1048,1043,1049,-1,1049,1043,1044,-1,1049,1044,1050,-1,1050,1044,1045,-1,1050,1045,1051,-1,1051,1045,1046,-1,1052,1053,1054,-1,1054,1053,1055,-1,1054,1055,1056,-1,1056,1055,1057,-1,1056,1057,1058,-1,1058,1057,1059,-1,1058,1059,1060,-1,1060,1059,1061,-1,1062,1063,1064,-1,1064,1063,1065,-1,1064,1065,1066,-1,1066,1065,1067,-1,1066,1067,1068,-1,1068,1067,1069,-1,1068,1069,1070,-1,1070,1069,1071,-1,1070,1071,1072,-1,1072,1071,1073,-1,1072,1073,1074,-1,1074,1073,1061,-1,1074,1061,1075,-1,1075,1061,1059,-1,1075,1059,1076,-1,1076,1059,1057,-1,1076,1057,1077,-1,1077,1057,1055,-1,1077,1055,1078,-1,1078,1055,1053,-1,1079,1074,1075,-1,1079,1075,1080,-1,1080,1075,1076,-1,1080,1076,1081,-1,1081,1076,1077,-1,1081,1077,1082,-1,1082,1077,1078,-1,1082,1078,1083,-1,1084,1085,1086,-1,1084,1086,1087,-1,1087,1086,1088,-1,1087,1088,1089,-1,1089,1088,1090,-1,1089,1090,1091,-1,1091,1090,1092,-1,1091,1092,1093,-1,1094,1095,1096,-1,1096,1095,1097,-1,1096,1097,1098,-1,1098,1097,1099,-1,1098,1099,1100,-1,1100,1099,1101,-1,1100,1101,1102,-1,1102,1101,1103,-1,1102,1103,1104,-1,1104,1103,1105,-1,1104,1105,1106,-1,1106,1105,1092,-1,1106,1092,1107,-1,1107,1092,1090,-1,1107,1090,1108,-1,1108,1090,1088,-1,1108,1088,1109,-1,1109,1088,1086,-1,1109,1086,1110,-1,1110,1086,1085,-1,1111,1106,1112,-1,1112,1106,1107,-1,1112,1107,1113,-1,1113,1107,1108,-1,1113,1108,1114,-1,1114,1108,1109,-1,1114,1109,1115,-1,1115,1109,1110,-1,1116,1117,1118,-1,1118,1117,1119,-1,1118,1119,1120,-1,1120,1119,1121,-1,1120,1121,1122,-1,1122,1121,1123,-1,1122,1123,1124,-1,1124,1123,1125,-1,1126,1127,1128,-1,1128,1127,1129,-1,1128,1129,1130,-1,1130,1129,1131,-1,1130,1131,1132,-1,1132,1131,1133,-1,1132,1133,1134,-1,1134,1133,1135,-1,1134,1135,1136,-1,1136,1135,1137,-1,1136,1137,1138,-1,1138,1137,1125,-1,1138,1125,1139,-1,1139,1125,1123,-1,1139,1123,1140,-1,1140,1123,1121,-1,1140,1121,1141,-1,1141,1121,1119,-1,1141,1119,1142,-1,1142,1119,1117,-1,1143,1138,1139,-1,1143,1139,1144,-1,1144,1139,1140,-1,1144,1140,1145,-1,1145,1140,1141,-1,1145,1141,1146,-1,1146,1141,1142,-1,1146,1142,1147,-1,1148,1149,1150,-1,1148,1150,1151,-1,1151,1150,1152,-1,1151,1152,1153,-1,1153,1152,1154,-1,1153,1154,1155,-1,1155,1154,1156,-1,1155,1156,1157,-1,1158,1159,1160,-1,1160,1159,1161,-1,1160,1161,1162,-1,1162,1161,1163,-1,1162,1163,1164,-1,1164,1163,1165,-1,1164,1165,1166,-1,1166,1165,1167,-1,1166,1167,1168,-1,1168,1167,1169,-1,1168,1169,1170,-1,1170,1169,1156,-1,1170,1156,1171,-1,1171,1156,1154,-1,1171,1154,1172,-1,1172,1154,1152,-1,1172,1152,1173,-1,1173,1152,1150,-1,1173,1150,1174,-1,1174,1150,1149,-1,1175,1170,1176,-1,1176,1170,1171,-1,1176,1171,1177,-1,1177,1171,1172,-1,1177,1172,1178,-1,1178,1172,1173,-1,1178,1173,1179,-1,1179,1173,1174,-1,1180,1181,1182,-1,1182,1181,1183,-1,1182,1183,1184,-1,1184,1183,1185,-1,1184,1185,1186,-1,1186,1185,1187,-1,1186,1187,1188,-1,1188,1187,1189,-1,1190,1191,1192,-1,1192,1191,1193,-1,1192,1193,1194,-1,1194,1193,1195,-1,1194,1195,1196,-1,1196,1195,1197,-1,1196,1197,1198,-1,1198,1197,1199,-1,1198,1199,1200,-1,1200,1199,1201,-1,1200,1201,1202,-1,1202,1201,1189,-1,1202,1189,1203,-1,1203,1189,1187,-1,1203,1187,1204,-1,1204,1187,1185,-1,1204,1185,1205,-1,1205,1185,1183,-1,1205,1183,1206,-1,1206,1183,1181,-1,1207,1202,1203,-1,1207,1203,1208,-1,1208,1203,1204,-1,1208,1204,1209,-1,1209,1204,1205,-1,1209,1205,1210,-1,1210,1205,1206,-1,1210,1206,1211,-1,1212,1213,1214,-1,1212,1214,1215,-1,1215,1214,1216,-1,1215,1216,1217,-1,1217,1216,1218,-1,1217,1218,1219,-1,1219,1218,1220,-1,1219,1220,1221,-1,1222,1223,1224,-1,1224,1223,1225,-1,1224,1225,1226,-1,1226,1225,1227,-1,1226,1227,1228,-1,1228,1227,1229,-1,1228,1229,1230,-1,1230,1229,1231,-1,1230,1231,1232,-1,1232,1231,1233,-1,1232,1233,1234,-1,1234,1233,1220,-1,1234,1220,1235,-1,1235,1220,1218,-1,1235,1218,1236,-1,1236,1218,1216,-1,1236,1216,1237,-1,1237,1216,1214,-1,1237,1214,1238,-1,1238,1214,1213,-1,1239,1234,1240,-1,1240,1234,1235,-1,1240,1235,1241,-1,1241,1235,1236,-1,1241,1236,1242,-1,1242,1236,1237,-1,1242,1237,1243,-1,1243,1237,1238,-1,
        ]
    }
}
Shape{
    appearance Appearance {
        material  Material 	{
            diffuseColor 0.25098039215686274 0.25098039215686274 0.25098039215686274
            specularColor 0.12549019607843137 0.12549019607843137 0.12549019607843137
            ambientIntensity 0.2
            transparency 0
            shininess 0.5
        }
    }
    geometry IndexedFaceSet {
        ccw TRUE
        solid FALSE
        coord DEF co Coordinate {
            point [
                3.6614 1.9374 -2.4986, 3.7659 1.9236 -0.6719, 3.7659 1.9236 -2.4986, 3.8632 1.8833 -0.6719, 3.8632 1.8833 -2.4986, 3.9468 1.8192 -0.6719, 3.9468 1.8192 -2.4986, 4.0109 1.7356 -0.6719, 4.0109 1.7356 -2.4986, 4.0512 1.6383 -0.6719, 4.0512 1.6383 -2.4986, 4.065 1.5339 -0.6719, 4.065 1.5339 -2.4986, 4.0512 1.4294 -0.6719, 4.0512 1.4294 -2.4986, 4.0109 1.3321 -0.6719, 4.0109 1.3321 -2.4986, 3.9468 1.2485 -0.6719, 3.9468 1.2485 -2.4986, 3.8632 1.1844 -0.6719, 3.8632 1.1844 -2.4986, 3.7659 1.1441 -0.6719, 3.7659 1.1441 -2.4986, 3.6614 1.1303 -0.6719, 3.6614 1.1303 -2.4986, 3.557 1.1441 -0.6719, 3.557 1.1441 -2.4986, 3.4596 1.1844 -0.6719, 3.4596 1.1844 -2.4986, 3.3761 1.2485 -0.6719, 3.3761 1.2485 -2.4986, 3.3119 1.3321 -0.6719, 3.3119 1.3321 -2.4986, 3.2716 1.4294 -0.6719, 3.2716 1.4294 -2.4986, 3.2579 1.5339 -0.6719, 3.2579 1.5339 -2.4986, 3.2716 1.6383 -0.6719, 3.2716 1.6383 -2.4986, 3.3119 1.7356 -0.6719, 3.3119 1.7356 -2.4986, 3.3761 1.8192 -0.6719, 3.3761 1.8192 -2.4986, 3.4596 1.8833 -0.6719, 3.4596 1.8833 -2.4986, 3.557 1.9236 -0.6719, 3.557 1.9236 -2.4986, 3.6614 1.9374 -0.6719, 4.1339 2.7839 3.1274, 4.1339 2.7839 -1.0656, 4.1272 2.8348 -1.0656, 4.1272 2.8348 3.1274, 4.1075 2.8823 -1.0656, 4.1075 2.8823 3.1274, 4.0762 2.923 -1.0656, 4.0762 2.923 3.1274, 4.0354 2.9543 -1.0656, 4.0354 2.9543 3.1274, 3.988 2.974 -1.0656, 3.988 2.974 3.1274, 3.937 2.9807 -1.0656, 3.937 2.9807 3.1274, -5.5118 2.9795 3.1417, -5.5118 2.9779 3.1603, 3.937 2.9776 3.1602, -5.5118 2.9807 3.1274, 3.937 2.9785 3.157, -5.5118 2.7877 3.3242, -5.5118 2.7839 3.3242, 3.937 2.7839 3.3242, 3.937 2.9387 3.248, -5.5118 2.917 3.2705, 3.937 2.9157 3.2736, -5.5118 2.9162 3.2713, 3.937 2.9041 3.2815, -5.5118 2.9049 3.2826, 3.937 2.8741 3.3023, -5.5118 2.8801 3.2974, 3.937 2.8629 3.3065, -5.5118 2.8632 3.3075, 3.937 2.8308 3.3185, -5.5118 2.8438 3.3133, 3.937 2.8167 3.3202, -5.5118 2.8168 3.3214, -5.5118 2.8088 3.3222, -5.5118 2.964 3.2067, -5.5118 2.9609 3.2119, -5.5118 2.9511 3.2284, -5.5118 2.9391 3.2484, 3.937 2.9428 3.2434, 3.937 2.9635 3.2065, -5.5118 2.9749 3.1704, 3.937 2.9661 3.2018, -5.7087 2.7839 -1.0656, -5.7087 2.7839 3.1274, -5.7059 2.8168 -1.0656, -5.7086 2.7877 3.1274, -5.7059 2.8168 3.1274, -5.6919 2.8632 3.1274, -5.6919 2.8632 -1.0656, -5.6671 2.9049 3.1274, -5.6671 2.9049 -1.0656, -5.6328 2.9391 3.1274, -5.6328 2.9391 -1.0656, -5.5912 2.964 3.1274, -5.5912 2.964 -1.0656, -5.5448 2.9779 3.1274, -5.5448 2.9779 -1.0656, -5.5118 2.9807 -1.0656, 3.4646 2.9807 -0.6719, 3.4646 2.9807 -1.0656, 2.7559 2.9807 -0.6719, 2.3622 2.9807 -0.6719, 1.9685 2.9807 -0.6719, 1.5748 2.9807 -0.6719, 1.1811 2.9807 -0.6719, 0.7874 2.9807 -0.6719, 0.4528 2.9807 -0.6719, -0.4478 2.9807 -0.6719, -0.7874 2.9807 -0.6719, -1.1811 2.9807 -0.6719, -1.9685 2.9807 -0.6719, -2.3622 2.9807 -0.6719, -2.7559 2.9807 -0.6719, -3.1496 2.9807 -0.6719, -3.5433 2.9807 -0.6719, -3.937 2.9807 -0.6719, -5.0394 2.9807 -1.0656, -5.0394 2.9807 -0.6719, -4.3307 2.9807 -0.6719, -4.3307 2.9807 -0.6719
            ]
        }
        coordIndex [
            0,1,2,-1,2,1,3,-1,2,3,4,-1,4,3,5,-1,4,5,6,-1,6,5,7,-1,6,7,8,-1,8,7,9,-1,8,9,10,-1,10,9,11,-1,10,11,12,-1,12,11,13,-1,12,13,14,-1,14,13,15,-1,14,15,16,-1,16,15,17,-1,16,17,18,-1,18,17,19,-1,18,19,20,-1,20,19,21,-1,20,21,22,-1,22,21,23,-1,22,23,24,-1,24,23,25,-1,24,25,26,-1,26,25,27,-1,26,27,28,-1,28,27,29,-1,28,29,30,-1,30,29,31,-1,30,31,32,-1,32,31,33,-1,32,33,34,-1,34,33,35,-1,34,35,36,-1,36,35,37,-1,36,37,38,-1,38,37,39,-1,38,39,40,-1,40,39,41,-1,40,41,42,-1,42,41,43,-1,42,43,44,-1,44,43,45,-1,44,45,46,-1,46,45,47,-1,46,47,0,-1,0,47,1,-1,48,49,50,-1,48,50,51,-1,51,50,52,-1,51,52,53,-1,53,52,54,-1,53,54,55,-1,55,54,56,-1,55,56,57,-1,57,56,58,-1,57,58,59,-1,59,58,60,-1,59,60,61,-1,62,63,64,-1,62,64,65,-1,65,64,66,-1,65,66,61,-1,67,68,69,-1,70,71,72,-1,72,71,73,-1,72,73,74,-1,74,73,75,-1,74,75,76,-1,76,75,77,-1,76,77,78,-1,78,77,79,-1,78,79,80,-1,80,79,81,-1,80,81,82,-1,82,81,83,-1,82,83,69,-1,69,83,84,-1,69,84,67,-1,85,86,70,-1,86,87,70,-1,70,87,88,-1,70,88,71,-1,70,89,85,-1,85,89,90,-1,85,90,91,-1,91,90,63,-1,63,90,92,-1,63,92,64,-1,93,94,95,-1,95,94,96,-1,96,97,95,-1,95,97,98,-1,95,98,99,-1,99,98,100,-1,99,100,101,-1,101,100,102,-1,101,102,103,-1,103,102,104,-1,103,104,105,-1,105,104,106,-1,105,106,107,-1,107,106,65,-1,107,65,108,-1,61,60,109,-1,109,60,110,-1,109,111,61,-1,61,111,112,-1,61,112,113,-1,113,114,61,-1,61,114,115,-1,61,115,116,-1,116,117,61,-1,61,117,118,-1,61,118,65,-1,65,118,119,-1,65,119,120,-1,120,121,65,-1,65,121,122,-1,65,122,123,-1,123,124,65,-1,65,124,125,-1,65,125,126,-1,127,108,128,-1,128,108,65,-1,128,65,129,-1,129,65,126,-1,
        ]
    }
}
Shape{
    appearance Appearance {
        material  Material 	{
            diffuseColor 1.0 1.0 1.0
            specularColor 0.5019607843137255 0.5019607843137255 0.5019607843137255
            ambientIntensity 0.2
            transparency 0
            shininess 0.5
        }
    }
    geometry IndexedFaceSet {
        ccw TRUE
        solid FALSE
        coord DEF co Coordinate {
            point [
                -4.3022 0.0831 1.2899, -4.3022 0.0831 1.2686, -4.3022 0.087 1.2899, -4.3022 0.087 1.2686, -4.3767 0.0831 1.2899, -4.3767 0.087 1.2899, -4.3767 0.0831 1.4554, -4.3767 0.087 1.4554, -4.4008 0.0831 1.4554, -4.4008 0.087 1.4554, -4.4008 0.0831 1.2686, -4.4008 0.087 1.2686, -4.2064 0.0831 1.2655, -4.2064 0.087 1.2655, -4.195 0.087 1.2658, -4.195 0.0831 1.2658, -4.1844 0.087 1.267, -4.1844 0.0831 1.267, -4.1749 0.087 1.2689, -4.1749 0.0831 1.2689, -4.1663 0.087 1.2714, -4.1663 0.0831 1.2714, -4.1585 0.087 1.2745, -4.1585 0.0831 1.2745, -4.1547 0.087 1.2763, -4.1547 0.0831 1.2763, -4.1547 0.0831 1.2995, -4.1547 0.087 1.2995, -4.1618 0.087 1.2956, -4.1618 0.0831 1.2956, -4.1692 0.087 1.2925, -4.1692 0.0831 1.2925, -4.1771 0.087 1.2901, -4.1771 0.0831 1.2901, -4.1854 0.087 1.2883, -4.1854 0.0831 1.2883, -4.1943 0.087 1.2873, -4.1943 0.0831 1.2873, -4.203 0.087 1.2869, -4.203 0.0831 1.2869, -4.2111 0.087 1.2873, -4.2111 0.0831 1.2873, -4.2187 0.087 1.2885, -4.2187 0.0831 1.2885, -4.2258 0.087 1.2904, -4.2258 0.0831 1.2904, -4.2323 0.087 1.293, -4.2323 0.0831 1.293, -4.2383 0.087 1.2962, -4.2383 0.0831 1.2962, -4.2439 0.087 1.3002, -4.2439 0.0831 1.3002, -4.2492 0.087 1.3048, -4.2492 0.0831 1.3048, -4.251 0.087 1.3066, -4.251 0.0831 1.3066, -4.2555 0.087 1.3121, -4.2555 0.0831 1.3121, -4.2594 0.087 1.318, -4.2594 0.0831 1.318, -4.2626 0.087 1.3244, -4.2626 0.0831 1.3244, -4.2652 0.087 1.3314, -4.2652 0.0831 1.3314, -4.2672 0.087 1.3389, -4.2672 0.0831 1.3389, -4.2686 0.087 1.3471, -4.2686 0.0831 1.3471, -4.2692 0.087 1.356, -4.2692 0.0831 1.356, -4.2693 0.087 1.3599, -4.2693 0.0831 1.3599, -4.2689 0.087 1.3696, -4.2689 0.0831 1.3696, -4.2677 0.087 1.3786, -4.2677 0.0831 1.3786, -4.2659 0.087 1.3869, -4.2659 0.0831 1.3869, -4.2633 0.087 1.3945, -4.2633 0.0831 1.3945, -4.2601 0.087 1.4014, -4.2601 0.0831 1.4014, -4.2563 0.087 1.4077, -4.2563 0.0831 1.4077, -4.2519 0.087 1.4136, -4.2519 0.0831 1.4136, -4.2497 0.087 1.4161, -4.2497 0.0831 1.4161, -4.2443 0.087 1.4212, -4.2443 0.0831 1.4212, -4.2385 0.087 1.4256, -4.2385 0.0831 1.4256, -4.2324 0.087 1.4292, -4.2324 0.0831 1.4292, -4.2259 0.087 1.4321, -4.2259 0.0831 1.4321, -4.2191 0.087 1.4343, -4.2191 0.0831 1.4343, -4.2117 0.087 1.4358, -4.2117 0.0831 1.4358, -4.2039 0.087 1.4367, -4.2039 0.0831 1.4367, -4.1988 0.087 1.4368, -4.1988 0.0831 1.4368, -4.1898 0.087 1.4364, -4.1898 0.0831 1.4364, -4.1811 0.087 1.4352, -4.1811 0.0831 1.4352, -4.1729 0.087 1.4333, -4.1729 0.0831 1.4333, -4.165 0.087 1.4306, -4.165 0.0831 1.4306, -4.1575 0.087 1.4272, -4.1575 0.0831 1.4272, -4.1547 0.087 1.4257, -4.1547 0.0831 1.4257, -4.1547 0.0831 1.4509, -4.1547 0.087 1.4509, -4.1619 0.087 1.4536, -4.1619 0.0831 1.4536, -4.1699 0.087 1.4558, -4.1699 0.0831 1.4558, -4.1789 0.087 1.4573, -4.1789 0.0831 1.4573, -4.1889 0.087 1.4583, -4.1889 0.0831 1.4583, -4.199 0.087 1.4586, -4.199 0.0831 1.4586, -4.2087 0.087 1.4582, -4.2087 0.0831 1.4582, -4.218 0.087 1.457, -4.218 0.0831 1.457, -4.2268 0.087 1.4551, -4.2268 0.0831 1.4551, -4.235 0.087 1.4525, -4.235 0.0831 1.4525, -4.2427 0.087 1.4492, -4.2427 0.0831 1.4492, -4.25 0.087 1.4452, -4.25 0.0831 1.4452, -4.2569 0.087 1.4405, -4.2569 0.0831 1.4405, -4.2635 0.087 1.4351, -4.2635 0.0831 1.4351, -4.2676 0.087 1.4311, -4.2676 0.0831 1.4311, -4.2733 0.087 1.4247, -4.2733 0.0831 1.4247, -4.2784 0.087 1.4179, -4.2784 0.0831 1.4179, -4.2827 0.087 1.4107, -4.2827 0.0831 1.4107, -4.2863 0.087 1.403, -4.2863 0.0831 1.403, -4.2893 0.087 1.3949, -4.2893 0.0831 1.3949, -4.2917 0.087 1.3863, -4.2917 0.0831 1.3863, -4.2934 0.087 1.3771, -4.2934 0.0831 1.3771, -4.2943 0.087 1.3673, -4.2943 0.0831 1.3673, -4.2946 0.087 1.3585, -4.2946 0.0831 1.3585, -4.2942 0.087 1.348, -4.2942 0.0831 1.348, -4.293 0.087 1.3381, -4.293 0.0831 1.3381, -4.2911 0.087 1.3289, -4.2911 0.0831 1.3289, -4.2886 0.087 1.3205, -4.2886 0.0831 1.3205, -4.2853 0.087 1.3126, -4.2853 0.0831 1.3126, -4.2815 0.087 1.3053, -4.2815 0.0831 1.3053, -4.277 0.087 1.2986, -4.277 0.0831 1.2986, -4.2721 0.087 1.2926, -4.2721 0.0831 1.2926, -4.2706 0.087 1.291, -4.2706 0.0831 1.291, -4.2648 0.087 1.2854, -4.2648 0.0831 1.2854, -4.2586 0.087 1.2805, -4.2586 0.0831 1.2805, -4.252 0.087 1.2763, -4.252 0.0831 1.2763, -4.245 0.087 1.2728, -4.245 0.0831 1.2728, -4.2375 0.087 1.27, -4.2375 0.0831 1.27, -4.2295 0.087 1.2678, -4.2295 0.0831 1.2678, -4.221 0.087 1.2664, -4.221 0.0831 1.2664, -4.2119 0.087 1.2656, -4.2119 0.0831 1.2656, -4.0168 0.0831 1.2899, -4.0168 0.0831 1.2686, -4.0168 0.087 1.2899, -4.0168 0.087 1.2686, -4.0932 0.0831 1.2899, -4.0932 0.087 1.2899, -4.0932 0.0831 1.3528, -4.0932 0.087 1.3528, -4.0264 0.0831 1.3528, -4.0264 0.087 1.3528, -4.0264 0.0831 1.3742, -4.0264 0.087 1.3742, -4.0932 0.0831 1.3742, -4.0932 0.087 1.3742, -4.0932 0.0831 1.4339, -4.0932 0.087 1.4339, -4.0211 0.0831 1.4339, -4.0211 0.087 1.4339, -4.0211 0.0831 1.4554, -4.0211 0.087 1.4554, -4.1173 0.0831 1.4554, -4.1173 0.087 1.4554, -4.1173 0.0831 1.2686, -4.1173 0.087 1.2686, -3.8956 0.0831 1.2959, -3.8827 0.0831 1.2781, -3.8888 0.0831 1.2991, -3.8749 0.0831 1.282, -3.8827 0.0831 1.3028, -3.8676 0.0831 1.2867, -3.8771 0.0831 1.3072, -3.8608 0.0831 1.292, -3.8748 0.0831 1.3094, -3.8576 0.0831 1.2948, -3.87 0.0831 1.3145, -3.8517 0.0831 1.3009, -3.866 0.0831 1.3201, -3.8464 0.0831 1.3074, -3.8625 0.0831 1.3262, -3.8419 0.0831 1.3143, -3.8597 0.0831 1.3329, -3.8564 0.0831 1.3818, -3.8329 0.0831 1.3916, -3.8582 0.0831 1.3895, -3.8356 0.0831 1.3995, -3.8608 0.0831 1.3964, -3.8389 0.0831 1.4068, -3.8639 0.0831 1.4027, -3.8428 0.0831 1.4137, -3.8676 0.0831 1.4082, -3.8475 0.0831 1.4201, -3.8528 0.0831 1.4262, -3.8719 0.0831 1.4132, -3.8576 0.0831 1.4307, -3.8753 0.0831 1.4164, -3.8645 0.0831 1.4363, -3.8811 0.0831 1.4208, -3.8719 0.0831 1.4411, -3.8873 0.0831 1.4246, -3.8795 0.0831 1.4452, -3.8941 0.0831 1.4278, -3.8876 0.0831 1.4486, -3.9014 0.0831 1.4303, -3.8961 0.0831 1.4514, -3.9093 0.0831 1.4322, -3.9052 0.0831 1.4534, -3.9178 0.0831 1.4334, -3.9147 0.0831 1.4548, -3.9269 0.0831 1.4339, -3.9248 0.0831 1.4554, -3.9292 0.0831 1.4339, -3.9283 0.0831 1.4554, -3.9574 0.0831 1.4339, -3.9815 0.0831 1.4554, -3.9574 0.0831 1.2899, -3.9815 0.0831 1.2686, -3.9303 0.0831 1.2899, -3.9302 0.0831 1.2686, -3.9205 0.0831 1.2903, -3.9195 0.0831 1.269, -3.9113 0.0831 1.2915, -3.9093 0.0831 1.2702, -3.9031 0.0831 1.2934, -3.8998 0.0831 1.2721, -3.891 0.0831 1.2747, -3.8381 0.0831 1.3216, -3.835 0.0831 1.3293, -3.8575 0.0831 1.3401, -3.8326 0.0831 1.3375, -3.8559 0.0831 1.348, -3.8308 0.0831 1.3461, -3.855 0.0831 1.3567, -3.8298 0.0831 1.3554, -3.8548 0.0831 1.3637, -3.8294 0.0831 1.3644, -3.8552 0.0831 1.3731, -3.8298 0.0831 1.374, -3.831 0.0831 1.3831, -3.8811 0.087 1.4208, -3.8645 0.087 1.4363, -3.8753 0.087 1.4164, -3.8576 0.087 1.4307, -3.8719 0.087 1.4132, -3.8528 0.087 1.4262, -3.8676 0.087 1.4082, -3.8475 0.087 1.4201, -3.8639 0.087 1.4027, -3.8428 0.087 1.4137, -3.8608 0.087 1.3964, -3.8389 0.087 1.4068, -3.8582 0.087 1.3895, -3.8888 0.087 1.2991, -3.8827 0.087 1.2781, -3.8956 0.087 1.2959, -3.891 0.087 1.2747, -3.9031 0.087 1.2934, -3.8998 0.087 1.2721, -3.9113 0.087 1.2915, -3.9093 0.087 1.2702, -3.9205 0.087 1.2903, -3.9195 0.087 1.269, -3.9303 0.087 1.2899, -3.9302 0.087 1.2686, -3.9574 0.087 1.2899, -3.9815 0.087 1.2686, -3.9574 0.087 1.4339, -3.9815 0.087 1.4554, -3.9292 0.087 1.4339, -3.9283 0.087 1.4554, -3.9269 0.087 1.4339, -3.9248 0.087 1.4554, -3.9178 0.087 1.4334, -3.9147 0.087 1.4548, -3.9093 0.087 1.4322, -3.9052 0.087 1.4534, -3.9014 0.087 1.4303, -3.8961 0.087 1.4514, -3.8941 0.087 1.4278, -3.8876 0.087 1.4486, -3.8873 0.087 1.4246, -3.8795 0.087 1.4452, -3.8719 0.087 1.4411, -3.8575 0.087 1.3401, -3.835 0.087 1.3293, -3.8597 0.087 1.3329, -3.8381 0.087 1.3216, -3.8625 0.087 1.3262, -3.8419 0.087 1.3143, -3.866 0.087 1.3201, -3.8464 0.087 1.3074, -3.87 0.087 1.3145, -3.8517 0.087 1.3009, -3.8748 0.087 1.3094, -3.8576 0.087 1.2948, -3.8771 0.087 1.3072, -3.8608 0.087 1.292, -3.8827 0.087 1.3028, -3.8676 0.087 1.2867, -3.8749 0.087 1.282, -3.8356 0.087 1.3995, -3.8329 0.087 1.3916, -3.8564 0.087 1.3818, -3.831 0.087 1.3831, -3.8552 0.087 1.3731, -3.8298 0.087 1.374, -3.8548 0.087 1.3637, -3.8294 0.087 1.3644, -3.855 0.087 1.3567, -3.8298 0.087 1.3554, -3.8559 0.087 1.348, -3.8308 0.087 1.3461, -3.8326 0.087 1.3375, -3.7668 0.0831 1.3408, -3.7745 0.0831 1.3197, -3.7041 0.0831 1.3408, -3.6967 0.0831 1.3197, -3.7389 0.0831 1.4185, -3.7479 0.0831 1.4554, -3.8191 0.0831 1.2686, -3.7924 0.0831 1.2686, -3.7373 0.0831 1.424, -3.7358 0.0831 1.4316, -3.7221 0.0831 1.4554, -3.7353 0.0831 1.4316, -3.7338 0.0831 1.4237, -3.7323 0.0831 1.4185, -3.651 0.0831 1.2686, -3.6776 0.0831 1.2686, -3.7041 0.087 1.3408, -3.7323 0.087 1.4185, -3.7221 0.087 1.4554, -3.7338 0.087 1.4237, -3.7353 0.087 1.4316, -3.7479 0.087 1.4554, -3.7358 0.087 1.4316, -3.7373 0.087 1.424, -3.7389 0.087 1.4185, -3.7668 0.087 1.3408, -3.8191 0.087 1.2686, -3.651 0.087 1.2686, -3.6776 0.087 1.2686, -3.6967 0.087 1.3197, -3.7924 0.087 1.2686, -3.7745 0.087 1.3197, -4.3003 0.0831 0.9935, -4.3003 0.0831 0.9722, -4.3003 0.087 0.9935, -4.3003 0.087 0.9722, -4.3767 0.0831 0.9935, -4.3767 0.087 0.9935, -4.3767 0.0831 1.0564, -4.3767 0.087 1.0564, -4.3098 0.0831 1.0564, -4.3098 0.087 1.0564, -4.3098 0.0831 1.0778, -4.3098 0.087 1.0778, -4.3767 0.0831 1.0778, -4.3767 0.087 1.0778, -4.3767 0.0831 1.1376, -4.3767 0.087 1.1376, -4.3045 0.0831 1.1376, -4.3045 0.087 1.1376, -4.3045 0.0831 1.1591, -4.3045 0.087 1.1591, -4.4008 0.0831 1.1591, -4.4008 0.087 1.1591, -4.4008 0.0831 0.9722, -4.4008 0.087 0.9722, -4.2379 0.0831 1.0322, -4.2326 0.0831 1.0337, -4.1941 0.0831 1.057, -4.2253 0.0831 1.035, -4.2024 0.0831 1.0832, -4.1898 0.0831 1.1018, -4.2051 0.0831 1.0854, -4.194 0.0831 1.104, -4.2083 0.0831 1.0872, -4.1986 0.0831 1.1058, -4.212 0.0831 1.0886, -4.1941 0.0831 1.0252, -4.1945 0.0831 1.0201, -4.1707 0.0831 1.0581, -4.2498 0.0831 0.9968, -4.2516 0.0831 0.9995, -4.2711 0.0831 0.9849, -4.2666 0.0831 1.0377, -4.2501 0.0831 1.0242, -4.2479 0.0831 1.0268, -4.2421 0.0831 1.0306, -4.2336 0.0831 1.0515, -4.2411 0.0831 1.0502, -4.1941 0.0831 0.9722, -4.1707 0.0831 0.9722, -4.1941 0.0831 0.9929, -4.1954 0.0831 1.0153, -4.1981 0.0831 1.0774, -4.1798 0.0831 1.0926, -4.2001 0.0831 1.0806, -4.1827 0.0831 1.0961, -4.1861 0.0831 1.0992, -4.2674 0.0831 1.037, -4.2704 0.0831 1.0335, -4.2518 0.0831 1.0213, -4.2728 0.0831 1.0297, -4.2531 0.0831 1.0181, -4.2478 0.0831 1.0484, -4.2536 0.0831 1.0462, -4.2453 0.0831 1.0289, -4.2586 0.0831 1.0437, -4.263 0.0831 1.0408, -4.1953 0.0831 1.0695, -4.1732 0.0831 1.0785, -4.1965 0.0831 1.0738, -4.175 0.0831 1.0838, -4.1772 0.0831 1.0885, -4.2474 0.0831 0.9943, -4.2588 0.0831 0.9742, -4.2445 0.0831 0.9921, -4.2545 0.0831 0.9722, -4.2413 0.0831 0.9905, -4.2497 0.0831 0.9707, -4.2378 0.0831 0.9892, -4.2683 0.0831 0.9814, -4.2664 0.0831 0.9796, -4.2628 0.0831 0.9767, -4.2539 0.0831 1.0061, -4.2767 0.0831 0.9974, -4.253 0.0831 1.0026, -4.2754 0.0831 0.9928, -4.2735 0.0831 0.9886, -4.171 0.0831 1.0656, -4.1941 0.0831 1.0392, -4.1941 0.0831 1.0264, -4.1945 0.0831 1.0645, -4.1718 0.0831 1.0725, -4.1941 0.0831 1.0587, -4.2748 0.0831 1.0256, -4.2763 0.0831 1.0211, -4.2539 0.0831 1.0144, -4.2773 0.0831 1.0162, -4.2542 0.0831 1.0099, -4.2038 0.0831 1.1072, -4.2096 0.0831 1.1082, -4.2163 0.0831 1.0894, -4.216 0.0831 1.1087, -4.2211 0.0831 1.0897, -4.2189 0.0831 1.1087, -4.2235 0.0831 1.0897, -4.2268 0.0831 1.1084, -4.2297 0.0831 1.0892, -4.2343 0.0831 1.1076, -4.2358 0.0831 1.0881, -4.2414 0.0831 1.1061, -4.2418 0.0831 1.0864, -4.2482 0.0831 1.1042, -4.2477 0.0831 1.0842, -4.2546 0.0831 1.1017, -4.2535 0.0831 1.0813, -4.2607 0.0831 1.0987, -4.2592 0.0831 1.0777, -4.2649 0.0831 1.0963, -4.2649 0.0831 1.0736, -4.1968 0.0831 1.0108, -4.1987 0.0831 1.0067, -4.1947 0.0831 0.9929, -4.2011 0.0831 1.0028, -4.1959 0.0831 0.9909, -4.2246 0.0831 0.9886, -4.2193 0.0831 0.9716, -4.2201 0.0831 0.9894, -4.2146 0.0831 0.9735, -4.2159 0.0831 0.9908, -4.2103 0.0831 0.9759, -4.212 0.0831 0.9927, -4.2778 0.0831 1.0108, -4.2779 0.0831 1.0079, -4.2776 0.0831 1.0025, -4.2063 0.0831 0.9788, -4.2026 0.0831 0.9823, -4.2084 0.0831 0.9952, -4.1991 0.0831 0.9863, -4.2051 0.0831 0.9981, -4.2041 0.0831 0.9992, -4.2445 0.0831 0.9697, -4.2388 0.0831 0.9691, -4.2338 0.0831 0.9885, -4.2356 0.0831 0.9691, -4.2295 0.0831 0.9883, -4.2298 0.0831 0.9694, -4.2243 0.0831 0.9702, -4.2592 0.087 1.0777, -4.2649 0.087 1.0736, -4.2649 0.087 1.0963, -4.2051 0.087 1.0854, -4.1898 0.087 1.1018, -4.2024 0.087 1.0832, -4.1861 0.087 1.0992, -4.2001 0.087 1.0806, -4.2498 0.087 0.9968, -4.2711 0.087 0.9849, -4.2516 0.087 0.9995, -4.2735 0.087 0.9886, -4.253 0.087 1.0026, -4.2479 0.087 1.0268, -4.2501 0.087 1.0242, -4.2666 0.087 1.0377, -4.1954 0.087 1.0153, -4.1945 0.087 1.0201, -4.1707 0.087 1.0581, -4.2539 0.087 1.0061, -4.2779 0.087 1.0079, -4.2542 0.087 1.0099, -4.2778 0.087 1.0108, -4.2539 0.087 1.0144, -4.2518 0.087 1.0213, -4.2704 0.087 1.0335, -4.2674 0.087 1.037, -4.1827 0.087 1.0961, -4.1798 0.087 1.0926, -4.1981 0.087 1.0774, -4.1772 0.087 1.0885, -4.1965 0.087 1.0738, -4.2163 0.087 1.0894, -4.2096 0.087 1.1082, -4.212 0.087 1.0886, -4.2038 0.087 1.1072, -4.2083 0.087 1.0872, -4.1986 0.087 1.1058, -4.194 0.087 1.104, -4.1968 0.087 1.0108, -4.1941 0.087 0.9929, -4.1941 0.087 0.9722, -4.1707 0.087 0.9722, -4.2754 0.087 0.9928, -4.2767 0.087 0.9974, -4.2776 0.087 1.0025, -4.2474 0.087 0.9943, -4.2664 0.087 0.9796, -4.2683 0.087 0.9814, -4.2445 0.087 0.9921, -4.2588 0.087 0.9742, -4.2628 0.087 0.9767, -4.263 0.087 1.0408, -4.2586 0.087 1.0437, -4.2453 0.087 1.0289, -4.2536 0.087 1.0462, -4.2421 0.087 1.0306, -4.2478 0.087 1.0484, -4.2379 0.087 1.0322, -4.2411 0.087 1.0502, -4.2326 0.087 1.0337, -4.2336 0.087 1.0515, -4.2773 0.087 1.0162, -4.2763 0.087 1.0211, -4.2531 0.087 1.0181, -4.2748 0.087 1.0256, -4.2728 0.087 1.0297, -4.1941 0.087 1.0392, -4.171 0.087 1.0656, -4.1941 0.087 1.0264, -4.1941 0.087 1.0252, -4.175 0.087 1.0838, -4.1732 0.087 1.0785, -4.1953 0.087 1.0695, -4.1718 0.087 1.0725, -4.1945 0.087 1.0645, -4.1941 0.087 1.0587, -4.1941 0.087 1.057, -4.2253 0.087 1.035, -4.1959 0.087 0.9909, -4.1991 0.087 0.9863, -4.2084 0.087 0.9952, -4.2026 0.087 0.9823, -4.212 0.087 0.9927, -4.2063 0.087 0.9788, -4.2159 0.087 0.9908, -4.2103 0.087 0.9759, -4.2201 0.087 0.9894, -4.2535 0.087 1.0813, -4.2607 0.087 1.0987, -4.2477 0.087 1.0842, -4.2546 0.087 1.1017, -4.2418 0.087 1.0864, -4.2482 0.087 1.1042, -4.2358 0.087 1.0881, -4.2414 0.087 1.1061, -4.2297 0.087 1.0892, -4.2343 0.087 1.1076, -4.2235 0.087 1.0897, -4.2268 0.087 1.1084, -4.2211 0.087 1.0897, -4.2189 0.087 1.1087, -4.216 0.087 1.1087, -4.2338 0.087 0.9885, -4.2388 0.087 0.9691, -4.2378 0.087 0.9892, -4.2445 0.087 0.9697, -4.2413 0.087 0.9905, -4.2497 0.087 0.9707, -4.2545 0.087 0.9722, -4.2146 0.087 0.9735, -4.2193 0.087 0.9716, -4.2246 0.087 0.9886, -4.2243 0.087 0.9702, -4.2295 0.087 0.9883, -4.2298 0.087 0.9694, -4.2356 0.087 0.9691, -4.2051 0.087 0.9981, -4.2041 0.087 0.9992, -4.1947 0.087 0.9929, -4.2011 0.087 1.0028, -4.1987 0.087 1.0067, -4.1005 0.0831 0.9882, -4.1005 0.087 0.9882, -4.1064 0.087 0.9884, -4.1064 0.0831 0.9884, -4.1123 0.087 0.9893, -4.1123 0.0831 0.9893, -4.118 0.087 0.9906, -4.118 0.0831 0.9906, -4.1236 0.087 0.9926, -4.1236 0.0831 0.9926, -4.1291 0.087 0.995, -4.1291 0.0831 0.995, -4.1345 0.087 0.9981, -4.1345 0.0831 0.9981, -4.139 0.087 1.0011, -4.139 0.0831 1.0011, -4.139 0.0831 0.9769, -4.139 0.087 0.9769, -4.1334 0.087 0.9744, -4.1334 0.0831 0.9744, -4.1274 0.087 0.9724, -4.1274 0.0831 0.9724, -4.1211 0.087 0.9708, -4.1211 0.0831 0.9708, -4.1145 0.087 0.9698, -4.1145 0.0831 0.9698, -4.1074 0.087 0.9692, -4.1074 0.0831 0.9692, -4.1028 0.087 0.9691, -4.1028 0.0831 0.9691, -4.0953 0.087 0.9693, -4.0953 0.0831 0.9693, -4.0884 0.087 0.9702, -4.0884 0.0831 0.9702, -4.0821 0.087 0.9715, -4.0821 0.0831 0.9715, -4.0763 0.087 0.9732, -4.0763 0.0831 0.9732, -4.0711 0.087 0.9754, -4.0711 0.0831 0.9754, -4.0664 0.087 0.978, -4.0664 0.0831 0.978, -4.0639 0.087 0.9797, -4.0639 0.0831 0.9797, -4.0601 0.087 0.9826, -4.0601 0.0831 0.9826, -4.0569 0.087 0.9858, -4.0569 0.0831 0.9858, -4.0543 0.087 0.9893, -4.0543 0.0831 0.9893, -4.0522 0.087 0.9929, -4.0522 0.0831 0.9929, -4.0506 0.087 0.9968, -4.0506 0.0831 0.9968, -4.0495 0.087 1.0009, -4.0495 0.0831 1.0009, -4.049 0.087 1.0054, -4.049 0.0831 1.0054, -4.0488 0.087 1.0085, -4.0488 0.0831 1.0085, -4.0491 0.087 1.0133, -4.0491 0.0831 1.0133, -4.0499 0.087 1.0177, -4.0499 0.0831 1.0177, -4.0512 0.087 1.0218, -4.0512 0.0831 1.0218, -4.053 0.087 1.0255, -4.053 0.0831 1.0255, -4.0553 0.087 1.0289, -4.0553 0.0831 1.0289, -4.0567 0.087 1.0306, -4.0567 0.0831 1.0306, -4.0596 0.087 1.0335, -4.0596 0.0831 1.0335, -4.0634 0.087 1.0363, -4.0634 0.0831 1.0363, -4.0682 0.087 1.0394, -4.0682 0.0831 1.0394, -4.0742 0.087 1.0426, -4.0742 0.0831 1.0426, -4.0817 0.087 1.0459, -4.0817 0.0831 1.0459, -4.0869 0.087 1.0479, -4.0869 0.0831 1.0479, -4.097 0.087 1.0521, -4.097 0.0831 1.0521, -4.1033 0.087 1.0552, -4.1033 0.0831 1.0552, -4.1074 0.087 1.0577, -4.1074 0.0831 1.0577, -4.1096 0.087 1.0593, -4.1096 0.0831 1.0593, -4.1115 0.087 1.0614, -4.1115 0.0831 1.0614, -4.113 0.087 1.0638, -4.113 0.0831 1.0638, -4.114 0.087 1.0665, -4.114 0.0831 1.0665, -4.1146 0.087 1.0695, -4.1146 0.0831 1.0695, -4.1147 0.087 1.0717, -4.1147 0.0831 1.0717, -4.1144 0.087 1.0748, -4.1144 0.0831 1.0748, -4.1136 0.087 1.0775, -4.1136 0.0831 1.0775, -4.1123 0.087 1.08, -4.1123 0.0831 1.08, -4.1105 0.087 1.0823, -4.1105 0.0831 1.0823, -4.1082 0.087 1.0843, -4.1082 0.0831 1.0843, -4.1076 0.087 1.0847, -4.1076 0.0831 1.0847, -4.1045 0.087 1.0866, -4.1045 0.0831 1.0866, -4.1011 0.087 1.088, -4.1011 0.0831 1.088, -4.0972 0.087 1.089, -4.0972 0.0831 1.089, -4.0928 0.087 1.0896, -4.0928 0.0831 1.0896, -4.0891 0.087 1.0897, -4.0891 0.0831 1.0897, -4.0829 0.087 1.0894, -4.0829 0.0831 1.0894, -4.0769 0.087 1.0886, -4.0769 0.0831 1.0886, -4.0712 0.087 1.0873, -4.0712 0.0831 1.0873, -4.0657 0.087 1.0854, -4.0657 0.0831 1.0854, -4.0605 0.087 1.0831, -4.0605 0.0831 1.0831, -4.0552 0.087 1.0801, -4.0552 0.0831 1.0801, -4.0552 0.0831 1.1028, -4.0552 0.087 1.1028, -4.0613 0.087 1.105, -4.0613 0.0831 1.105, -4.0675 0.087 1.1067, -4.0675 0.0831 1.1067, -4.0741 0.087 1.1078, -4.0741 0.0831 1.1078, -4.0809 0.087 1.1085, -4.0809 0.0831 1.1085, -4.0869 0.087 1.1087, -4.0869 0.0831 1.1087, -4.0937 0.087 1.1084, -4.0937 0.0831 1.1084, -4.1002 0.087 1.1076, -4.1002 0.0831 1.1076, -4.1062 0.087 1.1063, -4.1062 0.0831 1.1063, -4.1117 0.087 1.1045, -4.1117 0.0831 1.1045, -4.1169 0.087 1.1022, -4.1169 0.0831 1.1022, -4.1217 0.087 1.0995, -4.1217 0.0831 1.0995, -4.1238 0.087 1.0981, -4.1238 0.0831 1.0981, -4.1277 0.087 1.095, -4.1277 0.0831 1.095, -4.1309 0.087 1.0917, -4.1309 0.0831 1.0917, -4.1336 0.087 1.0882, -4.1336 0.0831 1.0882, -4.1356 0.087 1.0845, -4.1356 0.0831 1.0845, -4.1372 0.087 1.0806, -4.1372 0.0831 1.0806, -4.1382 0.087 1.0765, -4.1382 0.0831 1.0765, -4.1387 0.087 1.0721, -4.1387 0.0831 1.0721, -4.1388 0.087 1.0696, -4.1388 0.0831 1.0696, -4.1385 0.087 1.0648, -4.1385 0.0831 1.0648, -4.1377 0.087 1.0602, -4.1377 0.0831 1.0602, -4.1364 0.087 1.0561, -4.1364 0.0831 1.0561, -4.1346 0.087 1.0523, -4.1346 0.0831 1.0523, -4.1325 0.087 1.049, -4.1325 0.0831 1.049, -4.1322 0.087 1.0485, -4.1322 0.0831 1.0485, -4.1298 0.087 1.0459, -4.1298 0.0831 1.0459, -4.1266 0.087 1.0431, -4.1266 0.0831 1.0431, -4.1224 0.087 1.0402, -4.1224 0.0831 1.0402, -4.1169 0.087 1.037, -4.1169 0.0831 1.037, -4.11 0.087 1.0337, -4.11 0.0831 1.0337, -4.1034 0.087 1.0309, -4.1034 0.0831 1.0309, -4.0931 0.087 1.0268, -4.0931 0.0831 1.0268, -4.0864 0.087 1.0236, -4.0864 0.0831 1.0236, -4.0817 0.087 1.021, -4.0817 0.0831 1.021, -4.0789 0.087 1.0189, -4.0789 0.0831 1.0189, -4.0766 0.087 1.0167, -4.0766 0.0831 1.0167, -4.0748 0.087 1.0141, -4.0748 0.0831 1.0141, -4.0737 0.087 1.0115, -4.0737 0.0831 1.0115, -4.073 0.087 1.0086, -4.073 0.0831 1.0086, -4.0729 0.087 1.0062, -4.0729 0.0831 1.0062, -4.0731 0.087 1.0028, -4.0731 0.0831 1.0028, -4.0739 0.087 0.9998, -4.0739 0.0831 0.9998, -4.0752 0.087 0.9973, -4.0752 0.0831 0.9973, -4.0769 0.087 0.995, -4.0769 0.0831 0.995, -4.0791 0.087 0.9932, -4.0791 0.0831 0.9932, -4.0819 0.087 0.9915, -4.0819 0.0831 0.9915, -4.0852 0.087 0.9902, -4.0852 0.0831 0.9902, -4.0892 0.087 0.9891, -4.0892 0.0831 0.9891, -4.094 0.087 0.9885, -4.094 0.0831 0.9885, -3.9328 0.0831 1.1057, -3.9086 0.0831 1.1057, -3.9328 0.087 1.1057, -3.9086 0.087 1.1057, -3.9693 0.0831 1.0052, -3.9693 0.087 1.0052, -3.9711 0.087 0.999, -3.9711 0.0831 0.999, -3.9721 0.087 0.9944, -3.9721 0.0831 0.9944, -3.9728 0.0831 0.9944, -3.9728 0.087 0.9944, -3.9756 0.0831 1.0054, -3.9756 0.087 1.0054, -4.0105 0.0831 1.1057, -4.0105 0.087 1.1057, -4.0367 0.0831 1.1057, -4.0367 0.087 1.1057, -3.9843 0.0831 0.9725, -3.9843 0.087 0.9725, -3.9946 0.0831 0.9482, -3.9946 0.087 0.9482, -3.9973 0.087 0.9427, -3.9973 0.0831 0.9427, -4.0001 0.087 0.9386, -4.0001 0.0831 0.9386, -4.0034 0.087 0.9351, -4.0034 0.0831 0.9351, -4.0068 0.087 0.9325, -4.0068 0.0831 0.9325, -4.0105 0.087 0.9308, -4.0105 0.0831 0.9308, -4.0145 0.087 0.9297, -4.0145 0.0831 0.9297, -4.0186 0.087 0.9294, -4.0186 0.0831 0.9294, -4.0236 0.087 0.9298, -4.0236 0.0831 0.9298, -4.0288 0.087 0.931, -4.0288 0.0831 0.931, -4.0318 0.087 0.9321, -4.0318 0.0831 0.9321, -4.0318 0.0831 0.9113, -4.0318 0.087 0.9113, -4.0263 0.087 0.9101, -4.0263 0.0831 0.9101, -4.0199 0.087 0.9094, -4.0199 0.0831 0.9094, -4.0167 0.087 0.9094, -4.0167 0.0831 0.9094, -4.011 0.087 0.9098, -4.011 0.0831 0.9098, -4.0056 0.087 0.9109, -4.0056 0.0831 0.9109, -4.0004 0.087 0.9128, -4.0004 0.0831 0.9128, -3.9955 0.087 0.9154, -3.9955 0.0831 0.9154, -3.9909 0.087 0.9189, -3.9909 0.0831 0.9189, -3.9863 0.087 0.9232, -3.9863 0.0831 0.9232, -3.9819 0.087 0.9284, -3.9819 0.0831 0.9284, -3.9777 0.087 0.9346, -3.9777 0.0831 0.9346, -3.9736 0.087 0.942, -3.9736 0.0831 0.942, -3.9697 0.087 0.9506, -3.9697 0.0831 0.9506, -3.9691 0.087 0.9521, -3.9691 0.0831 0.9521, -3.7829 0.0831 0.9935, -3.7829 0.0831 0.9722, -3.7829 0.087 0.9935, -3.7829 0.087 0.9722, -3.8592 0.0831 0.9935, -3.8592 0.087 0.9935, -3.8592 0.0831 1.0564, -3.8592 0.087 1.0564, -3.7924 0.0831 1.0564, -3.7924 0.087 1.0564, -3.7924 0.0831 1.0778, -3.7924 0.087 1.0778, -3.8592 0.0831 1.0778, -3.8592 0.087 1.0778, -3.8592 0.0831 1.1376, -3.8592 0.087 1.1376, -3.7871 0.0831 1.1376, -3.7871 0.087 1.1376, -3.7871 0.0831 1.1591, -3.7871 0.087 1.1591, -3.8834 0.0831 1.1591, -3.8834 0.087 1.1591, -3.8834 0.0831 0.9722, -3.8834 0.087 0.9722, -3.6616 0.0831 0.9995, -3.6487 0.0831 0.9817, -3.6549 0.0831 1.0027, -3.6409 0.0831 0.9856, -3.6487 0.0831 1.0065, -3.6337 0.0831 0.9903, -3.6432 0.0831 1.0108, -3.6268 0.0831 0.9956, -3.6408 0.0831 1.013, -3.6237 0.0831 0.9984, -3.6361 0.0831 1.0181, -3.6177 0.0831 1.0045, -3.632 0.0831 1.0237, -3.6124 0.0831 1.011, -3.6286 0.0831 1.0299, -3.6079 0.0831 1.0179, -3.6257 0.0831 1.0365, -3.6224 0.0831 1.0854, -3.599 0.0831 1.0952, -3.6243 0.0831 1.0931, -3.6016 0.0831 1.1031, -3.6268 0.0831 1.1001, -3.6049 0.0831 1.1104, -3.6299 0.0831 1.1063, -3.6089 0.0831 1.1173, -3.6336 0.0831 1.1118, -3.6135 0.0831 1.1237, -3.6189 0.0831 1.1298, -3.6379 0.0831 1.1168, -3.6237 0.0831 1.1343, -3.6413 0.0831 1.12, -3.6306 0.0831 1.1399, -3.6471 0.0831 1.1244, -3.6379 0.0831 1.1447, -3.6534 0.0831 1.1282, -3.6456 0.0831 1.1488, -3.6601 0.0831 1.1314, -3.6537 0.0831 1.1523, -3.6674 0.0831 1.1339, -3.6622 0.0831 1.155, -3.6753 0.0831 1.1358, -3.6712 0.0831 1.157, -3.6839 0.0831 1.137, -3.6807 0.0831 1.1584, -3.6929 0.0831 1.1375, -3.6908 0.0831 1.159, -3.6952 0.0831 1.1376, -3.6943 0.0831 1.1591, -3.7235 0.0831 1.1376, -3.7476 0.0831 1.1591, -3.7235 0.0831 0.9935, -3.7476 0.0831 0.9722, -3.6963 0.0831 0.9935, -3.6962 0.0831 0.9722, -3.6865 0.0831 0.9939, -3.6855 0.0831 0.9726, -3.6774 0.0831 0.9951, -3.6753 0.0831 0.9738, -3.6691 0.0831 0.997, -3.6658 0.0831 0.9757, -3.657 0.0831 0.9784, -3.6041 0.0831 1.0252, -3.601 0.0831 1.0329, -3.6235 0.0831 1.0437, -3.5986 0.0831 1.0411, -3.622 0.0831 1.0516, -3.5968 0.0831 1.0498, -3.621 0.0831 1.0603, -3.5958 0.0831 1.059, -3.6208 0.0831 1.0674, -3.5955 0.0831 1.068, -3.6212 0.0831 1.0767, -3.5959 0.0831 1.0776, -3.5971 0.0831 1.0867, -3.6471 0.087 1.1244, -3.6306 0.087 1.1399, -3.6413 0.087 1.12, -3.6237 0.087 1.1343, -3.6379 0.087 1.1168, -3.6189 0.087 1.1298, -3.6336 0.087 1.1118, -3.6135 0.087 1.1237, -3.6299 0.087 1.1063, -3.6089 0.087 1.1173, -3.6268 0.087 1.1001, -3.6049 0.087 1.1104, -3.6243 0.087 1.0931, -3.6549 0.087 1.0027, -3.6487 0.087 0.9817, -3.6616 0.087 0.9995, -3.657 0.087 0.9784, -3.6691 0.087 0.997, -3.6658 0.087 0.9757, -3.6774 0.087 0.9951, -3.6753 0.087 0.9738, -3.6865 0.087 0.9939, -3.6855 0.087 0.9726, -3.6963 0.087 0.9935, -3.6962 0.087 0.9722, -3.7235 0.087 0.9935, -3.7476 0.087 0.9722, -3.7235 0.087 1.1376, -3.7476 0.087 1.1591, -3.6952 0.087 1.1376, -3.6943 0.087 1.1591, -3.6929 0.087 1.1375, -3.6908 0.087 1.159, -3.6839 0.087 1.137, -3.6807 0.087 1.1584, -3.6753 0.087 1.1358, -3.6712 0.087 1.157, -3.6674 0.087 1.1339, -3.6622 0.087 1.155, -3.6601 0.087 1.1314, -3.6537 0.087 1.1523, -3.6534 0.087 1.1282, -3.6456 0.087 1.1488, -3.6379 0.087 1.1447, -3.6235 0.087 1.0437, -3.601 0.087 1.0329, -3.6257 0.087 1.0365, -3.6041 0.087 1.0252, -3.6286 0.087 1.0299, -3.6079 0.087 1.0179, -3.632 0.087 1.0237, -3.6124 0.087 1.011, -3.6361 0.087 1.0181, -3.6177 0.087 1.0045, -3.6408 0.087 1.013, -3.6237 0.087 0.9984, -3.6432 0.087 1.0108, -3.6268 0.087 0.9956, -3.6487 0.087 1.0065, -3.6337 0.087 0.9903, -3.6409 0.087 0.9856, -3.6016 0.087 1.1031, -3.599 0.087 1.0952, -3.6224 0.087 1.0854, -3.5971 0.087 1.0867, -3.6212 0.087 1.0767, -3.5959 0.087 1.0776, -3.6208 0.087 1.0674, -3.5955 0.087 1.068, -3.621 0.087 1.0603, -3.5958 0.087 1.059, -3.622 0.087 1.0516, -3.5968 0.087 1.0498, -3.5986 0.087 1.0411, -3.5329 0.0831 1.0444, -3.5405 0.0831 1.0233, -3.4702 0.0831 1.0444, -3.4627 0.0831 1.0233, -3.5049 0.0831 1.1221, -3.514 0.0831 1.1591, -3.5851 0.0831 0.9722, -3.5585 0.0831 0.9722, -3.5033 0.0831 1.1277, -3.5019 0.0831 1.1352, -3.4882 0.0831 1.1591, -3.5013 0.0831 1.1352, -3.4998 0.0831 1.1273, -3.4984 0.0831 1.1221, -3.417 0.0831 0.9722, -3.4437 0.0831 0.9722, -3.4702 0.087 1.0444, -3.4984 0.087 1.1221, -3.4882 0.087 1.1591, -3.4998 0.087 1.1273, -3.5013 0.087 1.1352, -3.514 0.087 1.1591, -3.5019 0.087 1.1352, -3.5033 0.087 1.1277, -3.5049 0.087 1.1221, -3.5329 0.087 1.0444, -3.5851 0.087 0.9722, -3.417 0.087 0.9722, -3.4437 0.087 0.9722, -3.4627 0.087 1.0233, -3.5585 0.087 0.9722, -3.5405 0.087 1.0233, -5.2061 0.0831 0.9213, -5.1915 0.0831 0.9091, -5.2379 0.0831 1.0632, -5.1239 0.0831 1.3036, -5.1143 0.0831 1.2983, -5.1555 0.0831 1.3953, -5.0368 0.0831 1.3971, -5.0141 0.0831 1.4093, -5.0555 0.0831 1.4785, -4.7726 0.0831 1.3289, -4.7616 0.0831 1.3055, -4.6853 0.0831 1.3316, -4.754 0.0831 1.2808, -4.7504 0.0831 1.2598, -5.1053 0.0831 1.0664, -5.0928 0.0831 1.0625, -5.0651 0.0831 1.1421, -4.7 0.0831 1.0601, -4.7184 0.0831 1.0545, -4.6987 0.0831 0.9755, -5.2392 0.0831 0.9742, -5.2311 0.0831 0.9548, -5.22 0.0831 0.9371, -4.7942 0.0831 1.1283, -4.8354 0.0831 1.1987, -4.9802 0.0831 1.03, -5.0134 0.0831 1.1057, -4.9802 0.0831 1.0167, -5.052 0.0831 0.8988, -4.9813 0.0831 0.9997, -5.034 0.0831 0.9101, -5.0192 0.0831 0.9229, -5.1262 0.0831 0.965, -5.1313 0.0831 0.8851, -5.1143 0.0831 0.9636, -5.113 0.0831 0.8839, -5.1016 0.0831 0.9652, -5.149 0.0831 0.977, -5.1385 0.0831 0.9696, -5.173 0.0831 0.898, -5.1528 0.0831 0.8899, -5.0667 0.0831 1.0358, -5.0632 0.0831 1.0237, -5.0627 0.0831 1.0109, -5.0656 0.0831 0.998, -5.0714 0.0831 0.9864, -5.2231 0.0831 1.3126, -5.2401 0.0831 1.3911, -5.266 0.0831 1.3825, -4.7238 0.0831 0.9716, -4.7318 0.0831 1.0526, -4.8022 0.0831 0.9716, -4.7915 0.0831 1.0526, -4.8088 0.0831 0.9726, -5.0273 0.0831 1.4902, -4.99 0.0831 1.4182, -4.9982 0.0831 1.4987, -5.257 0.0831 1.0739, -5.2796 0.0831 0.9889, -5.2542 0.0831 0.9787, -5.2433 0.0831 1.3046, -5.2908 0.0831 1.3707, -5.262 0.0831 1.2933, -5.314 0.0831 1.3556, -5.2786 0.0831 1.2792, -5.0051 0.0831 0.9395, -4.9939 0.0831 0.9581, -4.9859 0.0831 0.9784, -5.1659 0.0831 1.01, -5.163 0.0831 0.9977, -5.1574 0.0831 0.9867, -5.0457 0.0831 1.1328, -5.0818 0.0831 1.0557, -5.0284 0.0831 1.1206, -4.6405 0.0831 1.186, -4.5701 0.0831 1.2296, -4.6478 0.0831 1.2039, -4.5821 0.0831 1.2517, -4.6582 0.0831 1.22, -4.5973 0.0831 1.2726, -4.6713 0.0831 1.2339, -4.6152 0.0831 1.2912, -4.6865 0.0831 1.245, -5.2892 0.0831 1.1036, -5.3455 0.0831 1.038, -5.2742 0.0831 1.0874, -5.3253 0.0831 1.0185, -5.3033 0.0831 1.0022, -5.2134 0.0831 1.3962, -5.2018 0.0831 1.3172, -5.1861 0.0831 1.398, -5.1847 0.0831 1.3183, -5.1708 0.0831 1.3971, -5.164 0.0831 1.3165, -5.1438 0.0831 1.3117, -5.1656 0.0831 1.0229, -5.1621 0.0831 1.0356, -5.2319 0.0831 1.0769, -5.1555 0.0831 1.0468, -5.1143 0.0831 1.0672, -5.1341 0.0831 1.1492, -5.1268 0.0831 1.0657, -5.1543 0.0831 1.1442, -5.1385 0.0831 1.0612, -5.0859 0.0831 1.1482, -5.1061 0.0831 1.1507, -5.113 0.0831 1.1509, -5.0799 0.0831 0.9767, -5.0901 0.0831 0.9696, -5.0714 0.0831 0.8906, -5.0917 0.0831 0.8856, -4.6747 0.0831 0.9827, -4.6518 0.0831 0.9932, -4.683 0.0831 1.069, -4.6303 0.0831 1.0068, -4.6681 0.0831 1.0808, -4.6106 0.0831 1.0235, -4.6621 0.0831 1.0871, -4.6029 0.0831 1.0313, -4.651 0.0831 1.1023, -5.0827 0.0831 1.4634, -5.0971 0.0831 1.4538, -5.0574 0.0831 1.382, -5.1182 0.0831 1.4368, -5.0758 0.0831 1.3642, -5.1374 0.0831 1.4173, -5.0916 0.0831 1.3441, -5.1044 0.0831 1.3221, -4.6969 0.0831 1.3582, -4.7116 0.0831 1.3835, -4.7867 0.0831 1.3506, -4.7297 0.0831 1.4078, -4.8035 0.0831 1.3701, -5.3154 0.0831 1.1615, -5.3944 0.0831 1.1289, -5.3097 0.0831 1.1405, -5.3858 0.0831 1.1028, -5.3005 0.0831 1.1206, -5.3739 0.0831 1.0778, -5.3589 0.0831 1.0545, -5.0729 0.0831 1.0465, -4.6379 0.0831 1.1371, -4.5541 0.0831 1.1459, -4.6361 0.0831 1.1562, -4.5538 0.0831 1.1575, -4.6367 0.0831 1.1671, -4.5559 0.0831 1.1823, -4.5614 0.0831 1.2063, -4.5871 0.0831 1.0511, -4.5742 0.0831 1.0726, -4.6428 0.0831 1.1192, -4.5642 0.0831 1.0959, -4.5575 0.0831 1.1205, -5.1736 0.0831 1.136, -5.1899 0.0831 1.126, -5.1489 0.0831 1.0539, -5.2064 0.0831 1.1121, -5.2206 0.0831 1.0955, -4.798 0.0831 1.0538, -4.8304 0.0831 0.9857, -4.8264 0.0831 0.9818, -4.9377 0.0831 1.5056, -4.9363 0.0831 1.4259, -4.9284 0.0831 1.5054, -4.911 0.0831 1.4241, -5.3027 0.0831 1.2464, -5.3841 0.0831 1.2671, -5.3109 0.0831 1.227, -5.3932 0.0831 1.2412, -5.3159 0.0831 1.2067, -5.399 0.0831 1.2142, -5.3176 0.0831 1.1854, -5.4012 0.0831 1.1884, -5.3175 0.0831 1.1816, -5.4013 0.0831 1.1828, -5.3995 0.0831 1.1556, -4.7397 0.0831 1.2598, -4.7209 0.0831 1.2581, -4.6802 0.0831 1.3299, -4.7032 0.0831 1.2532, -4.658 0.0831 1.3205, -4.6356 0.0831 1.3073, -4.8407 0.0831 1.0128, -4.8395 0.0831 1.0031, -4.8361 0.0831 0.9941, -4.794 0.0831 1.0529, -4.8176 0.0831 0.9758, -4.9684 0.0831 1.5038, -4.9646 0.0831 1.4238, -4.9402 0.0831 1.4258, -4.8094 0.0831 1.0527, -4.8186 0.0831 1.0492, -4.8405 0.0831 1.0167, -4.8268 0.0831 1.0435, -4.8333 0.0831 1.0362, -4.8382 0.0831 1.0269, -5.3342 0.0831 1.3387, -5.3388 0.0831 1.3342, -5.2914 0.0831 1.2644, -5.3568 0.0831 1.3138, -5.3719 0.0831 1.2914, -4.7995 0.0831 1.0539, -4.7509 0.0831 1.4307, -4.757 0.0831 1.4365, -4.8198 0.0831 1.3848, -4.7823 0.0831 1.4561, -4.8407 0.0831 1.3993, -4.8093 0.0831 1.4727, -4.8631 0.0831 1.4108, -4.8379 0.0831 1.4861, -4.8867 0.0831 1.4191, -4.8675 0.0831 1.4961, -4.8978 0.0831 1.5025, -4.8354 0.087 1.1987, -4.7942 0.087 1.1283, -5.0134 0.087 1.1057, -4.9802 0.087 1.03, -5.052 0.087 0.8988, -4.9802 0.087 1.0167, -4.9813 0.087 0.9997, -5.034 0.087 0.9101, -5.0192 0.087 0.9229, -5.1268 0.087 1.0657, -5.1385 0.087 1.0612, -5.2379 0.087 1.0632, -5.1489 0.087 1.0539, -5.0141 0.087 1.4093, -5.0368 0.087 1.3971, -5.0827 0.087 1.4634, -5.2061 0.087 0.9213, -5.22 0.087 0.9371, -5.1621 0.087 1.0356, -5.2311 0.087 0.9548, -5.2392 0.087 0.9742, -5.0714 0.087 0.9864, -5.0656 0.087 0.998, -5.0627 0.087 1.0109, -5.0632 0.087 1.0237, -5.3097 0.087 1.1405, -5.3005 0.087 1.1206, -5.3739 0.087 1.0778, -4.9859 0.087 0.9784, -4.9939 0.087 0.9581, -5.0051 0.087 0.9395, -5.1143 0.087 0.9636, -5.1016 0.087 0.9652, -5.0917 0.087 0.8856, -5.2433 0.087 1.3046, -5.266 0.087 1.3825, -5.2231 0.087 1.3126, -5.2401 0.087 1.3911, -5.2018 0.087 1.3172, -5.2134 0.087 1.3962, -5.1847 0.087 1.3183, -5.3589 0.087 1.0545, -5.2892 0.087 1.1036, -5.3455 0.087 1.038, -5.2742 0.087 1.0874, -5.3253 0.087 1.0185, -5.3033 0.087 1.0022, -5.257 0.087 1.0739, -5.2796 0.087 0.9889, -5.2542 0.087 0.9787, -5.1555 0.087 1.0468, -4.7867 0.087 1.3506, -4.7116 0.087 1.3835, -4.7726 0.087 1.3289, -4.6969 0.087 1.3582, -4.7616 0.087 1.3055, -4.6853 0.087 1.3316, -4.754 0.087 1.2808, -5.0971 0.087 1.4538, -5.0574 0.087 1.382, -5.1182 0.087 1.4368, -4.7032 0.087 1.2532, -4.7209 0.087 1.2581, -5.1656 0.087 1.0229, -5.1659 0.087 1.01, -5.163 0.087 0.9977, -5.1374 0.087 1.4173, -5.0758 0.087 1.3642, -5.1555 0.087 1.3953, -5.0916 0.087 1.3441, -5.1044 0.087 1.3221, -4.6428 0.087 1.1192, -4.5742 0.087 1.0726, -4.651 0.087 1.1023, -4.5871 0.087 1.0511, -4.6621 0.087 1.0871, -4.6029 0.087 1.0313, -4.6681 0.087 1.0808, -4.6106 0.087 1.0235, -4.683 0.087 1.069, -4.6478 0.087 1.2039, -4.5701 0.087 1.2296, -4.6405 0.087 1.186, -4.5614 0.087 1.2063, -4.6367 0.087 1.1671, -4.5559 0.087 1.1823, -4.6361 0.087 1.1562, -4.7397 0.087 1.2598, -4.7504 0.087 1.2598, -5.1385 0.087 0.9696, -5.1915 0.087 0.9091, -5.149 0.087 0.977, -5.1574 0.087 0.9867, -5.1143 0.087 1.0672, -5.1061 0.087 1.1507, -5.1053 0.087 1.0664, -5.0859 0.087 1.1482, -5.0928 0.087 1.0625, -5.1861 0.087 1.398, -5.1708 0.087 1.3971, -5.164 0.087 1.3165, -5.1438 0.087 1.3117, -5.0714 0.087 0.8906, -5.0901 0.087 0.9696, -5.0799 0.087 0.9767, -5.0651 0.087 1.1421, -5.0457 0.087 1.1328, -5.0818 0.087 1.0557, -5.0284 0.087 1.1206, -5.0729 0.087 1.0465, -5.0667 0.087 1.0358, -5.1736 0.087 1.136, -5.1543 0.087 1.1442, -5.1239 0.087 1.3036, -5.1143 0.087 1.2983, -4.8264 0.087 0.9818, -4.8304 0.087 0.9857, -4.798 0.087 1.0538, -4.8361 0.087 0.9941, -4.5538 0.087 1.1575, -4.5541 0.087 1.1459, -4.6379 0.087 1.1371, -4.5575 0.087 1.1205, -4.5642 0.087 1.0959, -4.6802 0.087 1.3299, -4.658 0.087 1.3205, -4.6865 0.087 1.245, -4.6356 0.087 1.3073, -4.6713 0.087 1.2339, -4.6152 0.087 1.2912, -4.6582 0.087 1.22, -4.5973 0.087 1.2726, -4.5821 0.087 1.2517, -5.113 0.087 0.8839, -5.1313 0.087 0.8851, -5.1262 0.087 0.965, -5.1528 0.087 0.8899, -5.173 0.087 0.898, -5.2206 0.087 1.0955, -5.2064 0.087 1.1121, -5.1899 0.087 1.126, -5.1341 0.087 1.1492, -5.113 0.087 1.1509, -5.3109 0.087 1.227, -5.3841 0.087 1.2671, -5.3027 0.087 1.2464, -5.3719 0.087 1.2914, -5.2914 0.087 1.2644, -5.3858 0.087 1.1028, -5.3944 0.087 1.1289, -5.3154 0.087 1.1615, -5.3995 0.087 1.1556, -5.3175 0.087 1.1816, -5.4013 0.087 1.1828, -5.3176 0.087 1.1854, -5.4012 0.087 1.1884, -5.3159 0.087 1.2067, -5.399 0.087 1.2142, -5.3932 0.087 1.2412, -4.6303 0.087 1.0068, -4.6518 0.087 0.9932, -4.7 0.087 1.0601, -4.6747 0.087 0.9827, -4.7184 0.087 1.0545, -4.6987 0.087 0.9755, -4.7318 0.087 1.0526, -4.7238 0.087 0.9716, -4.7915 0.087 1.0526, -4.8022 0.087 0.9716, -4.794 0.087 1.0529, -4.8088 0.087 0.9726, -4.8176 0.087 0.9758, -4.8395 0.087 1.0031, -4.8407 0.087 1.0128, -4.8405 0.087 1.0167, -5.2319 0.087 1.0769, -5.3568 0.087 1.3138, -5.3388 0.087 1.3342, -5.2786 0.087 1.2792, -5.3342 0.087 1.3387, -5.262 0.087 1.2933, -5.314 0.087 1.3556, -5.2908 0.087 1.3707, -4.8382 0.087 1.0269, -4.8333 0.087 1.0362, -4.8268 0.087 1.0435, -4.8186 0.087 1.0492, -4.8198 0.087 1.3848, -4.757 0.087 1.4365, -4.8035 0.087 1.3701, -4.7509 0.087 1.4307, -4.7297 0.087 1.4078, -5.0555 0.087 1.4785, -5.0273 0.087 1.4902, -4.99 0.087 1.4182, -4.9982 0.087 1.4987, -4.9646 0.087 1.4238, -4.9684 0.087 1.5038, -4.9402 0.087 1.4258, -4.9377 0.087 1.5056, -4.9363 0.087 1.4259, -4.9284 0.087 1.5054, -4.911 0.087 1.4241, -4.8978 0.087 1.5025, -4.8867 0.087 1.4191, -4.8675 0.087 1.4961, -4.8631 0.087 1.4108, -4.8379 0.087 1.4861, -4.8407 0.087 1.3993, -4.8093 0.087 1.4727, -4.7823 0.087 1.4561, -4.8094 0.087 1.0527, -4.7995 0.087 1.0539, -4.7995 0.087 1.0539
            ]
        }
        coordIndex [
            0,1,2,-1,2,1,3,-1,4,0,5,-1,5,0,2,-1,6,4,7,-1,7,4,5,-1,8,6,9,-1,9,6,7,-1,10,8,11,-1,11,8,9,-1,1,10,3,-1,3,10,11,-1,6,8,4,-1,4,8,10,-1,4,10,0,-1,0,10,1,-1,2,3,5,-1,5,3,11,-1,5,11,7,-1,7,11,9,-1,12,13,14,-1,12,14,15,-1,15,14,16,-1,15,16,17,-1,17,16,18,-1,17,18,19,-1,19,18,20,-1,19,20,21,-1,21,20,22,-1,21,22,23,-1,23,22,24,-1,23,24,25,-1,26,25,27,-1,27,25,24,-1,26,27,28,-1,26,28,29,-1,29,28,30,-1,29,30,31,-1,31,30,32,-1,31,32,33,-1,33,32,34,-1,33,34,35,-1,35,34,36,-1,35,36,37,-1,37,36,38,-1,37,38,39,-1,39,38,40,-1,39,40,41,-1,41,40,42,-1,41,42,43,-1,43,42,44,-1,43,44,45,-1,45,44,46,-1,45,46,47,-1,47,46,48,-1,47,48,49,-1,49,48,50,-1,49,50,51,-1,51,50,52,-1,51,52,53,-1,53,52,54,-1,53,54,55,-1,55,54,56,-1,55,56,57,-1,57,56,58,-1,57,58,59,-1,59,58,60,-1,59,60,61,-1,61,60,62,-1,61,62,63,-1,63,62,64,-1,63,64,65,-1,65,64,66,-1,65,66,67,-1,67,66,68,-1,67,68,69,-1,69,68,70,-1,69,70,71,-1,71,70,72,-1,71,72,73,-1,73,72,74,-1,73,74,75,-1,75,74,76,-1,75,76,77,-1,77,76,78,-1,77,78,79,-1,79,78,80,-1,79,80,81,-1,81,80,82,-1,81,82,83,-1,83,82,84,-1,83,84,85,-1,85,84,86,-1,85,86,87,-1,87,86,88,-1,87,88,89,-1,89,88,90,-1,89,90,91,-1,91,90,92,-1,91,92,93,-1,93,92,94,-1,93,94,95,-1,95,94,96,-1,95,96,97,-1,97,96,98,-1,97,98,99,-1,99,98,100,-1,99,100,101,-1,101,100,102,-1,101,102,103,-1,103,102,104,-1,103,104,105,-1,105,104,106,-1,105,106,107,-1,107,106,108,-1,107,108,109,-1,109,108,110,-1,109,110,111,-1,111,110,112,-1,111,112,113,-1,113,112,114,-1,113,114,115,-1,116,115,117,-1,117,115,114,-1,116,117,118,-1,116,118,119,-1,119,118,120,-1,119,120,121,-1,121,120,122,-1,121,122,123,-1,123,122,124,-1,123,124,125,-1,125,124,126,-1,125,126,127,-1,127,126,128,-1,127,128,129,-1,129,128,130,-1,129,130,131,-1,131,130,132,-1,131,132,133,-1,133,132,134,-1,133,134,135,-1,135,134,136,-1,135,136,137,-1,137,136,138,-1,137,138,139,-1,139,138,140,-1,139,140,141,-1,141,140,142,-1,141,142,143,-1,143,142,144,-1,143,144,145,-1,145,144,146,-1,145,146,147,-1,147,146,148,-1,147,148,149,-1,149,148,150,-1,149,150,151,-1,151,150,152,-1,151,152,153,-1,153,152,154,-1,153,154,155,-1,155,154,156,-1,155,156,157,-1,157,156,158,-1,157,158,159,-1,159,158,160,-1,159,160,161,-1,161,160,162,-1,161,162,163,-1,163,162,164,-1,163,164,165,-1,165,164,166,-1,165,166,167,-1,167,166,168,-1,167,168,169,-1,169,168,170,-1,169,170,171,-1,171,170,172,-1,171,172,173,-1,173,172,174,-1,173,174,175,-1,175,174,176,-1,175,176,177,-1,177,176,178,-1,177,178,179,-1,179,178,180,-1,179,180,181,-1,181,180,182,-1,181,182,183,-1,183,182,184,-1,183,184,185,-1,185,184,186,-1,185,186,187,-1,187,186,188,-1,187,188,189,-1,189,188,190,-1,189,190,191,-1,191,190,192,-1,191,192,193,-1,193,192,194,-1,193,194,195,-1,195,194,196,-1,195,196,197,-1,197,196,13,-1,197,13,12,-1,113,115,116,-1,57,177,179,-1,57,179,55,-1,55,179,181,-1,55,181,53,-1,53,181,183,-1,53,183,51,-1,51,183,185,-1,51,185,49,-1,49,185,187,-1,49,187,47,-1,33,21,31,-1,31,21,23,-1,31,23,29,-1,29,23,25,-1,29,25,26,-1,187,189,47,-1,47,189,191,-1,47,191,45,-1,45,191,193,-1,45,193,43,-1,43,193,195,-1,43,195,41,-1,41,195,197,-1,41,197,39,-1,39,197,12,-1,39,12,37,-1,37,12,15,-1,37,15,35,-1,35,15,17,-1,35,17,33,-1,33,17,19,-1,33,19,21,-1,89,143,87,-1,87,143,145,-1,87,145,85,-1,85,145,147,-1,85,147,83,-1,83,147,149,-1,83,149,81,-1,81,149,151,-1,81,151,79,-1,79,151,153,-1,79,153,77,-1,77,153,155,-1,77,155,75,-1,113,116,111,-1,111,116,119,-1,111,119,109,-1,109,119,121,-1,109,121,107,-1,107,121,123,-1,107,123,105,-1,105,123,125,-1,105,125,103,-1,103,125,127,-1,103,127,101,-1,101,127,129,-1,101,129,99,-1,99,129,131,-1,99,131,97,-1,97,131,133,-1,97,133,95,-1,95,133,135,-1,95,135,93,-1,93,135,137,-1,93,137,91,-1,91,137,139,-1,91,139,89,-1,89,139,141,-1,89,141,143,-1,177,57,175,-1,175,57,59,-1,175,59,173,-1,173,59,61,-1,173,61,171,-1,171,61,63,-1,171,63,169,-1,169,63,65,-1,169,65,167,-1,167,65,165,-1,165,65,67,-1,165,67,163,-1,155,157,75,-1,75,157,159,-1,75,159,73,-1,73,159,161,-1,73,161,71,-1,71,161,163,-1,71,163,69,-1,69,163,67,-1,28,27,24,-1,28,24,30,-1,44,190,46,-1,46,190,188,-1,46,188,48,-1,48,188,186,-1,48,186,50,-1,50,186,184,-1,50,184,52,-1,52,184,182,-1,52,182,54,-1,114,112,117,-1,117,112,110,-1,117,110,118,-1,118,110,108,-1,182,180,54,-1,54,180,178,-1,54,178,56,-1,56,178,176,-1,56,176,58,-1,58,176,174,-1,58,174,60,-1,60,174,172,-1,60,172,62,-1,24,22,30,-1,30,22,20,-1,30,20,32,-1,32,20,18,-1,32,18,34,-1,34,18,16,-1,34,16,36,-1,36,16,14,-1,36,14,38,-1,38,14,13,-1,38,13,40,-1,40,13,196,-1,40,196,42,-1,42,196,194,-1,42,194,44,-1,44,194,192,-1,44,192,190,-1,82,146,84,-1,84,146,144,-1,84,144,86,-1,86,144,142,-1,86,142,88,-1,88,142,140,-1,88,140,90,-1,90,140,138,-1,90,138,92,-1,92,138,136,-1,92,136,94,-1,94,136,134,-1,94,134,96,-1,96,134,132,-1,96,132,98,-1,98,132,130,-1,98,130,100,-1,100,130,128,-1,100,128,102,-1,102,128,126,-1,102,126,104,-1,104,126,124,-1,104,124,106,-1,106,124,122,-1,106,122,108,-1,108,122,120,-1,108,120,118,-1,162,160,72,-1,72,160,158,-1,72,158,74,-1,74,158,156,-1,74,156,76,-1,76,156,154,-1,76,154,78,-1,78,154,152,-1,78,152,80,-1,80,152,150,-1,80,150,82,-1,82,150,148,-1,82,148,146,-1,172,170,62,-1,62,170,168,-1,62,168,64,-1,64,168,166,-1,64,166,66,-1,66,166,164,-1,66,164,68,-1,68,164,162,-1,68,162,70,-1,70,162,72,-1,198,199,200,-1,200,199,201,-1,202,198,203,-1,203,198,200,-1,204,202,205,-1,205,202,203,-1,206,204,207,-1,207,204,205,-1,208,206,209,-1,209,206,207,-1,210,208,211,-1,211,208,209,-1,212,210,213,-1,213,210,211,-1,214,212,215,-1,215,212,213,-1,216,214,217,-1,217,214,215,-1,218,216,219,-1,219,216,217,-1,220,218,221,-1,221,218,219,-1,199,220,201,-1,201,220,221,-1,220,199,198,-1,198,202,220,-1,220,202,204,-1,220,204,218,-1,214,216,212,-1,212,216,218,-1,212,218,210,-1,210,218,204,-1,210,204,208,-1,208,204,206,-1,219,217,215,-1,215,213,219,-1,219,213,211,-1,219,211,221,-1,200,201,203,-1,203,201,221,-1,203,221,205,-1,205,221,211,-1,205,211,207,-1,207,211,209,-1,222,223,224,-1,224,223,225,-1,224,225,226,-1,226,225,227,-1,226,227,228,-1,228,227,229,-1,228,229,230,-1,230,229,231,-1,230,231,232,-1,232,231,233,-1,232,233,234,-1,234,233,235,-1,234,235,236,-1,236,235,237,-1,236,237,238,-1,239,240,241,-1,241,240,242,-1,241,242,243,-1,243,242,244,-1,243,244,245,-1,245,244,246,-1,245,246,247,-1,246,248,247,-1,247,248,249,-1,247,249,250,-1,250,249,251,-1,250,251,252,-1,252,251,253,-1,252,253,254,-1,254,253,255,-1,254,255,256,-1,256,255,257,-1,256,257,258,-1,258,257,259,-1,258,259,260,-1,260,259,261,-1,260,261,262,-1,262,261,263,-1,262,263,264,-1,264,263,265,-1,264,265,266,-1,266,265,267,-1,266,267,268,-1,268,267,269,-1,268,269,270,-1,270,269,271,-1,270,271,272,-1,272,271,273,-1,272,273,274,-1,274,273,275,-1,274,275,276,-1,276,275,277,-1,276,277,278,-1,278,277,279,-1,278,279,280,-1,280,279,281,-1,280,281,222,-1,222,281,282,-1,222,282,223,-1,237,283,238,-1,238,283,284,-1,238,284,285,-1,285,284,286,-1,285,286,287,-1,287,286,288,-1,287,288,289,-1,289,288,290,-1,289,290,291,-1,291,290,292,-1,291,292,293,-1,293,292,294,-1,293,294,239,-1,239,294,295,-1,239,295,240,-1,296,297,298,-1,298,297,299,-1,298,299,300,-1,300,299,301,-1,300,301,302,-1,302,301,303,-1,302,303,304,-1,304,303,305,-1,304,305,306,-1,306,305,307,-1,306,307,308,-1,309,310,311,-1,311,310,312,-1,311,312,313,-1,313,312,314,-1,313,314,315,-1,315,314,316,-1,315,316,317,-1,317,316,318,-1,317,318,319,-1,319,318,320,-1,319,320,321,-1,321,320,322,-1,321,322,323,-1,323,322,324,-1,323,324,325,-1,325,324,326,-1,325,326,327,-1,327,326,328,-1,327,328,329,-1,329,328,330,-1,329,330,331,-1,331,330,332,-1,331,332,333,-1,333,332,334,-1,333,334,335,-1,335,334,336,-1,335,336,337,-1,337,336,338,-1,337,338,296,-1,296,338,339,-1,296,339,297,-1,340,341,342,-1,342,341,343,-1,342,343,344,-1,344,343,345,-1,344,345,346,-1,346,345,347,-1,346,347,348,-1,348,347,349,-1,348,349,350,-1,350,349,351,-1,350,351,352,-1,352,351,353,-1,352,353,354,-1,354,353,355,-1,354,355,309,-1,309,355,356,-1,309,356,310,-1,307,357,308,-1,308,357,358,-1,308,358,359,-1,359,358,360,-1,359,360,361,-1,361,360,362,-1,361,362,363,-1,363,362,364,-1,363,364,365,-1,365,364,366,-1,365,366,367,-1,367,366,368,-1,367,368,340,-1,340,368,369,-1,340,369,341,-1,275,273,320,-1,320,273,322,-1,275,320,318,-1,275,318,277,-1,277,318,316,-1,277,316,279,-1,279,316,314,-1,279,314,281,-1,281,314,312,-1,281,312,282,-1,282,312,310,-1,282,310,223,-1,223,310,356,-1,223,356,225,-1,225,356,355,-1,225,355,227,-1,227,355,353,-1,227,353,229,-1,229,353,351,-1,229,351,231,-1,231,351,349,-1,231,349,233,-1,233,349,347,-1,233,347,235,-1,235,347,345,-1,235,345,237,-1,237,345,343,-1,237,343,283,-1,283,343,341,-1,283,341,284,-1,284,341,369,-1,284,369,286,-1,286,369,368,-1,286,368,288,-1,288,368,366,-1,288,366,290,-1,290,366,364,-1,290,364,292,-1,292,364,362,-1,292,362,294,-1,294,362,360,-1,294,360,295,-1,295,360,358,-1,295,358,240,-1,240,358,357,-1,240,357,242,-1,242,357,307,-1,242,307,244,-1,244,307,305,-1,244,305,246,-1,246,305,303,-1,246,303,248,-1,248,303,301,-1,248,301,249,-1,249,301,299,-1,249,299,251,-1,251,299,297,-1,251,297,253,-1,253,297,339,-1,253,339,255,-1,255,339,338,-1,255,338,257,-1,257,338,336,-1,257,336,259,-1,259,336,334,-1,259,334,261,-1,261,334,332,-1,261,332,263,-1,263,332,330,-1,263,330,265,-1,265,330,328,-1,265,328,267,-1,267,328,326,-1,267,326,269,-1,271,269,324,-1,324,269,326,-1,273,271,322,-1,322,271,324,-1,268,270,325,-1,325,270,323,-1,270,272,323,-1,323,272,321,-1,272,274,321,-1,321,274,319,-1,230,350,352,-1,230,352,228,-1,228,352,354,-1,228,354,226,-1,226,354,309,-1,226,309,224,-1,224,309,311,-1,224,311,222,-1,222,311,313,-1,222,313,280,-1,280,313,315,-1,280,315,278,-1,278,315,317,-1,278,317,276,-1,276,317,319,-1,276,319,274,-1,291,363,365,-1,291,365,289,-1,289,365,367,-1,289,367,287,-1,287,367,340,-1,287,340,285,-1,285,340,342,-1,285,342,238,-1,238,342,344,-1,238,344,236,-1,236,344,346,-1,236,346,234,-1,234,346,348,-1,234,348,232,-1,232,348,350,-1,232,350,230,-1,252,298,300,-1,252,300,250,-1,250,300,302,-1,250,302,247,-1,247,302,304,-1,247,304,245,-1,245,304,306,-1,245,306,243,-1,243,306,308,-1,243,308,241,-1,241,308,359,-1,241,359,239,-1,239,359,361,-1,239,361,293,-1,293,361,363,-1,293,363,291,-1,268,325,327,-1,268,327,266,-1,266,327,329,-1,266,329,264,-1,264,329,331,-1,264,331,262,-1,262,331,333,-1,262,333,260,-1,260,333,335,-1,260,335,258,-1,258,335,337,-1,258,337,256,-1,256,337,296,-1,256,296,254,-1,254,296,298,-1,254,298,252,-1,370,371,372,-1,372,371,373,-1,374,375,370,-1,370,375,376,-1,370,376,371,-1,371,376,377,-1,374,378,375,-1,375,378,379,-1,375,379,380,-1,380,379,381,-1,380,381,382,-1,382,383,380,-1,380,383,372,-1,380,372,384,-1,384,372,373,-1,384,373,385,-1,386,387,388,-1,387,389,388,-1,388,389,390,-1,388,390,391,-1,391,390,392,-1,391,392,393,-1,393,394,391,-1,391,394,395,-1,391,395,396,-1,397,398,399,-1,400,396,401,-1,401,396,395,-1,401,395,399,-1,399,395,386,-1,399,386,397,-1,397,386,388,-1,380,384,388,-1,388,384,397,-1,375,380,391,-1,391,380,388,-1,376,375,396,-1,396,375,391,-1,377,376,400,-1,400,376,396,-1,371,377,401,-1,401,377,400,-1,373,371,399,-1,399,371,401,-1,385,373,398,-1,398,373,399,-1,384,385,397,-1,397,385,398,-1,370,372,395,-1,395,372,386,-1,372,383,386,-1,386,383,387,-1,381,390,389,-1,381,389,382,-1,382,389,387,-1,382,387,383,-1,381,379,390,-1,390,379,392,-1,374,394,393,-1,374,393,378,-1,378,393,392,-1,378,392,379,-1,374,370,394,-1,394,370,395,-1,402,403,404,-1,404,403,405,-1,406,402,407,-1,407,402,404,-1,408,406,409,-1,409,406,407,-1,410,408,411,-1,411,408,409,-1,412,410,413,-1,413,410,411,-1,414,412,415,-1,415,412,413,-1,416,414,417,-1,417,414,415,-1,418,416,419,-1,419,416,417,-1,420,418,421,-1,421,418,419,-1,422,420,423,-1,423,420,421,-1,424,422,425,-1,425,422,423,-1,403,424,405,-1,405,424,425,-1,424,403,402,-1,402,406,424,-1,424,406,408,-1,424,408,422,-1,418,420,416,-1,416,420,422,-1,416,422,414,-1,414,422,408,-1,414,408,412,-1,412,408,410,-1,423,421,419,-1,419,417,423,-1,423,417,415,-1,423,415,425,-1,404,405,407,-1,407,405,425,-1,407,425,409,-1,409,425,415,-1,409,415,411,-1,411,415,413,-1,426,427,428,-1,428,427,429,-1,430,431,432,-1,432,431,433,-1,432,433,434,-1,434,433,435,-1,434,435,436,-1,437,438,439,-1,440,441,442,-1,443,444,445,-1,426,428,446,-1,446,428,447,-1,446,447,448,-1,449,450,451,-1,451,450,439,-1,451,439,452,-1,452,439,438,-1,453,454,455,-1,455,454,456,-1,455,456,430,-1,430,456,457,-1,430,457,431,-1,443,458,444,-1,444,458,459,-1,444,459,460,-1,460,459,461,-1,460,461,462,-1,448,463,446,-1,446,463,464,-1,446,464,465,-1,465,464,466,-1,465,466,445,-1,445,466,467,-1,445,467,443,-1,468,469,470,-1,470,469,471,-1,470,471,453,-1,453,471,472,-1,453,472,454,-1,473,474,475,-1,475,474,476,-1,475,476,477,-1,477,476,478,-1,477,478,479,-1,442,480,440,-1,440,480,481,-1,440,481,473,-1,473,481,482,-1,473,482,474,-1,483,484,485,-1,485,484,486,-1,485,486,441,-1,441,486,487,-1,441,487,442,-1,488,489,439,-1,439,489,490,-1,439,490,437,-1,491,488,468,-1,468,488,492,-1,468,492,469,-1,429,489,428,-1,428,489,488,-1,428,488,493,-1,493,488,491,-1,461,494,462,-1,462,494,495,-1,462,495,496,-1,496,495,497,-1,496,497,498,-1,435,499,436,-1,436,499,500,-1,436,500,501,-1,501,500,502,-1,501,502,503,-1,503,502,504,-1,503,504,505,-1,505,504,506,-1,505,506,507,-1,507,506,508,-1,507,508,509,-1,509,508,510,-1,509,510,511,-1,511,510,512,-1,511,512,513,-1,513,512,514,-1,513,514,515,-1,515,514,516,-1,515,516,517,-1,517,516,518,-1,517,518,519,-1,452,520,451,-1,451,520,521,-1,451,521,522,-1,522,521,523,-1,522,523,524,-1,525,526,527,-1,527,526,528,-1,527,528,529,-1,529,528,530,-1,529,530,531,-1,497,532,498,-1,498,532,533,-1,498,533,483,-1,483,533,534,-1,483,534,484,-1,530,535,531,-1,531,535,536,-1,531,536,537,-1,537,536,538,-1,537,538,539,-1,539,538,524,-1,539,524,540,-1,540,524,523,-1,478,541,479,-1,479,541,542,-1,479,542,543,-1,543,542,544,-1,543,544,545,-1,545,544,546,-1,545,546,525,-1,525,546,547,-1,525,547,526,-1,548,549,550,-1,551,552,553,-1,553,552,554,-1,553,554,555,-1,556,557,558,-1,558,557,559,-1,558,559,560,-1,561,562,563,-1,564,565,566,-1,567,568,569,-1,569,568,570,-1,569,570,571,-1,572,573,562,-1,562,573,574,-1,562,574,563,-1,554,575,555,-1,555,575,576,-1,555,576,577,-1,577,576,578,-1,577,578,579,-1,580,581,582,-1,582,581,583,-1,582,583,584,-1,584,583,585,-1,584,585,551,-1,551,585,586,-1,551,586,552,-1,587,564,588,-1,588,564,566,-1,588,566,589,-1,589,566,590,-1,559,591,560,-1,560,591,592,-1,560,592,567,-1,567,592,593,-1,567,593,568,-1,594,595,556,-1,556,595,596,-1,556,596,557,-1,597,598,594,-1,594,598,599,-1,594,599,595,-1,563,600,561,-1,561,600,601,-1,561,601,602,-1,602,601,603,-1,602,603,604,-1,604,603,605,-1,604,605,606,-1,606,605,607,-1,606,607,608,-1,608,607,609,-1,570,610,571,-1,571,610,611,-1,571,611,612,-1,612,611,613,-1,612,613,572,-1,572,613,614,-1,572,614,573,-1,615,616,617,-1,617,616,566,-1,617,566,618,-1,618,566,565,-1,578,619,579,-1,579,619,620,-1,579,620,621,-1,621,620,622,-1,621,622,623,-1,623,622,616,-1,623,616,624,-1,624,616,625,-1,625,616,615,-1,625,615,609,-1,609,615,626,-1,609,626,608,-1,627,628,629,-1,629,628,630,-1,629,630,631,-1,631,630,632,-1,631,632,633,-1,633,632,634,-1,633,634,635,-1,548,550,636,-1,636,550,637,-1,636,637,638,-1,638,637,639,-1,638,639,640,-1,640,639,641,-1,640,641,642,-1,642,641,643,-1,642,643,644,-1,644,643,645,-1,644,645,646,-1,646,645,647,-1,646,647,648,-1,648,647,649,-1,648,649,580,-1,580,649,650,-1,580,650,581,-1,651,652,653,-1,653,652,654,-1,653,654,655,-1,655,654,656,-1,655,656,597,-1,597,656,657,-1,597,657,598,-1,634,658,635,-1,635,658,659,-1,635,659,660,-1,660,659,661,-1,660,661,662,-1,662,661,663,-1,662,663,651,-1,651,663,664,-1,651,664,652,-1,629,665,627,-1,627,665,666,-1,627,666,667,-1,667,666,668,-1,667,668,588,-1,588,668,669,-1,588,669,587,-1,504,649,647,-1,504,647,506,-1,506,647,645,-1,506,645,508,-1,508,645,643,-1,508,643,510,-1,510,643,641,-1,510,641,512,-1,512,641,639,-1,512,639,514,-1,514,639,637,-1,514,637,516,-1,516,637,550,-1,516,550,518,-1,519,518,549,-1,549,518,550,-1,519,549,548,-1,519,548,517,-1,517,548,636,-1,517,636,515,-1,515,636,638,-1,515,638,513,-1,513,638,640,-1,513,640,511,-1,511,640,642,-1,511,642,509,-1,509,642,644,-1,509,644,507,-1,507,644,646,-1,507,646,505,-1,505,646,648,-1,505,648,503,-1,503,648,580,-1,503,580,501,-1,501,580,582,-1,501,582,436,-1,436,582,584,-1,436,584,434,-1,434,584,551,-1,434,551,432,-1,432,551,553,-1,432,553,430,-1,430,553,555,-1,430,555,455,-1,455,555,577,-1,455,577,453,-1,453,577,579,-1,453,579,470,-1,470,579,621,-1,470,621,468,-1,468,621,623,-1,468,623,491,-1,491,623,624,-1,491,624,493,-1,493,624,625,-1,493,625,428,-1,447,428,609,-1,609,428,625,-1,447,609,607,-1,447,607,448,-1,448,607,605,-1,448,605,463,-1,463,605,603,-1,463,603,464,-1,464,603,601,-1,464,601,466,-1,466,601,600,-1,466,600,467,-1,467,600,563,-1,467,563,443,-1,443,563,574,-1,443,574,458,-1,458,574,573,-1,458,573,459,-1,459,573,614,-1,459,614,461,-1,461,614,613,-1,461,613,494,-1,494,613,611,-1,494,611,495,-1,495,611,610,-1,495,610,497,-1,497,610,570,-1,497,570,532,-1,532,570,568,-1,532,568,533,-1,533,568,593,-1,533,593,534,-1,534,593,592,-1,534,592,484,-1,484,592,591,-1,484,591,486,-1,486,591,559,-1,486,559,487,-1,487,559,557,-1,487,557,442,-1,442,557,596,-1,442,596,480,-1,480,596,595,-1,480,595,481,-1,481,595,599,-1,481,599,482,-1,482,599,598,-1,482,598,474,-1,474,598,657,-1,474,657,476,-1,476,657,656,-1,476,656,478,-1,478,656,654,-1,478,654,541,-1,541,654,652,-1,541,652,542,-1,542,652,664,-1,542,664,544,-1,544,664,663,-1,544,663,546,-1,546,663,661,-1,546,661,547,-1,547,661,659,-1,547,659,526,-1,526,659,658,-1,526,658,528,-1,528,658,634,-1,528,634,530,-1,530,634,632,-1,530,632,535,-1,535,632,630,-1,535,630,536,-1,536,630,628,-1,536,628,538,-1,538,628,627,-1,538,627,524,-1,524,627,667,-1,524,667,522,-1,451,522,588,-1,588,522,667,-1,449,451,589,-1,589,451,588,-1,450,449,590,-1,590,449,589,-1,439,450,566,-1,566,450,590,-1,439,566,616,-1,439,616,488,-1,488,616,622,-1,488,622,492,-1,492,622,620,-1,492,620,469,-1,469,620,619,-1,469,619,471,-1,471,619,578,-1,471,578,472,-1,472,578,576,-1,472,576,454,-1,454,576,575,-1,454,575,456,-1,456,575,554,-1,456,554,457,-1,457,554,552,-1,457,552,431,-1,431,552,586,-1,431,586,433,-1,433,586,585,-1,433,585,435,-1,435,585,583,-1,435,583,499,-1,499,583,581,-1,499,581,500,-1,500,581,650,-1,500,650,502,-1,502,650,649,-1,502,649,504,-1,445,561,602,-1,445,602,465,-1,465,602,604,-1,465,604,446,-1,446,604,606,-1,446,606,426,-1,426,606,608,-1,426,608,427,-1,427,608,626,-1,427,626,429,-1,498,569,571,-1,498,571,496,-1,496,571,612,-1,496,612,462,-1,462,612,572,-1,462,572,460,-1,460,572,562,-1,460,562,444,-1,444,562,561,-1,444,561,445,-1,473,594,556,-1,473,556,440,-1,440,556,558,-1,440,558,441,-1,441,558,560,-1,441,560,485,-1,485,560,567,-1,485,567,483,-1,483,567,569,-1,483,569,498,-1,545,662,651,-1,545,651,543,-1,543,651,653,-1,543,653,479,-1,479,653,655,-1,479,655,477,-1,477,655,597,-1,477,597,475,-1,475,597,594,-1,475,594,473,-1,540,666,665,-1,540,665,539,-1,539,665,629,-1,539,629,537,-1,537,629,631,-1,537,631,531,-1,531,631,633,-1,531,633,529,-1,529,633,635,-1,529,635,527,-1,527,635,660,-1,527,660,525,-1,525,660,662,-1,525,662,545,-1,490,617,618,-1,490,618,437,-1,437,618,565,-1,437,565,438,-1,438,565,564,-1,438,564,452,-1,452,564,587,-1,452,587,520,-1,520,587,669,-1,520,669,521,-1,521,669,668,-1,521,668,523,-1,523,668,666,-1,523,666,540,-1,490,489,617,-1,617,489,615,-1,489,429,615,-1,615,429,626,-1,670,671,672,-1,670,672,673,-1,673,672,674,-1,673,674,675,-1,675,674,676,-1,675,676,677,-1,677,676,678,-1,677,678,679,-1,679,678,680,-1,679,680,681,-1,681,680,682,-1,681,682,683,-1,683,682,684,-1,683,684,685,-1,686,685,687,-1,687,685,684,-1,686,687,688,-1,686,688,689,-1,689,688,690,-1,689,690,691,-1,691,690,692,-1,691,692,693,-1,693,692,694,-1,693,694,695,-1,695,694,696,-1,695,696,697,-1,697,696,698,-1,697,698,699,-1,699,698,700,-1,699,700,701,-1,701,700,702,-1,701,702,703,-1,703,702,704,-1,703,704,705,-1,705,704,706,-1,705,706,707,-1,707,706,708,-1,707,708,709,-1,709,708,710,-1,709,710,711,-1,711,710,712,-1,711,712,713,-1,713,712,714,-1,713,714,715,-1,715,714,716,-1,715,716,717,-1,717,716,718,-1,717,718,719,-1,719,718,720,-1,719,720,721,-1,721,720,722,-1,721,722,723,-1,723,722,724,-1,723,724,725,-1,725,724,726,-1,725,726,727,-1,727,726,728,-1,727,728,729,-1,729,728,730,-1,729,730,731,-1,731,730,732,-1,731,732,733,-1,733,732,734,-1,733,734,735,-1,735,734,736,-1,735,736,737,-1,737,736,738,-1,737,738,739,-1,739,738,740,-1,739,740,741,-1,741,740,742,-1,741,742,743,-1,743,742,744,-1,743,744,745,-1,745,744,746,-1,745,746,747,-1,747,746,748,-1,747,748,749,-1,749,748,750,-1,749,750,751,-1,751,750,752,-1,751,752,753,-1,753,752,754,-1,753,754,755,-1,755,754,756,-1,755,756,757,-1,757,756,758,-1,757,758,759,-1,759,758,760,-1,759,760,761,-1,761,760,762,-1,761,762,763,-1,763,762,764,-1,763,764,765,-1,765,764,766,-1,765,766,767,-1,767,766,768,-1,767,768,769,-1,769,768,770,-1,769,770,771,-1,771,770,772,-1,771,772,773,-1,773,772,774,-1,773,774,775,-1,775,774,776,-1,775,776,777,-1,777,776,778,-1,777,778,779,-1,779,778,780,-1,779,780,781,-1,781,780,782,-1,781,782,783,-1,783,782,784,-1,783,784,785,-1,785,784,786,-1,785,786,787,-1,787,786,788,-1,787,788,789,-1,789,788,790,-1,789,790,791,-1,791,790,792,-1,791,792,793,-1,793,792,794,-1,793,794,795,-1,795,794,796,-1,795,796,797,-1,797,796,798,-1,797,798,799,-1,799,798,800,-1,799,800,801,-1,801,800,802,-1,801,802,803,-1,803,802,804,-1,803,804,805,-1,806,805,807,-1,807,805,804,-1,806,807,808,-1,806,808,809,-1,809,808,810,-1,809,810,811,-1,811,810,812,-1,811,812,813,-1,813,812,814,-1,813,814,815,-1,815,814,816,-1,815,816,817,-1,817,816,818,-1,817,818,819,-1,819,818,820,-1,819,820,821,-1,821,820,822,-1,821,822,823,-1,823,822,824,-1,823,824,825,-1,825,824,826,-1,825,826,827,-1,827,826,828,-1,827,828,829,-1,829,828,830,-1,829,830,831,-1,831,830,832,-1,831,832,833,-1,833,832,834,-1,833,834,835,-1,835,834,836,-1,835,836,837,-1,837,836,838,-1,837,838,839,-1,839,838,840,-1,839,840,841,-1,841,840,842,-1,841,842,843,-1,843,842,844,-1,843,844,845,-1,845,844,846,-1,845,846,847,-1,847,846,848,-1,847,848,849,-1,849,848,850,-1,849,850,851,-1,851,850,852,-1,851,852,853,-1,853,852,854,-1,853,854,855,-1,855,854,856,-1,855,856,857,-1,857,856,858,-1,857,858,859,-1,859,858,860,-1,859,860,861,-1,861,860,862,-1,861,862,863,-1,863,862,864,-1,863,864,865,-1,865,864,866,-1,865,866,867,-1,867,866,868,-1,867,868,869,-1,869,868,870,-1,869,870,871,-1,871,870,872,-1,871,872,873,-1,873,872,874,-1,873,874,875,-1,875,874,876,-1,875,876,877,-1,877,876,878,-1,877,878,879,-1,879,878,880,-1,879,880,881,-1,881,880,882,-1,881,882,883,-1,883,882,884,-1,883,884,885,-1,885,884,886,-1,885,886,887,-1,887,886,888,-1,887,888,889,-1,889,888,890,-1,889,890,891,-1,891,890,892,-1,891,892,893,-1,893,892,894,-1,893,894,895,-1,895,894,896,-1,895,896,897,-1,897,896,898,-1,897,898,899,-1,899,898,900,-1,899,900,901,-1,901,900,902,-1,901,902,903,-1,903,902,904,-1,903,904,905,-1,905,904,906,-1,905,906,907,-1,907,906,671,-1,907,671,670,-1,683,685,686,-1,803,805,806,-1,713,715,897,-1,897,715,895,-1,777,837,775,-1,775,837,839,-1,775,839,773,-1,715,717,895,-1,895,717,719,-1,895,719,893,-1,779,833,777,-1,777,833,835,-1,777,835,837,-1,713,897,711,-1,711,897,899,-1,711,899,709,-1,709,899,901,-1,709,901,707,-1,707,901,903,-1,707,903,705,-1,855,765,853,-1,853,765,767,-1,737,883,735,-1,735,883,885,-1,839,841,773,-1,773,841,843,-1,773,843,771,-1,843,845,771,-1,771,845,847,-1,771,847,769,-1,769,847,849,-1,769,849,767,-1,767,849,851,-1,767,851,853,-1,855,857,765,-1,765,857,859,-1,765,859,763,-1,763,859,861,-1,763,861,761,-1,761,861,863,-1,761,863,759,-1,759,863,865,-1,759,865,757,-1,889,729,887,-1,887,729,731,-1,887,731,885,-1,885,731,733,-1,885,733,735,-1,719,721,893,-1,893,721,723,-1,893,723,891,-1,891,723,725,-1,891,725,889,-1,889,725,727,-1,889,727,729,-1,737,739,883,-1,883,739,741,-1,883,741,881,-1,881,741,743,-1,881,743,879,-1,879,743,745,-1,879,745,877,-1,877,745,747,-1,877,747,875,-1,705,903,703,-1,703,903,905,-1,703,905,701,-1,701,905,907,-1,701,907,699,-1,699,907,670,-1,699,670,697,-1,697,670,673,-1,697,673,695,-1,695,673,675,-1,695,675,693,-1,693,675,677,-1,693,677,691,-1,691,677,679,-1,691,679,689,-1,689,679,686,-1,686,679,681,-1,686,681,683,-1,747,749,875,-1,875,749,751,-1,875,751,873,-1,873,751,753,-1,873,753,871,-1,871,753,755,-1,871,755,869,-1,869,755,757,-1,869,757,867,-1,867,757,865,-1,803,806,801,-1,801,806,809,-1,801,809,799,-1,799,809,811,-1,799,811,797,-1,797,811,813,-1,797,813,795,-1,795,813,815,-1,795,815,793,-1,793,815,817,-1,793,817,791,-1,791,817,819,-1,791,819,789,-1,789,819,821,-1,789,821,787,-1,787,821,823,-1,787,823,785,-1,785,823,825,-1,785,825,783,-1,783,825,827,-1,783,827,781,-1,781,827,829,-1,781,829,779,-1,779,829,831,-1,779,831,833,-1,894,714,896,-1,896,714,712,-1,896,712,898,-1,898,712,710,-1,898,710,900,-1,776,774,836,-1,856,764,858,-1,858,764,762,-1,892,718,894,-1,894,718,716,-1,894,716,714,-1,886,884,732,-1,732,884,734,-1,734,884,882,-1,734,882,736,-1,856,854,764,-1,764,854,852,-1,764,852,766,-1,766,852,850,-1,766,850,768,-1,880,740,882,-1,882,740,738,-1,882,738,736,-1,770,842,772,-1,772,842,840,-1,772,840,774,-1,774,840,838,-1,774,838,836,-1,890,722,892,-1,892,722,720,-1,892,720,718,-1,850,848,768,-1,768,848,846,-1,768,846,770,-1,770,846,844,-1,770,844,842,-1,710,708,900,-1,900,708,706,-1,900,706,902,-1,902,706,704,-1,902,704,904,-1,904,704,702,-1,904,702,906,-1,906,702,700,-1,906,700,671,-1,671,700,698,-1,671,698,672,-1,672,698,696,-1,672,696,674,-1,674,696,694,-1,674,694,676,-1,732,730,886,-1,886,730,728,-1,886,728,888,-1,888,728,726,-1,888,726,890,-1,890,726,724,-1,890,724,722,-1,694,692,676,-1,676,692,690,-1,676,690,678,-1,678,690,688,-1,678,688,680,-1,680,688,687,-1,680,687,682,-1,682,687,684,-1,872,870,754,-1,754,870,868,-1,754,868,756,-1,756,868,866,-1,756,866,758,-1,758,866,864,-1,758,864,760,-1,760,864,862,-1,760,862,762,-1,762,862,860,-1,762,860,858,-1,836,834,776,-1,776,834,832,-1,776,832,778,-1,778,832,830,-1,778,830,780,-1,780,830,828,-1,780,828,782,-1,782,828,826,-1,782,826,784,-1,784,826,824,-1,784,824,786,-1,786,824,822,-1,786,822,788,-1,788,822,820,-1,788,820,790,-1,790,820,818,-1,790,818,792,-1,792,818,816,-1,792,816,794,-1,794,816,814,-1,794,814,796,-1,796,814,812,-1,796,812,798,-1,798,812,810,-1,798,810,800,-1,800,810,808,-1,800,808,802,-1,802,808,807,-1,802,807,804,-1,754,752,872,-1,872,752,750,-1,872,750,874,-1,874,750,748,-1,874,748,876,-1,876,748,746,-1,876,746,878,-1,878,746,744,-1,878,744,880,-1,880,744,742,-1,880,742,740,-1,908,909,910,-1,910,909,911,-1,912,908,913,-1,913,908,910,-1,912,913,914,-1,912,914,915,-1,915,914,916,-1,915,916,917,-1,918,917,919,-1,919,917,916,-1,920,918,921,-1,921,918,919,-1,922,920,923,-1,923,920,921,-1,924,922,925,-1,925,922,923,-1,926,924,927,-1,927,924,925,-1,928,926,929,-1,929,926,927,-1,928,929,930,-1,928,930,931,-1,931,930,932,-1,931,932,933,-1,933,932,934,-1,933,934,935,-1,935,934,936,-1,935,936,937,-1,937,936,938,-1,937,938,939,-1,939,938,940,-1,939,940,941,-1,941,940,942,-1,941,942,943,-1,943,942,944,-1,943,944,945,-1,945,944,946,-1,945,946,947,-1,947,946,948,-1,947,948,949,-1,950,949,951,-1,951,949,948,-1,950,951,952,-1,950,952,953,-1,953,952,954,-1,953,954,955,-1,955,954,956,-1,955,956,957,-1,957,956,958,-1,957,958,959,-1,959,958,960,-1,959,960,961,-1,961,960,962,-1,961,962,963,-1,963,962,964,-1,963,964,965,-1,965,964,966,-1,965,966,967,-1,967,966,968,-1,967,968,969,-1,969,968,970,-1,969,970,971,-1,971,970,972,-1,971,972,973,-1,973,972,974,-1,973,974,975,-1,975,974,976,-1,975,976,977,-1,977,976,978,-1,977,978,979,-1,909,979,911,-1,911,979,978,-1,915,917,979,-1,909,908,979,-1,979,908,912,-1,979,912,915,-1,922,924,920,-1,920,924,926,-1,920,926,918,-1,933,935,967,-1,967,935,965,-1,965,935,937,-1,965,937,963,-1,963,937,939,-1,963,939,961,-1,961,939,959,-1,959,939,941,-1,959,941,957,-1,957,941,943,-1,957,943,955,-1,967,969,933,-1,933,969,971,-1,933,971,931,-1,931,971,973,-1,931,973,928,-1,955,943,953,-1,953,943,945,-1,953,945,950,-1,950,945,947,-1,950,947,949,-1,973,975,928,-1,928,975,977,-1,928,977,926,-1,926,977,979,-1,926,979,918,-1,918,979,917,-1,940,938,960,-1,927,925,923,-1,910,911,913,-1,913,911,978,-1,960,938,962,-1,962,938,936,-1,962,936,964,-1,960,958,940,-1,940,958,956,-1,940,956,942,-1,942,956,954,-1,942,954,944,-1,944,954,952,-1,944,952,946,-1,946,952,951,-1,946,951,948,-1,964,936,966,-1,966,936,934,-1,966,934,968,-1,968,934,932,-1,968,932,970,-1,970,932,930,-1,970,930,972,-1,972,930,974,-1,974,930,929,-1,974,929,976,-1,919,916,978,-1,978,916,914,-1,978,914,913,-1,923,921,927,-1,927,921,919,-1,927,919,929,-1,929,919,978,-1,929,978,976,-1,980,981,982,-1,982,981,983,-1,984,980,985,-1,985,980,982,-1,986,984,987,-1,987,984,985,-1,988,986,989,-1,989,986,987,-1,990,988,991,-1,991,988,989,-1,992,990,993,-1,993,990,991,-1,994,992,995,-1,995,992,993,-1,996,994,997,-1,997,994,995,-1,998,996,999,-1,999,996,997,-1,1000,998,1001,-1,1001,998,999,-1,1002,1000,1003,-1,1003,1000,1001,-1,981,1002,983,-1,983,1002,1003,-1,1002,981,980,-1,980,984,1002,-1,1002,984,986,-1,1002,986,1000,-1,996,998,994,-1,994,998,1000,-1,994,1000,992,-1,992,1000,986,-1,992,986,990,-1,990,986,988,-1,1001,999,997,-1,997,995,1001,-1,1001,995,993,-1,1001,993,1003,-1,982,983,985,-1,985,983,1003,-1,985,1003,987,-1,987,1003,993,-1,987,993,989,-1,989,993,991,-1,1004,1005,1006,-1,1006,1005,1007,-1,1006,1007,1008,-1,1008,1007,1009,-1,1008,1009,1010,-1,1010,1009,1011,-1,1010,1011,1012,-1,1012,1011,1013,-1,1012,1013,1014,-1,1014,1013,1015,-1,1014,1015,1016,-1,1016,1015,1017,-1,1016,1017,1018,-1,1018,1017,1019,-1,1018,1019,1020,-1,1021,1022,1023,-1,1023,1022,1024,-1,1023,1024,1025,-1,1025,1024,1026,-1,1025,1026,1027,-1,1027,1026,1028,-1,1027,1028,1029,-1,1028,1030,1029,-1,1029,1030,1031,-1,1029,1031,1032,-1,1032,1031,1033,-1,1032,1033,1034,-1,1034,1033,1035,-1,1034,1035,1036,-1,1036,1035,1037,-1,1036,1037,1038,-1,1038,1037,1039,-1,1038,1039,1040,-1,1040,1039,1041,-1,1040,1041,1042,-1,1042,1041,1043,-1,1042,1043,1044,-1,1044,1043,1045,-1,1044,1045,1046,-1,1046,1045,1047,-1,1046,1047,1048,-1,1048,1047,1049,-1,1048,1049,1050,-1,1050,1049,1051,-1,1050,1051,1052,-1,1052,1051,1053,-1,1052,1053,1054,-1,1054,1053,1055,-1,1054,1055,1056,-1,1056,1055,1057,-1,1056,1057,1058,-1,1058,1057,1059,-1,1058,1059,1060,-1,1060,1059,1061,-1,1060,1061,1062,-1,1062,1061,1063,-1,1062,1063,1004,-1,1004,1063,1064,-1,1004,1064,1005,-1,1019,1065,1020,-1,1020,1065,1066,-1,1020,1066,1067,-1,1067,1066,1068,-1,1067,1068,1069,-1,1069,1068,1070,-1,1069,1070,1071,-1,1071,1070,1072,-1,1071,1072,1073,-1,1073,1072,1074,-1,1073,1074,1075,-1,1075,1074,1076,-1,1075,1076,1021,-1,1021,1076,1077,-1,1021,1077,1022,-1,1078,1079,1080,-1,1080,1079,1081,-1,1080,1081,1082,-1,1082,1081,1083,-1,1082,1083,1084,-1,1084,1083,1085,-1,1084,1085,1086,-1,1086,1085,1087,-1,1086,1087,1088,-1,1088,1087,1089,-1,1088,1089,1090,-1,1091,1092,1093,-1,1093,1092,1094,-1,1093,1094,1095,-1,1095,1094,1096,-1,1095,1096,1097,-1,1097,1096,1098,-1,1097,1098,1099,-1,1099,1098,1100,-1,1099,1100,1101,-1,1101,1100,1102,-1,1101,1102,1103,-1,1103,1102,1104,-1,1103,1104,1105,-1,1105,1104,1106,-1,1105,1106,1107,-1,1107,1106,1108,-1,1107,1108,1109,-1,1109,1108,1110,-1,1109,1110,1111,-1,1111,1110,1112,-1,1111,1112,1113,-1,1113,1112,1114,-1,1113,1114,1115,-1,1115,1114,1116,-1,1115,1116,1117,-1,1117,1116,1118,-1,1117,1118,1119,-1,1119,1118,1120,-1,1119,1120,1078,-1,1078,1120,1121,-1,1078,1121,1079,-1,1122,1123,1124,-1,1124,1123,1125,-1,1124,1125,1126,-1,1126,1125,1127,-1,1126,1127,1128,-1,1128,1127,1129,-1,1128,1129,1130,-1,1130,1129,1131,-1,1130,1131,1132,-1,1132,1131,1133,-1,1132,1133,1134,-1,1134,1133,1135,-1,1134,1135,1136,-1,1136,1135,1137,-1,1136,1137,1091,-1,1091,1137,1138,-1,1091,1138,1092,-1,1089,1139,1090,-1,1090,1139,1140,-1,1090,1140,1141,-1,1141,1140,1142,-1,1141,1142,1143,-1,1143,1142,1144,-1,1143,1144,1145,-1,1145,1144,1146,-1,1145,1146,1147,-1,1147,1146,1148,-1,1147,1148,1149,-1,1149,1148,1150,-1,1149,1150,1122,-1,1122,1150,1151,-1,1122,1151,1123,-1,1057,1055,1102,-1,1102,1055,1104,-1,1057,1102,1100,-1,1057,1100,1059,-1,1059,1100,1098,-1,1059,1098,1061,-1,1061,1098,1096,-1,1061,1096,1063,-1,1063,1096,1094,-1,1063,1094,1064,-1,1064,1094,1092,-1,1064,1092,1005,-1,1005,1092,1138,-1,1005,1138,1007,-1,1007,1138,1137,-1,1007,1137,1009,-1,1009,1137,1135,-1,1009,1135,1011,-1,1011,1135,1133,-1,1011,1133,1013,-1,1013,1133,1131,-1,1013,1131,1015,-1,1015,1131,1129,-1,1015,1129,1017,-1,1017,1129,1127,-1,1017,1127,1019,-1,1019,1127,1125,-1,1019,1125,1065,-1,1065,1125,1123,-1,1065,1123,1066,-1,1066,1123,1151,-1,1066,1151,1068,-1,1068,1151,1150,-1,1068,1150,1070,-1,1070,1150,1148,-1,1070,1148,1072,-1,1072,1148,1146,-1,1072,1146,1074,-1,1074,1146,1144,-1,1074,1144,1076,-1,1076,1144,1142,-1,1076,1142,1077,-1,1077,1142,1140,-1,1077,1140,1022,-1,1022,1140,1139,-1,1022,1139,1024,-1,1024,1139,1089,-1,1024,1089,1026,-1,1026,1089,1087,-1,1026,1087,1028,-1,1028,1087,1085,-1,1028,1085,1030,-1,1030,1085,1083,-1,1030,1083,1031,-1,1031,1083,1081,-1,1031,1081,1033,-1,1033,1081,1079,-1,1033,1079,1035,-1,1035,1079,1121,-1,1035,1121,1037,-1,1037,1121,1120,-1,1037,1120,1039,-1,1039,1120,1118,-1,1039,1118,1041,-1,1041,1118,1116,-1,1041,1116,1043,-1,1043,1116,1114,-1,1043,1114,1045,-1,1045,1114,1112,-1,1045,1112,1047,-1,1047,1112,1110,-1,1047,1110,1049,-1,1049,1110,1108,-1,1049,1108,1051,-1,1053,1051,1106,-1,1106,1051,1108,-1,1055,1053,1104,-1,1104,1053,1106,-1,1050,1052,1107,-1,1107,1052,1105,-1,1052,1054,1105,-1,1105,1054,1103,-1,1054,1056,1103,-1,1103,1056,1101,-1,1012,1132,1134,-1,1012,1134,1010,-1,1010,1134,1136,-1,1010,1136,1008,-1,1008,1136,1091,-1,1008,1091,1006,-1,1006,1091,1093,-1,1006,1093,1004,-1,1004,1093,1095,-1,1004,1095,1062,-1,1062,1095,1097,-1,1062,1097,1060,-1,1060,1097,1099,-1,1060,1099,1058,-1,1058,1099,1101,-1,1058,1101,1056,-1,1073,1145,1147,-1,1073,1147,1071,-1,1071,1147,1149,-1,1071,1149,1069,-1,1069,1149,1122,-1,1069,1122,1067,-1,1067,1122,1124,-1,1067,1124,1020,-1,1020,1124,1126,-1,1020,1126,1018,-1,1018,1126,1128,-1,1018,1128,1016,-1,1016,1128,1130,-1,1016,1130,1014,-1,1014,1130,1132,-1,1014,1132,1012,-1,1034,1080,1082,-1,1034,1082,1032,-1,1032,1082,1084,-1,1032,1084,1029,-1,1029,1084,1086,-1,1029,1086,1027,-1,1027,1086,1088,-1,1027,1088,1025,-1,1025,1088,1090,-1,1025,1090,1023,-1,1023,1090,1141,-1,1023,1141,1021,-1,1021,1141,1143,-1,1021,1143,1075,-1,1075,1143,1145,-1,1075,1145,1073,-1,1050,1107,1109,-1,1050,1109,1048,-1,1048,1109,1111,-1,1048,1111,1046,-1,1046,1111,1113,-1,1046,1113,1044,-1,1044,1113,1115,-1,1044,1115,1042,-1,1042,1115,1117,-1,1042,1117,1040,-1,1040,1117,1119,-1,1040,1119,1038,-1,1038,1119,1078,-1,1038,1078,1036,-1,1036,1078,1080,-1,1036,1080,1034,-1,1152,1153,1154,-1,1154,1153,1155,-1,1156,1157,1152,-1,1152,1157,1158,-1,1152,1158,1153,-1,1153,1158,1159,-1,1156,1160,1157,-1,1157,1160,1161,-1,1157,1161,1162,-1,1162,1161,1163,-1,1162,1163,1164,-1,1164,1165,1162,-1,1162,1165,1154,-1,1162,1154,1166,-1,1166,1154,1155,-1,1166,1155,1167,-1,1168,1169,1170,-1,1169,1171,1170,-1,1170,1171,1172,-1,1170,1172,1173,-1,1173,1172,1174,-1,1173,1174,1175,-1,1175,1176,1173,-1,1173,1176,1177,-1,1173,1177,1178,-1,1179,1180,1181,-1,1182,1178,1183,-1,1183,1178,1177,-1,1183,1177,1181,-1,1181,1177,1168,-1,1181,1168,1179,-1,1179,1168,1170,-1,1162,1166,1170,-1,1170,1166,1179,-1,1157,1162,1173,-1,1173,1162,1170,-1,1158,1157,1178,-1,1178,1157,1173,-1,1159,1158,1182,-1,1182,1158,1178,-1,1153,1159,1183,-1,1183,1159,1182,-1,1155,1153,1181,-1,1181,1153,1183,-1,1167,1155,1180,-1,1180,1155,1181,-1,1166,1167,1179,-1,1179,1167,1180,-1,1152,1154,1177,-1,1177,1154,1168,-1,1154,1165,1168,-1,1168,1165,1169,-1,1163,1172,1171,-1,1163,1171,1164,-1,1164,1171,1169,-1,1164,1169,1165,-1,1163,1161,1172,-1,1172,1161,1174,-1,1156,1176,1175,-1,1156,1175,1160,-1,1160,1175,1174,-1,1160,1174,1161,-1,1156,1152,1176,-1,1176,1152,1177,-1,1184,1185,1186,-1,1187,1188,1189,-1,1190,1191,1192,-1,1193,1194,1195,-1,1195,1194,1196,-1,1195,1196,1197,-1,1198,1199,1200,-1,1201,1202,1203,-1,1204,1205,1186,-1,1186,1205,1206,-1,1186,1206,1184,-1,1207,1208,1209,-1,1209,1208,1210,-1,1209,1210,1211,-1,1211,1210,1212,-1,1211,1212,1213,-1,1213,1212,1214,-1,1213,1214,1215,-1,1216,1217,1218,-1,1218,1217,1219,-1,1218,1219,1220,-1,1221,1185,1222,-1,1222,1185,1223,-1,1222,1223,1216,-1,1216,1223,1224,-1,1216,1224,1217,-1,1225,1226,1210,-1,1210,1226,1227,-1,1210,1227,1212,-1,1212,1227,1228,-1,1212,1228,1229,-1,1230,1231,1232,-1,1203,1202,1233,-1,1233,1202,1234,-1,1233,1234,1235,-1,1235,1234,1236,-1,1235,1236,1237,-1,1192,1191,1238,-1,1238,1191,1239,-1,1238,1239,1240,-1,1241,1242,1186,-1,1186,1242,1243,-1,1186,1243,1204,-1,1230,1232,1244,-1,1244,1232,1245,-1,1244,1245,1246,-1,1246,1245,1247,-1,1246,1247,1248,-1,1215,1249,1213,-1,1213,1249,1250,-1,1213,1250,1251,-1,1252,1186,1253,-1,1253,1186,1185,-1,1253,1185,1254,-1,1254,1185,1221,-1,1200,1199,1255,-1,1255,1199,1256,-1,1255,1256,1257,-1,1258,1259,1260,-1,1260,1259,1261,-1,1260,1261,1262,-1,1262,1261,1263,-1,1262,1263,1264,-1,1264,1263,1265,-1,1264,1265,1266,-1,1267,1268,1269,-1,1269,1268,1270,-1,1269,1270,1241,-1,1241,1270,1271,-1,1241,1271,1242,-1,1231,1230,1272,-1,1272,1230,1273,-1,1272,1273,1274,-1,1274,1273,1275,-1,1274,1275,1276,-1,1276,1275,1277,-1,1276,1277,1189,-1,1189,1277,1278,-1,1189,1278,1187,-1,1252,1279,1186,-1,1186,1279,1280,-1,1186,1280,1281,-1,1281,1280,1282,-1,1283,1284,1285,-1,1285,1284,1286,-1,1285,1286,1287,-1,1200,1288,1198,-1,1198,1288,1289,-1,1198,1289,1283,-1,1283,1289,1290,-1,1283,1290,1284,-1,1229,1291,1212,-1,1212,1291,1292,-1,1212,1292,1293,-1,1293,1292,1220,-1,1293,1220,1294,-1,1294,1220,1219,-1,1203,1295,1201,-1,1201,1295,1296,-1,1201,1296,1297,-1,1297,1296,1298,-1,1297,1298,1299,-1,1299,1298,1300,-1,1299,1300,1301,-1,1301,1300,1302,-1,1301,1302,1303,-1,1192,1304,1190,-1,1190,1304,1305,-1,1190,1305,1306,-1,1306,1305,1307,-1,1306,1307,1308,-1,1308,1307,1309,-1,1308,1309,1310,-1,1310,1309,1189,-1,1310,1189,1311,-1,1311,1189,1188,-1,1195,1312,1193,-1,1193,1312,1313,-1,1193,1313,1314,-1,1314,1313,1315,-1,1314,1315,1316,-1,1317,1318,1319,-1,1319,1318,1320,-1,1319,1320,1321,-1,1321,1320,1322,-1,1321,1322,1267,-1,1267,1322,1323,-1,1267,1323,1268,-1,1257,1256,1210,-1,1210,1256,1324,-1,1210,1324,1225,-1,1325,1326,1327,-1,1327,1326,1328,-1,1327,1328,1329,-1,1329,1328,1330,-1,1329,1330,1258,-1,1258,1330,1331,-1,1258,1331,1259,-1,1302,1332,1303,-1,1303,1332,1333,-1,1303,1333,1334,-1,1334,1333,1335,-1,1334,1335,1325,-1,1325,1335,1336,-1,1325,1336,1326,-1,1286,1337,1287,-1,1287,1337,1338,-1,1287,1338,1339,-1,1339,1338,1340,-1,1339,1340,1282,-1,1282,1340,1341,-1,1282,1341,1281,-1,1342,1343,1344,-1,1345,1346,1347,-1,1347,1346,1348,-1,1349,1350,1351,-1,1351,1350,1352,-1,1351,1352,1353,-1,1353,1352,1354,-1,1353,1354,1355,-1,1355,1354,1356,-1,1355,1356,1357,-1,1357,1356,1358,-1,1357,1358,1317,-1,1317,1358,1359,-1,1317,1359,1318,-1,1197,1360,1195,-1,1195,1360,1361,-1,1195,1361,1362,-1,1362,1361,1363,-1,1362,1363,1364,-1,1364,1363,1266,-1,1364,1266,1365,-1,1365,1266,1265,-1,1366,1367,1342,-1,1342,1367,1368,-1,1342,1368,1343,-1,1236,1369,1237,-1,1237,1369,1342,-1,1237,1342,1370,-1,1370,1342,1344,-1,1240,1239,1371,-1,1371,1239,1372,-1,1371,1372,1345,-1,1345,1372,1373,-1,1345,1373,1346,-1,1374,1375,1376,-1,1375,1377,1376,-1,1376,1377,1378,-1,1376,1378,1379,-1,1247,1380,1248,-1,1248,1380,1381,-1,1248,1381,1382,-1,1382,1381,1383,-1,1382,1383,1349,-1,1349,1383,1384,-1,1349,1384,1350,-1,1366,1342,1376,-1,1376,1342,1385,-1,1376,1385,1374,-1,1315,1386,1316,-1,1316,1386,1387,-1,1316,1387,1388,-1,1388,1387,1389,-1,1388,1389,1390,-1,1390,1389,1391,-1,1390,1391,1392,-1,1392,1391,1393,-1,1392,1393,1394,-1,1394,1393,1395,-1,1394,1395,1348,-1,1348,1395,1396,-1,1348,1396,1347,-1,1397,1398,1399,-1,1399,1398,1400,-1,1399,1400,1401,-1,1400,1402,1401,-1,1401,1402,1403,-1,1401,1403,1404,-1,1404,1403,1405,-1,1406,1407,1408,-1,1408,1407,1409,-1,1410,1411,1412,-1,1413,1414,1415,-1,1415,1414,1416,-1,1415,1416,1417,-1,1418,1419,1401,-1,1401,1419,1420,-1,1401,1420,1399,-1,1399,1420,1421,-1,1422,1423,1424,-1,1425,1426,1403,-1,1403,1426,1427,-1,1403,1427,1405,-1,1428,1429,1430,-1,1431,1432,1433,-1,1433,1432,1434,-1,1433,1434,1435,-1,1435,1434,1436,-1,1435,1436,1437,-1,1424,1423,1438,-1,1438,1423,1439,-1,1438,1439,1440,-1,1440,1439,1441,-1,1440,1441,1442,-1,1442,1441,1443,-1,1443,1441,1444,-1,1443,1444,1445,-1,1445,1444,1408,-1,1445,1408,1446,-1,1446,1408,1409,-1,1446,1409,1417,-1,1417,1409,1447,-1,1417,1447,1415,-1,1448,1449,1450,-1,1450,1449,1451,-1,1450,1451,1452,-1,1452,1451,1453,-1,1452,1453,1454,-1,1412,1411,1455,-1,1455,1411,1456,-1,1455,1456,1457,-1,1458,1459,1453,-1,1415,1460,1413,-1,1413,1460,1461,-1,1413,1461,1462,-1,1457,1456,1463,-1,1463,1456,1464,-1,1463,1464,1465,-1,1465,1464,1466,-1,1465,1466,1467,-1,1468,1469,1470,-1,1470,1469,1471,-1,1470,1471,1472,-1,1472,1471,1473,-1,1472,1473,1474,-1,1474,1473,1475,-1,1474,1475,1476,-1,1477,1478,1479,-1,1479,1478,1480,-1,1479,1480,1481,-1,1481,1480,1482,-1,1481,1482,1483,-1,1459,1484,1453,-1,1453,1484,1485,-1,1453,1485,1454,-1,1486,1487,1488,-1,1488,1487,1413,-1,1488,1413,1489,-1,1489,1413,1462,-1,1490,1491,1492,-1,1492,1491,1493,-1,1492,1493,1494,-1,1436,1495,1437,-1,1437,1495,1496,-1,1437,1496,1497,-1,1497,1496,1465,-1,1497,1465,1498,-1,1430,1429,1499,-1,1499,1429,1500,-1,1499,1500,1401,-1,1401,1500,1501,-1,1401,1501,1418,-1,1493,1502,1494,-1,1494,1502,1503,-1,1494,1503,1504,-1,1504,1503,1505,-1,1504,1505,1506,-1,1506,1505,1399,-1,1506,1399,1507,-1,1507,1399,1421,-1,1490,1508,1509,-1,1498,1465,1510,-1,1510,1465,1467,-1,1510,1467,1511,-1,1512,1513,1514,-1,1514,1513,1515,-1,1482,1516,1483,-1,1483,1516,1517,-1,1483,1517,1518,-1,1518,1517,1519,-1,1518,1519,1468,-1,1468,1519,1520,-1,1468,1520,1469,-1,1453,1521,1458,-1,1458,1521,1522,-1,1458,1522,1523,-1,1523,1522,1524,-1,1523,1524,1525,-1,1525,1524,1526,-1,1525,1526,1527,-1,1527,1526,1528,-1,1527,1528,1477,-1,1477,1528,1529,-1,1477,1529,1478,-1,1430,1530,1428,-1,1428,1530,1531,-1,1428,1531,1532,-1,1532,1531,1533,-1,1532,1533,1486,-1,1486,1533,1534,-1,1486,1534,1487,-1,1535,1536,1490,-1,1490,1536,1537,-1,1490,1537,1508,-1,1509,1538,1490,-1,1490,1538,1539,-1,1490,1539,1491,-1,1540,1541,1542,-1,1542,1541,1543,-1,1542,1543,1544,-1,1424,1545,1422,-1,1422,1545,1546,-1,1422,1546,1547,-1,1547,1546,1548,-1,1547,1548,1549,-1,1549,1548,1550,-1,1549,1550,1551,-1,1551,1550,1552,-1,1551,1552,1553,-1,1553,1552,1554,-1,1553,1554,1540,-1,1540,1554,1555,-1,1540,1555,1541,-1,1475,1556,1476,-1,1476,1556,1557,-1,1476,1557,1558,-1,1558,1557,1559,-1,1558,1559,1560,-1,1560,1559,1561,-1,1560,1561,1562,-1,1562,1561,1563,-1,1562,1563,1564,-1,1564,1563,1565,-1,1564,1565,1566,-1,1566,1565,1567,-1,1566,1567,1514,-1,1514,1567,1568,-1,1514,1568,1512,-1,1515,1569,1514,-1,1514,1569,1570,-1,1514,1570,1571,-1,1406,1408,1490,-1,1490,1408,1572,-1,1490,1572,1535,-1,1543,1573,1544,-1,1544,1573,1574,-1,1544,1574,1575,-1,1575,1574,1576,-1,1575,1576,1577,-1,1577,1576,1578,-1,1577,1578,1431,-1,1431,1578,1579,-1,1431,1579,1432,-1,1580,1581,1571,-1,1571,1581,1582,-1,1571,1582,1583,-1,1584,1585,1586,-1,1586,1585,1587,-1,1586,1587,1448,-1,1448,1587,1588,-1,1448,1588,1449,-1,1412,1589,1410,-1,1410,1589,1590,-1,1410,1590,1591,-1,1591,1590,1592,-1,1591,1592,1593,-1,1593,1592,1594,-1,1593,1594,1595,-1,1595,1594,1596,-1,1595,1596,1597,-1,1597,1596,1598,-1,1597,1598,1599,-1,1599,1598,1600,-1,1599,1600,1601,-1,1601,1600,1602,-1,1601,1602,1603,-1,1603,1602,1604,-1,1603,1604,1605,-1,1605,1604,1606,-1,1605,1606,1584,-1,1584,1606,1607,-1,1584,1607,1585,-1,1583,1608,1571,-1,1571,1608,1609,-1,1571,1609,1514,-1,1328,1516,1482,-1,1328,1482,1330,-1,1330,1482,1480,-1,1330,1480,1331,-1,1331,1480,1478,-1,1331,1478,1259,-1,1259,1478,1529,-1,1259,1529,1261,-1,1261,1529,1528,-1,1261,1528,1263,-1,1263,1528,1526,-1,1263,1526,1265,-1,1265,1526,1524,-1,1265,1524,1365,-1,1365,1524,1522,-1,1365,1522,1364,-1,1364,1522,1521,-1,1364,1521,1362,-1,1362,1521,1453,-1,1362,1453,1195,-1,1195,1453,1451,-1,1195,1451,1312,-1,1312,1451,1449,-1,1312,1449,1313,-1,1313,1449,1588,-1,1313,1588,1315,-1,1315,1588,1587,-1,1315,1587,1386,-1,1386,1587,1585,-1,1386,1585,1387,-1,1387,1585,1607,-1,1387,1607,1389,-1,1389,1607,1606,-1,1389,1606,1391,-1,1391,1606,1604,-1,1391,1604,1393,-1,1393,1604,1602,-1,1393,1602,1395,-1,1395,1602,1600,-1,1395,1600,1396,-1,1396,1600,1598,-1,1396,1598,1347,-1,1347,1598,1596,-1,1347,1596,1345,-1,1345,1596,1594,-1,1345,1594,1371,-1,1371,1594,1592,-1,1371,1592,1240,-1,1240,1592,1590,-1,1240,1590,1238,-1,1238,1590,1589,-1,1238,1589,1192,-1,1192,1589,1412,-1,1192,1412,1304,-1,1304,1412,1455,-1,1304,1455,1305,-1,1305,1455,1457,-1,1305,1457,1307,-1,1307,1457,1463,-1,1307,1463,1309,-1,1309,1463,1465,-1,1309,1465,1189,-1,1189,1465,1496,-1,1189,1496,1276,-1,1276,1496,1495,-1,1276,1495,1274,-1,1274,1495,1436,-1,1274,1436,1272,-1,1272,1436,1434,-1,1272,1434,1231,-1,1231,1434,1432,-1,1231,1432,1232,-1,1232,1432,1579,-1,1232,1579,1245,-1,1245,1579,1578,-1,1245,1578,1247,-1,1247,1578,1576,-1,1247,1576,1380,-1,1380,1576,1574,-1,1380,1574,1381,-1,1381,1574,1573,-1,1381,1573,1383,-1,1383,1573,1543,-1,1383,1543,1384,-1,1384,1543,1541,-1,1384,1541,1350,-1,1350,1541,1555,-1,1350,1555,1352,-1,1352,1555,1554,-1,1352,1554,1354,-1,1354,1554,1552,-1,1354,1552,1356,-1,1356,1552,1550,-1,1356,1550,1358,-1,1358,1550,1548,-1,1358,1548,1359,-1,1359,1548,1546,-1,1359,1546,1318,-1,1318,1546,1545,-1,1318,1545,1320,-1,1320,1545,1424,-1,1320,1424,1322,-1,1322,1424,1438,-1,1322,1438,1323,-1,1323,1438,1440,-1,1323,1440,1268,-1,1268,1440,1442,-1,1268,1442,1270,-1,1270,1442,1443,-1,1270,1443,1271,-1,1271,1443,1445,-1,1271,1445,1242,-1,1242,1445,1446,-1,1242,1446,1243,-1,1243,1446,1417,-1,1243,1417,1204,-1,1204,1417,1416,-1,1204,1416,1205,-1,1205,1416,1414,-1,1205,1414,1206,-1,1206,1414,1413,-1,1206,1413,1184,-1,1184,1413,1487,-1,1184,1487,1185,-1,1185,1487,1534,-1,1185,1534,1223,-1,1223,1534,1533,-1,1223,1533,1224,-1,1224,1533,1531,-1,1224,1531,1217,-1,1217,1531,1530,-1,1217,1530,1219,-1,1219,1530,1430,-1,1219,1430,1294,-1,1294,1430,1499,-1,1294,1499,1293,-1,1293,1499,1401,-1,1293,1401,1212,-1,1212,1401,1404,-1,1212,1404,1214,-1,1214,1404,1405,-1,1214,1405,1215,-1,1215,1405,1427,-1,1215,1427,1249,-1,1249,1427,1426,-1,1249,1426,1250,-1,1250,1426,1425,-1,1250,1425,1251,-1,1251,1425,1403,-1,1251,1403,1213,-1,1213,1403,1402,-1,1213,1402,1211,-1,1209,1211,1400,-1,1400,1211,1402,-1,1207,1209,1398,-1,1398,1209,1400,-1,1208,1207,1397,-1,1397,1207,1398,-1,1210,1208,1399,-1,1399,1208,1397,-1,1210,1399,1505,-1,1210,1505,1257,-1,1257,1505,1503,-1,1257,1503,1255,-1,1255,1503,1502,-1,1255,1502,1200,-1,1200,1502,1493,-1,1200,1493,1288,-1,1288,1493,1491,-1,1288,1491,1289,-1,1289,1491,1539,-1,1289,1539,1290,-1,1290,1539,1538,-1,1290,1538,1284,-1,1284,1538,1509,-1,1284,1509,1286,-1,1286,1509,1508,-1,1286,1508,1337,-1,1337,1508,1537,-1,1337,1537,1338,-1,1338,1537,1536,-1,1338,1536,1340,-1,1340,1536,1535,-1,1340,1535,1341,-1,1341,1535,1572,-1,1341,1572,1281,-1,1281,1572,1408,-1,1281,1408,1186,-1,1186,1408,1444,-1,1186,1444,1241,-1,1241,1444,1441,-1,1241,1441,1269,-1,1269,1441,1439,-1,1269,1439,1267,-1,1267,1439,1423,-1,1267,1423,1321,-1,1321,1423,1422,-1,1321,1422,1319,-1,1319,1422,1547,-1,1319,1547,1317,-1,1317,1547,1549,-1,1317,1549,1357,-1,1357,1549,1551,-1,1357,1551,1355,-1,1355,1551,1553,-1,1355,1553,1353,-1,1353,1553,1540,-1,1353,1540,1351,-1,1351,1540,1542,-1,1351,1542,1349,-1,1349,1542,1544,-1,1349,1544,1382,-1,1382,1544,1575,-1,1382,1575,1248,-1,1248,1575,1577,-1,1248,1577,1246,-1,1246,1577,1431,-1,1246,1431,1244,-1,1244,1431,1433,-1,1244,1433,1230,-1,1230,1433,1435,-1,1230,1435,1273,-1,1273,1435,1437,-1,1273,1437,1275,-1,1275,1437,1497,-1,1275,1497,1277,-1,1277,1497,1498,-1,1277,1498,1278,-1,1278,1498,1510,-1,1278,1510,1187,-1,1187,1510,1511,-1,1187,1511,1188,-1,1188,1511,1467,-1,1188,1467,1311,-1,1311,1467,1466,-1,1311,1466,1310,-1,1310,1466,1464,-1,1310,1464,1308,-1,1308,1464,1456,-1,1308,1456,1306,-1,1306,1456,1411,-1,1306,1411,1190,-1,1190,1411,1410,-1,1190,1410,1191,-1,1191,1410,1591,-1,1191,1591,1239,-1,1239,1591,1593,-1,1239,1593,1372,-1,1372,1593,1595,-1,1372,1595,1373,-1,1373,1595,1597,-1,1373,1597,1346,-1,1346,1597,1599,-1,1346,1599,1348,-1,1348,1599,1601,-1,1348,1601,1394,-1,1394,1601,1603,-1,1394,1603,1392,-1,1392,1603,1605,-1,1392,1605,1390,-1,1390,1605,1584,-1,1390,1584,1388,-1,1388,1584,1586,-1,1388,1586,1316,-1,1316,1586,1448,-1,1316,1448,1314,-1,1314,1448,1450,-1,1314,1450,1193,-1,1193,1450,1452,-1,1193,1452,1194,-1,1194,1452,1454,-1,1194,1454,1196,-1,1196,1454,1485,-1,1196,1485,1197,-1,1360,1197,1484,-1,1484,1197,1485,-1,1360,1484,1459,-1,1360,1459,1361,-1,1361,1459,1458,-1,1361,1458,1363,-1,1363,1458,1523,-1,1363,1523,1266,-1,1266,1523,1525,-1,1266,1525,1264,-1,1264,1525,1527,-1,1264,1527,1262,-1,1262,1527,1477,-1,1262,1477,1260,-1,1260,1477,1479,-1,1260,1479,1258,-1,1258,1479,1481,-1,1258,1481,1329,-1,1329,1481,1483,-1,1329,1483,1327,-1,1327,1483,1518,-1,1327,1518,1325,-1,1325,1518,1468,-1,1325,1468,1334,-1,1334,1468,1470,-1,1334,1470,1303,-1,1303,1470,1472,-1,1303,1472,1301,-1,1301,1472,1474,-1,1301,1474,1299,-1,1299,1474,1476,-1,1299,1476,1297,-1,1297,1476,1558,-1,1297,1558,1201,-1,1201,1558,1560,-1,1201,1560,1202,-1,1202,1560,1562,-1,1202,1562,1234,-1,1236,1234,1564,-1,1564,1234,1562,-1,1236,1564,1566,-1,1236,1566,1369,-1,1369,1566,1514,-1,1369,1514,1342,-1,1342,1514,1609,-1,1342,1609,1385,-1,1385,1609,1608,-1,1385,1608,1374,-1,1374,1608,1583,-1,1374,1583,1375,-1,1375,1583,1582,-1,1375,1582,1377,-1,1377,1582,1581,-1,1377,1581,1378,-1,1378,1581,1580,-1,1378,1580,1379,-1,1379,1580,1571,-1,1379,1571,1376,-1,1376,1571,1570,-1,1376,1570,1366,-1,1366,1570,1569,-1,1366,1569,1367,-1,1367,1569,1515,-1,1367,1515,1368,-1,1368,1515,1513,-1,1368,1513,1343,-1,1343,1513,1512,-1,1343,1512,1344,-1,1344,1512,1568,-1,1344,1568,1370,-1,1370,1568,1567,-1,1370,1567,1237,-1,1237,1567,1565,-1,1237,1565,1235,-1,1233,1235,1563,-1,1563,1235,1565,-1,1233,1563,1561,-1,1233,1561,1203,-1,1203,1561,1559,-1,1203,1559,1295,-1,1295,1559,1557,-1,1295,1557,1296,-1,1296,1557,1556,-1,1296,1556,1298,-1,1298,1556,1475,-1,1298,1475,1300,-1,1300,1475,1473,-1,1300,1473,1302,-1,1302,1473,1471,-1,1302,1471,1332,-1,1332,1471,1469,-1,1332,1469,1333,-1,1333,1469,1520,-1,1333,1520,1335,-1,1335,1520,1519,-1,1335,1519,1336,-1,1336,1519,1517,-1,1336,1517,1326,-1,1326,1517,1516,-1,1326,1516,1328,-1,1283,1490,1492,-1,1283,1492,1198,-1,1198,1492,1494,-1,1198,1494,1199,-1,1199,1494,1504,-1,1199,1504,1256,-1,1256,1504,1506,-1,1256,1506,1324,-1,1324,1506,1507,-1,1324,1507,1225,-1,1225,1507,1421,-1,1225,1421,1226,-1,1226,1421,1420,-1,1226,1420,1227,-1,1227,1420,1419,-1,1227,1419,1228,-1,1228,1419,1418,-1,1228,1418,1229,-1,1229,1418,1501,-1,1229,1501,1291,-1,1291,1501,1500,-1,1291,1500,1292,-1,1292,1500,1429,-1,1292,1429,1220,-1,1220,1429,1428,-1,1220,1428,1218,-1,1218,1428,1532,-1,1218,1532,1216,-1,1216,1532,1486,-1,1216,1486,1222,-1,1222,1486,1488,-1,1222,1488,1221,-1,1221,1488,1489,-1,1221,1489,1254,-1,1254,1489,1462,-1,1254,1462,1253,-1,1253,1462,1461,-1,1253,1461,1252,-1,1252,1461,1460,-1,1252,1460,1279,-1,1279,1460,1415,-1,1279,1415,1280,-1,1280,1415,1447,-1,1280,1447,1282,-1,1282,1447,1409,-1,1282,1409,1339,-1,1339,1409,1407,-1,1339,1407,1287,-1,1287,1407,1406,-1,1287,1406,1285,-1,1285,1406,1490,-1,1285,1490,1283,-1,
        ]
    }
}