#VRML V2.0 utf8
# 3D model generated by easyeda2kicad.py (https://github.com/uPesy/easyeda2kicad.py)

Shape{
    appearance Appearance {
        material  Material 	{
            diffuseColor 0.25098039215686274 0.25098039215686274 0.25098039215686274
            specularColor 0.12549019607843137 0.12549019607843137 0.12549019607843137
            ambientIntensity 0.2
            transparency 0
            shininess 0.5
        }
    }
    geometry IndexedFaceSet {
        ccw TRUE
        solid FALSE
        coord DEF co Coordinate {
            point [
                -0.1658 -0.9685 1.5629, -0.1658 -0.9685 1.4783, 0.0398 -0.9685 1.4783, -0.1658 -0.9685 1.9016, -0.1658 -0.9685 1.839, 0.0398 -0.9685 1.839, 0.1217 -0.9685 2.1169, 0.1373 -0.9685 2.1188, 0.0526 -0.9685 2.1188, 0.2732 -0.9685 1.9996, 0.2732 -0.9685 1.9278, 0.3308 -0.9685 1.9278, 0.2849 -0.9685 1.5636, 0.2786 -0.9685 1.5629, 0.3308 -0.9685 1.5629, 0.2395 -0.9685 1.5635, 0.2332 -0.9685 1.5657, 0.2332 -0.9685 1.5629, 0.5406 -0.9685 1.7537, 0.5406 -0.9685 1.6853, 0.5805 -0.9685 1.6853, 0.5406 -0.9685 1.6609, 0.5406 -0.9685 1.5891, 0.5805 -0.9685 1.5891, -0.3509 -0.9685 1.9505, -0.3098 -0.9685 1.9157, -0.1658 -0.9685 2.1188, -0.5204 -0.9685 2.1188, -0.4855 -0.9685 2.0953, -0.4351 -0.9685 2.037, -0.4035 -0.9685 1.9754, -0.3961 -0.9685 1.9729, -0.767 -0.9685 2.165, -0.6919 -0.9685 2.1742, -0.1658 -0.9685 2.9331, -0.6294 -0.9685 2.1677, -0.5532 -0.9685 2.1408, -0.837 -0.9685 2.138, -4.0558 -0.9685 2.9331, -0.8681 -0.9685 2.1188, -4.0558 -0.9685 2.1188, -0.8741 -0.9685 2.115, -1.0357 -0.9685 2.0439, -0.9758 -0.9685 2.0513, -0.9098 -0.9685 2.0845, -0.9584 -0.9685 2.0503, -0.9409 -0.9685 2.0482, -1.1504 -0.9685 1.9784, -1.1402 -0.9685 1.9881, -1.0919 -0.9685 2.022, -4.0558 -0.9685 1.9016, -4.0558 -0.9685 1.839, -1.2179 -0.9685 1.839, -1.2111 -0.9685 1.8769, -1.2002 -0.9685 1.9016, -1.1869 -0.9685 1.9316, -1.1106 -0.9685 1.5995, -1.158 -0.9685 1.6399, -4.0558 -0.9685 1.5629, -1.1926 -0.9685 1.6893, -1.0558 -0.9685 1.5728, -1.0346 -0.9685 1.5629, -1.0365 -0.9685 1.567, -1.2144 -0.9685 1.7458, -1.2217 -0.9685 1.8053, -1.2213 -0.9685 1.8199, -4.0558 -0.9685 1.4783, -0.9551 -0.9685 1.4783, -0.969 -0.9685 1.4841, -0.9987 -0.9685 1.5065, -1.0213 -0.9685 1.5344, -3.5433 -0.9685 0.3937, -3.1496 -0.9685 0.3937, -2.7559 -0.9685 0.3937, -2.3675 -0.9685 0.3937, -0.9339 -0.9685 1.4694, -1.1811 -0.9685 0.3937, -0.8981 -0.9685 1.4639, -0.7501 -0.9685 1.5629, -0.7503 -0.9685 1.5621, -0.7683 -0.9685 1.5283, -0.7914 -0.9685 1.5024, -0.8216 -0.9685 1.4813, -0.8295 -0.9685 1.4783, -0.2602 -0.9685 1.8262, -0.2532 -0.9685 1.7765, -0.5562 -0.9685 1.6525, -0.5458 -0.9685 1.6566, -0.528 -0.9685 1.7431, -0.3094 -0.9685 1.6323, -0.3506 -0.9685 1.5973, -0.7785 -0.9685 1.7173, -0.575 -0.9685 1.8236, -0.805 -0.9685 1.7415, -0.8373 -0.9685 1.7587, -0.5656 -0.9685 1.6459, -0.2792 -0.9685 1.6743, -0.3481 -0.9685 1.7885, -0.3553 -0.9685 1.8177, -0.3669 -0.9685 1.839, -1.1223 -0.9685 1.839, -0.2601 -0.9685 1.7224, -0.534 -0.9685 1.6581, -0.5326 -0.9685 1.658, -0.528 -0.9685 1.657, -1.1133 -0.9685 1.7476, -1.0954 -0.9685 1.7171, -1.0183 -0.9685 1.7013, -1.0682 -0.9685 1.6891, -1.035 -0.9685 1.6687, -0.9622 -0.9685 1.7516, -0.9932 -0.9685 1.73, -1.1261 -0.9685 1.8084, -1.1243 -0.9685 1.7848, -0.9287 -0.9685 1.7644, -0.8923 -0.9685 1.7689, -0.8739 -0.9685 1.7678, -0.5811 -0.9685 1.611, -0.5807 -0.9685 1.617, -0.7405 -0.9685 1.6308, -0.5777 -0.9685 1.6286, -0.5718 -0.9685 1.6389, -0.3782 -0.9685 1.6946, -0.3615 -0.9685 1.7183, -0.351 -0.9685 1.7454, -0.3473 -0.9685 1.775, -0.5456 -0.9685 1.5653, -0.5557 -0.9685 1.5693, -0.5655 -0.9685 1.5763, -0.5691 -0.9685 1.5799, -0.5757 -0.9685 1.5894, -0.5797 -0.9685 1.5997, -0.7414 -0.9685 1.5996, -0.7405 -0.9685 1.6156, -0.397 -0.9685 1.5747, -0.4475 -0.9685 1.564, -0.5371 -0.9685 1.564, -0.5249 -0.9685 1.6566, -0.4566 -0.9685 1.6566, -0.4292 -0.9685 1.6618, -0.4024 -0.9685 1.6743, -0.38 -0.9685 1.6927, -0.4779 -0.9685 1.8934, -1.1085 -0.9685 1.8791, -1.1216 -0.9685 1.8452, -0.4657 -0.9685 1.8934, -0.3694 -0.9685 1.8438, -0.3868 -0.9685 1.8631, -0.4103 -0.9685 1.8796, -0.4368 -0.9685 1.8898, -0.5107 -0.9685 1.9848, -0.545 -0.9685 2.0257, -0.8938 -0.9685 1.9374, -0.5486 -0.9685 2.0289, -0.5913 -0.9685 2.0586, -0.8706 -0.9685 1.9855, -1.0928 -0.9685 1.9016, -0.9044 -0.9685 1.9432, -0.4797 -0.9685 1.9016, -0.4873 -0.9685 1.9359, -0.9384 -0.9685 1.9557, -0.9743 -0.9685 1.9602, -0.9903 -0.9685 1.9593, -0.8366 -0.9685 2.0262, -0.6389 -0.9685 2.0768, -0.7959 -0.9685 2.0558, -0.6904 -0.9685 2.0832, -0.7464 -0.9685 2.0759, -1.0278 -0.9685 1.9504, -1.0616 -0.9685 1.9324, -1.0875 -0.9685 1.9093, -0.2997 -0.9685 1.9016, -0.2787 -0.9685 1.8725, -0.2653 -0.9685 1.839, 0.5805 -0.9685 1.5629, 0.648 -0.9685 1.5629, 0.6278 -0.9685 1.5647, 0.6169 -0.9685 1.6853, 0.6169 -0.9685 1.6609, 0.648 -0.9685 1.839, 0.623 -0.9685 1.7782, 0.623 -0.9685 1.7537, 0.6278 -0.9685 1.5891, 0.5805 -0.9685 1.6609, 0.5805 -0.9685 1.7537, 0.5805 -0.9685 1.5647, 0.513 -0.9685 1.5647, 0.4986 -0.9685 1.5629, 0.513 -0.9685 1.7782, 0.0723 -0.9685 1.6367, 0.077 -0.9685 1.6805, 0.0667 -0.9685 1.628, 0.0634 -0.9685 1.6183, 0.1446 -0.9685 1.5729, 0.1351 -0.9685 1.5666, 0.1579 -0.9685 1.5647, 0.125 -0.9685 1.5629, 0.1846 -0.9685 1.5647, 0.2221 -0.9685 1.6856, 0.2253 -0.9685 1.6942, 0.1821 -0.9685 1.6849, 0.1361 -0.9685 1.698, 0.127 -0.9685 1.699, 0.1127 -0.9685 1.6553, 0.0802 -0.9685 1.6439, 0.0911 -0.9685 1.6498, 0.0949 -0.9685 1.6919, 0.1117 -0.9685 1.6974, 0.2209 -0.9685 1.5977, 0.1846 -0.9685 1.6628, 0.2209 -0.9685 1.5701, 0.0526 -0.9685 1.4783, 0.0949 -0.9685 1.5629, 0.0526 -0.9685 1.5629, 0.0945 -0.9685 1.563, 0.0842 -0.9685 1.5668, 0.1579 -0.9685 1.5883, 0.1572 -0.9685 1.5883, 0.153 -0.9685 1.5819, 0.0752 -0.9685 1.5731, 0.0722 -0.9685 1.5761, 0.0667 -0.9685 1.5844, 0.0526 -0.9685 1.839, 0.077 -0.9685 1.7065, 0.0853 -0.9685 1.7111, 0.0634 -0.9685 1.5934, 0.0621 -0.9685 1.6055, 0.1665 -0.9685 1.7102, 0.1722 -0.9685 1.7048, 0.1778 -0.9685 1.6965, 0.2313 -0.9685 1.5912, 0.2332 -0.9685 1.5905, 0.2332 -0.9685 1.6472, 0.1057 -0.9685 1.7182, 0.1295 -0.9685 1.7207, 0.1468 -0.9685 1.719, 0.1579 -0.9685 1.6616, 0.157 -0.9685 1.6735, 0.1542 -0.9685 1.683, 0.1511 -0.9685 1.6885, 0.2222 -0.9685 1.6657, 0.221 -0.9685 1.6761, 0.147 -0.9685 1.6928, 0.1423 -0.9685 1.6959, 0.233 -0.9685 1.6474, 0.2286 -0.9685 1.6519, 0.2251 -0.9685 1.6575, 0.2451 -0.9685 1.5629, 0.2332 -0.9685 1.4783, 0.2622 -0.9685 1.5611, 0.3308 -0.9685 1.4783, 0.3166 -0.9685 1.7139, 0.3166 -0.9685 1.688, 0.2302 -0.9685 1.7015, 0.2332 -0.9685 1.7041, 0.2332 -0.9685 1.839, 0.2382 -0.9685 1.7086, 0.245 -0.9685 1.7128, 0.3226 -0.9685 1.5954, 0.3193 -0.9685 1.587, 0.3143 -0.9685 1.5799, 0.2594 -0.9685 1.7182, 0.2804 -0.9685 1.7207, 0.3308 -0.9685 1.839, 0.2968 -0.9685 1.7194, 0.3149 -0.9685 1.6314, 0.3199 -0.9685 1.624, 0.3228 -0.9685 1.6162, 0.3239 -0.9685 1.6062, 0.3067 -0.9685 1.5732, 0.2993 -0.9685 1.5688, 0.2778 -0.9685 1.699, 0.2699 -0.9685 1.6984, 0.2486 -0.9685 1.6785, 0.2627 -0.9685 1.6965, 0.2567 -0.9685 1.6933, 0.2488 -0.9685 1.6749, 0.2499 -0.9685 1.6707, 0.2518 -0.9685 1.6671, 0.2544 -0.9685 1.6643, 0.2639 -0.9685 1.6584, 0.2971 -0.9685 1.6965, 0.2804 -0.9685 1.6512, 0.3122 -0.9685 1.6905, 0.2908 -0.9685 1.647, 0.3085 -0.9685 1.6371, 0.2527 -0.9685 1.6897, 0.2504 -0.9685 1.6863, 0.2491 -0.9685 1.6827, 0.2481 -0.9685 1.5849, 0.2615 -0.9685 1.6317, 0.2456 -0.9685 1.639, 0.2649 -0.9685 1.5829, 0.266 -0.9685 1.5829, 0.2791 -0.9685 1.6244, 0.2798 -0.9685 1.5845, 0.2964 -0.9685 1.6036, 0.2962 -0.9685 1.6069, 0.2867 -0.9685 1.587, 0.2891 -0.9685 1.5885, 0.2922 -0.9685 1.5912, 0.2945 -0.9685 1.5947, 0.2959 -0.9685 1.5985, 0.2949 -0.9685 1.6111, 0.2929 -0.9685 1.6146, 0.2895 -0.9685 1.6181, 0.7263 -0.9685 1.9618, 0.648 -0.9685 1.9618, 0.7481 -0.9685 1.9034, 0.648 -0.9685 1.9016, 0.7786 -0.9685 1.9034, 6.8898 -0.9685 1.9016, 6.8898 -0.9685 2.1188, 0.6973 -0.9685 2.117, 0.648 -0.9685 2.1188, 0.6374 -0.9685 1.9618, 0.6169 -0.9685 1.9034, 0.5805 -0.9685 1.9016, 0.5865 -0.9685 1.9034, 0.5805 -0.9685 2.1188, 0.648 -0.9685 2.065, 0.6678 -0.9685 2.117, 0.4986 -0.9685 1.9016, 0.4954 -0.9685 1.9077, 0.4595 -0.9685 1.9034, 0.3806 -0.9685 1.9016, 0.4008 -0.9685 1.9034, 0.4008 -0.9685 2.117, 0.3806 -0.9685 2.1188, 0.4617 -0.9685 2.117, 0.4986 -0.9685 2.1188, 0.4657 -0.9685 2.1169, 0.5524 -0.9685 2.0785, 0.565 -0.9685 2.0591, 0.5681 -0.9685 1.9722, 0.557 -0.9685 1.9504, 0.5424 -0.9685 2.0887, 0.5424 -0.9685 1.9333, 0.5198 -0.9685 1.9172, 0.4986 -0.9685 1.909, 0.498 -0.9685 2.1124, 0.4986 -0.9685 2.1122, 0.5233 -0.9685 2.1022, 0.5721 -0.9685 2.0379, 0.5746 -0.9685 2.0129, 0.5737 -0.9685 1.9968, 0.3308 -0.9685 2.1188, 0.3556 -0.9685 2.117, 0.3308 -0.9685 2.117, 0.3556 -0.9685 2.0924, 0.3495 -0.9685 2.0241, 0.3495 -0.9685 1.9996, 0.3604 -0.9685 1.9278, 0.3308 -0.9685 1.9996, 0.3308 -0.9685 2.0924, 0.3308 -0.9685 2.0241, 0.2732 -0.9685 2.0924, 0.2732 -0.9685 2.0241, 0.2456 -0.9685 1.9034, 0.2332 -0.9685 1.9016, 0.3308 -0.9685 1.9016, 0.2456 -0.9685 2.117, 0.2332 -0.9685 2.1188, 0.3604 -0.9685 1.9034, 0.3308 -0.9685 1.9034, 0.1738 -0.9685 2.1188, 0.1828 -0.9685 2.1179, 0.2029 -0.9685 2.1118, 0.2029 -0.9685 2.083, 0.2029 -0.9685 1.9387, 0.2029 -0.9685 1.9123, 0.1992 -0.9685 1.9105, 0.1763 -0.9685 1.9029, 0.1626 -0.9685 1.9016, 0.1981 -0.9685 2.0855, 0.1762 -0.9685 2.0932, 0.1596 -0.9685 1.9249, 0.1835 -0.9685 1.9298, 0.0719 -0.9685 2.0057, 0.0719 -0.9685 2.0078, 0.1525 -0.9685 2.0957, 0.1449 -0.9685 2.0954, 0.1263 -0.9685 2.0919, 0.0907 -0.9685 2.0678, 0.081 -0.9685 2.0524, 0.0744 -0.9685 2.0329, 0.0753 -0.9685 1.9795, 0.0821 -0.9685 1.9621, 0.0929 -0.9685 1.9469, 0.1114 -0.9685 1.9327, 0.1267 -0.9685 1.9269, 0.1477 -0.9685 1.9244, 0.1094 -0.9685 2.0843, 0.0944 -0.9685 2.072, 0.0974 -0.9685 1.9424, 0.1523 -0.9685 2.1206, 0.0526 -0.9685 2.9331, 0.2332 -0.9685 2.9331, 0.1553 -0.9685 2.1205, 0.0993 -0.9685 2.1083, 0.0598 -0.9685 2.0713, 0.0738 -0.9685 2.0891, 0.0786 -0.9685 2.0937, 0.0398 -0.9685 2.1188, 0.0491 -0.9685 2.0479, 0.0526 -0.9685 2.0555, 0.0526 -0.9685 1.9577, 0.0471 -0.9685 1.9718, 0.0398 -0.9685 1.9016, 0.043 -0.9685 2.0062, 0.0436 -0.9685 2.0207, 0.0866 -0.9685 1.9153, 0.0704 -0.9685 1.929, 0.0526 -0.9685 1.9016, 0.0684 -0.9685 1.9312, 0.0557 -0.9685 1.9494, 0.1438 -0.9685 1.8998, 0.1296 -0.9685 1.9006, 0.1247 -0.9685 1.9016, 0.1067 -0.9685 1.9056, 0.1578 -0.9685 1.7154, 0.1242 -0.9685 1.5626, 0.1105 -0.9685 1.5611, 0.4564 -0.9685 1.7172, 0.4842 -0.9685 1.7172, 0.4986 -0.9685 1.839, 0.5805 -0.9685 1.7782, 0.5805 -0.9685 1.839, 0.4233 -0.9685 1.5629, 0.4075 -0.9685 1.6026, 0.4108 -0.9685 1.59, 0.4115 -0.9685 1.59, 0.3806 -0.9685 1.839, 0.3806 -0.9685 1.6801, 0.4148 -0.9685 1.6024, 0.4128 -0.9685 1.5953, 0.3806 -0.9685 1.6083, 0.3378 -0.9685 1.7172, 0.3677 -0.9685 1.7172, 0.3967 -0.9685 1.5629, 0.3976 -0.9685 1.565, 0.3806 -0.9685 1.5277, 0.3806 -0.9685 1.5277, 0.3806 -0.9685 1.5629, 0.3859 -0.9685 1.5373, 0.3433 -0.9685 1.5189, 0.3433 -0.9685 1.4951, 0.3488 -0.9685 1.5171, 0.3585 -0.9685 1.5158, 0.3649 -0.9685 1.5165, 0.3806 -0.9685 1.4977, 0.3714 -0.9685 1.4941, 0.3806 -0.9685 1.4783, 0.3605 -0.9685 1.4929, 0.3546 -0.9685 1.4931, 0.3708 -0.9685 1.5187, 0.3757 -0.9685 1.5221, 0.415 -0.9685 1.5417, 0.4029 -0.9685 1.5181, 0.4986 -0.9685 1.4783, 0.3931 -0.9685 1.5063, 0.3912 -0.9685 1.5047, 0.3819 -0.9685 1.4981, -6.8898 -0.9685 1.4783, -6.8898 -0.9685 1.5629, -6.8898 -0.9685 1.839, -6.8898 -0.9685 1.9016, -6.8898 -0.9685 2.1188, -6.8898 -0.9685 2.9331, -6.8898 -0.9685 0.3937, -6.2992 -0.9685 0.3937, -5.9055 -0.9685 0.3937, -5.5118 -0.9685 0.3937, -5.1181 -0.9685 0.3937, -4.7244 -0.9685 0.3937, -4.3307 -0.9685 0.3937, -4.0558 -0.9685 0.3937, -0.0508 -0.9685 2.117, -0.0508 -0.9685 1.9278, 0.0343 -0.9685 1.9278, 0.0343 -0.9685 1.9034, -0.0783 -0.9685 1.9034, -0.0783 -0.9685 2.117, 0.0316 -0.9685 1.7537, 0.0398 -0.9685 1.5629, 0.0365 -0.9685 1.5891, 0.0365 -0.9685 1.5647, -0.0783 -0.9685 1.5647, -0.0508 -0.9685 1.6609, -0.0508 -0.9685 1.5891, 0.0256 -0.9685 1.6609, 0.0256 -0.9685 1.6853, -0.0508 -0.9685 1.6853, -0.0508 -0.9685 1.7537, -0.0783 -0.9685 1.7782, 0.0316 -0.9685 1.7782, 0.0398 -0.9685 2.9331, -0.8923 -0.9685 1.4638, -0.7874 -0.9685 0.3937, -0.8555 -0.9685 1.4683, -0.3937 -0.9685 0.3937, -0.1658 -0.9685 0.3937, 0.0398 -0.9685 0.3937, 0.0526 -0.9685 0.3937, 0.2332 -0.9685 0.3937, 0.3308 -0.9685 0.3937, 0.3806 -0.9685 0.3937, 0.3937 -0.9685 0.3937, 0.3308 -0.9685 2.9331, 0.3806 -0.9685 2.9331, 0.4986 -0.9685 2.9331, 0.5805 -0.9685 2.9331, 0.648 -0.9685 2.9331, 6.8898 -0.9685 2.9331, 1.0155 -0.9685 1.5647, 1.046 -0.9685 1.5647, 6.8898 -0.9685 1.5629, 0.9646 -0.9685 1.7782, 6.8898 -0.9685 1.839, 0.9937 -0.9685 1.6231, 0.9048 -0.9685 1.6231, 0.8843 -0.9685 1.5647, 0.8538 -0.9685 1.5647, 0.9352 -0.9685 1.7782, 0.7872 -0.9685 1.5785, 0.8098 -0.9685 1.5946, 0.8244 -0.9685 1.6116, 0.7628 -0.9685 1.569, 0.7269 -0.9685 1.5647, 0.6682 -0.9685 1.5647, 0.6682 -0.9685 1.7782, 0.7291 -0.9685 1.7782, 0.8098 -0.9685 1.75, 0.8198 -0.9685 1.7398, 0.8324 -0.9685 1.7204, 0.8395 -0.9685 1.6992, 0.7331 -0.9685 1.7782, 0.7654 -0.9685 1.7737, 0.7907 -0.9685 1.7635, 0.842 -0.9685 1.6742, 0.8411 -0.9685 1.658, 0.8354 -0.9685 1.6334, 0.5805 -0.9685 1.4783, 0.648 -0.9685 1.4783, 6.8898 -0.9685 1.4783, 0.4986 -0.9685 0.3937, 0.5805 -0.9685 0.3937, 0.648 -0.9685 0.3937, 0.7874 -0.9685 0.3937, 1.1811 -0.9685 0.3937, 1.5748 -0.9685 0.3937, 1.9685 -0.9685 0.3937, 2.3622 -0.9685 0.3937, 2.7559 -0.9685 0.3937, 3.5433 -0.9685 0.3937, 3.937 -0.9685 0.3937, 4.3307 -0.9685 0.3937, 4.7244 -0.9685 0.3937, 5.1181 -0.9685 0.3937, 5.5118 -0.9685 0.3937, 5.9055 -0.9685 0.3937, 6.2992 -0.9685 0.3937, 6.8898 -0.9685 0.3937, -2.2744 0.5325 -1.5355, -2.2744 0.5325 0.3937, -2.2658 0.5446 -1.5355, -2.2013 0.6147 0.3937, -2.1999 0.6134 -1.5355, -2.1881 0.6258 -1.5355, -2.1101 0.6764 0.3937, -2.109 0.6746 -1.5355, -2.0925 0.6848 -1.5355, -2.0065 0.7136 0.3937, -2.0059 0.7115 -1.5355, -1.9851 0.7179 -1.5355, -1.897 0.7242 0.3937, -1.8969 0.7218 -1.5355, -1.8728 0.7229 -1.5355, -1.7882 0.7075 0.3937, -1.7887 0.705 -1.5355, -1.7629 0.6995 -1.5355, -1.6869 0.6644 0.3937, -1.6869 0.6644 -1.5355, 6.5945 -0.6339 0.3937, 6.5669 -0.6339 0.3937, 6.5669 -0.6339 1.2473, 6.4252 -0.6339 0.3937, 6.3976 -0.6339 0.3937, 6.4252 -0.6339 1.2473, 6.3976 -0.6339 3.413, 6.5945 -0.6339 3.413, 5.8071 -0.6339 0.3937, 5.7795 -0.6339 0.3937, 5.7795 -0.6339 1.2473, 5.6378 -0.6339 0.3937, 5.6102 -0.6339 0.3937, 5.6378 -0.6339 1.2473, 5.6102 -0.6339 3.413, 5.8071 -0.6339 3.413, 5.0197 -0.6339 0.3937, 4.9921 -0.6339 0.3937, 4.9921 -0.6339 1.2473, 4.8504 -0.6339 0.3937, 4.8228 -0.6339 0.3937, 4.8504 -0.6339 1.2473, 4.8228 -0.6339 3.413, 5.0197 -0.6339 3.413, 4.2323 -0.6339 0.3937, 4.2047 -0.6339 0.3937, 4.2047 -0.6339 1.2473, 4.063 -0.6339 0.3937, 4.0354 -0.6339 0.3937, 4.063 -0.6339 1.2473, 4.0354 -0.6339 3.413, 4.2323 -0.6339 3.413, 3.4449 -0.6339 0.3937, 3.4173 -0.6339 0.3937, 3.4173 -0.6339 1.2473, 3.2756 -0.6339 0.3937, 3.248 -0.6339 0.3937, 3.2756 -0.6339 1.2473, 3.248 -0.6339 3.413, 3.4449 -0.6339 3.413, 2.6575 -0.6339 0.3937, 2.6299 -0.6339 0.3937, 2.6299 -0.6339 1.2473, 2.4882 -0.6339 0.3937, 2.4606 -0.6339 0.3937, 2.4882 -0.6339 1.2473, 2.4606 -0.6339 3.413, 2.6575 -0.6339 3.413, 1.8701 -0.6339 0.3937, 1.8425 -0.6339 0.3937, 1.8425 -0.6339 1.2473, 1.7008 -0.6339 0.3937, 1.6732 -0.6339 0.3937, 1.7008 -0.6339 1.2473, 1.6732 -0.6339 3.413, 1.8701 -0.6339 3.413, 1.0827 -0.6339 0.3937, 1.0551 -0.6339 0.3937, 1.0551 -0.6339 1.2473, 0.9134 -0.6339 0.3937, 0.8858 -0.6339 0.3937, 0.9134 -0.6339 1.2473, 0.8858 -0.6339 3.413, 1.0827 -0.6339 3.413, 0.2953 -0.6339 0.3937, 0.2677 -0.6339 0.3937, 0.2677 -0.6339 1.2473, 0.126 -0.6339 0.3937, 0.0984 -0.6339 0.3937, 0.126 -0.6339 1.2473, 0.0984 -0.6339 3.413, 0.2953 -0.6339 3.413, -0.4921 -0.6339 0.3937, -0.5197 -0.6339 0.3937, -0.5197 -0.6339 1.2473, -0.6614 -0.6339 0.3937, -0.689 -0.6339 0.3937, -0.6614 -0.6339 1.2473, -0.689 -0.6339 3.413, -0.4921 -0.6339 3.413, -1.2795 -0.6339 0.3937, -1.3071 -0.6339 0.3937, -1.3071 -0.6339 1.2473, -1.4488 -0.6339 0.3937, -1.4764 -0.6339 0.3937, -1.4488 -0.6339 1.2473, -1.4764 -0.6339 3.413, -1.2795 -0.6339 3.413, -2.8543 -0.6339 0.3937, -2.8819 -0.6339 0.3937, -2.8819 -0.6339 1.2473, -3.0236 -0.6339 0.3937, -3.0512 -0.6339 0.3937, -3.0236 -0.6339 1.2473, -3.0512 -0.6339 3.413, -2.8543 -0.6339 3.413, -3.6417 -0.6339 0.3937, -3.6693 -0.6339 0.3937, -3.6693 -0.6339 1.2473, -3.811 -0.6339 0.3937, -3.8386 -0.6339 0.3937, -3.811 -0.6339 1.2473, -3.8386 -0.6339 3.413, -3.6417 -0.6339 3.413, -4.4291 -0.6339 0.3937, -4.4567 -0.6339 0.3937, -4.4567 -0.6339 1.2473, -4.5984 -0.6339 0.3937, -4.626 -0.6339 0.3937, -4.5984 -0.6339 1.2473, -4.626 -0.6339 3.413, -4.4291 -0.6339 3.413, -5.2165 -0.6339 0.3937, -5.2441 -0.6339 0.3937, -5.2441 -0.6339 1.2473, -5.3858 -0.6339 0.3937, -5.4134 -0.6339 0.3937, -5.3858 -0.6339 1.2473, -5.4134 -0.6339 3.413, -5.2165 -0.6339 3.413, -6.0039 -0.6339 0.3937, -6.0315 -0.6339 0.3937, -6.0315 -0.6339 1.2473, -6.1732 -0.6339 0.3937, -6.2008 -0.6339 0.3937, -6.1732 -0.6339 1.2473, -6.2008 -0.6339 3.413, -6.0039 -0.6339 3.413, 7.6772 -1.1654 4.3898, 7.6772 -0.998 4.3898, 6.2992 -0.998 4.3898, -3.0512 1.3937 4.3898, -2.8543 1.3937 4.3898, -2.7559 1.7283 4.3898, 0.4921 1.3937 4.3898, 0.689 1.3937 4.3898, 0.7874 1.7283 4.3898, 1.6732 1.3937 4.3898, 1.8701 1.3937 4.3898, 1.9685 1.7283 4.3898, 4.8228 1.3937 4.3898, 5.0197 1.3937 4.3898, 5.1181 1.7283 4.3898, 1.1811 -0.2156 4.3898, 1.1811 -0.1909 4.3898, 0.7874 -0.1909 4.3898, -7.6772 0.7785 4.3898, -7.6772 -0.2156 4.3898, -7.0276 -0.1909 4.3898, -6.2992 -0.1909 4.3898, -6.811 -0.1909 4.3898, -6.2992 -0.2156 4.3898, -6.811 -0.2156 4.3898, -5.9055 -0.2156 4.3898, -5.9055 -0.1909 4.3898, -5.5118 -0.2156 4.3898, -5.5118 -0.1909 4.3898, -5.1181 -0.2156 4.3898, -5.1181 -0.1909 4.3898, -4.7244 -0.2156 4.3898, -4.7244 -0.1909 4.3898, -4.3307 -0.2156 4.3898, -4.3307 -0.1909 4.3898, -3.5433 -0.1909 4.3898, -3.1496 -0.2156 4.3898, -3.1496 -0.1909 4.3898, -2.7559 -0.2156 4.3898, -2.7559 -0.1909 4.3898, -1.9685 -0.2156 4.3898, -1.9685 -0.1909 4.3898, -1.1811 -0.2156 4.3898, -1.1811 -0.1909 4.3898, -0.7874 -0.2156 4.3898, -0.7874 -0.1909 4.3898, -0.3937 -0.2156 4.3898, -0.3937 -0.1909 4.3898, 0.3937 -0.1909 4.3898, 0.7874 -0.2156 4.3898, 0.3937 -0.2156 4.3898, 1.5748 -0.2156 4.3898, 1.5748 -0.1909 4.3898, 1.9685 -0.2156 4.3898, 1.9685 -0.1909 4.3898, 2.3622 -0.2156 4.3898, 2.3622 -0.1909 4.3898, 2.7559 -0.2156 4.3898, 2.7559 -0.1909 4.3898, 7.0276 -0.1909 4.3898, 6.2992 -0.1909 4.3898, 6.2992 -0.2156 4.3898, 5.9055 -0.1909 4.3898, 5.9055 -0.2156 4.3898, 5.5118 -0.1909 4.3898, 5.5118 -0.2156 4.3898, 5.1181 -0.1909 4.3898, 5.1181 -0.2156 4.3898, 4.7244 -0.1909 4.3898, 4.7244 -0.2156 4.3898, 4.3307 -0.1909 4.3898, 4.3307 -0.2156 4.3898, 3.937 -0.1909 4.3898, 3.937 -0.2156 4.3898, 3.5433 -0.1909 4.3898, 3.5433 -0.2156 4.3898, 3.5433 0.7785 4.3898, 3.937 0.7539 4.3898, 3.937 0.7785 4.3898, 4.3307 0.7539 4.3898, 4.3307 0.7785 4.3898, 4.7244 0.7539 4.3898, 4.7244 0.7785 4.3898, 5.1181 0.7539 4.3898, 5.1181 0.7785 4.3898, 5.5118 0.7539 4.3898, 5.5118 0.7785 4.3898, 5.9055 0.7539 4.3898, 5.9055 0.7785 4.3898, 6.2992 0.7539 4.3898, 6.2992 0.7785 4.3898, 7.0276 0.7539 4.3898, 0.3937 0.7785 4.3898, 0.7874 0.7539 4.3898, 0.7874 0.7785 4.3898, 1.1811 0.7539 4.3898, 1.1811 0.7785 4.3898, 1.5748 0.7539 4.3898, 1.5748 0.7785 4.3898, 1.9685 0.7539 4.3898, 1.9685 0.7785 4.3898, 2.3622 0.7539 4.3898, 2.3622 0.7785 4.3898, 2.7559 0.7539 4.3898, 2.7559 0.7785 4.3898, 3.5433 0.7539 4.3898, -1.1811 0.7785 4.3898, -0.7874 0.7539 4.3898, -0.7874 0.7785 4.3898, -0.3937 0.7539 4.3898, -0.3937 0.7785 4.3898, 0.3937 0.7539 4.3898, -3.5433 0.7785 4.3898, -3.1496 0.7539 4.3898, -3.1496 0.7785 4.3898, -2.7559 0.7539 4.3898, -2.7559 0.7785 4.3898, -1.9685 0.7539 4.3898, -1.9685 0.7785 4.3898, -1.1811 0.7539 4.3898, -6.2992 0.7785 4.3898, -5.9055 0.7539 4.3898, -5.9055 0.7785 4.3898, -5.5118 0.7539 4.3898, -5.5118 0.7785 4.3898, -5.1181 0.7539 4.3898, -5.1181 0.7785 4.3898, -4.7244 0.7539 4.3898, -4.7244 0.7785 4.3898, -4.3307 0.7539 4.3898, -4.3307 0.7785 4.3898, -3.5433 0.7539 4.3898, -7.0276 0.7539 4.3898, -6.811 0.7539 4.3898, -6.811 0.7785 4.3898, -6.2992 0.7539 4.3898, 6.5945 1.3937 4.3898, 6.5945 0.8031 4.3898, 7.6772 0.7785 4.3898, 7.6772 -0.2156 4.3898, 6.3976 0.8031 4.3898, 6.3976 1.3937 4.3898, 6.2992 1.7283 4.3898, 7.6772 1.7283 4.3898, 6.0039 1.3937 4.3898, 5.9055 1.7283 4.3898, 6.2008 1.3937 4.3898, 6.2008 0.8031 4.3898, 6.0039 0.8031 4.3898, 5.6102 1.3937 4.3898, 5.5118 1.7283 4.3898, 5.8071 1.3937 4.3898, 5.8071 0.8031 4.3898, 5.6102 0.8031 4.3898, 5.2165 1.3937 4.3898, 5.4134 1.3937 4.3898, 5.4134 0.8031 4.3898, 5.2165 0.8031 4.3898, 5.0197 0.8031 4.3898, 4.8228 0.8031 4.3898, 4.7244 1.7283 4.3898, 4.4291 1.3937 4.3898, 4.3307 1.7283 4.3898, 4.626 1.3937 4.3898, 4.626 0.8031 4.3898, 4.4291 0.8031 4.3898, 4.0354 1.3937 4.3898, 3.937 1.7283 4.3898, 4.2323 1.3937 4.3898, 4.2323 0.8031 4.3898, 4.0354 0.8031 4.3898, 3.6417 1.3937 4.3898, 3.5433 1.7283 4.3898, 3.8386 1.3937 4.3898, 3.8386 0.8031 4.3898, 3.6417 0.8031 4.3898, 3.248 1.3937 4.3898, 3.4449 1.3937 4.3898, 3.4449 0.8031 4.3898, 3.248 0.8031 4.3898, 3.0512 0.8031 4.3898, 2.8543 0.8031 4.3898, 2.8543 1.3937 4.3898, 2.7559 1.7283 4.3898, 3.0512 1.3937 4.3898, 2.4606 1.3937 4.3898, 2.3622 1.7283 4.3898, 2.6575 1.3937 4.3898, 2.6575 0.8031 4.3898, 2.4606 0.8031 4.3898, 2.0669 1.3937 4.3898, 2.2638 1.3937 4.3898, 2.2638 0.8031 4.3898, 2.0669 0.8031 4.3898, 1.8701 0.8031 4.3898, 1.6732 0.8031 4.3898, 1.5748 1.7283 4.3898, 1.2795 1.3937 4.3898, 1.1811 1.7283 4.3898, 1.4764 1.3937 4.3898, 1.4764 0.8031 4.3898, 1.2795 0.8031 4.3898, 0.8858 1.3937 4.3898, 1.0827 1.3937 4.3898, 1.0827 0.8031 4.3898, 0.8858 0.8031 4.3898, 0.689 0.8031 4.3898, 0.4921 0.8031 4.3898, 0.3937 1.7283 4.3898, 0.0984 1.3937 4.3898, 0.2953 1.3937 4.3898, 0.2953 0.8031 4.3898, 0.0984 0.8031 4.3898, -0.0984 0.8031 4.3898, -0.2953 0.8031 4.3898, -0.2953 1.3937 4.3898, -0.3937 1.7283 4.3898, -0.0984 1.3937 4.3898, -0.689 1.3937 4.3898, -0.7874 1.7283 4.3898, -0.4921 1.3937 4.3898, -0.4921 0.8031 4.3898, -0.689 0.8031 4.3898, -1.0827 1.3937 4.3898, -1.1811 1.7283 4.3898, -0.8858 1.3937 4.3898, -0.8858 0.8031 4.3898, -1.0827 0.8031 4.3898, -1.2795 0.8031 4.3898, -1.4764 0.8031 4.3898, -1.2795 1.3937 4.3898, -1.4764 1.3937 4.3898, -1.9685 1.7283 4.3898, -2.6575 1.3937 4.3898, -2.4606 1.3937 4.3898, -2.4606 0.8031 4.3898, -2.6575 0.8031 4.3898, -2.8543 0.8031 4.3898, -3.0512 0.8031 4.3898, -3.1496 1.7283 4.3898, -3.4449 1.3937 4.3898, -3.5433 1.7283 4.3898, -3.248 1.3937 4.3898, -3.248 0.8031 4.3898, -3.4449 0.8031 4.3898, -3.8386 1.3937 4.3898, -3.6417 1.3937 4.3898, -3.6417 0.8031 4.3898, -3.8386 0.8031 4.3898, -4.0354 0.8031 4.3898, -4.2323 0.8031 4.3898, -4.2323 1.3937 4.3898, -4.3307 1.7283 4.3898, -4.0354 1.3937 4.3898, -4.626 1.3937 4.3898, -4.7244 1.7283 4.3898, -4.4291 1.3937 4.3898, -4.4291 0.8031 4.3898, -4.626 0.8031 4.3898, -5.0197 1.3937 4.3898, -5.1181 1.7283 4.3898, -4.8228 1.3937 4.3898, -4.8228 0.8031 4.3898, -5.0197 0.8031 4.3898, -5.4134 1.3937 4.3898, -5.5118 1.7283 4.3898, -5.2165 1.3937 4.3898, -5.2165 0.8031 4.3898, -5.4134 0.8031 4.3898, -5.8071 1.3937 4.3898, -5.9055 1.7283 4.3898, -5.6102 1.3937 4.3898, -5.6102 0.8031 4.3898, -5.8071 0.8031 4.3898, -6.2008 1.3937 4.3898, -6.2992 1.7283 4.3898, -6.0039 1.3937 4.3898, -6.0039 0.8031 4.3898, -6.2008 0.8031 4.3898, -6.3976 0.8031 4.3898, -6.5945 0.8031 4.3898, -6.3976 1.3937 4.3898, -6.5945 1.3937 4.3898, -6.811 1.7283 4.3898, -7.6772 1.7283 4.3898, 6.5945 -0.2402 4.3898, 6.5945 -0.8307 4.3898, 6.3976 -0.8307 4.3898, 6.3976 -0.2402 4.3898, 6.0039 -0.2402 4.3898, 6.0039 -0.8307 4.3898, 5.9055 -0.998 4.3898, 6.2008 -0.8307 4.3898, 6.2008 -0.2402 4.3898, 5.5118 -0.998 4.3898, 5.8071 -0.8307 4.3898, 5.8071 -0.2402 4.3898, 5.6102 -0.2402 4.3898, 5.6102 -0.8307 4.3898, 5.4134 -0.2402 4.3898, 5.4134 -0.8307 4.3898, 5.2165 -0.8307 4.3898, 5.1181 -0.998 4.3898, 5.2165 -0.2402 4.3898, 5.0197 -0.2402 4.3898, 4.8228 -0.2402 4.3898, 4.8228 -0.8307 4.3898, 4.7244 -0.998 4.3898, 5.0197 -0.8307 4.3898, 4.4291 -0.2402 4.3898, 4.4291 -0.8307 4.3898, 4.3307 -0.998 4.3898, 4.626 -0.8307 4.3898, 4.626 -0.2402 4.3898, 4.0354 -0.2402 4.3898, 4.0354 -0.8307 4.3898, 3.937 -0.998 4.3898, 4.2323 -0.8307 4.3898, 4.2323 -0.2402 4.3898, 3.6417 -0.2402 4.3898, 3.6417 -0.8307 4.3898, 3.5433 -0.998 4.3898, 3.8386 -0.8307 4.3898, 3.8386 -0.2402 4.3898, 2.8543 -0.2402 4.3898, 2.8543 -0.8307 4.3898, 2.7559 -0.998 4.3898, 3.0512 -0.8307 4.3898, 3.0512 -0.2402 4.3898, 3.248 -0.8307 4.3898, 3.248 -0.2402 4.3898, 3.4449 -0.2402 4.3898, 3.4449 -0.8307 4.3898, 2.4606 -0.2402 4.3898, 2.4606 -0.8307 4.3898, 2.3622 -0.998 4.3898, 2.6575 -0.8307 4.3898, 2.6575 -0.2402 4.3898, 2.2638 -0.2402 4.3898, 2.2638 -0.8307 4.3898, 1.9685 -0.998 4.3898, 2.0669 -0.8307 4.3898, 2.0669 -0.2402 4.3898, 1.6732 -0.2402 4.3898, 1.6732 -0.8307 4.3898, 1.5748 -0.998 4.3898, 1.8701 -0.8307 4.3898, 1.8701 -0.2402 4.3898, 1.4764 -0.2402 4.3898, 1.4764 -0.8307 4.3898, 1.1811 -0.998 4.3898, 1.2795 -0.8307 4.3898, 1.2795 -0.2402 4.3898, 1.0827 -0.2402 4.3898, 1.0827 -0.8307 4.3898, 0.7874 -0.998 4.3898, 0.8858 -0.8307 4.3898, 0.8858 -0.2402 4.3898, 0.4921 -0.2402 4.3898, 0.4921 -0.8307 4.3898, 0.3937 -0.998 4.3898, 0.689 -0.8307 4.3898, 0.689 -0.2402 4.3898, -0.2953 -0.8307 4.3898, -0.2953 -0.2402 4.3898, -0.0984 -0.2402 4.3898, -0.3937 -0.998 4.3898, -0.0984 -0.8307 4.3898, 0.0984 -0.8307 4.3898, 0.0984 -0.2402 4.3898, 0.2953 -0.2402 4.3898, 0.2953 -0.8307 4.3898, -0.4921 -0.2402 4.3898, -0.4921 -0.8307 4.3898, -0.7874 -0.998 4.3898, -0.689 -0.8307 4.3898, -0.689 -0.2402 4.3898, -0.8858 -0.2402 4.3898, -0.8858 -0.8307 4.3898, -1.0827 -0.8307 4.3898, -1.1811 -0.998 4.3898, -1.0827 -0.2402 4.3898, -1.2795 -0.2402 4.3898, -1.4764 -0.2402 4.3898, -1.4764 -0.8307 4.3898, -1.9685 -0.998 4.3898, -1.2795 -0.8307 4.3898, -2.4606 -0.2402 4.3898, -2.4606 -0.8307 4.3898, -2.7559 -0.998 4.3898, -2.6575 -0.8307 4.3898, -2.6575 -0.2402 4.3898, -3.0512 -0.2402 4.3898, -3.0512 -0.8307 4.3898, -3.1496 -0.998 4.3898, -2.8543 -0.8307 4.3898, -2.8543 -0.2402 4.3898, -3.5433 -0.2156 4.3898, -3.248 -0.2402 4.3898, -3.248 -0.8307 4.3898, -3.5433 -0.998 4.3898, -3.4449 -0.8307 4.3898, -3.4449 -0.2402 4.3898, -4.2323 -0.2402 4.3898, -4.2323 -0.8307 4.3898, -4.3307 -0.998 4.3898, -4.0354 -0.8307 4.3898, -4.0354 -0.2402 4.3898, -3.8386 -0.8307 4.3898, -3.8386 -0.2402 4.3898, -3.6417 -0.2402 4.3898, -3.6417 -0.8307 4.3898, -4.626 -0.2402 4.3898, -4.626 -0.8307 4.3898, -4.7244 -0.998 4.3898, -4.4291 -0.8307 4.3898, -4.4291 -0.2402 4.3898, -5.0197 -0.2402 4.3898, -5.0197 -0.8307 4.3898, -5.1181 -0.998 4.3898, -4.8228 -0.8307 4.3898, -4.8228 -0.2402 4.3898, -5.4134 -0.2402 4.3898, -5.4134 -0.8307 4.3898, -5.5118 -0.998 4.3898, -5.2165 -0.8307 4.3898, -5.2165 -0.2402 4.3898, -5.8071 -0.2402 4.3898, -5.8071 -0.8307 4.3898, -5.9055 -0.998 4.3898, -5.6102 -0.8307 4.3898, -5.6102 -0.2402 4.3898, -6.0039 -0.2402 4.3898, -6.0039 -0.8307 4.3898, -6.2992 -0.998 4.3898, -6.2008 -0.8307 4.3898, -6.2008 -0.2402 4.3898, -6.5945 -0.2402 4.3898, -6.5945 -0.8307 4.3898, -6.811 -0.998 4.3898, -6.3976 -0.8307 4.3898, -6.3976 -0.2402 4.3898, -7.6772 -0.998 4.3898, 6.2992 -1.1654 4.3898, 5.9055 -1.1654 4.3898, 5.5118 -1.1654 4.3898, 5.4626 -1.1654 4.3898, 4.7244 -1.1654 4.3898, 4.9705 -1.1654 4.3898, 5.1181 -1.1654 4.3898, 3.376 -1.1654 4.3898, 3.5433 -1.1654 4.3898, 3.937 -1.1654 4.3898, 4.3307 -1.1654 4.3898, 2.8839 -1.1654 4.3898, 2.7559 -1.1654 4.3898, 2.3622 -1.1654 4.3898, 1.9685 -1.1654 4.3898, 1.5748 -1.1654 4.3898, 1.2894 -1.1654 4.3898, 1.1811 -1.1654 4.3898, 0.7972 -1.1654 4.3898, 0.7874 -1.1654 4.3898, 0.3937 -1.1654 4.3898, -0.3937 -1.1654 4.3898, -0.7874 -1.1654 4.3898, -0.7972 -1.1654 4.3898, -1.9685 -1.1654 4.3898, -1.2894 -1.1654 4.3898, -1.1811 -1.1654 4.3898, -2.8839 -1.1654 4.3898, -2.7559 -1.1654 4.3898, -3.1496 -1.1654 4.3898, -3.376 -1.1654 4.3898, -3.5433 -1.1654 4.3898, -4.3307 -1.1654 4.3898, -4.7244 -1.1654 4.3898, -4.9705 -1.1654 4.3898, -5.1181 -1.1654 4.3898, -5.4626 -1.1654 4.3898, -5.5118 -1.1654 4.3898, -5.9055 -1.1654 4.3898, -6.2992 -1.1654 4.3898, -6.811 -1.1654 4.3898, -7.6772 -1.1654 4.3898, -1.4764 1.1969 0.3937, -1.4764 0.9606 0.3937, -2.3675 0.9606 0.3937, -6.8898 -0.7717 0.3937, -7.1358 -0.7717 0.3937, -7.1358 -0.3976 0.3937, -0.8858 1.1969 0.3937, -0.7874 1.3703 0.3937, -0.8858 0.9606 0.3937, -0.7874 0.9606 0.3937, -0.8858 0.3996 0.3937, -0.7874 0.2815 0.3937, -1.0827 0.3996 0.3937, -1.1811 0.2815 0.3937, -1.0827 0.9606 0.3937, -1.1811 0.9606 0.3937, -1.0827 1.1969 0.3937, -1.1811 1.3703 0.3937, -0.8858 -0.6339 0.3937, -1.0827 -0.6339 0.3937, -1.1811 -0.3976 0.3937, -0.7874 -0.3976 0.3937, -0.8858 -0.3976 0.3937, -0.8858 0.1634 0.3937, -1.0827 0.1634 0.3937, -1.0827 -0.3976 0.3937, -2.3675 0.2815 0.3937, -2.4606 0.3996 0.3937, -2.6575 0.3996 0.3937, -2.7559 0.2815 0.3937, -2.6575 0.9606 0.3937, -2.7559 0.9606 0.3937, -2.6575 1.1969 0.3937, -2.7559 1.3703 0.3937, -2.4606 1.1969 0.3937, -2.3675 1.3703 0.3937, -2.4606 0.9606 0.3937, -2.7559 -0.3976 0.3937, -2.6575 -0.3976 0.3937, -2.6575 -0.6339 0.3937, -2.6575 0.1634 0.3937, -2.4606 0.1634 0.3937, -2.4606 -0.3976 0.3937, -2.3675 -0.3976 0.3937, -2.4606 -0.6339 0.3937, 0.4921 1.1969 0.3937, 0.3937 1.3703 0.3937, 0.689 1.1969 0.3937, 0.7874 1.3703 0.3937, 0.689 0.9606 0.3937, 0.7874 0.9606 0.3937, 0.689 0.3996 0.3937, 0.7874 0.2815 0.3937, 0.4921 0.3996 0.3937, 0.3937 0.2815 0.3937, 0.4921 0.9606 0.3937, 0.3937 0.9606 0.3937, 0.4921 -0.6339 0.3937, 0.3937 -0.3976 0.3937, 0.689 -0.6339 0.3937, 0.7874 -0.3976 0.3937, 0.689 -0.3976 0.3937, 0.689 0.1634 0.3937, 0.4921 0.1634 0.3937, 0.4921 -0.3976 0.3937, 0.0984 0.3996 0.3937, 0.2953 0.3996 0.3937, -0.3937 0.2815 0.3937, -0.2953 0.3996 0.3937, -0.0984 0.3996 0.3937, 0.126 1.2092 0.3937, 0.126 1.1969 0.3937, 0.0984 1.1969 0.3937, 0.2953 0.9606 0.3937, 0.2953 1.1969 0.3937, 0.2677 1.1969 0.3937, 0.2677 1.2092 0.3937, -0.3937 1.3703 0.3937, -0.2953 0.9606 0.3937, -0.3937 0.9606 0.3937, -0.2953 1.1969 0.3937, -0.0984 1.1969 0.3937, -0.0984 0.9606 0.3937, 0.0984 0.9606 0.3937, 0.2677 -0.6462 0.3937, -0.0984 -0.6339 0.3937, -0.2953 -0.6339 0.3937, -0.3937 -0.3976 0.3937, 0.126 -0.6462 0.3937, 0.0984 0.1634 0.3937, 0.2953 -0.3976 0.3937, 0.2953 0.1634 0.3937, 0.0984 -0.3976 0.3937, -0.0984 -0.3976 0.3937, -0.0984 0.1634 0.3937, -0.2953 0.1634 0.3937, -0.2953 -0.3976 0.3937, -5.0197 1.1969 0.3937, -5.1181 1.3703 0.3937, -4.8228 1.1969 0.3937, -4.7244 1.3703 0.3937, -4.8228 0.9606 0.3937, -4.7244 0.9606 0.3937, -4.8228 0.3996 0.3937, -4.7244 0.2815 0.3937, -5.0197 0.3996 0.3937, -5.1181 0.2815 0.3937, -5.0197 0.9606 0.3937, -5.1181 0.9606 0.3937, -5.1181 -0.3976 0.3937, -5.0197 -0.3976 0.3937, -5.0197 -0.6339 0.3937, -5.0197 0.1634 0.3937, -4.8228 0.1634 0.3937, -4.8228 -0.3976 0.3937, -4.7244 -0.3976 0.3937, -4.8228 -0.6339 0.3937, -5.8071 1.1969 0.3937, -5.9055 1.3703 0.3937, -5.6102 1.1969 0.3937, -5.5118 1.3703 0.3937, -5.6102 0.9606 0.3937, -5.5118 0.9606 0.3937, -5.6102 0.3996 0.3937, -5.5118 0.2815 0.3937, -5.8071 0.3996 0.3937, -5.9055 0.2815 0.3937, -5.8071 0.9606 0.3937, -5.9055 0.9606 0.3937, -5.9055 -0.3976 0.3937, -5.8071 -0.3976 0.3937, -5.8071 -0.6339 0.3937, -5.8071 0.1634 0.3937, -5.6102 0.1634 0.3937, -5.6102 -0.3976 0.3937, -5.5118 -0.3976 0.3937, -5.6102 -0.6339 0.3937, -3.4449 1.1969 0.3937, -3.5433 1.3703 0.3937, -3.248 1.1969 0.3937, -3.1496 1.3703 0.3937, -3.248 0.9606 0.3937, -3.1496 0.9606 0.3937, -3.248 0.3996 0.3937, -3.1496 0.2815 0.3937, -3.4449 0.3996 0.3937, -3.5433 0.2815 0.3937, -3.4449 0.9606 0.3937, -3.5433 0.9606 0.3937, -3.5433 -0.3976 0.3937, -3.4449 -0.3976 0.3937, -3.4449 -0.6339 0.3937, -3.4449 0.1634 0.3937, -3.248 0.1634 0.3937, -3.248 -0.3976 0.3937, -3.1496 -0.3976 0.3937, -3.248 -0.6339 0.3937, -4.3307 0.2815 0.3937, -4.2323 0.3996 0.3937, -4.0354 0.3996 0.3937, -3.8386 0.3996 0.3937, -3.6417 0.3996 0.3937, -3.6417 0.9606 0.3937, -3.6417 1.1969 0.3937, -3.6693 1.1969 0.3937, -3.6693 1.2092 0.3937, -3.811 1.2092 0.3937, -4.3307 1.3703 0.3937, -3.811 1.1969 0.3937, -3.8386 1.1969 0.3937, -4.2323 0.9606 0.3937, -4.3307 0.9606 0.3937, -4.2323 1.1969 0.3937, -4.0354 1.1969 0.3937, -4.0354 0.9606 0.3937, -3.8386 0.9606 0.3937, -4.2323 -0.6339 0.3937, -4.3307 -0.3976 0.3937, -4.0354 -0.6339 0.3937, -3.811 -0.6462 0.3937, -3.6693 -0.6462 0.3937, -3.8386 0.1634 0.3937, -3.6417 -0.3976 0.3937, -3.6417 0.1634 0.3937, -3.8386 -0.3976 0.3937, -4.0354 -0.3976 0.3937, -4.0354 0.1634 0.3937, -4.2323 0.1634 0.3937, -4.2323 -0.3976 0.3937, 5.2165 1.1969 0.3937, 5.1181 1.3703 0.3937, 5.4134 1.1969 0.3937, 5.5118 1.3703 0.3937, 5.4134 0.9606 0.3937, 5.5118 0.9606 0.3937, 5.4134 0.3996 0.3937, 5.5118 0.2815 0.3937, 5.2165 0.3996 0.3937, 5.1181 0.2815 0.3937, 5.2165 0.9606 0.3937, 5.1181 0.9606 0.3937, 5.1181 -0.3976 0.3937, 5.2165 -0.3976 0.3937, 5.2165 -0.6339 0.3937, 5.2165 0.1634 0.3937, 5.4134 0.1634 0.3937, 5.4134 -0.3976 0.3937, 5.5118 -0.3976 0.3937, 5.4134 -0.6339 0.3937, 4.4291 1.1969 0.3937, 4.3307 1.3703 0.3937, 4.626 1.1969 0.3937, 4.7244 1.3703 0.3937, 4.626 0.9606 0.3937, 4.7244 0.9606 0.3937, 4.626 0.3996 0.3937, 4.7244 0.2815 0.3937, 4.4291 0.3996 0.3937, 4.3307 0.2815 0.3937, 4.4291 0.9606 0.3937, 4.3307 0.9606 0.3937, 4.3307 -0.3976 0.3937, 4.4291 -0.3976 0.3937, 4.4291 -0.6339 0.3937, 4.4291 0.1634 0.3937, 4.626 0.1634 0.3937, 4.626 -0.3976 0.3937, 4.7244 -0.3976 0.3937, 4.626 -0.6339 0.3937, 6.0039 1.1969 0.3937, 5.9055 1.3703 0.3937, 6.2008 1.1969 0.3937, 6.2992 1.3703 0.3937, 6.2008 0.9606 0.3937, 6.2992 0.9606 0.3937, 6.2008 0.3996 0.3937, 6.2992 0.2815 0.3937, 6.0039 0.3996 0.3937, 5.9055 0.2815 0.3937, 6.0039 0.9606 0.3937, 5.9055 0.9606 0.3937, 5.9055 -0.3976 0.3937, 6.0039 -0.3976 0.3937, 6.0039 -0.6339 0.3937, 6.0039 0.1634 0.3937, 6.2008 0.1634 0.3937, 6.2008 -0.3976 0.3937, 6.2992 -0.3976 0.3937, 6.2008 -0.6339 0.3937, 2.0669 1.1969 0.3937, 1.9685 1.3703 0.3937, 2.2638 1.1969 0.3937, 2.3622 1.3703 0.3937, 2.2638 0.9606 0.3937, 2.3622 0.9606 0.3937, 2.2638 0.3996 0.3937, 2.3622 0.2815 0.3937, 2.0669 0.3996 0.3937, 1.9685 0.2815 0.3937, 2.0669 0.9606 0.3937, 1.9685 0.9606 0.3937, 1.9685 -0.3976 0.3937, 2.0669 -0.3976 0.3937, 2.0669 -0.6339 0.3937, 2.0669 0.1634 0.3937, 2.2638 0.1634 0.3937, 2.2638 -0.3976 0.3937, 2.3622 -0.3976 0.3937, 2.2638 -0.6339 0.3937, 1.4764 1.1969 0.3937, 1.5748 1.3703 0.3937, 1.4764 0.9606 0.3937, 1.5748 0.9606 0.3937, 1.4764 0.3996 0.3937, 1.5748 0.2815 0.3937, 1.2795 0.3996 0.3937, 1.1811 0.2815 0.3937, 1.2795 0.9606 0.3937, 1.1811 0.9606 0.3937, 1.2795 1.1969 0.3937, 1.1811 1.3703 0.3937, 1.1811 -0.3976 0.3937, 1.2795 -0.3976 0.3937, 1.2795 -0.6339 0.3937, 1.2795 0.1634 0.3937, 1.4764 0.1634 0.3937, 1.4764 -0.3976 0.3937, 1.5748 -0.3976 0.3937, 1.4764 -0.6339 0.3937, 3.6417 1.1969 0.3937, 3.5433 1.3703 0.3937, 3.8386 1.1969 0.3937, 3.937 1.3703 0.3937, 3.8386 0.9606 0.3937, 3.937 0.9606 0.3937, 3.8386 0.3996 0.3937, 3.937 0.2815 0.3937, 3.6417 0.3996 0.3937, 3.5433 0.2815 0.3937, 3.6417 0.9606 0.3937, 3.5433 0.9606 0.3937, 3.5433 -0.3976 0.3937, 3.6417 -0.3976 0.3937, 3.6417 -0.6339 0.3937, 3.6417 0.1634 0.3937, 3.8386 0.1634 0.3937, 3.8386 -0.3976 0.3937, 3.937 -0.3976 0.3937, 3.8386 -0.6339 0.3937, 2.7559 0.2815 0.3937, 2.8543 0.3996 0.3937, 3.0512 0.3996 0.3937, 3.248 0.3996 0.3937, 3.4449 0.3996 0.3937, 3.4449 0.9606 0.3937, 3.4449 1.1969 0.3937, 3.4173 1.1969 0.3937, 3.4173 1.2092 0.3937, 3.2756 1.2092 0.3937, 2.7559 1.3703 0.3937, 3.2756 1.1969 0.3937, 3.248 1.1969 0.3937, 2.8543 0.9606 0.3937, 2.7559 0.9606 0.3937, 2.8543 1.1969 0.3937, 3.0512 1.1969 0.3937, 3.0512 0.9606 0.3937, 3.248 0.9606 0.3937, 2.8543 -0.6339 0.3937, 2.7559 -0.3976 0.3937, 3.2756 -0.6462 0.3937, 3.4173 -0.6462 0.3937, 3.0512 -0.6339 0.3937, 3.248 0.1634 0.3937, 3.4449 -0.3976 0.3937, 3.4449 0.1634 0.3937, 3.248 -0.3976 0.3937, 3.0512 -0.3976 0.3937, 3.0512 0.1634 0.3937, 2.8543 0.1634 0.3937, 2.8543 -0.3976 0.3937, -6.0315 1.2092 0.3937, -6.2992 1.3703 0.3937, -6.1732 1.2092 0.3937, -6.0315 1.1969 0.3937, -6.0039 1.1969 0.3937, -6.0039 0.9606 0.3937, -6.0039 0.3996 0.3937, -6.2008 0.3996 0.3937, -6.2992 0.2815 0.3937, -6.2008 0.9606 0.3937, -6.2992 0.9606 0.3937, -6.2008 1.1969 0.3937, -6.1732 1.1969 0.3937, -6.5945 -0.3976 0.3937, -6.5945 -0.6339 0.3937, 6.4252 -0.6462 0.3937, 6.5669 -0.6462 0.3937, 6.3976 -0.3976 0.3937, 6.8898 -0.7717 0.3937, 6.5945 -0.3976 0.3937, 7.6772 -0.7717 0.3937, 7.6772 -0.3976 0.3937, 7.6772 1.3346 0.3937, 7.6772 0.9606 0.3937, 6.8898 1.3346 0.3937, 6.5945 0.9606 0.3937, 6.8898 1.3703 0.3937, 6.5945 1.1969 0.3937, 6.5669 1.1969 0.3937, 6.5669 1.2092 0.3937, 6.4252 1.2092 0.3937, 6.8898 1.5315 0.3937, -6.3976 -0.6339 0.3937, -6.2992 -0.3976 0.3937, -6.3976 -0.3976 0.3937, -6.3976 0.1634 0.3937, -6.5945 0.1634 0.3937, -7.1358 0.2815 0.3937, -7.1358 0.9606 0.3937, -7.1358 1.3346 0.3937, -6.5945 0.9606 0.3937, -6.8898 1.3346 0.3937, -6.5945 1.1969 0.3937, -6.8898 1.3703 0.3937, -6.3976 1.1969 0.3937, -6.3976 0.9606 0.3937, -6.3976 0.3996 0.3937, -6.5945 0.3996 0.3937, 2.4882 -0.6462 0.3937, 2.6299 -0.6462 0.3937, 2.6575 -0.3976 0.3937, 2.6575 0.1634 0.3937, 2.4606 0.1634 0.3937, 2.4606 -0.3976 0.3937, 4.2047 1.2092 0.3937, 4.063 1.2092 0.3937, 4.2047 1.1969 0.3937, 4.2323 1.1969 0.3937, 4.2323 0.9606 0.3937, 4.2323 0.3996 0.3937, 4.0354 0.3996 0.3937, 4.0354 0.9606 0.3937, 4.0354 1.1969 0.3937, 4.063 1.1969 0.3937, 1.8425 1.2092 0.3937, 1.7008 1.2092 0.3937, 1.8425 1.1969 0.3937, 1.8701 1.1969 0.3937, 1.8701 0.9606 0.3937, 1.8701 0.3996 0.3937, 1.6732 0.3996 0.3937, 1.6732 0.9606 0.3937, 1.6732 1.1969 0.3937, 1.7008 1.1969 0.3937, 1.0551 -0.6462 0.3937, 0.9134 -0.6462 0.3937, 1.0827 -0.3976 0.3937, 1.0827 0.1634 0.3937, 0.8858 0.1634 0.3937, 0.8858 -0.3976 0.3937, 2.6299 1.2092 0.3937, 2.4882 1.2092 0.3937, 2.6299 1.1969 0.3937, 2.6575 1.1969 0.3937, 2.6575 0.9606 0.3937, 2.6575 0.3996 0.3937, 2.4606 0.3996 0.3937, 2.4606 0.9606 0.3937, 2.4606 1.1969 0.3937, 2.4882 1.1969 0.3937, 1.7008 -0.6462 0.3937, 1.8425 -0.6462 0.3937, 1.8701 -0.3976 0.3937, 1.8701 0.1634 0.3937, 1.6732 0.1634 0.3937, 1.6732 -0.3976 0.3937, 7.6332 0.3938 0.3937, 7.6772 0.2815 0.3937, 7.5907 0.4988 0.3937, 7.5229 0.5896 0.3937, 7.4344 0.6602 0.3937, 6.4252 1.1969 0.3937, 6.3976 1.1969 0.3937, 6.3976 0.9606 0.3937, 6.3976 0.3996 0.3937, 6.8337 0.2815 0.3937, 6.5945 0.3996 0.3937, 6.8337 0.5233 0.3937, 6.9071 0.6095 0.3937, 7.0 0.6743 0.3937, 7.3309 0.7061 0.3937, 7.2191 0.7242 0.3937, 7.1063 0.7133 0.3937, 5.6378 -0.6462 0.3937, 5.7795 -0.6462 0.3937, 5.8071 -0.3976 0.3937, 5.8071 0.1634 0.3937, 5.6102 0.1634 0.3937, 5.6102 -0.3976 0.3937, 6.3976 0.1634 0.3937, 6.5945 0.1634 0.3937, 6.8337 0.0397 0.3937, 6.9071 -0.0465 0.3937, 7.0 -0.1113 0.3937, 7.1063 -0.1504 0.3937, 7.2191 -0.1612 0.3937, 7.3309 -0.1431 0.3937, 7.4344 -0.0972 0.3937, 7.5229 -0.0266 0.3937, 7.5907 0.0642 0.3937, 7.6332 0.1692 0.3937, 7.6476 0.2815 0.3937, 4.9921 1.2092 0.3937, 4.8504 1.2092 0.3937, 4.9921 1.1969 0.3937, 5.0197 1.1969 0.3937, 5.0197 0.9606 0.3937, 5.0197 0.3996 0.3937, 4.8228 0.3996 0.3937, 4.8228 0.9606 0.3937, 4.8228 1.1969 0.3937, 4.8504 1.1969 0.3937, 4.063 -0.6462 0.3937, 4.2047 -0.6462 0.3937, 4.2323 -0.3976 0.3937, 4.2323 0.1634 0.3937, 4.0354 0.1634 0.3937, 4.0354 -0.3976 0.3937, 5.7795 1.2092 0.3937, 5.6378 1.2092 0.3937, 5.7795 1.1969 0.3937, 5.8071 1.1969 0.3937, 5.8071 0.9606 0.3937, 5.8071 0.3996 0.3937, 5.6102 0.3996 0.3937, 5.6102 0.9606 0.3937, 5.6102 1.1969 0.3937, 5.6378 1.1969 0.3937, 4.8504 -0.6462 0.3937, 4.9921 -0.6462 0.3937, 5.0197 -0.3976 0.3937, 5.0197 0.1634 0.3937, 4.8228 0.1634 0.3937, 4.8228 -0.3976 0.3937, -4.5984 -0.6462 0.3937, -4.4567 -0.6462 0.3937, -4.4291 -0.3976 0.3937, -4.4291 0.1634 0.3937, -4.626 0.1634 0.3937, -4.626 -0.3976 0.3937, -2.8819 1.2092 0.3937, -3.0236 1.2092 0.3937, -2.8819 1.1969 0.3937, -2.8543 1.1969 0.3937, -2.8543 0.9606 0.3937, -2.8543 0.3996 0.3937, -3.0512 0.3996 0.3937, -3.0512 0.9606 0.3937, -3.0512 1.1969 0.3937, -3.0236 1.1969 0.3937, -5.2441 1.2092 0.3937, -5.3858 1.2092 0.3937, -5.2441 1.1969 0.3937, -5.2165 1.1969 0.3937, -5.2165 0.9606 0.3937, -5.2165 0.3996 0.3937, -5.4134 0.3996 0.3937, -5.4134 0.9606 0.3937, -5.4134 1.1969 0.3937, -5.3858 1.1969 0.3937, -6.1732 -0.6462 0.3937, -6.0315 -0.6462 0.3937, -6.0039 -0.3976 0.3937, -6.0039 0.1634 0.3937, -6.2008 0.1634 0.3937, -6.2008 -0.3976 0.3937, -4.4567 1.2092 0.3937, -4.5984 1.2092 0.3937, -4.4567 1.1969 0.3937, -4.4291 1.1969 0.3937, -4.4291 0.9606 0.3937, -4.4291 0.3996 0.3937, -4.626 0.3996 0.3937, -4.626 0.9606 0.3937, -4.626 1.1969 0.3937, -4.5984 1.1969 0.3937, -5.3858 -0.6462 0.3937, -5.2441 -0.6462 0.3937, -5.2165 -0.3976 0.3937, -5.2165 0.1634 0.3937, -5.4134 0.1634 0.3937, -5.4134 -0.3976 0.3937, -0.5197 -0.6462 0.3937, -0.6614 -0.6462 0.3937, -0.4921 -0.3976 0.3937, -0.4921 0.1634 0.3937, -0.689 0.1634 0.3937, -0.689 -0.3976 0.3937, 0.9134 1.2092 0.3937, 0.9134 1.1969 0.3937, 0.8858 1.1969 0.3937, 1.0551 1.1969 0.3937, 1.0551 1.2092 0.3937, 0.8858 0.9606 0.3937, 0.8858 0.3996 0.3937, 1.0827 0.3996 0.3937, 1.0827 0.9606 0.3937, 1.0827 1.1969 0.3937, -3.0236 -0.6462 0.3937, -2.8819 -0.6462 0.3937, -2.8543 -0.3976 0.3937, -2.8543 0.1634 0.3937, -3.0512 0.1634 0.3937, -3.0512 -0.3976 0.3937, -0.6614 1.2092 0.3937, -0.6614 1.1969 0.3937, -0.689 1.1969 0.3937, -0.5197 1.1969 0.3937, -0.5197 1.2092 0.3937, -0.689 0.9606 0.3937, -0.689 0.3996 0.3937, -0.4921 0.3996 0.3937, -0.4921 0.9606 0.3937, -0.4921 1.1969 0.3937, -2.0065 -0.1506 0.3937, -1.897 -0.1612 0.3937, -1.4764 -0.3976 0.3937, -2.2744 0.0305 0.3937, -2.2013 -0.0517 0.3937, -2.1101 -0.1134 0.3937, -1.3071 -0.6462 0.3937, -1.4488 -0.6462 0.3937, -1.2795 -0.3976 0.3937, -1.2795 0.1634 0.3937, -1.6869 0.2815 0.3937, -1.4764 0.1634 0.3937, -1.6869 -0.1014 0.3937, -1.7882 -0.1445 0.3937, -1.3071 1.1969 0.3937, -1.3071 1.2092 0.3937, -1.4488 1.2092 0.3937, -1.4488 1.1969 0.3937, -1.4764 0.3996 0.3937, -1.2795 0.3996 0.3937, -1.2795 0.9606 0.3937, -1.2795 1.1969 0.3937, -2.2744 0.2815 0.3937, -7.6772 1.3346 0.3937, -7.6772 0.9606 0.3937, -7.6772 0.2815 0.3937, -7.6772 -0.3976 0.3937, -7.6772 -0.7717 0.3937, 6.2992 1.5315 0.3937, 5.9055 1.5315 0.3937, 5.5118 1.5315 0.3937, 5.1181 1.5315 0.3937, 4.7244 1.5315 0.3937, 4.3307 1.5315 0.3937, 3.937 1.5315 0.3937, 3.5433 1.5315 0.3937, 2.7559 1.5315 0.3937, 2.3622 1.5315 0.3937, 1.9685 1.5315 0.3937, 1.5748 1.5315 0.3937, 1.1811 1.5315 0.3937, 0.7874 1.5315 0.3937, 0.3937 1.5315 0.3937, -0.3937 1.5315 0.3937, -0.7874 1.5315 0.3937, -1.1811 1.5315 0.3937, -2.3675 1.5315 0.3937, -2.7559 1.5315 0.3937, -3.1496 1.5315 0.3937, -3.5433 1.5315 0.3937, -4.3307 1.5315 0.3937, -4.7244 1.5315 0.3937, -5.1181 1.5315 0.3937, -5.5118 1.5315 0.3937, -5.9055 1.5315 0.3937, -6.2992 1.5315 0.3937, -6.8898 1.5315 0.3937, 6.9094 0.6358 4.2717, -6.9094 0.6358 4.2717, -0.4921 0.6358 3.9545, -0.689 0.6358 3.9545, -0.0984 0.6358 3.9545, -0.0984 0.6358 1.3386, 0.0984 0.6358 1.3386, 0.0984 0.6358 3.9545, 0.2953 0.6358 3.9545, 0.689 0.6358 3.9545, 0.689 0.6358 1.3386, 0.8858 0.6358 1.3386, -0.2953 0.6358 3.9545, -0.2953 0.6358 1.3386, -0.4921 0.6358 1.3386, 0.8858 0.6358 3.9545, 1.0827 0.6358 3.9545, 0.4921 0.6358 3.9545, 0.4921 0.6358 1.3386, 0.2953 0.6358 1.3386, -0.8858 0.6358 3.9545, -0.8858 0.6358 1.3386, -0.689 0.6358 1.3386, 1.8701 0.6358 3.9545, 1.8701 0.6358 1.3386, 2.0669 0.6358 1.3386, -6.9094 0.6358 1.3386, -6.5945 0.6358 1.3386, -6.5945 0.6358 3.9545, -6.3976 0.6358 3.9545, 2.0669 0.6358 3.9545, 2.2638 0.6358 3.9545, 1.0827 0.6358 1.3386, 1.2795 0.6358 1.3386, 1.2795 0.6358 3.9545, 1.4764 0.6358 3.9545, 1.6732 0.6358 3.9545, 1.6732 0.6358 1.3386, 1.4764 0.6358 1.3386, -6.3976 0.6358 1.3386, -6.2008 0.6358 1.3386, -6.2008 0.6358 3.9545, -6.0039 0.6358 3.9545, 2.6575 0.6358 3.9545, 2.6575 0.6358 1.3386, 2.8543 0.6358 1.3386, -6.0039 0.6358 1.3386, -5.8071 0.6358 1.3386, -5.8071 0.6358 3.9545, -5.6102 0.6358 3.9545, 2.8543 0.6358 3.9545, 3.0512 0.6358 3.9545, 2.4606 0.6358 3.9545, 2.4606 0.6358 1.3386, 2.2638 0.6358 1.3386, -5.6102 0.6358 1.3386, -5.4134 0.6358 1.3386, -5.4134 0.6358 3.9545, -5.2165 0.6358 3.9545, 3.4449 0.6358 3.9545, 3.4449 0.6358 1.3386, 3.6417 0.6358 1.3386, -5.2165 0.6358 1.3386, -5.0197 0.6358 1.3386, -5.0197 0.6358 3.9545, -4.8228 0.6358 3.9545, 3.6417 0.6358 3.9545, 3.8386 0.6358 3.9545, 3.248 0.6358 3.9545, 3.248 0.6358 1.3386, 3.0512 0.6358 1.3386, -4.8228 0.6358 1.3386, -4.626 0.6358 1.3386, -4.626 0.6358 3.9545, -4.4291 0.6358 3.9545, 4.2323 0.6358 3.9545, 4.2323 0.6358 1.3386, 4.4291 0.6358 1.3386, -4.4291 0.6358 1.3386, -4.2323 0.6358 1.3386, -4.2323 0.6358 3.9545, -4.0354 0.6358 3.9545, 4.4291 0.6358 3.9545, 4.626 0.6358 3.9545, 4.0354 0.6358 3.9545, 4.0354 0.6358 1.3386, 3.8386 0.6358 1.3386, -4.0354 0.6358 1.3386, -3.8386 0.6358 1.3386, -3.8386 0.6358 3.9545, -3.6417 0.6358 3.9545, 5.0197 0.6358 3.9545, 5.0197 0.6358 1.3386, 5.2165 0.6358 1.3386, 5.2165 0.6358 3.9545, 5.4134 0.6358 3.9545, -3.6417 0.6358 1.3386, -3.4449 0.6358 1.3386, -3.4449 0.6358 3.9545, -3.248 0.6358 3.9545, 4.8228 0.6358 3.9545, 4.8228 0.6358 1.3386, 4.626 0.6358 1.3386, -3.248 0.6358 1.3386, -3.0512 0.6358 1.3386, -3.0512 0.6358 3.9545, -2.8543 0.6358 3.9545, 6.0039 0.6358 3.9545, 6.2008 0.6358 3.9545, -2.8543 0.6358 1.3386, -2.6575 0.6358 1.3386, -2.6575 0.6358 3.9545, -2.4606 0.6358 3.9545, 5.8071 0.6358 3.9545, 5.8071 0.6358 1.3386, 6.0039 0.6358 1.3386, -2.4606 0.6358 1.3386, -1.4764 0.6358 1.3386, -1.4764 0.6358 3.9545, -1.2795 0.6358 3.9545, 5.6102 0.6358 3.9545, 5.6102 0.6358 1.3386, 5.4134 0.6358 1.3386, -1.0827 0.6358 3.9545, -1.0827 0.6358 1.3386, -1.2795 0.6358 1.3386, 6.5945 0.6358 1.3386, 6.9094 0.6358 1.3386, 6.5945 0.6358 3.9545, 6.3976 0.6358 3.9545, 6.3976 0.6358 1.3386, 6.2008 0.6358 1.3386, -1.2795 0.1634 1.3386, -1.2795 -0.0728 1.3386, -1.0827 -0.0728 1.3386, -1.0827 0.3996 1.3386, -1.2795 0.3996 1.3386, -0.689 0.3996 1.3386, -0.8858 0.3996 1.3386, -2.4606 -0.0728 1.3386, -1.4764 -0.0728 1.3386, -1.4764 0.1634 1.3386, -0.4921 -0.0728 1.3386, -0.2953 -0.0728 1.3386, -0.4921 0.1634 1.3386, -0.2953 0.1634 1.3386, -0.2953 0.3996 1.3386, -0.4921 0.3996 1.3386, 6.5945 0.1634 1.3386, 6.5945 -0.0728 1.3386, 6.9094 -0.0728 1.3386, -0.8858 -0.0728 1.3386, -0.689 -0.0728 1.3386, -0.8858 0.1634 1.3386, -0.689 0.1634 1.3386, -1.4764 0.3996 1.3386, -2.4606 0.3996 1.3386, -0.0984 -0.0728 1.3386, 0.0984 -0.0728 1.3386, -0.0984 0.1634 1.3386, 0.0984 0.1634 1.3386, 0.0984 0.3996 1.3386, -0.0984 0.3996 1.3386, 0.4921 0.3996 1.3386, 0.2953 0.3996 1.3386, 0.2953 -0.0728 1.3386, 0.4921 -0.0728 1.3386, 0.2953 0.1634 1.3386, 0.4921 0.1634 1.3386, -2.8543 0.1634 1.3386, -2.8543 -0.0728 1.3386, -2.6575 -0.0728 1.3386, -2.6575 0.3996 1.3386, -2.8543 0.3996 1.3386, 0.689 0.1634 1.3386, 1.0827 0.3996 1.3386, 0.8858 0.3996 1.3386, 0.689 0.3996 1.3386, -1.0827 0.1634 1.3386, -3.0512 0.3996 1.3386, -3.248 0.3996 1.3386, 1.6732 0.3996 1.3386, 1.4764 0.3996 1.3386, 1.4764 -0.0728 1.3386, 1.6732 -0.0728 1.3386, 1.4764 0.1634 1.3386, 1.6732 0.1634 1.3386, -3.248 -0.0728 1.3386, -3.0512 -0.0728 1.3386, -3.248 0.1634 1.3386, -3.0512 0.1634 1.3386, 0.689 -0.0728 1.3386, 0.8858 -0.0728 1.3386, 0.8858 0.1634 1.3386, 1.2795 0.3996 1.3386, 1.2795 -0.0728 1.3386, 1.2795 0.1634 1.3386, 1.0827 -0.0728 1.3386, 1.0827 0.1634 1.3386, -2.4606 0.1634 1.3386, -2.6575 0.1634 1.3386, -3.4449 0.3996 1.3386, -3.6417 0.3996 1.3386, -3.6417 -0.0728 1.3386, -3.4449 -0.0728 1.3386, -3.6417 0.1634 1.3386, -3.4449 0.1634 1.3386, 2.0669 0.3996 1.3386, 1.8701 0.3996 1.3386, -3.8386 0.3996 1.3386, -4.0354 0.3996 1.3386, 2.2638 -0.0728 1.3386, 2.4606 -0.0728 1.3386, 2.2638 0.1634 1.3386, 2.4606 0.1634 1.3386, -4.0354 -0.0728 1.3386, -3.8386 -0.0728 1.3386, -4.0354 0.1634 1.3386, -3.8386 0.1634 1.3386, 2.2638 0.3996 1.3386, 1.8701 0.1634 1.3386, 1.8701 -0.0728 1.3386, 2.0669 -0.0728 1.3386, 2.0669 0.1634 1.3386, 2.4606 0.3996 1.3386, -4.2323 0.3996 1.3386, -4.4291 0.3996 1.3386, 2.8543 0.3996 1.3386, 2.6575 0.3996 1.3386, 2.6575 -0.0728 1.3386, 2.8543 -0.0728 1.3386, 2.6575 0.1634 1.3386, 2.8543 0.1634 1.3386, -4.4291 -0.0728 1.3386, -4.2323 -0.0728 1.3386, -4.4291 0.1634 1.3386, -4.2323 0.1634 1.3386, -4.626 0.3996 1.3386, -4.8228 0.3996 1.3386, 3.248 0.3996 1.3386, 3.0512 0.3996 1.3386, 3.0512 -0.0728 1.3386, 3.248 -0.0728 1.3386, 3.0512 0.1634 1.3386, 3.248 0.1634 1.3386, -4.8228 -0.0728 1.3386, -4.626 -0.0728 1.3386, -4.8228 0.1634 1.3386, -4.626 0.1634 1.3386, -5.0197 0.3996 1.3386, -5.2165 0.3996 1.3386, 3.6417 0.3996 1.3386, 3.4449 0.3996 1.3386, 3.4449 -0.0728 1.3386, 3.6417 -0.0728 1.3386, 3.4449 0.1634 1.3386, 3.6417 0.1634 1.3386, -5.2165 -0.0728 1.3386, -5.0197 -0.0728 1.3386, -5.2165 0.1634 1.3386, -5.0197 0.1634 1.3386, -5.4134 0.3996 1.3386, -5.6102 0.3996 1.3386, 4.0354 0.3996 1.3386, 3.8386 0.3996 1.3386, 3.8386 -0.0728 1.3386, 4.0354 -0.0728 1.3386, 3.8386 0.1634 1.3386, 4.0354 0.1634 1.3386, -5.6102 -0.0728 1.3386, -5.4134 -0.0728 1.3386, -5.6102 0.1634 1.3386, -5.4134 0.1634 1.3386, -5.8071 0.3996 1.3386, -6.0039 0.3996 1.3386, 4.4291 0.3996 1.3386, 4.2323 0.3996 1.3386, 4.2323 -0.0728 1.3386, 4.4291 -0.0728 1.3386, 4.2323 0.1634 1.3386, 4.4291 0.1634 1.3386, -6.0039 -0.0728 1.3386, -5.8071 -0.0728 1.3386, -6.0039 0.1634 1.3386, -5.8071 0.1634 1.3386, -6.2008 0.3996 1.3386, -6.3976 0.3996 1.3386, 4.8228 0.3996 1.3386, 4.626 0.3996 1.3386, 4.626 -0.0728 1.3386, 4.8228 -0.0728 1.3386, 4.626 0.1634 1.3386, 4.8228 0.1634 1.3386, -6.3976 -0.0728 1.3386, -6.2008 -0.0728 1.3386, -6.3976 0.1634 1.3386, -6.2008 0.1634 1.3386, -6.5945 0.3996 1.3386, -6.9094 -0.0728 1.3386, -6.5945 0.1634 1.3386, -6.5945 -0.0728 1.3386, 5.2165 0.3996 1.3386, 5.0197 0.3996 1.3386, 5.4134 0.3996 1.3386, 5.0197 0.1634 1.3386, 5.0197 -0.0728 1.3386, 5.2165 -0.0728 1.3386, 5.2165 0.1634 1.3386, 5.6102 0.3996 1.3386, 6.0039 0.3996 1.3386, 5.8071 0.3996 1.3386, 5.6102 -0.0728 1.3386, 5.6102 0.1634 1.3386, 5.4134 -0.0728 1.3386, 5.4134 0.1634 1.3386, 6.3976 0.3996 1.3386, 6.2008 0.3996 1.3386, 6.0039 -0.0728 1.3386, 6.0039 0.1634 1.3386, 5.8071 -0.0728 1.3386, 5.8071 0.1634 1.3386, 6.5945 0.3996 1.3386, 6.3976 -0.0728 1.3386, 6.3976 0.1634 1.3386, 6.2008 -0.0728 1.3386, 6.2008 0.1634 1.3386, 7.6772 1.7283 0.0, 7.6772 1.3346 0.0, 6.8898 1.7283 0.0, 6.8898 1.3346 0.0, 7.6772 -0.7717 0.0, 7.6772 -1.1654 0.0, 6.8898 -0.7717 0.0, 6.8898 -1.1654 0.0, -5.4626 -1.1654 2.9331, -4.9705 -1.1654 2.9331, -3.376 -1.1654 2.9331, -2.8839 -1.1654 2.9331, -1.2894 -1.1654 2.9331, -0.7972 -1.1654 2.9331, 0.7972 -1.1654 2.9331, 1.2894 -1.1654 2.9331, 3.376 -1.1654 2.9331, 2.8839 -1.1654 2.9331, 4.9705 -1.1654 2.9331, 5.4626 -1.1654 2.9331, 7.6772 -1.1654 2.9331, 6.8898 -1.1654 2.9331, -4.9705 -1.7283 3.248, -4.9705 -1.7283 2.9331, -3.376 -1.7283 3.248, -3.376 -1.7283 2.9331, -1.2894 -1.7283 2.9331, -1.2894 -1.7283 3.248, -2.8839 -1.7283 2.9331, -2.8839 -1.7283 3.248, 0.7972 -1.7283 2.9331, 0.7972 -1.7283 3.248, -0.7972 -1.7283 2.9331, -0.7972 -1.7283 3.248, 2.8839 -1.7283 2.9331, 2.8839 -1.7283 3.248, 1.2894 -1.7283 2.9331, 1.2894 -1.7283 3.248, 4.9705 -1.7283 2.9331, 4.9705 -1.7283 3.248, 3.376 -1.7283 2.9331, 3.376 -1.7283 3.248, 7.6772 -1.7283 2.9331, 7.6772 -1.7283 3.248, 5.4626 -1.7283 2.9331, 5.4626 -1.7283 3.248, -7.6772 -1.7283 3.248, -7.6772 -1.7283 2.9331, -5.4626 -1.7283 3.248, -5.4626 -1.7283 2.9331, -7.6772 -1.1654 2.9331, -6.8898 -1.1654 2.9331, -6.8898 1.3346 0.0, -7.6772 1.3346 0.0, -6.8898 1.7283 0.0, -7.6772 1.7283 0.0, -6.8898 1.7283 2.9331, 6.8898 1.7283 2.9331, -7.6772 -0.7717 0.0, -7.6772 -1.1654 0.0, -6.8898 -1.1654 0.0, -6.8898 -0.7717 0.0, 6.9094 -0.0728 4.2717, -1.4764 -0.0728 3.9545, -6.9094 -0.0728 4.2717, -1.2795 -0.0728 3.9545, 6.5945 -0.0728 3.9545, 6.3976 -0.0728 3.9545, -2.6575 -0.0728 3.9545, 6.2008 -0.0728 3.9545, 6.0039 -0.0728 3.9545, -2.8543 -0.0728 3.9545, -3.0512 -0.0728 3.9545, 5.8071 -0.0728 3.9545, 5.6102 -0.0728 3.9545, -2.4606 -0.0728 3.9545, -3.4449 -0.0728 3.9545, -3.6417 -0.0728 3.9545, -3.8386 -0.0728 3.9545, -3.248 -0.0728 3.9545, -4.2323 -0.0728 3.9545, 1.6732 -0.0728 3.9545, -4.4291 -0.0728 3.9545, -4.626 -0.0728 3.9545, -4.0354 -0.0728 3.9545, -5.0197 -0.0728 3.9545, 0.0984 -0.0728 3.9545, -5.2165 -0.0728 3.9545, -5.4134 -0.0728 3.9545, -4.8228 -0.0728 3.9545, -1.0827 -0.0728 3.9545, -5.8071 -0.0728 3.9545, -6.0039 -0.0728 3.9545, -6.2008 -0.0728 3.9545, 5.4134 -0.0728 3.9545, 5.2165 -0.0728 3.9545, -5.6102 -0.0728 3.9545, 5.0197 -0.0728 3.9545, 4.8228 -0.0728 3.9545, -6.5945 -0.0728 3.9545, -6.3976 -0.0728 3.9545, 4.626 -0.0728 3.9545, 4.4291 -0.0728 3.9545, 4.2323 -0.0728 3.9545, 4.0354 -0.0728 3.9545, 3.8386 -0.0728 3.9545, 3.6417 -0.0728 3.9545, 3.4449 -0.0728 3.9545, 3.248 -0.0728 3.9545, 3.0512 -0.0728 3.9545, 2.8543 -0.0728 3.9545, 2.6575 -0.0728 3.9545, 2.4606 -0.0728 3.9545, 2.2638 -0.0728 3.9545, 2.0669 -0.0728 3.9545, 1.4764 -0.0728 3.9545, 1.2795 -0.0728 3.9545, 1.8701 -0.0728 3.9545, 1.0827 -0.0728 3.9545, 0.8858 -0.0728 3.9545, 0.689 -0.0728 3.9545, 0.4921 -0.0728 3.9545, -0.0984 -0.0728 3.9545, -0.2953 -0.0728 3.9545, 0.2953 -0.0728 3.9545, -0.4921 -0.0728 3.9545, -0.689 -0.0728 3.9545, -0.8858 -0.0728 3.9545, -6.8898 1.5315 2.9331, 6.8898 1.5315 2.9331, -6.5945 -0.2402 4.0712, -6.5669 -0.2402 4.0712, -6.5669 -0.2402 4.2913, -6.4252 -0.2402 4.0712, -6.3976 -0.2402 4.0712, -6.4252 -0.2402 4.2913, -6.3976 -0.8307 3.6161, -6.5945 -0.8307 3.6161, -6.3976 -0.7405 3.413, -6.5945 -0.7405 3.413, -6.3976 -0.6339 3.413, -6.5945 -0.6339 3.413, -6.4252 -0.6339 0.4528, -6.4252 -0.6339 1.2473, -6.5669 -0.6339 0.4528, -6.5669 -0.6339 1.2473, -6.3976 -0.1792 3.9545, -6.5945 -0.1792 3.9545, -6.3976 0.8031 4.0712, -6.4252 0.8031 4.0712, -6.4252 0.8031 4.2913, -6.5669 0.8031 4.0712, -6.5945 0.8031 4.0712, -6.5669 0.8031 4.2913, -6.3976 0.7422 3.9545, -6.5945 0.7422 3.9545, -6.5669 1.1969 0.4528, -6.5669 1.1969 1.2473, -6.4252 1.1969 0.4528, -6.4252 1.1969 1.2473, -6.3976 1.1969 3.413, -6.5945 1.1969 3.413, -6.3976 1.3035 3.413, -6.5945 1.3035 3.413, -6.3976 1.3937 3.6161, -6.5945 1.3937 3.6161, 2.8543 -0.2402 4.0712, 2.8819 -0.2402 4.0712, 2.8819 -0.2402 4.2913, 3.0236 -0.2402 4.0712, 3.0512 -0.2402 4.0712, 3.0236 -0.2402 4.2913, 3.0512 -0.8307 3.6161, 2.8543 -0.8307 3.6161, 3.0512 -0.7405 3.413, 2.8543 -0.7405 3.413, 3.0512 -0.6339 3.413, 2.8543 -0.6339 3.413, 3.0236 -0.6339 0.4528, 3.0236 -0.6339 1.2473, 2.8819 -0.6339 0.4528, 2.8819 -0.6339 1.2473, 3.0512 -0.1792 3.9545, 2.8543 -0.1792 3.9545, 2.4606 -0.2402 4.0712, 2.4882 -0.2402 4.0712, 2.4882 -0.2402 4.2913, 2.6299 -0.2402 4.0712, 2.6575 -0.2402 4.0712, 2.6299 -0.2402 4.2913, 2.6575 -0.8307 3.6161, 2.4606 -0.8307 3.6161, 2.6575 -0.7405 3.413, 2.4606 -0.7405 3.413, 2.6575 -0.1792 3.9545, 2.4606 -0.1792 3.9545, 3.6417 -0.2402 4.0712, 3.6693 -0.2402 4.0712, 3.6693 -0.2402 4.2913, 3.811 -0.2402 4.0712, 3.8386 -0.2402 4.0712, 3.811 -0.2402 4.2913, 3.8386 -0.8307 3.6161, 3.6417 -0.8307 3.6161, 3.8386 -0.7405 3.413, 3.6417 -0.7405 3.413, 3.8386 -0.6339 3.413, 3.6417 -0.6339 3.413, 3.811 -0.6339 0.4528, 3.811 -0.6339 1.2473, 3.6693 -0.6339 0.4528, 3.6693 -0.6339 1.2473, 3.8386 -0.1792 3.9545, 3.6417 -0.1792 3.9545, 3.248 -0.2402 4.0712, 3.2756 -0.2402 4.0712, 3.2756 -0.2402 4.2913, 3.4173 -0.2402 4.0712, 3.4449 -0.2402 4.0712, 3.4173 -0.2402 4.2913, 3.4449 -0.8307 3.6161, 3.248 -0.8307 3.6161, 3.4449 -0.7405 3.413, 3.248 -0.7405 3.413, 3.4449 -0.1792 3.9545, 3.248 -0.1792 3.9545, 1.2795 -0.2402 4.0712, 1.3071 -0.2402 4.0712, 1.3071 -0.2402 4.2913, 1.4488 -0.2402 4.0712, 1.4764 -0.2402 4.0712, 1.4488 -0.2402 4.2913, 1.4764 -0.8307 3.6161, 1.2795 -0.8307 3.6161, 1.4764 -0.7405 3.413, 1.2795 -0.7405 3.413, 1.4764 -0.6339 3.413, 1.2795 -0.6339 3.413, 1.4488 -0.6339 0.4528, 1.4488 -0.6339 1.2473, 1.3071 -0.6339 0.4528, 1.3071 -0.6339 1.2473, 1.4764 -0.1792 3.9545, 1.2795 -0.1792 3.9545, 0.8858 -0.2402 4.0712, 0.9134 -0.2402 4.0712, 0.9134 -0.2402 4.2913, 1.0551 -0.2402 4.0712, 1.0827 -0.2402 4.0712, 1.0551 -0.2402 4.2913, 1.0827 -0.8307 3.6161, 0.8858 -0.8307 3.6161, 1.0827 -0.7405 3.413, 0.8858 -0.7405 3.413, 1.0827 -0.1792 3.9545, 0.8858 -0.1792 3.9545, 2.0669 -0.2402 4.0712, 2.0945 -0.2402 4.0712, 2.0945 -0.2402 4.2913, 2.2362 -0.2402 4.0712, 2.2638 -0.2402 4.0712, 2.2362 -0.2402 4.2913, 2.2638 -0.8307 3.6161, 2.0669 -0.8307 3.6161, 2.2638 -0.7405 3.413, 2.0669 -0.7405 3.413, 2.2638 -0.6339 3.413, 2.0669 -0.6339 3.413, 2.2362 -0.6339 0.4528, 2.2362 -0.6339 1.2473, 2.0945 -0.6339 0.4528, 2.0945 -0.6339 1.2473, 2.2638 -0.1792 3.9545, 2.0669 -0.1792 3.9545, 1.6732 -0.2402 4.0712, 1.7008 -0.2402 4.0712, 1.7008 -0.2402 4.2913, 1.8425 -0.2402 4.0712, 1.8701 -0.2402 4.0712, 1.8425 -0.2402 4.2913, 1.8701 -0.8307 3.6161, 1.6732 -0.8307 3.6161, 1.8701 -0.7405 3.413, 1.6732 -0.7405 3.413, 1.8701 -0.1792 3.9545, 1.6732 -0.1792 3.9545, 6.0039 -0.2402 4.0712, 6.0315 -0.2402 4.0712, 6.0315 -0.2402 4.2913, 6.1732 -0.2402 4.0712, 6.2008 -0.2402 4.0712, 6.1732 -0.2402 4.2913, 6.2008 -0.8307 3.6161, 6.0039 -0.8307 3.6161, 6.2008 -0.7405 3.413, 6.0039 -0.7405 3.413, 6.2008 -0.6339 3.413, 6.0039 -0.6339 3.413, 6.1732 -0.6339 0.4528, 6.1732 -0.6339 1.2473, 6.0315 -0.6339 0.4528, 6.0315 -0.6339 1.2473, 6.2008 -0.1792 3.9545, 6.0039 -0.1792 3.9545, 5.6102 -0.2402 4.0712, 5.6378 -0.2402 4.0712, 5.6378 -0.2402 4.2913, 5.7795 -0.2402 4.0712, 5.8071 -0.2402 4.0712, 5.7795 -0.2402 4.2913, 5.8071 -0.8307 3.6161, 5.6102 -0.8307 3.6161, 5.8071 -0.7405 3.413, 5.6102 -0.7405 3.413, 5.8071 -0.1792 3.9545, 5.6102 -0.1792 3.9545, 6.3976 -0.2402 4.0712, 6.4252 -0.2402 4.0712, 6.4252 -0.2402 4.2913, 6.5669 -0.2402 4.0712, 6.5945 -0.2402 4.0712, 6.5669 -0.2402 4.2913, 6.5945 -0.8307 3.6161, 6.3976 -0.8307 3.6161, 6.5945 -0.7405 3.413, 6.3976 -0.7405 3.413, 6.5945 -0.1792 3.9545, 6.3976 -0.1792 3.9545, 4.4291 -0.2402 4.0712, 4.4567 -0.2402 4.0712, 4.4567 -0.2402 4.2913, 4.5984 -0.2402 4.0712, 4.626 -0.2402 4.0712, 4.5984 -0.2402 4.2913, 4.626 -0.8307 3.6161, 4.4291 -0.8307 3.6161, 4.626 -0.7405 3.413, 4.4291 -0.7405 3.413, 4.626 -0.6339 3.413, 4.4291 -0.6339 3.413, 4.5984 -0.6339 0.4528, 4.5984 -0.6339 1.2473, 4.4567 -0.6339 0.4528, 4.4567 -0.6339 1.2473, 4.626 -0.1792 3.9545, 4.4291 -0.1792 3.9545, 4.0354 -0.2402 4.0712, 4.063 -0.2402 4.0712, 4.063 -0.2402 4.2913, 4.2047 -0.2402 4.0712, 4.2323 -0.2402 4.0712, 4.2047 -0.2402 4.2913, 4.2323 -0.8307 3.6161, 4.0354 -0.8307 3.6161, 4.2323 -0.7405 3.413, 4.0354 -0.7405 3.413, 4.2323 -0.1792 3.9545, 4.0354 -0.1792 3.9545, 5.2165 -0.2402 4.0712, 5.2441 -0.2402 4.0712, 5.2441 -0.2402 4.2913, 5.3858 -0.2402 4.0712, 5.4134 -0.2402 4.0712, 5.3858 -0.2402 4.2913, 5.4134 -0.8307 3.6161, 5.2165 -0.8307 3.6161, 5.4134 -0.7405 3.413, 5.2165 -0.7405 3.413, 5.4134 -0.6339 3.413, 5.2165 -0.6339 3.413, 5.3858 -0.6339 0.4528, 5.3858 -0.6339 1.2473, 5.2441 -0.6339 0.4528, 5.2441 -0.6339 1.2473, 5.4134 -0.1792 3.9545, 5.2165 -0.1792 3.9545, 4.8228 -0.2402 4.0712, 4.8504 -0.2402 4.0712, 4.8504 -0.2402 4.2913, 4.9921 -0.2402 4.0712, 5.0197 -0.2402 4.0712, 4.9921 -0.2402 4.2913, 5.0197 -0.8307 3.6161, 4.8228 -0.8307 3.6161, 5.0197 -0.7405 3.413, 4.8228 -0.7405 3.413, 5.0197 -0.1792 3.9545, 4.8228 -0.1792 3.9545, -4.2323 -0.2402 4.0712, -4.2047 -0.2402 4.0712, -4.2047 -0.2402 4.2913, -4.063 -0.2402 4.0712, -4.0354 -0.2402 4.0712, -4.063 -0.2402 4.2913, -4.0354 -0.8307 3.6161, -4.2323 -0.8307 3.6161, -4.0354 -0.7405 3.413, -4.2323 -0.7405 3.413, -4.0354 -0.6339 3.413, -4.2323 -0.6339 3.413, -4.063 -0.6339 0.4528, -4.063 -0.6339 1.2473, -4.2047 -0.6339 0.4528, -4.2047 -0.6339 1.2473, -4.0354 -0.1792 3.9545, -4.2323 -0.1792 3.9545, -4.626 -0.2402 4.0712, -4.5984 -0.2402 4.0712, -4.5984 -0.2402 4.2913, -4.4567 -0.2402 4.0712, -4.4291 -0.2402 4.0712, -4.4567 -0.2402 4.2913, -4.4291 -0.8307 3.6161, -4.626 -0.8307 3.6161, -4.4291 -0.7405 3.413, -4.626 -0.7405 3.413, -4.4291 -0.1792 3.9545, -4.626 -0.1792 3.9545, -3.4449 -0.2402 4.0712, -3.4173 -0.2402 4.0712, -3.4173 -0.2402 4.2913, -3.2756 -0.2402 4.0712, -3.248 -0.2402 4.0712, -3.2756 -0.2402 4.2913, -3.248 -0.8307 3.6161, -3.4449 -0.8307 3.6161, -3.248 -0.7405 3.413, -3.4449 -0.7405 3.413, -3.248 -0.6339 3.413, -3.4449 -0.6339 3.413, -3.2756 -0.6339 0.4528, -3.2756 -0.6339 1.2473, -3.4173 -0.6339 0.4528, -3.4173 -0.6339 1.2473, -3.248 -0.1792 3.9545, -3.4449 -0.1792 3.9545, -3.8386 -0.2402 4.0712, -3.811 -0.2402 4.0712, -3.811 -0.2402 4.2913, -3.6693 -0.2402 4.0712, -3.6417 -0.2402 4.0712, -3.6693 -0.2402 4.2913, -3.6417 -0.8307 3.6161, -3.8386 -0.8307 3.6161, -3.6417 -0.7405 3.413, -3.8386 -0.7405 3.413, -3.6417 -0.1792 3.9545, -3.8386 -0.1792 3.9545, -5.8071 -0.2402 4.0712, -5.7795 -0.2402 4.0712, -5.7795 -0.2402 4.2913, -5.6378 -0.2402 4.0712, -5.6102 -0.2402 4.0712, -5.6378 -0.2402 4.2913, -5.6102 -0.8307 3.6161, -5.8071 -0.8307 3.6161, -5.6102 -0.7405 3.413, -5.8071 -0.7405 3.413, -5.6102 -0.6339 3.413, -5.8071 -0.6339 3.413, -5.6378 -0.6339 0.4528, -5.6378 -0.6339 1.2473, -5.7795 -0.6339 0.4528, -5.7795 -0.6339 1.2473, -5.6102 -0.1792 3.9545, -5.8071 -0.1792 3.9545, -6.2008 -0.2402 4.0712, -6.1732 -0.2402 4.0712, -6.1732 -0.2402 4.2913, -6.0315 -0.2402 4.0712, -6.0039 -0.2402 4.0712, -6.0315 -0.2402 4.2913, -6.0039 -0.8307 3.6161, -6.2008 -0.8307 3.6161, -6.0039 -0.7405 3.413, -6.2008 -0.7405 3.413, -6.0039 -0.1792 3.9545, -6.2008 -0.1792 3.9545, -5.0197 -0.2402 4.0712, -4.9921 -0.2402 4.0712, -4.9921 -0.2402 4.2913, -4.8504 -0.2402 4.0712, -4.8228 -0.2402 4.0712, -4.8504 -0.2402 4.2913, -4.8228 -0.8307 3.6161, -5.0197 -0.8307 3.6161, -4.8228 -0.7405 3.413, -5.0197 -0.7405 3.413, -4.8228 -0.6339 3.413, -5.0197 -0.6339 3.413, -4.8504 -0.6339 0.4528, -4.8504 -0.6339 1.2473, -4.9921 -0.6339 0.4528, -4.9921 -0.6339 1.2473, -4.8228 -0.1792 3.9545, -5.0197 -0.1792 3.9545, -5.4134 -0.2402 4.0712, -5.3858 -0.2402 4.0712, -5.3858 -0.2402 4.2913, -5.2441 -0.2402 4.0712, -5.2165 -0.2402 4.0712, -5.2441 -0.2402 4.2913, -5.2165 -0.8307 3.6161, -5.4134 -0.8307 3.6161, -5.2165 -0.7405 3.413, -5.4134 -0.7405 3.413, -5.2165 -0.1792 3.9545, -5.4134 -0.1792 3.9545, -0.2953 -0.2402 4.0712, -0.2677 -0.2402 4.0712, -0.2677 -0.2402 4.2913, -0.126 -0.2402 4.0712, -0.0984 -0.2402 4.0712, -0.126 -0.2402 4.2913, -0.0984 -0.8307 3.6161, -0.2953 -0.8307 3.6161, -0.0984 -0.7405 3.413, -0.2953 -0.7405 3.413, -0.0984 -0.6339 3.413, -0.2953 -0.6339 3.413, -0.126 -0.6339 0.4528, -0.126 -0.6339 1.2473, -0.2677 -0.6339 0.4528, -0.2677 -0.6339 1.2473, -0.0984 -0.1792 3.9545, -0.2953 -0.1792 3.9545, -0.689 -0.2402 4.0712, -0.6614 -0.2402 4.0712, -0.6614 -0.2402 4.2913, -0.5197 -0.2402 4.0712, -0.4921 -0.2402 4.0712, -0.5197 -0.2402 4.2913, -0.4921 -0.8307 3.6161, -0.689 -0.8307 3.6161, -0.4921 -0.7405 3.413, -0.689 -0.7405 3.413, -0.4921 -0.1792 3.9545, -0.689 -0.1792 3.9545, 0.4921 -0.2402 4.0712, 0.5197 -0.2402 4.0712, 0.5197 -0.2402 4.2913, 0.6614 -0.2402 4.0712, 0.689 -0.2402 4.0712, 0.6614 -0.2402 4.2913, 0.689 -0.8307 3.6161, 0.4921 -0.8307 3.6161, 0.689 -0.7405 3.413, 0.4921 -0.7405 3.413, 0.689 -0.6339 3.413, 0.4921 -0.6339 3.413, 0.6614 -0.6339 0.4528, 0.6614 -0.6339 1.2473, 0.5197 -0.6339 0.4528, 0.5197 -0.6339 1.2473, 0.689 -0.1792 3.9545, 0.4921 -0.1792 3.9545, 0.0984 -0.2402 4.0712, 0.126 -0.2402 4.0712, 0.126 -0.2402 4.2913, 0.2677 -0.2402 4.0712, 0.2953 -0.2402 4.0712, 0.2677 -0.2402 4.2913, 0.2953 -0.8307 3.6161, 0.0984 -0.8307 3.6161, 0.2953 -0.7405 3.413, 0.0984 -0.7405 3.413, 0.2953 -0.1792 3.9545, 0.0984 -0.1792 3.9545, -2.6575 -0.2402 4.0712, -2.6299 -0.2402 4.0712, -2.6299 -0.2402 4.2913, -2.4882 -0.2402 4.0712, -2.4606 -0.2402 4.0712, -2.4882 -0.2402 4.2913, -2.4606 -0.8307 3.6161, -2.6575 -0.8307 3.6161, -2.4606 -0.7405 3.413, -2.6575 -0.7405 3.413, -2.4606 -0.6339 3.413, -2.6575 -0.6339 3.413, -2.4882 -0.6339 0.4528, -2.4882 -0.6339 1.2473, -2.6299 -0.6339 0.4528, -2.6299 -0.6339 1.2473, -2.4606 -0.1792 3.9545, -2.6575 -0.1792 3.9545, -3.0512 -0.2402 4.0712, -3.0236 -0.2402 4.0712, -3.0236 -0.2402 4.2913, -2.8819 -0.2402 4.0712, -2.8543 -0.2402 4.0712, -2.8819 -0.2402 4.2913, -2.8543 -0.8307 3.6161, -3.0512 -0.8307 3.6161, -2.8543 -0.7405 3.413, -3.0512 -0.7405 3.413, -2.8543 -0.1792 3.9545, -3.0512 -0.1792 3.9545, -1.0827 -0.2402 4.0712, -1.0551 -0.2402 4.0712, -1.0551 -0.2402 4.2913, -0.9134 -0.2402 4.0712, -0.8858 -0.2402 4.0712, -0.9134 -0.2402 4.2913, -0.8858 -0.8307 3.6161, -1.0827 -0.8307 3.6161, -0.8858 -0.7405 3.413, -1.0827 -0.7405 3.413, -0.8858 -0.6339 3.413, -1.0827 -0.6339 3.413, -0.9134 -0.6339 0.4528, -0.9134 -0.6339 1.2473, -1.0551 -0.6339 0.4528, -1.0551 -0.6339 1.2473, -0.8858 -0.1792 3.9545, -1.0827 -0.1792 3.9545, -1.4764 -0.2402 4.0712, -1.4488 -0.2402 4.0712, -1.4488 -0.2402 4.2913, -1.3071 -0.2402 4.0712, -1.2795 -0.2402 4.0712, -1.3071 -0.2402 4.2913, -1.2795 -0.8307 3.6161, -1.4764 -0.8307 3.6161, -1.2795 -0.7405 3.413, -1.4764 -0.7405 3.413, -1.2795 -0.1792 3.9545, -1.4764 -0.1792 3.9545, -6.0039 0.8031 4.0712, -6.0315 0.8031 4.0712, -6.0315 0.8031 4.2913, -6.1732 0.8031 4.0712, -6.2008 0.8031 4.0712, -6.1732 0.8031 4.2913, -6.0039 0.7422 3.9545, -6.2008 0.7422 3.9545, -6.1732 1.1969 1.2473, -6.0315 1.1969 1.2473, -6.0039 1.1969 3.413, -6.2008 1.1969 3.413, -6.0039 1.3035 3.413, -6.2008 1.3035 3.413, -6.0039 1.3937 3.6161, -6.2008 1.3937 3.6161, 3.4449 0.8031 4.0712, 3.4173 0.8031 4.0712, 3.4173 0.8031 4.2913, 3.2756 0.8031 4.0712, 3.248 0.8031 4.0712, 3.2756 0.8031 4.2913, 3.4449 0.7422 3.9545, 3.248 0.7422 3.9545, 3.2756 1.1969 1.2473, 3.4173 1.1969 1.2473, 3.4449 1.1969 3.413, 3.248 1.1969 3.413, 3.4449 1.3035 3.413, 3.248 1.3035 3.413, 3.4449 1.3937 3.6161, 3.248 1.3937 3.6161, 3.0512 0.8031 4.0712, 3.0236 0.8031 4.0712, 3.0236 0.8031 4.2913, 2.8819 0.8031 4.0712, 2.8543 0.8031 4.0712, 2.8819 0.8031 4.2913, 3.0512 0.7422 3.9545, 2.8543 0.7422 3.9545, 2.8819 1.1969 0.4528, 2.8819 1.1969 1.2473, 3.0236 1.1969 0.4528, 3.0236 1.1969 1.2473, 3.0512 1.1969 3.413, 2.8543 1.1969 3.413, 3.0512 1.3035 3.413, 2.8543 1.3035 3.413, 3.0512 1.3937 3.6161, 2.8543 1.3937 3.6161, 4.2323 0.8031 4.0712, 4.2047 0.8031 4.0712, 4.2047 0.8031 4.2913, 4.063 0.8031 4.0712, 4.0354 0.8031 4.0712, 4.063 0.8031 4.2913, 4.2323 0.7422 3.9545, 4.0354 0.7422 3.9545, 4.063 1.1969 1.2473, 4.2047 1.1969 1.2473, 4.2323 1.1969 3.413, 4.0354 1.1969 3.413, 4.2323 1.3035 3.413, 4.0354 1.3035 3.413, 4.2323 1.3937 3.6161, 4.0354 1.3937 3.6161, 3.8386 0.8031 4.0712, 3.811 0.8031 4.0712, 3.811 0.8031 4.2913, 3.6693 0.8031 4.0712, 3.6417 0.8031 4.0712, 3.6693 0.8031 4.2913, 3.8386 0.7422 3.9545, 3.6417 0.7422 3.9545, 3.6693 1.1969 0.4528, 3.6693 1.1969 1.2473, 3.811 1.1969 0.4528, 3.811 1.1969 1.2473, 3.8386 1.1969 3.413, 3.6417 1.1969 3.413, 3.8386 1.3035 3.413, 3.6417 1.3035 3.413, 3.8386 1.3937 3.6161, 3.6417 1.3937 3.6161, 1.8701 0.8031 4.0712, 1.8425 0.8031 4.0712, 1.8425 0.8031 4.2913, 1.7008 0.8031 4.0712, 1.6732 0.8031 4.0712, 1.7008 0.8031 4.2913, 1.8701 0.7422 3.9545, 1.6732 0.7422 3.9545, 1.7008 1.1969 1.2473, 1.8425 1.1969 1.2473, 1.8701 1.1969 3.413, 1.6732 1.1969 3.413, 1.8701 1.3035 3.413, 1.6732 1.3035 3.413, 1.8701 1.3937 3.6161, 1.6732 1.3937 3.6161, 1.4764 0.8031 4.0712, 1.4488 0.8031 4.0712, 1.4488 0.8031 4.2913, 1.3071 0.8031 4.0712, 1.2795 0.8031 4.0712, 1.3071 0.8031 4.2913, 1.4764 0.7422 3.9545, 1.2795 0.7422 3.9545, 1.3071 1.1969 0.4528, 1.3071 1.1969 1.2473, 1.4488 1.1969 0.4528, 1.4488 1.1969 1.2473, 1.4764 1.1969 3.413, 1.2795 1.1969 3.413, 1.4764 1.3035 3.413, 1.2795 1.3035 3.413, 1.4764 1.3937 3.6161, 1.2795 1.3937 3.6161, 2.6575 0.8031 4.0712, 2.6299 0.8031 4.0712, 2.6299 0.8031 4.2913, 2.4882 0.8031 4.0712, 2.4606 0.8031 4.0712, 2.4882 0.8031 4.2913, 2.6575 0.7422 3.9545, 2.4606 0.7422 3.9545, 2.4882 1.1969 1.2473, 2.6299 1.1969 1.2473, 2.6575 1.1969 3.413, 2.4606 1.1969 3.413, 2.6575 1.3035 3.413, 2.4606 1.3035 3.413, 2.6575 1.3937 3.6161, 2.4606 1.3937 3.6161, 2.2638 0.8031 4.0712, 2.2362 0.8031 4.0712, 2.2362 0.8031 4.2913, 2.0945 0.8031 4.0712, 2.0669 0.8031 4.0712, 2.0945 0.8031 4.2913, 2.2638 0.7422 3.9545, 2.0669 0.7422 3.9545, 2.0945 1.1969 0.4528, 2.0945 1.1969 1.2473, 2.2362 1.1969 0.4528, 2.2362 1.1969 1.2473, 2.2638 1.1969 3.413, 2.0669 1.1969 3.413, 2.2638 1.3035 3.413, 2.0669 1.3035 3.413, 2.2638 1.3937 3.6161, 2.0669 1.3937 3.6161, 6.5945 0.8031 4.0712, 6.5669 0.8031 4.0712, 6.5669 0.8031 4.2913, 6.4252 0.8031 4.0712, 6.3976 0.8031 4.0712, 6.4252 0.8031 4.2913, 6.5945 0.7422 3.9545, 6.3976 0.7422 3.9545, 6.4252 1.1969 1.2473, 6.5669 1.1969 1.2473, 6.5945 1.1969 3.413, 6.3976 1.1969 3.413, 6.5945 1.3035 3.413, 6.3976 1.3035 3.413, 6.5945 1.3937 3.6161, 6.3976 1.3937 3.6161, 6.2008 0.8031 4.0712, 6.1732 0.8031 4.0712, 6.1732 0.8031 4.2913, 6.0315 0.8031 4.0712, 6.0039 0.8031 4.0712, 6.0315 0.8031 4.2913, 6.2008 0.7422 3.9545, 6.0039 0.7422 3.9545, 6.0315 1.1969 0.4528, 6.0315 1.1969 1.2473, 6.1732 1.1969 0.4528, 6.1732 1.1969 1.2473, 6.2008 1.1969 3.413, 6.0039 1.1969 3.413, 6.2008 1.3035 3.413, 6.0039 1.3035 3.413, 6.2008 1.3937 3.6161, 6.0039 1.3937 3.6161, 5.0197 0.8031 4.0712, 4.9921 0.8031 4.0712, 4.9921 0.8031 4.2913, 4.8504 0.8031 4.0712, 4.8228 0.8031 4.0712, 4.8504 0.8031 4.2913, 5.0197 0.7422 3.9545, 4.8228 0.7422 3.9545, 4.8504 1.1969 1.2473, 4.9921 1.1969 1.2473, 5.0197 1.1969 3.413, 4.8228 1.1969 3.413, 5.0197 1.3035 3.413, 4.8228 1.3035 3.413, 5.0197 1.3937 3.6161, 4.8228 1.3937 3.6161, 4.626 0.8031 4.0712, 4.5984 0.8031 4.0712, 4.5984 0.8031 4.2913, 4.4567 0.8031 4.0712, 4.4291 0.8031 4.0712, 4.4567 0.8031 4.2913, 4.626 0.7422 3.9545, 4.4291 0.7422 3.9545, 4.4567 1.1969 0.4528, 4.4567 1.1969 1.2473, 4.5984 1.1969 0.4528, 4.5984 1.1969 1.2473, 4.626 1.1969 3.413, 4.4291 1.1969 3.413, 4.626 1.3035 3.413, 4.4291 1.3035 3.413, 4.626 1.3937 3.6161, 4.4291 1.3937 3.6161, 5.8071 0.8031 4.0712, 5.7795 0.8031 4.0712, 5.7795 0.8031 4.2913, 5.6378 0.8031 4.0712, 5.6102 0.8031 4.0712, 5.6378 0.8031 4.2913, 5.8071 0.7422 3.9545, 5.6102 0.7422 3.9545, 5.6378 1.1969 1.2473, 5.7795 1.1969 1.2473, 5.8071 1.1969 3.413, 5.6102 1.1969 3.413, 5.8071 1.3035 3.413, 5.6102 1.3035 3.413, 5.8071 1.3937 3.6161, 5.6102 1.3937 3.6161, 5.4134 0.8031 4.0712, 5.3858 0.8031 4.0712, 5.3858 0.8031 4.2913, 5.2441 0.8031 4.0712, 5.2165 0.8031 4.0712, 5.2441 0.8031 4.2913, 5.4134 0.7422 3.9545, 5.2165 0.7422 3.9545, 5.2441 1.1969 0.4528, 5.2441 1.1969 1.2473, 5.3858 1.1969 0.4528, 5.3858 1.1969 1.2473, 5.4134 1.1969 3.413, 5.2165 1.1969 3.413, 5.4134 1.3035 3.413, 5.2165 1.3035 3.413, 5.4134 1.3937 3.6161, 5.2165 1.3937 3.6161, -3.6417 0.8031 4.0712, -3.6693 0.8031 4.0712, -3.6693 0.8031 4.2913, -3.811 0.8031 4.0712, -3.8386 0.8031 4.0712, -3.811 0.8031 4.2913, -3.6417 0.7422 3.9545, -3.8386 0.7422 3.9545, -3.811 1.1969 1.2473, -3.6693 1.1969 1.2473, -3.6417 1.1969 3.413, -3.8386 1.1969 3.413, -3.6417 1.3035 3.413, -3.8386 1.3035 3.413, -3.6417 1.3937 3.6161, -3.8386 1.3937 3.6161, -4.0354 0.8031 4.0712, -4.063 0.8031 4.0712, -4.063 0.8031 4.2913, -4.2047 0.8031 4.0712, -4.2323 0.8031 4.0712, -4.2047 0.8031 4.2913, -4.0354 0.7422 3.9545, -4.2323 0.7422 3.9545, -4.2047 1.1969 0.4528, -4.2047 1.1969 1.2473, -4.063 1.1969 0.4528, -4.063 1.1969 1.2473, -4.0354 1.1969 3.413, -4.2323 1.1969 3.413, -4.0354 1.3035 3.413, -4.2323 1.3035 3.413, -4.0354 1.3937 3.6161, -4.2323 1.3937 3.6161, -2.8543 0.8031 4.0712, -2.8819 0.8031 4.0712, -2.8819 0.8031 4.2913, -3.0236 0.8031 4.0712, -3.0512 0.8031 4.0712, -3.0236 0.8031 4.2913, -2.8543 0.7422 3.9545, -3.0512 0.7422 3.9545, -3.0236 1.1969 1.2473, -2.8819 1.1969 1.2473, -2.8543 1.1969 3.413, -3.0512 1.1969 3.413, -2.8543 1.3035 3.413, -3.0512 1.3035 3.413, -2.8543 1.3937 3.6161, -3.0512 1.3937 3.6161, -3.248 0.8031 4.0712, -3.2756 0.8031 4.0712, -3.2756 0.8031 4.2913, -3.4173 0.8031 4.0712, -3.4449 0.8031 4.0712, -3.4173 0.8031 4.2913, -3.248 0.7422 3.9545, -3.4449 0.7422 3.9545, -3.4173 1.1969 0.4528, -3.4173 1.1969 1.2473, -3.2756 1.1969 0.4528, -3.2756 1.1969 1.2473, -3.248 1.1969 3.413, -3.4449 1.1969 3.413, -3.248 1.3035 3.413, -3.4449 1.3035 3.413, -3.248 1.3937 3.6161, -3.4449 1.3937 3.6161, -5.2165 0.8031 4.0712, -5.2441 0.8031 4.0712, -5.2441 0.8031 4.2913, -5.3858 0.8031 4.0712, -5.4134 0.8031 4.0712, -5.3858 0.8031 4.2913, -5.2165 0.7422 3.9545, -5.4134 0.7422 3.9545, -5.3858 1.1969 1.2473, -5.2441 1.1969 1.2473, -5.2165 1.1969 3.413, -5.4134 1.1969 3.413, -5.2165 1.3035 3.413, -5.4134 1.3035 3.413, -5.2165 1.3937 3.6161, -5.4134 1.3937 3.6161, -5.6102 0.8031 4.0712, -5.6378 0.8031 4.0712, -5.6378 0.8031 4.2913, -5.7795 0.8031 4.0712, -5.8071 0.8031 4.0712, -5.7795 0.8031 4.2913, -5.6102 0.7422 3.9545, -5.8071 0.7422 3.9545, -5.7795 1.1969 0.4528, -5.7795 1.1969 1.2473, -5.6378 1.1969 0.4528, -5.6378 1.1969 1.2473, -5.6102 1.1969 3.413, -5.8071 1.1969 3.413, -5.6102 1.3035 3.413, -5.8071 1.3035 3.413, -5.6102 1.3937 3.6161, -5.8071 1.3937 3.6161, -4.4291 0.8031 4.0712, -4.4567 0.8031 4.0712, -4.4567 0.8031 4.2913, -4.5984 0.8031 4.0712, -4.626 0.8031 4.0712, -4.5984 0.8031 4.2913, -4.4291 0.7422 3.9545, -4.626 0.7422 3.9545, -4.5984 1.1969 1.2473, -4.4567 1.1969 1.2473, -4.4291 1.1969 3.413, -4.626 1.1969 3.413, -4.4291 1.3035 3.413, -4.626 1.3035 3.413, -4.4291 1.3937 3.6161, -4.626 1.3937 3.6161, -4.8228 0.8031 4.0712, -4.8504 0.8031 4.0712, -4.8504 0.8031 4.2913, -4.9921 0.8031 4.0712, -5.0197 0.8031 4.0712, -4.9921 0.8031 4.2913, -4.8228 0.7422 3.9545, -5.0197 0.7422 3.9545, -4.9921 1.1969 0.4528, -4.9921 1.1969 1.2473, -4.8504 1.1969 0.4528, -4.8504 1.1969 1.2473, -4.8228 1.1969 3.413, -5.0197 1.1969 3.413, -4.8228 1.3035 3.413, -5.0197 1.3035 3.413, -4.8228 1.3937 3.6161, -5.0197 1.3937 3.6161, 0.2953 0.8031 4.0712, 0.2677 0.8031 4.0712, 0.2677 0.8031 4.2913, 0.126 0.8031 4.0712, 0.0984 0.8031 4.0712, 0.126 0.8031 4.2913, 0.2953 0.7422 3.9545, 0.0984 0.7422 3.9545, 0.126 1.1969 1.2473, 0.2677 1.1969 1.2473, 0.2953 1.1969 3.413, 0.0984 1.1969 3.413, 0.2953 1.3035 3.413, 0.0984 1.3035 3.413, 0.2953 1.3937 3.6161, 0.0984 1.3937 3.6161, -0.0984 0.8031 4.0712, -0.126 0.8031 4.0712, -0.126 0.8031 4.2913, -0.2677 0.8031 4.0712, -0.2953 0.8031 4.0712, -0.2677 0.8031 4.2913, -0.0984 0.7422 3.9545, -0.2953 0.7422 3.9545, -0.2677 1.1969 0.4528, -0.2677 1.1969 1.2473, -0.126 1.1969 0.4528, -0.126 1.1969 1.2473, -0.0984 1.1969 3.413, -0.2953 1.1969 3.413, -0.0984 1.3035 3.413, -0.2953 1.3035 3.413, -0.0984 1.3937 3.6161, -0.2953 1.3937 3.6161, 1.0827 0.8031 4.0712, 1.0551 0.8031 4.0712, 1.0551 0.8031 4.2913, 0.9134 0.8031 4.0712, 0.8858 0.8031 4.0712, 0.9134 0.8031 4.2913, 1.0827 0.7422 3.9545, 0.8858 0.7422 3.9545, 0.9134 1.1969 1.2473, 1.0551 1.1969 1.2473, 1.0827 1.1969 3.413, 0.8858 1.1969 3.413, 1.0827 1.3035 3.413, 0.8858 1.3035 3.413, 1.0827 1.3937 3.6161, 0.8858 1.3937 3.6161, 0.689 0.8031 4.0712, 0.6614 0.8031 4.0712, 0.6614 0.8031 4.2913, 0.5197 0.8031 4.0712, 0.4921 0.8031 4.0712, 0.5197 0.8031 4.2913, 0.689 0.7422 3.9545, 0.4921 0.7422 3.9545, 0.5197 1.1969 0.4528, 0.5197 1.1969 1.2473, 0.6614 1.1969 0.4528, 0.6614 1.1969 1.2473, 0.689 1.1969 3.413, 0.4921 1.1969 3.413, 0.689 1.3035 3.413, 0.4921 1.3035 3.413, 0.689 1.3937 3.6161, 0.4921 1.3937 3.6161, -1.2795 0.8031 4.0712, -1.3071 0.8031 4.0712, -1.3071 0.8031 4.2913, -1.4488 0.8031 4.0712, -1.4764 0.8031 4.0712, -1.4488 0.8031 4.2913, -1.2795 0.7422 3.9545, -1.4764 0.7422 3.9545, -1.4488 1.1969 1.2473, -1.3071 1.1969 1.2473, -1.2795 1.1969 3.413, -1.4764 1.1969 3.413, -1.2795 1.3035 3.413, -1.4764 1.3035 3.413, -1.2795 1.3937 3.6161, -1.4764 1.3937 3.6161, -2.4606 0.8031 4.0712, -2.4882 0.8031 4.0712, -2.4882 0.8031 4.2913, -2.6299 0.8031 4.0712, -2.6575 0.8031 4.0712, -2.6299 0.8031 4.2913, -2.4606 0.7422 3.9545, -2.6575 0.7422 3.9545, -2.6299 1.1969 0.4528, -2.6299 1.1969 1.2473, -2.4882 1.1969 0.4528, -2.4882 1.1969 1.2473, -2.4606 1.1969 3.413, -2.6575 1.1969 3.413, -2.4606 1.3035 3.413, -2.6575 1.3035 3.413, -2.4606 1.3937 3.6161, -2.6575 1.3937 3.6161, -0.4921 0.8031 4.0712, -0.5197 0.8031 4.0712, -0.5197 0.8031 4.2913, -0.6614 0.8031 4.0712, -0.689 0.8031 4.0712, -0.6614 0.8031 4.2913, -0.4921 0.7422 3.9545, -0.689 0.7422 3.9545, -0.6614 1.1969 1.2473, -0.5197 1.1969 1.2473, -0.4921 1.1969 3.413, -0.689 1.1969 3.413, -0.4921 1.3035 3.413, -0.689 1.3035 3.413, -0.4921 1.3937 3.6161, -0.689 1.3937 3.6161, -0.8858 0.8031 4.0712, -0.9134 0.8031 4.0712, -0.9134 0.8031 4.2913, -1.0551 0.8031 4.0712, -1.0827 0.8031 4.0712, -1.0551 0.8031 4.2913, -0.8858 0.7422 3.9545, -1.0827 0.7422 3.9545, -1.0551 1.1969 0.4528, -1.0551 1.1969 1.2473, -0.9134 1.1969 0.4528, -0.9134 1.1969 1.2473, -0.8858 1.1969 3.413, -1.0827 1.1969 3.413, -0.8858 1.3035 3.413, -1.0827 1.3035 3.413, -0.8858 1.3937 3.6161, -1.0827 1.3937 3.6161, -1.0827 1.3937 3.6161
            ]
        }
        coordIndex [
            0,1,2,-1,3,4,5,-1,6,7,8,-1,9,10,11,-1,12,13,14,-1,15,16,17,-1,18,19,20,-1,21,22,23,-1,24,25,26,-1,26,25,3,-1,27,28,26,-1,26,28,29,-1,29,30,26,-1,26,30,31,-1,26,31,24,-1,32,33,34,-1,34,33,35,-1,34,35,36,-1,32,34,37,-1,37,34,38,-1,37,38,39,-1,39,38,40,-1,39,40,41,-1,40,42,41,-1,41,42,43,-1,41,43,44,-1,44,43,45,-1,44,45,46,-1,47,48,40,-1,40,48,49,-1,40,49,42,-1,50,51,52,-1,52,53,50,-1,50,53,54,-1,50,54,40,-1,40,54,55,-1,40,55,47,-1,56,57,58,-1,58,57,59,-1,56,58,60,-1,60,58,61,-1,60,61,62,-1,59,63,58,-1,58,63,64,-1,58,64,51,-1,51,64,65,-1,51,65,52,-1,66,67,58,-1,58,67,68,-1,68,69,58,-1,58,69,70,-1,58,70,61,-1,71,72,66,-1,66,72,73,-1,66,73,67,-1,67,73,74,-1,67,74,75,-1,75,74,76,-1,75,76,77,-1,0,78,1,-1,1,78,79,-1,1,79,80,-1,80,81,1,-1,1,81,82,-1,1,82,83,-1,84,85,4,-1,86,87,88,-1,89,90,0,-1,91,92,93,-1,93,92,94,-1,86,88,95,-1,89,0,96,-1,97,98,92,-1,92,98,99,-1,92,99,100,-1,4,85,0,-1,0,85,101,-1,0,101,96,-1,87,102,88,-1,88,102,103,-1,88,103,104,-1,105,106,107,-1,107,106,108,-1,107,108,109,-1,110,100,111,-1,111,100,112,-1,111,112,107,-1,107,112,113,-1,107,113,105,-1,110,114,100,-1,100,114,115,-1,100,115,92,-1,92,115,116,-1,92,116,94,-1,117,118,119,-1,119,118,120,-1,119,120,88,-1,88,120,121,-1,88,121,95,-1,122,123,88,-1,88,123,124,-1,88,124,92,-1,92,124,125,-1,92,125,97,-1,126,127,78,-1,78,127,128,-1,78,128,129,-1,129,130,78,-1,78,130,131,-1,78,131,132,-1,132,131,117,-1,132,117,133,-1,133,117,119,-1,90,134,0,-1,0,134,135,-1,0,135,78,-1,78,135,136,-1,78,136,126,-1,104,137,88,-1,88,137,138,-1,88,138,139,-1,139,140,88,-1,88,140,141,-1,88,141,122,-1,142,143,144,-1,144,100,142,-1,142,100,99,-1,142,99,145,-1,145,99,146,-1,146,147,145,-1,145,147,148,-1,145,148,149,-1,150,151,152,-1,151,153,152,-1,152,153,154,-1,152,154,155,-1,156,152,157,-1,143,142,156,-1,156,142,158,-1,156,158,152,-1,152,158,159,-1,152,159,150,-1,157,160,156,-1,156,160,161,-1,156,161,162,-1,155,154,163,-1,163,154,164,-1,163,164,165,-1,165,164,166,-1,165,166,167,-1,168,169,162,-1,162,169,170,-1,162,170,156,-1,25,171,3,-1,3,171,172,-1,3,172,4,-1,4,172,173,-1,4,173,84,-1,174,175,176,-1,177,178,175,-1,179,180,181,-1,176,175,182,-1,182,175,178,-1,182,178,23,-1,23,178,183,-1,23,183,21,-1,175,179,177,-1,177,179,181,-1,177,181,20,-1,20,181,184,-1,20,184,18,-1,176,185,174,-1,174,185,186,-1,174,186,187,-1,187,186,188,-1,189,190,191,-1,191,190,192,-1,193,194,195,-1,195,194,196,-1,195,196,197,-1,198,199,200,-1,201,202,203,-1,189,204,190,-1,190,204,205,-1,190,205,206,-1,206,205,203,-1,206,203,207,-1,207,203,202,-1,208,209,210,-1,210,209,197,-1,210,197,16,-1,211,212,213,-1,213,212,214,-1,213,214,215,-1,216,217,195,-1,195,217,218,-1,195,218,193,-1,215,219,213,-1,213,219,220,-1,213,220,221,-1,222,223,224,-1,221,225,213,-1,213,225,226,-1,213,226,222,-1,222,226,192,-1,222,192,223,-1,223,192,190,-1,227,228,199,-1,199,228,229,-1,199,229,200,-1,230,231,232,-1,224,233,222,-1,222,233,234,-1,222,234,235,-1,236,237,203,-1,203,237,238,-1,203,238,239,-1,209,240,200,-1,200,240,241,-1,200,241,198,-1,230,232,208,-1,239,242,203,-1,203,242,243,-1,203,243,201,-1,232,244,208,-1,208,244,245,-1,208,245,209,-1,209,245,246,-1,209,246,240,-1,15,17,247,-1,247,17,248,-1,247,248,249,-1,249,248,13,-1,13,248,250,-1,13,250,14,-1,251,252,14,-1,253,254,255,-1,255,254,256,-1,255,256,257,-1,258,259,14,-1,14,259,260,-1,257,261,255,-1,255,261,262,-1,255,262,263,-1,263,262,264,-1,263,264,251,-1,265,266,252,-1,252,266,267,-1,252,267,14,-1,14,267,268,-1,14,268,258,-1,260,269,14,-1,14,269,270,-1,14,270,12,-1,271,272,273,-1,273,272,274,-1,273,274,275,-1,273,276,271,-1,271,276,277,-1,271,277,278,-1,278,279,271,-1,271,279,280,-1,271,280,281,-1,281,280,282,-1,281,282,283,-1,283,282,284,-1,283,284,252,-1,252,284,285,-1,252,285,265,-1,286,287,275,-1,275,287,288,-1,275,288,273,-1,289,290,231,-1,231,290,291,-1,231,291,232,-1,289,292,290,-1,290,292,293,-1,290,293,294,-1,294,293,295,-1,294,296,297,-1,295,298,294,-1,294,298,299,-1,294,299,300,-1,300,301,294,-1,294,301,302,-1,294,302,296,-1,297,303,294,-1,294,303,304,-1,294,304,305,-1,306,307,308,-1,308,307,309,-1,308,309,310,-1,311,312,313,-1,313,312,314,-1,307,315,309,-1,309,315,316,-1,309,316,317,-1,317,316,318,-1,317,318,319,-1,319,318,320,-1,319,320,314,-1,314,320,321,-1,314,321,313,-1,322,323,324,-1,322,324,325,-1,326,327,328,-1,328,327,329,-1,328,329,330,-1,330,329,331,-1,332,333,319,-1,334,335,317,-1,332,319,336,-1,335,337,317,-1,317,337,338,-1,317,338,322,-1,322,338,339,-1,322,339,323,-1,331,340,330,-1,330,340,341,-1,330,341,319,-1,319,341,342,-1,319,342,336,-1,333,343,319,-1,319,343,344,-1,319,344,317,-1,317,344,345,-1,317,345,334,-1,328,346,347,-1,347,346,348,-1,324,326,325,-1,325,326,328,-1,325,328,349,-1,349,328,347,-1,350,351,352,-1,352,351,11,-1,11,351,353,-1,11,353,9,-1,349,354,355,-1,355,354,356,-1,355,356,357,-1,358,359,360,-1,348,346,361,-1,361,346,362,-1,361,362,358,-1,355,350,349,-1,349,350,352,-1,349,352,325,-1,325,352,363,-1,325,363,360,-1,360,363,364,-1,360,364,358,-1,365,366,362,-1,362,366,367,-1,362,367,368,-1,369,370,359,-1,370,371,359,-1,359,371,372,-1,359,372,373,-1,358,362,359,-1,359,362,368,-1,359,368,369,-1,369,368,374,-1,369,374,375,-1,376,377,378,-1,378,377,369,-1,378,369,379,-1,375,380,369,-1,369,380,381,-1,369,381,382,-1,383,384,369,-1,369,384,385,-1,369,385,379,-1,386,387,388,-1,389,390,378,-1,378,390,391,-1,378,391,376,-1,382,392,369,-1,369,392,393,-1,369,393,383,-1,386,388,378,-1,378,388,394,-1,378,394,389,-1,7,395,396,-1,396,395,397,-1,397,395,398,-1,397,398,365,-1,6,8,399,-1,400,401,8,-1,8,401,402,-1,8,402,399,-1,403,404,8,-1,8,404,405,-1,8,405,400,-1,406,407,408,-1,408,407,409,-1,408,409,403,-1,403,409,410,-1,403,410,404,-1,411,412,413,-1,413,412,414,-1,413,414,415,-1,416,417,222,-1,222,417,418,-1,222,418,413,-1,413,418,419,-1,413,419,411,-1,373,416,255,-1,255,416,222,-1,255,222,253,-1,253,222,235,-1,253,235,199,-1,199,235,420,-1,199,420,227,-1,16,197,17,-1,17,197,196,-1,17,196,248,-1,248,196,421,-1,248,421,211,-1,211,421,422,-1,211,422,212,-1,423,424,425,-1,180,179,426,-1,426,179,427,-1,426,427,188,-1,188,427,425,-1,188,425,187,-1,187,425,424,-1,187,424,428,-1,429,430,431,-1,425,432,423,-1,423,432,433,-1,423,433,434,-1,434,433,429,-1,434,429,435,-1,435,429,431,-1,436,437,14,-1,251,14,263,-1,263,14,437,-1,263,437,432,-1,432,437,438,-1,432,438,433,-1,439,440,436,-1,441,442,443,-1,443,442,444,-1,443,444,439,-1,439,436,443,-1,443,436,14,-1,443,14,445,-1,445,14,250,-1,445,250,446,-1,445,447,443,-1,443,447,448,-1,443,448,449,-1,450,451,452,-1,452,451,453,-1,452,453,250,-1,250,453,454,-1,250,454,446,-1,449,455,443,-1,443,455,456,-1,443,456,441,-1,457,458,459,-1,457,459,428,-1,458,460,459,-1,459,460,461,-1,459,461,452,-1,452,461,462,-1,452,462,450,-1,463,66,464,-1,464,66,58,-1,464,58,465,-1,465,58,51,-1,465,51,466,-1,466,51,50,-1,466,50,467,-1,467,50,40,-1,467,40,468,-1,468,40,38,-1,463,469,470,-1,470,471,463,-1,463,471,472,-1,463,472,66,-1,66,472,473,-1,66,473,474,-1,474,475,66,-1,66,475,476,-1,66,476,71,-1,477,403,26,-1,477,478,403,-1,403,478,479,-1,403,479,408,-1,408,479,480,-1,408,480,481,-1,5,408,3,-1,3,408,481,-1,3,481,26,-1,26,481,482,-1,26,482,477,-1,483,484,5,-1,483,485,484,-1,484,485,486,-1,484,486,487,-1,488,489,490,-1,490,489,485,-1,490,485,491,-1,491,485,483,-1,491,483,492,-1,492,483,493,-1,2,484,0,-1,0,484,487,-1,0,487,4,-1,4,487,494,-1,4,494,5,-1,5,494,495,-1,5,495,483,-1,7,396,8,-1,8,396,496,-1,8,496,403,-1,403,496,34,-1,403,34,26,-1,26,34,36,-1,26,36,27,-1,2,211,484,-1,484,211,213,-1,484,213,5,-1,5,213,222,-1,5,222,408,-1,408,222,413,-1,408,413,406,-1,406,413,415,-1,77,76,497,-1,497,76,498,-1,497,498,499,-1,499,498,500,-1,499,500,83,-1,83,500,501,-1,83,501,1,-1,1,501,502,-1,1,502,2,-1,2,502,503,-1,2,503,211,-1,211,503,504,-1,211,504,248,-1,248,504,505,-1,248,505,250,-1,250,505,506,-1,250,506,452,-1,452,506,507,-1,452,507,459,-1,373,255,359,-1,359,255,263,-1,359,263,360,-1,360,263,432,-1,360,432,325,-1,325,432,425,-1,325,425,322,-1,322,425,427,-1,322,427,317,-1,317,427,179,-1,317,179,309,-1,365,362,397,-1,397,362,346,-1,397,346,508,-1,508,346,328,-1,508,328,509,-1,509,328,330,-1,509,330,510,-1,510,330,319,-1,510,319,511,-1,511,319,314,-1,511,314,512,-1,512,314,312,-1,512,312,513,-1,514,175,515,-1,515,175,516,-1,515,516,517,-1,517,516,518,-1,519,520,514,-1,514,520,521,-1,514,521,175,-1,175,521,522,-1,313,310,311,-1,311,310,309,-1,311,309,518,-1,518,309,179,-1,518,179,517,-1,517,179,523,-1,524,522,525,-1,525,522,526,-1,524,527,522,-1,522,527,528,-1,522,528,175,-1,175,528,529,-1,175,529,179,-1,179,529,530,-1,179,530,531,-1,532,533,523,-1,523,533,534,-1,523,534,535,-1,531,536,179,-1,179,536,537,-1,179,537,523,-1,523,537,538,-1,523,538,532,-1,535,539,523,-1,523,539,540,-1,523,540,522,-1,522,540,541,-1,522,541,526,-1,428,459,187,-1,187,459,542,-1,187,542,174,-1,174,542,543,-1,174,543,175,-1,175,543,544,-1,175,544,516,-1,507,545,459,-1,459,545,546,-1,459,546,542,-1,542,546,547,-1,542,547,543,-1,543,547,548,-1,543,548,549,-1,549,550,543,-1,543,550,551,-1,543,551,552,-1,552,553,543,-1,543,553,554,-1,543,554,544,-1,544,554,555,-1,544,555,556,-1,556,557,544,-1,544,557,558,-1,544,558,559,-1,559,560,544,-1,544,560,561,-1,544,561,562,-1,563,564,565,-1,565,564,566,-1,565,566,567,-1,567,566,568,-1,568,566,569,-1,568,569,570,-1,570,569,571,-1,571,569,572,-1,571,572,573,-1,573,572,574,-1,574,572,575,-1,574,575,576,-1,576,575,577,-1,577,575,578,-1,577,578,579,-1,579,578,580,-1,580,578,581,-1,580,581,582,-1,583,584,585,-1,586,587,588,-1,588,587,589,-1,588,589,585,-1,585,589,590,-1,585,590,583,-1,591,592,593,-1,594,595,596,-1,596,595,597,-1,596,597,593,-1,593,597,598,-1,593,598,591,-1,599,600,601,-1,602,603,604,-1,604,603,605,-1,604,605,601,-1,601,605,606,-1,601,606,599,-1,607,608,609,-1,610,611,612,-1,612,611,613,-1,612,613,609,-1,609,613,614,-1,609,614,607,-1,615,616,617,-1,618,619,620,-1,620,619,621,-1,620,621,617,-1,617,621,622,-1,617,622,615,-1,623,624,625,-1,626,627,628,-1,628,627,629,-1,628,629,625,-1,625,629,630,-1,625,630,623,-1,631,632,633,-1,634,635,636,-1,636,635,637,-1,636,637,633,-1,633,637,638,-1,633,638,631,-1,639,640,641,-1,642,643,644,-1,644,643,645,-1,644,645,641,-1,641,645,646,-1,641,646,639,-1,647,648,649,-1,650,651,652,-1,652,651,653,-1,652,653,649,-1,649,653,654,-1,649,654,647,-1,655,656,657,-1,658,659,660,-1,660,659,661,-1,660,661,657,-1,657,661,662,-1,657,662,655,-1,663,664,665,-1,666,667,668,-1,668,667,669,-1,668,669,665,-1,665,669,670,-1,665,670,663,-1,671,672,673,-1,674,675,676,-1,676,675,677,-1,676,677,673,-1,673,677,678,-1,673,678,671,-1,679,680,681,-1,682,683,684,-1,684,683,685,-1,684,685,681,-1,681,685,686,-1,681,686,679,-1,687,688,689,-1,690,691,692,-1,692,691,693,-1,692,693,689,-1,689,693,694,-1,689,694,687,-1,695,696,697,-1,698,699,700,-1,700,699,701,-1,700,701,697,-1,697,701,702,-1,697,702,695,-1,703,704,705,-1,706,707,708,-1,708,707,709,-1,708,709,705,-1,705,709,710,-1,705,710,703,-1,711,712,713,-1,714,715,716,-1,717,718,719,-1,720,721,722,-1,723,724,725,-1,726,727,728,-1,729,730,731,-1,732,733,734,-1,734,733,735,-1,732,736,737,-1,737,736,738,-1,737,738,739,-1,739,738,740,-1,739,740,741,-1,741,740,742,-1,741,742,743,-1,743,742,744,-1,743,744,745,-1,746,747,748,-1,748,747,749,-1,748,749,750,-1,750,751,752,-1,752,751,753,-1,752,753,754,-1,754,753,755,-1,754,755,756,-1,756,755,757,-1,756,757,758,-1,728,759,760,-1,760,759,761,-1,727,762,763,-1,763,762,764,-1,763,764,765,-1,765,766,767,-1,767,766,768,-1,767,768,769,-1,770,771,772,-1,772,771,773,-1,772,773,774,-1,774,773,775,-1,774,775,776,-1,776,775,777,-1,776,777,778,-1,778,777,779,-1,778,779,780,-1,780,779,781,-1,780,781,782,-1,782,781,783,-1,782,783,784,-1,784,783,785,-1,784,785,786,-1,787,788,789,-1,789,788,790,-1,789,790,791,-1,791,790,792,-1,791,792,793,-1,793,792,794,-1,793,794,795,-1,795,794,796,-1,795,796,797,-1,797,796,798,-1,797,798,799,-1,799,798,800,-1,799,800,801,-1,801,800,802,-1,803,804,805,-1,805,804,806,-1,805,806,807,-1,807,806,808,-1,807,808,809,-1,809,808,810,-1,809,810,811,-1,811,810,812,-1,811,812,813,-1,813,812,814,-1,813,814,815,-1,815,814,816,-1,817,818,819,-1,819,818,820,-1,819,820,821,-1,821,820,822,-1,823,824,825,-1,825,824,826,-1,825,826,827,-1,827,826,828,-1,827,828,829,-1,829,828,830,-1,831,832,833,-1,833,832,834,-1,833,834,835,-1,835,834,836,-1,835,836,837,-1,837,836,838,-1,837,838,839,-1,839,838,840,-1,839,840,841,-1,841,840,842,-1,843,844,845,-1,845,844,846,-1,847,848,849,-1,770,850,802,-1,802,850,849,-1,802,849,801,-1,801,849,848,-1,848,851,801,-1,801,851,852,-1,801,852,853,-1,853,852,847,-1,853,847,854,-1,854,847,849,-1,855,856,799,-1,856,855,853,-1,853,855,857,-1,853,857,801,-1,801,857,858,-1,801,858,799,-1,799,858,859,-1,799,859,855,-1,860,861,797,-1,861,860,856,-1,856,860,862,-1,856,862,799,-1,799,862,863,-1,799,863,797,-1,797,863,864,-1,797,864,860,-1,724,795,725,-1,725,795,865,-1,725,865,861,-1,861,865,866,-1,861,866,797,-1,797,866,867,-1,797,867,795,-1,795,867,868,-1,795,868,865,-1,724,869,795,-1,795,869,870,-1,795,870,793,-1,793,870,723,-1,793,723,871,-1,871,723,725,-1,872,873,791,-1,873,872,871,-1,871,872,874,-1,871,874,793,-1,793,874,875,-1,793,875,791,-1,791,875,876,-1,791,876,872,-1,877,878,789,-1,878,877,873,-1,873,877,879,-1,873,879,791,-1,791,879,880,-1,791,880,789,-1,789,880,881,-1,789,881,877,-1,882,883,787,-1,883,882,878,-1,878,882,884,-1,878,884,789,-1,789,884,885,-1,789,885,787,-1,787,885,886,-1,787,886,882,-1,887,888,883,-1,883,888,787,-1,787,888,889,-1,787,889,890,-1,891,892,815,-1,815,892,893,-1,815,893,894,-1,894,893,883,-1,883,893,895,-1,883,895,887,-1,887,895,891,-1,887,891,890,-1,890,891,815,-1,890,815,787,-1,787,815,816,-1,787,816,788,-1,896,897,813,-1,897,896,894,-1,894,896,898,-1,894,898,815,-1,815,898,899,-1,815,899,813,-1,813,899,900,-1,813,900,896,-1,721,811,722,-1,722,811,901,-1,722,901,897,-1,897,901,902,-1,897,902,813,-1,813,902,903,-1,813,903,811,-1,811,903,904,-1,811,904,901,-1,721,905,811,-1,811,905,906,-1,811,906,809,-1,809,906,720,-1,809,720,907,-1,907,720,722,-1,908,909,807,-1,909,908,907,-1,907,908,910,-1,907,910,809,-1,809,910,911,-1,809,911,807,-1,807,911,912,-1,807,912,908,-1,718,805,719,-1,719,805,913,-1,719,913,909,-1,909,913,914,-1,909,914,807,-1,807,914,915,-1,807,915,805,-1,805,915,916,-1,805,916,913,-1,718,917,805,-1,805,917,918,-1,805,918,803,-1,803,918,717,-1,803,717,919,-1,919,717,719,-1,920,921,919,-1,919,921,803,-1,803,921,922,-1,803,922,923,-1,924,925,821,-1,821,925,926,-1,821,926,927,-1,927,926,919,-1,919,926,928,-1,919,928,920,-1,920,928,924,-1,920,924,923,-1,923,924,821,-1,923,821,803,-1,803,821,822,-1,803,822,804,-1,929,930,819,-1,930,929,927,-1,927,929,931,-1,927,931,821,-1,821,931,932,-1,821,932,819,-1,819,932,933,-1,819,933,929,-1,934,935,817,-1,935,934,930,-1,930,934,936,-1,930,936,819,-1,819,936,937,-1,819,937,817,-1,817,937,938,-1,817,938,934,-1,817,939,940,-1,939,817,941,-1,941,817,935,-1,941,935,942,-1,942,935,943,-1,942,943,940,-1,940,943,829,-1,940,829,817,-1,817,829,830,-1,817,830,818,-1,715,827,716,-1,716,827,944,-1,716,944,943,-1,943,944,945,-1,943,945,829,-1,829,945,946,-1,829,946,827,-1,827,946,947,-1,827,947,944,-1,715,948,827,-1,827,948,949,-1,827,949,825,-1,825,949,714,-1,825,714,950,-1,950,714,716,-1,951,952,823,-1,952,951,950,-1,950,951,953,-1,950,953,825,-1,825,953,954,-1,825,954,823,-1,823,954,955,-1,823,955,951,-1,956,957,952,-1,952,957,823,-1,823,957,958,-1,823,958,959,-1,960,961,841,-1,841,961,962,-1,841,962,963,-1,963,962,952,-1,952,962,964,-1,952,964,956,-1,956,964,960,-1,956,960,959,-1,959,960,841,-1,959,841,823,-1,823,841,842,-1,823,842,824,-1,965,966,839,-1,966,965,963,-1,963,965,967,-1,963,967,841,-1,841,967,968,-1,841,968,839,-1,839,968,969,-1,839,969,965,-1,970,971,837,-1,971,970,966,-1,966,970,972,-1,966,972,839,-1,839,972,973,-1,839,973,837,-1,837,973,974,-1,837,974,970,-1,975,976,835,-1,976,975,971,-1,971,975,977,-1,971,977,837,-1,837,977,978,-1,837,978,835,-1,835,978,979,-1,835,979,975,-1,980,981,833,-1,981,980,976,-1,976,980,982,-1,976,982,835,-1,835,982,983,-1,835,983,833,-1,833,983,984,-1,833,984,980,-1,985,986,831,-1,986,985,981,-1,981,985,987,-1,981,987,833,-1,833,987,988,-1,833,988,831,-1,831,988,989,-1,831,989,985,-1,831,990,991,-1,990,831,992,-1,992,831,986,-1,992,986,993,-1,993,986,994,-1,993,994,991,-1,991,994,845,-1,991,845,831,-1,831,845,846,-1,831,846,832,-1,994,995,845,-1,845,995,729,-1,845,729,843,-1,843,729,731,-1,770,772,850,-1,850,772,996,-1,850,996,712,-1,712,996,997,-1,712,997,713,-1,713,997,998,-1,713,998,772,-1,772,998,999,-1,772,999,996,-1,1000,774,1001,-1,1001,774,1002,-1,1001,1002,1003,-1,1003,1002,713,-1,1003,713,1004,-1,1004,713,772,-1,1004,772,1000,-1,1000,772,774,-1,1005,1002,1006,-1,1006,1002,1007,-1,1007,1002,774,-1,1007,774,1008,-1,1008,774,776,-1,1008,776,1009,-1,1010,1011,1005,-1,1011,1012,1013,-1,1006,1009,1005,-1,1005,1009,776,-1,1005,776,1010,-1,1010,776,778,-1,1010,778,1014,-1,1015,1013,778,-1,778,1013,1012,-1,778,1012,1014,-1,1015,778,1016,-1,1016,778,780,-1,1016,780,1017,-1,1017,780,1018,-1,1017,1018,1019,-1,1020,782,1021,-1,1021,782,1022,-1,1021,1022,1023,-1,1023,1022,1018,-1,1023,1018,1024,-1,1024,1018,780,-1,1024,780,1020,-1,1020,780,782,-1,1025,784,1026,-1,1026,784,1027,-1,1026,1027,1028,-1,1028,1027,1022,-1,1028,1022,1029,-1,1029,1022,782,-1,1029,782,1025,-1,1025,782,784,-1,1030,786,1031,-1,1031,786,1032,-1,1031,1032,1033,-1,1033,1032,1027,-1,1033,1027,1034,-1,1034,1027,784,-1,1034,784,1030,-1,1030,784,786,-1,1035,768,1036,-1,1036,768,1037,-1,1036,1037,1038,-1,785,769,786,-1,786,769,768,-1,786,768,1039,-1,1039,768,1035,-1,1037,1032,1038,-1,1038,1032,1040,-1,1038,1040,1039,-1,1039,1040,1041,-1,1039,1041,786,-1,786,1041,1042,-1,786,1042,1032,-1,1032,1042,1043,-1,1032,1043,1040,-1,1044,766,1045,-1,1045,766,1046,-1,1045,1046,1047,-1,1047,1046,1037,-1,1047,1037,1048,-1,1048,1037,768,-1,1048,768,1044,-1,1044,768,766,-1,765,764,766,-1,766,764,1049,-1,766,1049,1046,-1,1046,1049,1050,-1,1046,1050,1051,-1,1051,1050,1052,-1,1051,1052,764,-1,764,1052,1053,-1,764,1053,1049,-1,1054,762,1055,-1,1055,762,1056,-1,1055,1056,1057,-1,1057,1056,1051,-1,1057,1051,1058,-1,1058,1051,764,-1,1058,764,1054,-1,1054,764,762,-1,727,726,762,-1,762,726,1059,-1,762,1059,1056,-1,1056,1059,1060,-1,1056,1060,1061,-1,1061,1060,1062,-1,1061,1062,726,-1,726,1062,1063,-1,726,1063,1059,-1,728,760,726,-1,726,760,1064,-1,726,1064,1061,-1,1061,1064,1065,-1,1061,1065,1066,-1,1066,1065,1067,-1,1066,1067,760,-1,760,1067,1068,-1,760,1068,1064,-1,1069,761,1070,-1,1070,761,1071,-1,1070,1071,1072,-1,1072,1071,1066,-1,1072,1066,1073,-1,1073,1066,760,-1,1073,760,1069,-1,1069,760,761,-1,1074,1075,757,-1,759,758,761,-1,761,758,757,-1,761,757,1076,-1,1076,757,1075,-1,1077,1071,1078,-1,1078,1071,1079,-1,1078,1079,1076,-1,1076,1079,1080,-1,1076,1080,761,-1,761,1080,1081,-1,761,1081,1071,-1,1071,1081,1082,-1,1071,1082,1079,-1,1083,1084,1077,-1,1077,1084,1085,-1,1086,1087,755,-1,755,1087,1083,-1,755,1083,757,-1,757,1083,1077,-1,757,1077,1074,-1,1074,1077,1078,-1,1088,1089,1085,-1,1089,1090,1091,-1,1084,1086,1085,-1,1085,1086,755,-1,1085,755,1088,-1,1088,755,753,-1,1088,753,1092,-1,1093,1091,753,-1,753,1091,1090,-1,753,1090,1092,-1,1093,753,1094,-1,1094,753,751,-1,1094,751,1095,-1,1095,751,1096,-1,1095,1096,1097,-1,750,749,751,-1,751,749,1098,-1,751,1098,1096,-1,1096,1098,1099,-1,1096,1099,1100,-1,1100,1099,1101,-1,1100,1101,749,-1,749,1101,1102,-1,749,1102,1098,-1,1103,747,1104,-1,1104,747,1105,-1,1104,1105,1106,-1,1106,1105,1100,-1,1106,1100,1107,-1,1107,1100,749,-1,1107,749,1103,-1,1103,749,747,-1,746,1108,747,-1,747,1108,1109,-1,747,1109,1105,-1,1105,1109,1110,-1,1105,1110,1111,-1,1111,1110,1112,-1,1111,1112,1108,-1,1108,1112,1113,-1,1108,1113,1109,-1,1114,744,1115,-1,1115,744,1116,-1,1115,1116,1117,-1,746,745,1108,-1,1108,745,744,-1,1108,744,1118,-1,1118,744,1114,-1,1116,1111,1117,-1,1117,1111,1119,-1,1117,1119,1118,-1,1118,1119,1120,-1,1118,1120,1108,-1,1108,1120,1121,-1,1108,1121,1111,-1,1111,1121,1122,-1,1111,1122,1119,-1,1123,742,1124,-1,1124,742,1125,-1,1124,1125,1126,-1,1126,1125,1116,-1,1126,1116,1127,-1,1127,1116,744,-1,1127,744,1123,-1,1123,744,742,-1,1128,740,1129,-1,1129,740,1130,-1,1129,1130,1131,-1,1131,1130,1125,-1,1131,1125,1132,-1,1132,1125,742,-1,1132,742,1128,-1,1128,742,740,-1,1133,738,1134,-1,1134,738,1135,-1,1134,1135,1136,-1,1136,1135,1130,-1,1136,1130,1137,-1,1137,1130,740,-1,1137,740,1133,-1,1133,740,738,-1,1138,736,1139,-1,1139,736,1140,-1,1139,1140,1141,-1,1141,1140,1135,-1,1141,1135,1142,-1,1142,1135,738,-1,1142,738,1138,-1,1138,738,736,-1,732,734,736,-1,736,734,1143,-1,736,1143,1140,-1,1140,1143,1144,-1,1140,1144,1145,-1,1145,1144,1146,-1,1145,1146,734,-1,734,1146,1147,-1,734,1147,1143,-1,1148,735,1149,-1,1149,735,1150,-1,1149,1150,1151,-1,1151,1150,1145,-1,1151,1145,1152,-1,1152,1145,734,-1,1152,734,1148,-1,1148,734,735,-1,733,731,735,-1,735,731,730,-1,735,730,1150,-1,1150,730,1153,-1,711,713,1154,-1,1154,713,1002,-1,1154,1002,1155,-1,1155,1002,1005,-1,1155,1005,1156,-1,1011,1013,1005,-1,1005,1013,1157,-1,1005,1157,1156,-1,1158,1159,1013,-1,1013,1159,1160,-1,1013,1160,1157,-1,1161,1162,1032,-1,1032,1162,1163,-1,1032,1163,1027,-1,1027,1163,1164,-1,1027,1164,1022,-1,1022,1164,1158,-1,1022,1158,1018,-1,1018,1158,1013,-1,1018,1013,1019,-1,1019,1013,1015,-1,1161,1032,1165,-1,1165,1032,1037,-1,1165,1037,1166,-1,1166,1037,1046,-1,1166,1046,1167,-1,1167,1046,1051,-1,1167,1051,1168,-1,1168,1051,1056,-1,1168,1056,1169,-1,1169,1056,1170,-1,1170,1056,1061,-1,1170,1061,1171,-1,1171,1061,1172,-1,1172,1061,1066,-1,1172,1066,1173,-1,1173,1066,1071,-1,1173,1071,1174,-1,1174,1071,1077,-1,1174,1077,1175,-1,1175,1077,1085,-1,1175,1085,1176,-1,1089,1091,1085,-1,1085,1091,1177,-1,1085,1177,1176,-1,1178,1179,1091,-1,1091,1179,1180,-1,1091,1180,1177,-1,1181,1182,1100,-1,1100,1182,1178,-1,1100,1178,1096,-1,1096,1178,1091,-1,1096,1091,1097,-1,1097,1091,1093,-1,1181,1100,1183,-1,1183,1100,1105,-1,1183,1105,1184,-1,1184,1105,1111,-1,1184,1111,1185,-1,1185,1111,1116,-1,1185,1116,1186,-1,1186,1116,1125,-1,1186,1125,1187,-1,1187,1125,1188,-1,1188,1125,1130,-1,1188,1130,1189,-1,1189,1130,1190,-1,1190,1130,1135,-1,1190,1135,1191,-1,1191,1135,1140,-1,1191,1140,1192,-1,1192,1140,1145,-1,1192,1145,1193,-1,1193,1145,1150,-1,1193,1150,1194,-1,1194,1150,1153,-1,1194,1153,1195,-1,1196,1197,1198,-1,1199,1200,1201,-1,1202,1203,1204,-1,1204,1203,1205,-1,1204,1205,1206,-1,1206,1205,1207,-1,1206,1207,1208,-1,1208,1207,1209,-1,1208,1209,1210,-1,1210,1209,1211,-1,1210,1211,1212,-1,1212,1211,1213,-1,1212,1213,1202,-1,1202,1213,1203,-1,1214,498,1215,-1,1215,498,76,-1,1215,76,1216,-1,1217,1218,1207,-1,1207,1218,1219,-1,1207,1219,1209,-1,1209,1219,1220,-1,1209,1220,1216,-1,1216,1220,1221,-1,1216,1221,1215,-1,1198,1222,1223,-1,1223,1222,1224,-1,1224,1222,1225,-1,1224,1225,1226,-1,1226,1225,1227,-1,1226,1227,1228,-1,1228,1227,1229,-1,1228,1229,1230,-1,1230,1229,1231,-1,1230,1231,1232,-1,1233,1234,1235,-1,1234,1233,1236,-1,1236,1233,1225,-1,1236,1225,1237,-1,1237,1225,1222,-1,1237,1222,1238,-1,1238,1222,1239,-1,1238,1239,1240,-1,1240,1239,74,-1,1240,74,1235,-1,1235,74,73,-1,1235,73,1233,-1,1241,1242,1243,-1,1243,1242,1244,-1,1243,1244,1245,-1,1245,1244,1246,-1,1245,1246,1247,-1,1247,1246,1248,-1,1247,1248,1249,-1,1249,1248,1250,-1,1249,1250,1251,-1,1251,1250,1252,-1,1251,1252,1241,-1,1241,1252,1242,-1,546,545,1253,-1,1253,545,507,-1,1253,507,1254,-1,546,1253,547,-1,547,1253,1255,-1,547,1255,548,-1,1256,1257,1248,-1,1248,1257,1258,-1,1248,1258,1250,-1,1250,1258,1259,-1,1250,1259,1254,-1,1254,1259,1260,-1,1254,1260,1253,-1,1261,1262,1250,-1,1263,1264,1265,-1,1266,1267,1268,-1,1250,1262,1252,-1,1252,1262,1269,-1,1252,1269,1242,-1,1242,1269,1270,-1,1242,1270,1271,-1,1271,1272,1242,-1,1242,1272,1266,-1,1242,1266,1273,-1,1273,1266,1268,-1,1264,1263,1274,-1,1274,1263,1275,-1,1274,1275,1276,-1,1276,1275,1273,-1,1276,1273,1277,-1,1277,1273,1268,-1,1277,1268,1278,-1,1278,1268,1279,-1,1278,1279,1265,-1,1280,648,647,-1,503,502,1281,-1,1281,502,501,-1,1281,501,1282,-1,1282,501,500,-1,1282,500,1283,-1,503,1281,504,-1,504,1281,1284,-1,504,1284,505,-1,505,1284,1280,-1,505,1280,506,-1,1279,1261,1265,-1,1265,1261,1250,-1,1265,1250,1263,-1,1263,1250,1285,-1,506,1280,507,-1,507,1280,647,-1,507,647,1254,-1,1254,647,1286,-1,1254,1286,1250,-1,1250,1286,1287,-1,1250,1287,1285,-1,650,1284,651,-1,651,1284,1281,-1,651,1281,1288,-1,1288,1281,1289,-1,1288,1289,1285,-1,1285,1289,1290,-1,1285,1290,1263,-1,1263,1290,1291,-1,1263,1291,1283,-1,1283,1291,1292,-1,1283,1292,1282,-1,1293,1294,1295,-1,1295,1294,1296,-1,1295,1296,1297,-1,1297,1296,1298,-1,1297,1298,1299,-1,1299,1298,1300,-1,1299,1300,1301,-1,1301,1300,1302,-1,1301,1302,1303,-1,1303,1302,1304,-1,1303,1304,1293,-1,1293,1304,1294,-1,1305,1306,1307,-1,1306,1305,1308,-1,1308,1305,1302,-1,1308,1302,1309,-1,1309,1302,1300,-1,1309,1300,1310,-1,1310,1300,1311,-1,1310,1311,1312,-1,1312,1311,474,-1,1312,474,1307,-1,1307,474,473,-1,1307,473,1305,-1,1313,1314,1315,-1,1315,1314,1316,-1,1315,1316,1317,-1,1317,1316,1318,-1,1317,1318,1319,-1,1319,1318,1320,-1,1319,1320,1321,-1,1321,1320,1322,-1,1321,1322,1323,-1,1323,1322,1324,-1,1323,1324,1313,-1,1313,1324,1314,-1,1325,1326,1327,-1,1326,1325,1328,-1,1328,1325,1322,-1,1328,1322,1329,-1,1329,1322,1320,-1,1329,1320,1330,-1,1330,1320,1331,-1,1330,1331,1332,-1,1332,1331,472,-1,1332,472,1327,-1,1327,472,471,-1,1327,471,1325,-1,1333,1334,1335,-1,1335,1334,1336,-1,1335,1336,1337,-1,1337,1336,1338,-1,1337,1338,1339,-1,1339,1338,1340,-1,1339,1340,1341,-1,1341,1340,1342,-1,1341,1342,1343,-1,1343,1342,1344,-1,1343,1344,1333,-1,1333,1344,1334,-1,1345,1346,1347,-1,1346,1345,1348,-1,1348,1345,1342,-1,1348,1342,1349,-1,1349,1342,1340,-1,1349,1340,1350,-1,1350,1340,1351,-1,1350,1351,1352,-1,1352,1351,72,-1,1352,72,1347,-1,1347,72,71,-1,1347,71,1345,-1,1353,1354,1355,-1,1356,1357,1342,-1,1342,1357,1344,-1,1344,1357,1358,-1,1344,1358,1334,-1,1334,1358,1359,-1,1334,1359,1360,-1,1360,1361,1334,-1,1334,1361,1362,-1,1334,1362,1363,-1,1363,1362,1364,-1,1363,1364,1365,-1,1354,1353,1366,-1,1366,1353,1367,-1,1366,1367,1368,-1,1368,1367,1363,-1,1368,1363,1369,-1,1369,1363,1365,-1,1369,1365,1370,-1,1370,1365,1371,-1,1370,1371,1355,-1,1372,475,1373,-1,475,1372,476,-1,476,1372,1374,-1,476,1374,71,-1,71,1374,1375,-1,71,1375,1376,-1,1371,1356,1355,-1,1355,1356,1342,-1,1355,1342,1353,-1,1353,1342,1377,-1,1376,680,71,-1,71,680,679,-1,71,679,1345,-1,1345,679,1378,-1,1345,1378,1342,-1,1342,1378,1379,-1,1342,1379,1377,-1,682,1375,683,-1,683,1375,1374,-1,683,1374,1380,-1,1380,1374,1381,-1,1380,1381,1377,-1,1377,1381,1382,-1,1377,1382,1353,-1,1353,1382,1383,-1,1353,1383,1373,-1,1373,1383,1384,-1,1373,1384,1372,-1,1385,1386,1387,-1,1387,1386,1388,-1,1387,1388,1389,-1,1389,1388,1390,-1,1389,1390,1391,-1,1391,1390,1392,-1,1391,1392,1393,-1,1393,1392,1394,-1,1393,1394,1395,-1,1395,1394,1396,-1,1395,1396,1385,-1,1385,1396,1386,-1,1397,1398,1399,-1,1398,1397,1400,-1,1400,1397,1394,-1,1400,1394,1401,-1,1401,1394,1392,-1,1401,1392,1402,-1,1402,1392,1403,-1,1402,1403,1404,-1,1404,1403,559,-1,1404,559,1399,-1,1399,559,558,-1,1399,558,1397,-1,1405,1406,1407,-1,1407,1406,1408,-1,1407,1408,1409,-1,1409,1408,1410,-1,1409,1410,1411,-1,1411,1410,1412,-1,1411,1412,1413,-1,1413,1412,1414,-1,1413,1414,1415,-1,1415,1414,1416,-1,1415,1416,1405,-1,1405,1416,1406,-1,1417,1418,1419,-1,1418,1417,1420,-1,1420,1417,1414,-1,1420,1414,1421,-1,1421,1414,1412,-1,1421,1412,1422,-1,1422,1412,1423,-1,1422,1423,1424,-1,1424,1423,557,-1,1424,557,1419,-1,1419,557,556,-1,1419,556,1417,-1,1425,1426,1427,-1,1427,1426,1428,-1,1427,1428,1429,-1,1429,1428,1430,-1,1429,1430,1431,-1,1431,1430,1432,-1,1431,1432,1433,-1,1433,1432,1434,-1,1433,1434,1435,-1,1435,1434,1436,-1,1435,1436,1425,-1,1425,1436,1426,-1,1437,1438,1439,-1,1438,1437,1440,-1,1440,1437,1434,-1,1440,1434,1441,-1,1441,1434,1432,-1,1441,1432,1442,-1,1442,1432,1443,-1,1442,1443,1444,-1,1444,1443,561,-1,1444,561,1439,-1,1439,561,560,-1,1439,560,1437,-1,1445,1446,1447,-1,1447,1446,1448,-1,1447,1448,1449,-1,1449,1448,1450,-1,1449,1450,1451,-1,1451,1450,1452,-1,1451,1452,1453,-1,1453,1452,1454,-1,1453,1454,1455,-1,1455,1454,1456,-1,1455,1456,1445,-1,1445,1456,1446,-1,1457,1458,1459,-1,1458,1457,1460,-1,1460,1457,1454,-1,1460,1454,1461,-1,1461,1454,1452,-1,1461,1452,1462,-1,1462,1452,1463,-1,1462,1463,1464,-1,1464,1463,552,-1,1464,552,1459,-1,1459,552,551,-1,1459,551,1457,-1,1465,1466,1467,-1,1467,1466,1468,-1,1467,1468,1469,-1,1469,1468,1470,-1,1469,1470,1471,-1,1471,1470,1472,-1,1471,1472,1473,-1,1473,1472,1474,-1,1473,1474,1475,-1,1475,1474,1476,-1,1475,1476,1465,-1,1465,1476,1466,-1,1477,1478,1479,-1,1478,1477,1480,-1,1480,1477,1472,-1,1480,1472,1481,-1,1481,1472,1470,-1,1481,1470,1482,-1,1482,1470,1483,-1,1482,1483,1484,-1,1484,1483,550,-1,1484,550,1479,-1,1479,550,549,-1,1479,549,1477,-1,1485,1486,1487,-1,1487,1486,1488,-1,1487,1488,1489,-1,1489,1488,1490,-1,1489,1490,1491,-1,1491,1490,1492,-1,1491,1492,1493,-1,1493,1492,1494,-1,1493,1494,1495,-1,1495,1494,1496,-1,1495,1496,1485,-1,1485,1496,1486,-1,1497,1498,1499,-1,1498,1497,1500,-1,1500,1497,1494,-1,1500,1494,1501,-1,1501,1494,1492,-1,1501,1492,1502,-1,1502,1492,1503,-1,1502,1503,1504,-1,1504,1503,555,-1,1504,555,1499,-1,1499,555,554,-1,1499,554,1497,-1,1505,1506,1507,-1,1508,1509,1494,-1,1494,1509,1496,-1,1496,1509,1510,-1,1496,1510,1486,-1,1486,1510,1511,-1,1486,1511,1512,-1,1512,1513,1486,-1,1486,1513,1514,-1,1486,1514,1515,-1,1515,1514,1516,-1,1515,1516,1517,-1,1506,1505,1518,-1,1518,1505,1519,-1,1518,1519,1520,-1,1520,1519,1515,-1,1520,1515,1521,-1,1521,1515,1517,-1,1521,1517,1522,-1,1522,1517,1523,-1,1522,1523,1507,-1,1524,553,1525,-1,1526,1527,554,-1,553,1524,554,-1,554,1524,1528,-1,554,1528,1526,-1,1523,1508,1507,-1,1507,1508,1494,-1,1507,1494,1505,-1,1505,1494,1529,-1,1527,616,554,-1,554,616,615,-1,554,615,1497,-1,1497,615,1530,-1,1497,1530,1494,-1,1494,1530,1531,-1,1494,1531,1529,-1,618,1526,619,-1,619,1526,1528,-1,619,1528,1532,-1,1532,1528,1533,-1,1532,1533,1529,-1,1529,1533,1534,-1,1529,1534,1505,-1,1505,1534,1535,-1,1505,1535,1525,-1,1525,1535,1536,-1,1525,1536,1524,-1,1314,1537,1538,-1,1538,1537,1539,-1,1540,1537,1541,-1,1541,1537,1314,-1,1541,1314,1542,-1,1542,1314,1324,-1,1542,1324,1543,-1,1543,1324,1322,-1,1543,1322,1544,-1,1544,1322,1545,-1,1544,1545,1546,-1,1546,1545,1547,-1,1546,1547,1548,-1,1548,1547,1538,-1,1548,1538,1549,-1,1549,1538,1539,-1,1550,1551,469,-1,587,586,1552,-1,1553,562,1552,-1,1552,562,561,-1,1552,561,587,-1,587,561,1443,-1,587,1443,1554,-1,1553,584,562,-1,562,584,583,-1,562,583,1555,-1,1555,583,1556,-1,1555,1556,1557,-1,1557,1556,1558,-1,1559,1560,1561,-1,1561,1560,1562,-1,1561,1562,1563,-1,1563,1562,1564,-1,1563,1564,1565,-1,1566,1567,1428,-1,1565,1566,1563,-1,1563,1566,1428,-1,1563,1428,1568,-1,469,1551,470,-1,470,1551,1569,-1,470,1569,1570,-1,1570,1569,1571,-1,1570,1571,1545,-1,1545,1571,1572,-1,1545,1572,1573,-1,469,1199,1550,-1,1550,1199,1201,-1,1550,1201,1573,-1,1573,1201,1574,-1,1573,1574,1545,-1,1575,1576,1577,-1,1577,1576,1578,-1,1577,1578,1579,-1,1579,1578,1580,-1,1579,1580,1581,-1,1581,1580,1538,-1,1581,1538,1582,-1,1582,1538,1547,-1,1582,1547,1583,-1,1583,1547,1545,-1,1583,1545,1584,-1,1584,1545,1574,-1,1584,1574,1577,-1,1577,1574,1575,-1,627,626,1585,-1,1463,627,552,-1,552,627,1585,-1,552,1585,553,-1,553,1585,1586,-1,1586,624,553,-1,553,624,623,-1,553,623,1525,-1,1525,623,1587,-1,1525,1587,1505,-1,1505,1587,1588,-1,1505,1588,1452,-1,1452,1588,1589,-1,1452,1589,1463,-1,1463,1589,1590,-1,1463,1590,627,-1,1406,1591,1488,-1,1488,1591,1592,-1,1593,1591,1594,-1,1594,1591,1406,-1,1594,1406,1595,-1,1595,1406,1416,-1,1595,1416,1596,-1,1596,1416,1414,-1,1596,1414,1597,-1,1597,1414,1492,-1,1597,1492,1598,-1,1598,1492,1490,-1,1598,1490,1599,-1,1599,1490,1488,-1,1599,1488,1600,-1,1600,1488,1592,-1,1446,1601,1466,-1,1466,1601,1602,-1,1603,1601,1604,-1,1604,1601,1446,-1,1604,1446,1605,-1,1605,1446,1456,-1,1605,1456,1606,-1,1606,1456,1454,-1,1606,1454,1607,-1,1607,1454,1470,-1,1607,1470,1608,-1,1608,1470,1468,-1,1608,1468,1609,-1,1609,1468,1466,-1,1609,1466,1610,-1,1610,1466,1602,-1,1611,640,639,-1,549,548,1612,-1,642,1612,643,-1,643,1612,548,-1,643,548,1256,-1,1256,548,1255,-1,1256,1255,1257,-1,1612,1611,549,-1,549,1611,639,-1,549,639,1477,-1,1477,639,1613,-1,1477,1613,1472,-1,1472,1613,1614,-1,1472,1614,1248,-1,1248,1614,1615,-1,1248,1615,1256,-1,1256,1615,1616,-1,1256,1616,643,-1,1515,1617,1448,-1,1448,1617,1618,-1,1619,1617,1620,-1,1620,1617,1515,-1,1620,1515,1621,-1,1621,1515,1519,-1,1621,1519,1622,-1,1622,1519,1505,-1,1622,1505,1623,-1,1623,1505,1452,-1,1623,1452,1624,-1,1624,1452,1450,-1,1624,1450,1625,-1,1625,1450,1448,-1,1625,1448,1626,-1,1626,1448,1618,-1,635,634,1627,-1,1483,635,550,-1,550,635,1627,-1,550,1627,551,-1,551,1627,1628,-1,1628,632,551,-1,551,632,631,-1,551,631,1457,-1,1457,631,1629,-1,1457,1629,1454,-1,1454,1629,1630,-1,1454,1630,1470,-1,1470,1630,1631,-1,1470,1631,1483,-1,1483,1631,1632,-1,1483,1632,635,-1,1633,1560,1634,-1,1633,1635,1560,-1,1560,1635,1636,-1,1560,1636,1637,-1,1567,1638,1428,-1,1428,1638,1639,-1,1428,1639,1430,-1,1430,1639,1640,-1,1430,1640,1432,-1,1432,1640,1641,-1,1432,1641,1642,-1,1642,1641,1643,-1,1642,1643,1644,-1,1644,1643,1562,-1,1644,1562,1645,-1,1645,1562,1646,-1,1637,1647,1560,-1,1560,1647,1648,-1,1560,1648,1562,-1,1562,1648,1649,-1,1562,1649,1646,-1,595,594,1650,-1,1403,595,559,-1,559,595,1650,-1,559,1650,560,-1,560,1650,1651,-1,1651,592,560,-1,560,592,591,-1,560,591,1437,-1,1437,591,1652,-1,1437,1652,1434,-1,1434,1652,1653,-1,1434,1653,1392,-1,1392,1653,1654,-1,1392,1654,1403,-1,1403,1654,1655,-1,1403,1655,595,-1,1554,1443,1656,-1,1656,1443,1432,-1,1656,1432,1657,-1,1657,1432,1642,-1,1657,1642,1556,-1,1556,1642,1658,-1,1556,1658,1659,-1,1659,1660,1556,-1,1556,1660,1661,-1,1556,1661,1558,-1,1558,1661,1662,-1,1662,1663,1558,-1,1558,1663,1664,-1,1558,1664,1665,-1,1665,1666,1558,-1,1558,1666,1667,-1,1558,1667,1634,-1,1634,1667,1668,-1,1634,1668,1633,-1,1386,1669,1408,-1,1408,1669,1670,-1,1671,1669,1672,-1,1672,1669,1386,-1,1672,1386,1673,-1,1673,1386,1396,-1,1673,1396,1674,-1,1674,1396,1394,-1,1674,1394,1675,-1,1675,1394,1412,-1,1675,1412,1676,-1,1676,1412,1410,-1,1676,1410,1677,-1,1677,1410,1408,-1,1677,1408,1678,-1,1678,1408,1670,-1,611,610,1679,-1,1503,611,555,-1,555,611,1679,-1,555,1679,556,-1,556,1679,1680,-1,1680,608,556,-1,556,608,607,-1,556,607,1417,-1,1417,607,1681,-1,1417,1681,1414,-1,1414,1681,1682,-1,1414,1682,1492,-1,1492,1682,1683,-1,1492,1683,1503,-1,1503,1683,1684,-1,1503,1684,611,-1,1426,1685,1388,-1,1388,1685,1686,-1,1687,1685,1688,-1,1688,1685,1426,-1,1688,1426,1689,-1,1689,1426,1436,-1,1689,1436,1690,-1,1690,1436,1434,-1,1690,1434,1691,-1,1691,1434,1392,-1,1691,1392,1692,-1,1692,1392,1390,-1,1692,1390,1693,-1,1693,1390,1388,-1,1693,1388,1694,-1,1694,1388,1686,-1,603,602,1695,-1,1423,603,557,-1,557,603,1695,-1,557,1695,558,-1,558,1695,1696,-1,1696,600,558,-1,558,600,599,-1,558,599,1397,-1,1397,599,1697,-1,1397,1697,1394,-1,1394,1697,1698,-1,1394,1698,1412,-1,1412,1698,1699,-1,1412,1699,1423,-1,1423,1699,1700,-1,1423,1700,603,-1,691,690,1701,-1,1311,691,474,-1,474,691,1701,-1,474,1701,475,-1,475,1701,1702,-1,1702,688,475,-1,475,688,687,-1,475,687,1373,-1,1373,687,1703,-1,1373,1703,1353,-1,1353,1703,1704,-1,1353,1704,1300,-1,1300,1704,1705,-1,1300,1705,1311,-1,1311,1705,1706,-1,1311,1706,691,-1,1229,1707,1336,-1,1336,1707,1708,-1,1709,1707,1710,-1,1710,1707,1229,-1,1710,1229,1711,-1,1711,1229,1227,-1,1711,1227,1712,-1,1712,1227,1225,-1,1712,1225,1713,-1,1713,1225,1340,-1,1713,1340,1714,-1,1714,1340,1338,-1,1714,1338,1715,-1,1715,1338,1336,-1,1715,1336,1716,-1,1716,1336,1708,-1,1294,1717,1316,-1,1316,1717,1718,-1,1719,1717,1720,-1,1720,1717,1294,-1,1720,1294,1721,-1,1721,1294,1304,-1,1721,1304,1722,-1,1722,1304,1302,-1,1722,1302,1723,-1,1723,1302,1320,-1,1723,1320,1724,-1,1724,1320,1318,-1,1724,1318,1725,-1,1725,1318,1316,-1,1725,1316,1726,-1,1726,1316,1718,-1,707,706,1727,-1,1570,707,470,-1,470,707,1727,-1,470,1727,471,-1,471,1727,1728,-1,1728,704,471,-1,471,704,703,-1,471,703,1325,-1,1325,703,1729,-1,1325,1729,1322,-1,1322,1729,1730,-1,1322,1730,1545,-1,1545,1730,1731,-1,1545,1731,1570,-1,1570,1731,1732,-1,1570,1732,707,-1,1363,1733,1296,-1,1296,1733,1734,-1,1735,1733,1736,-1,1736,1733,1363,-1,1736,1363,1737,-1,1737,1363,1367,-1,1737,1367,1738,-1,1738,1367,1353,-1,1738,1353,1739,-1,1739,1353,1300,-1,1739,1300,1740,-1,1740,1300,1298,-1,1740,1298,1741,-1,1741,1298,1296,-1,1741,1296,1742,-1,1742,1296,1734,-1,699,698,1743,-1,1331,699,472,-1,472,699,1743,-1,472,1743,473,-1,473,1743,1744,-1,1744,696,473,-1,473,696,695,-1,473,695,1305,-1,1305,695,1745,-1,1305,1745,1302,-1,1302,1745,1746,-1,1302,1746,1320,-1,1320,1746,1747,-1,1320,1747,1331,-1,1331,1747,1748,-1,1331,1748,699,-1,1749,656,655,-1,500,498,1750,-1,658,1750,659,-1,659,1750,498,-1,659,498,1217,-1,1217,498,1214,-1,1217,1214,1218,-1,1750,1749,500,-1,500,1749,655,-1,500,655,1283,-1,1283,655,1751,-1,1283,1751,1263,-1,1263,1751,1752,-1,1263,1752,1207,-1,1207,1752,1753,-1,1207,1753,1217,-1,1217,1753,1754,-1,1217,1754,659,-1,1755,1756,1757,-1,1758,1759,1476,-1,1476,1759,1244,-1,1759,1755,1244,-1,1244,1755,1757,-1,1244,1757,1246,-1,1246,1757,1760,-1,1246,1760,1248,-1,1248,1760,1761,-1,1248,1761,1472,-1,1472,1761,1762,-1,1472,1762,1474,-1,1474,1762,1763,-1,1474,1763,1476,-1,1476,1763,1764,-1,1476,1764,1758,-1,675,674,1765,-1,1351,675,72,-1,72,675,1765,-1,72,1765,73,-1,73,1765,1766,-1,1766,672,73,-1,73,672,671,-1,73,671,1233,-1,1233,671,1767,-1,1233,1767,1225,-1,1225,1767,1768,-1,1225,1768,1340,-1,1340,1768,1769,-1,1340,1769,1351,-1,1351,1769,1770,-1,1351,1770,675,-1,1771,1772,1773,-1,1774,1775,1273,-1,1273,1775,1203,-1,1775,1771,1203,-1,1203,1771,1773,-1,1203,1773,1205,-1,1205,1773,1776,-1,1205,1776,1207,-1,1207,1776,1777,-1,1207,1777,1263,-1,1263,1777,1778,-1,1263,1778,1275,-1,1275,1778,1779,-1,1275,1779,1273,-1,1273,1779,1780,-1,1273,1780,1774,-1,1781,1782,1783,-1,1222,1784,1239,-1,1239,1784,1785,-1,1239,1785,1786,-1,1787,664,663,-1,76,74,1788,-1,666,1788,667,-1,667,1788,74,-1,667,74,1783,-1,1783,74,1239,-1,1783,1239,1781,-1,1781,1239,1786,-1,1788,1787,76,-1,76,1787,663,-1,76,663,1216,-1,1216,663,1789,-1,1216,1789,1209,-1,1209,1789,1790,-1,1209,1790,1791,-1,1791,1790,1792,-1,1791,1792,1793,-1,1793,1792,1783,-1,1793,1783,1794,-1,1794,1783,1782,-1,1795,1796,1213,-1,1213,1796,1797,-1,1213,1797,1231,-1,1223,1232,1198,-1,1198,1232,1231,-1,1198,1231,1196,-1,1196,1231,1797,-1,1196,1797,1798,-1,581,1197,1791,-1,1791,1197,1799,-1,1791,1799,1209,-1,1209,1799,1800,-1,1209,1800,1211,-1,1211,1800,1801,-1,1211,1801,1213,-1,1213,1801,1802,-1,1213,1802,1795,-1,569,566,1198,-1,1198,566,564,-1,1198,564,1222,-1,1222,564,1803,-1,1222,1803,1784,-1,581,578,1197,-1,1197,578,575,-1,1197,575,1198,-1,1198,575,572,-1,1198,572,569,-1,1804,1576,1805,-1,1805,1576,1575,-1,1805,1575,1806,-1,1806,1575,1574,-1,1806,1574,1807,-1,1807,1574,1201,-1,1807,1201,1808,-1,1808,1201,1200,-1,1568,1428,1809,-1,1809,1428,1426,-1,1809,1426,1810,-1,1810,1426,1388,-1,1810,1388,1811,-1,1811,1388,1386,-1,1811,1386,1812,-1,1812,1386,1408,-1,1812,1408,1813,-1,1813,1408,1406,-1,1813,1406,1814,-1,1814,1406,1488,-1,1814,1488,1815,-1,1815,1488,1486,-1,1815,1486,1816,-1,1816,1486,1515,-1,1816,1515,1817,-1,1817,1515,1448,-1,1817,1448,1818,-1,1818,1448,1446,-1,1818,1446,1819,-1,1819,1446,1466,-1,1819,1466,1820,-1,1820,1466,1476,-1,1820,1476,1821,-1,1821,1476,1244,-1,1821,1244,1822,-1,1822,1244,1242,-1,1822,1242,1823,-1,1823,1242,1273,-1,1823,1273,1824,-1,1824,1273,1203,-1,1824,1203,1825,-1,1825,1203,1213,-1,1825,1213,1826,-1,1826,1213,1231,-1,1826,1231,1827,-1,1827,1231,1229,-1,1827,1229,1828,-1,1828,1229,1336,-1,1828,1336,1829,-1,1829,1336,1334,-1,1829,1334,1830,-1,1830,1334,1363,-1,1830,1363,1831,-1,1831,1363,1296,-1,1831,1296,1832,-1,1832,1296,1294,-1,1832,1294,1833,-1,1833,1294,1316,-1,1833,1316,1834,-1,1834,1316,1314,-1,1834,1314,1835,-1,1835,1314,1538,-1,1835,1538,1836,-1,1836,1538,1580,-1,1836,1580,1837,-1,1838,1839,1840,-1,1840,1839,1841,-1,1842,1843,1844,-1,1845,1846,1838,-1,1847,1848,1849,-1,1844,1845,1842,-1,1842,1845,1838,-1,1842,1838,1850,-1,1850,1838,1840,-1,1850,1840,1851,-1,1851,1840,1852,-1,1853,1854,1838,-1,1849,1853,1847,-1,1847,1853,1838,-1,1847,1838,1855,-1,1855,1838,1846,-1,1855,1846,1856,-1,1856,1846,1857,-1,1858,1859,1860,-1,1861,1862,1863,-1,1864,1865,1839,-1,1839,1865,1866,-1,1839,1866,1867,-1,1868,1869,1838,-1,1870,1871,1854,-1,1854,1871,1872,-1,1854,1872,1838,-1,1838,1872,1873,-1,1863,1868,1861,-1,1861,1868,1838,-1,1861,1838,1874,-1,1874,1838,1873,-1,1874,1873,1875,-1,1875,1873,1876,-1,1877,1878,1867,-1,1867,1878,1879,-1,1867,1879,1839,-1,1839,1879,1880,-1,1881,1882,1883,-1,1884,1885,1880,-1,1880,1885,1886,-1,1880,1886,1839,-1,1839,1886,1887,-1,1888,1889,1838,-1,1883,1888,1881,-1,1881,1888,1838,-1,1881,1838,1890,-1,1890,1838,1869,-1,1890,1869,1891,-1,1891,1869,1892,-1,1893,1894,1887,-1,1887,1894,1895,-1,1887,1895,1839,-1,1839,1895,1896,-1,1897,1898,1899,-1,1900,1901,1896,-1,1896,1901,1902,-1,1896,1902,1839,-1,1839,1902,1903,-1,1904,1905,1838,-1,1899,1904,1897,-1,1897,1904,1838,-1,1897,1838,1906,-1,1906,1838,1889,-1,1906,1889,1907,-1,1907,1889,1908,-1,1909,1910,1903,-1,1903,1910,1911,-1,1903,1911,1839,-1,1839,1911,1912,-1,1913,1914,1915,-1,1916,1917,1912,-1,1912,1917,1918,-1,1912,1918,1839,-1,1839,1918,1919,-1,1920,1921,1838,-1,1915,1920,1913,-1,1913,1920,1838,-1,1913,1838,1922,-1,1922,1838,1905,-1,1922,1905,1923,-1,1923,1905,1924,-1,1925,1926,1919,-1,1919,1926,1927,-1,1919,1927,1839,-1,1839,1927,1928,-1,1929,1930,1931,-1,1932,1933,1838,-1,1934,1935,1928,-1,1928,1935,1936,-1,1928,1936,1839,-1,1839,1936,1937,-1,1931,1932,1929,-1,1929,1932,1838,-1,1929,1838,1938,-1,1938,1838,1921,-1,1938,1921,1939,-1,1939,1921,1940,-1,1941,1942,1937,-1,1937,1942,1943,-1,1937,1943,1839,-1,1839,1943,1944,-1,1945,1946,1838,-1,1947,1948,1944,-1,1944,1948,1949,-1,1944,1949,1839,-1,1839,1949,1950,-1,1951,1952,1953,-1,1954,1955,1950,-1,1950,1955,1956,-1,1950,1956,1839,-1,1839,1956,1957,-1,1953,1945,1951,-1,1951,1945,1838,-1,1951,1838,1958,-1,1958,1838,1933,-1,1958,1933,1959,-1,1959,1933,1960,-1,1860,1841,1858,-1,1858,1841,1839,-1,1858,1839,1961,-1,1961,1839,1957,-1,1961,1957,1962,-1,1962,1957,1963,-1,1964,1965,1966,-1,1966,1965,1838,-1,1966,1838,1967,-1,1967,1838,1946,-1,1967,1946,1968,-1,1968,1946,1969,-1,1970,1971,1972,-1,1962,1963,1973,-1,1973,1963,1974,-1,1860,1859,1975,-1,1975,1859,1976,-1,1977,1978,1979,-1,1980,1981,1982,-1,1982,1981,1983,-1,1851,1852,1984,-1,1984,1852,1985,-1,1986,1987,1988,-1,1989,1990,1991,-1,1991,1990,1992,-1,1955,1954,1993,-1,1993,1954,1994,-1,1995,1996,1997,-1,1997,1996,1998,-1,1844,1843,1999,-1,1999,1843,2000,-1,1856,1857,2001,-1,2001,1857,2002,-1,2003,2004,2005,-1,2005,2004,2006,-1,2007,2008,2009,-1,1948,1947,2010,-1,2010,1947,2011,-1,2012,2013,2014,-1,1849,1848,2014,-1,2014,1848,2015,-1,2014,2015,2012,-1,2012,2015,2001,-1,2012,2001,2006,-1,2006,2001,2002,-1,2006,2002,2005,-1,2005,2002,1999,-1,2005,1999,1998,-1,1998,1999,2000,-1,1998,2000,1997,-1,1997,2000,1984,-1,1997,1984,1983,-1,1983,1984,1985,-1,1983,1985,1982,-1,1982,1985,1975,-1,1982,1975,1992,-1,1992,1975,1976,-1,1992,1976,1991,-1,1991,1976,1973,-1,1991,1973,2016,-1,1942,1941,2017,-1,2017,1941,2018,-1,1875,1876,2019,-1,2019,1876,2020,-1,2021,2022,2023,-1,2023,2022,2024,-1,2025,2026,2027,-1,2027,2026,2028,-1,2029,2030,2012,-1,2012,2030,2031,-1,2012,2031,2013,-1,2013,2031,2032,-1,2013,2032,1870,-1,1870,2032,1871,-1,2033,2034,2035,-1,2035,2034,2036,-1,1972,2016,1970,-1,1970,2016,1973,-1,1970,1973,1979,-1,1979,1973,1974,-1,1979,1974,1977,-1,1977,1974,1993,-1,1977,1993,2037,-1,2037,1993,1994,-1,2037,1994,2038,-1,2038,1994,2010,-1,1935,1934,2039,-1,2039,1934,2040,-1,2041,2042,2043,-1,2043,2042,2044,-1,1863,1862,2045,-1,2045,1862,2046,-1,1926,1925,2047,-1,2047,1925,2048,-1,2049,2050,2051,-1,2051,2050,2052,-1,2053,2054,2055,-1,2055,2054,2056,-1,2057,2045,2058,-1,2058,2045,2046,-1,2058,2046,2024,-1,2024,2046,2019,-1,2024,2019,2023,-1,2023,2019,2020,-1,2023,2020,2034,-1,2034,2020,2032,-1,2034,2032,2036,-1,2036,2032,2031,-1,2059,2060,2058,-1,2058,2060,2061,-1,2058,2061,2057,-1,2057,2061,2062,-1,2057,2062,1892,-1,1892,2062,1891,-1,1917,1916,2063,-1,2063,1916,2064,-1,1883,1882,2065,-1,2065,1882,2066,-1,2067,2068,2069,-1,2069,2068,2070,-1,2071,2072,2073,-1,2073,2072,2074,-1,1910,1909,2075,-1,2075,1909,2076,-1,1907,1908,2077,-1,2077,1908,2078,-1,2079,2080,2081,-1,2081,2080,2082,-1,2083,2084,2085,-1,2085,2084,2086,-1,1901,1900,2087,-1,2087,1900,2088,-1,1899,1898,2089,-1,2089,1898,2090,-1,2091,2092,2093,-1,2093,2092,2094,-1,2095,2096,2097,-1,2097,2096,2098,-1,1894,1893,2099,-1,2099,1893,2100,-1,1923,1924,2101,-1,2101,1924,2102,-1,2103,2104,2105,-1,2105,2104,2106,-1,2107,2108,2109,-1,2109,2108,2110,-1,1885,1884,2111,-1,2111,1884,2112,-1,1915,1914,2113,-1,2113,1914,2114,-1,2115,2116,2117,-1,2117,2116,2118,-1,2119,2120,2121,-1,2121,2120,2122,-1,1878,1877,2123,-1,2123,1877,2124,-1,1939,1940,2125,-1,2125,1940,2126,-1,2127,2128,2129,-1,2129,2128,2130,-1,2131,2132,2133,-1,2133,2132,2134,-1,1865,1864,2135,-1,2135,1864,2136,-1,2135,2136,2137,-1,2137,2136,2138,-1,2009,2038,2007,-1,2007,2038,2010,-1,2007,2010,2028,-1,2028,2010,2011,-1,2028,2011,2027,-1,2027,2011,2017,-1,2027,2017,2044,-1,2044,2017,2018,-1,2044,2018,2043,-1,2043,2018,2039,-1,2043,2039,2056,-1,2056,2039,2040,-1,2056,2040,2055,-1,2055,2040,2047,-1,2055,2047,2074,-1,2074,2047,2048,-1,2074,2048,2073,-1,2073,2048,2063,-1,2073,2063,2086,-1,2086,2063,2064,-1,2086,2064,2085,-1,2085,2064,2075,-1,2085,2075,2098,-1,2098,2075,2076,-1,2098,2076,2097,-1,2097,2076,2087,-1,2097,2087,2110,-1,2110,2087,2088,-1,2110,2088,2109,-1,2109,2088,2099,-1,2109,2099,2122,-1,2122,2099,2100,-1,2122,2100,2121,-1,2121,2100,2111,-1,2121,2111,2134,-1,2134,2111,2112,-1,2134,2112,2133,-1,2133,2112,2123,-1,2133,2123,2137,-1,2137,2123,2124,-1,2137,2124,2135,-1,1931,1930,2139,-1,2139,1930,2140,-1,2141,2139,2142,-1,2142,2139,2140,-1,2142,2140,2130,-1,2130,2140,2125,-1,2130,2125,2129,-1,2129,2125,2126,-1,2129,2126,2118,-1,2118,2126,2113,-1,2118,2113,2117,-1,2117,2113,2114,-1,2117,2114,2106,-1,2106,2114,2101,-1,2106,2101,2105,-1,2105,2101,2102,-1,2105,2102,2094,-1,2094,2102,2089,-1,2094,2089,2093,-1,2093,2089,2090,-1,2093,2090,2082,-1,2082,2090,2077,-1,2082,2077,2081,-1,2081,2077,2078,-1,2081,2078,2070,-1,2070,2078,2065,-1,2070,2065,2069,-1,2069,2065,2066,-1,2069,2066,2052,-1,2052,2066,2062,-1,2052,2062,2051,-1,2051,2062,2061,-1,2143,2144,2142,-1,2142,2144,2145,-1,2142,2145,2141,-1,2141,2145,2146,-1,2141,2146,1960,-1,1960,2146,1959,-1,1953,1952,2147,-1,2147,1952,2148,-1,2149,2150,2151,-1,2151,2150,2152,-1,1968,1969,2153,-1,2153,1969,2154,-1,2155,2156,2157,-1,2157,2156,2158,-1,1965,1964,2159,-1,2160,2161,2162,-1,2162,2161,2163,-1,1988,1965,1986,-1,1986,1965,2159,-1,1986,2159,2161,-1,2161,2159,2153,-1,2161,2153,2163,-1,2163,2153,2154,-1,2163,2154,2156,-1,2156,2154,2147,-1,2156,2147,2158,-1,2158,2147,2148,-1,2158,2148,2150,-1,2150,2148,2146,-1,2150,2146,2152,-1,2152,2146,2145,-1,2164,2165,2166,-1,2166,2165,2167,-1,2168,2169,2170,-1,2170,2169,2171,-1,1190,2172,1189,-1,1189,2172,2173,-1,1189,2173,1188,-1,1184,2174,1183,-1,1183,2174,2175,-1,1183,2175,1181,-1,1179,2176,1180,-1,1180,2176,2177,-1,1180,2177,1177,-1,1172,2178,1171,-1,1171,2178,2179,-1,1171,2179,1170,-1,2180,1161,2181,-1,2181,1161,1165,-1,1159,2182,1160,-1,1160,2182,2183,-1,1160,2183,1157,-1,2169,2184,2171,-1,2171,2184,2185,-1,2165,1559,2167,-1,2167,1559,1561,-1,1557,2168,1555,-1,1555,2168,2170,-1,2186,2187,2188,-1,2188,2187,2189,-1,2190,2191,2192,-1,2192,2191,2193,-1,2194,2195,2196,-1,2196,2195,2197,-1,2198,2199,2200,-1,2200,2199,2201,-1,2202,2203,2204,-1,2204,2203,2205,-1,2206,2207,2208,-1,2208,2207,2209,-1,1187,1188,2186,-1,2188,1184,1185,-1,2188,1185,2186,-1,2186,1185,1186,-1,2186,1186,1187,-1,1181,2193,1182,-1,1182,2193,2191,-1,1182,2191,1178,-1,1178,2191,1179,-1,1176,1177,2197,-1,1172,1173,2195,-1,2195,1173,1174,-1,2195,1174,2197,-1,2197,1174,1175,-1,2197,1175,1176,-1,1169,1170,2201,-1,1165,1166,2199,-1,2199,1166,1167,-1,2199,1167,2201,-1,2201,1167,1168,-1,2201,1168,1169,-1,1162,1161,2205,-1,1159,1158,2203,-1,2203,1158,1164,-1,2203,1164,2205,-1,2205,1164,1163,-1,2205,1163,1162,-1,2207,711,2209,-1,2209,711,1154,-1,1154,1155,2209,-1,2209,1155,1156,-1,2209,1156,1157,-1,2210,2211,2212,-1,2212,2211,2213,-1,2175,2174,38,-1,38,2174,2189,-1,2202,2204,2182,-1,2182,2204,2180,-1,2182,2180,513,-1,2190,2192,2176,-1,2176,2192,2175,-1,2184,2206,2185,-1,2185,2206,2208,-1,2185,2208,513,-1,513,2208,2183,-1,513,2183,2182,-1,2198,2200,2181,-1,2181,2200,2179,-1,34,496,2194,-1,2189,2187,38,-1,38,2187,2173,-1,38,2173,2172,-1,2178,512,2179,-1,2179,512,513,-1,2179,513,2181,-1,2181,513,2180,-1,2211,2214,2213,-1,2213,2214,2215,-1,2213,2215,2172,-1,2172,2215,468,-1,2172,468,38,-1,2175,38,2176,-1,2176,38,34,-1,2176,34,2177,-1,2177,34,2194,-1,2177,2194,2196,-1,496,396,2194,-1,2194,396,397,-1,2194,397,508,-1,508,509,2194,-1,2194,509,510,-1,2194,510,2178,-1,2178,510,511,-1,2178,511,512,-1,2212,1190,1191,-1,1191,1192,2212,-1,2212,1192,1193,-1,2212,1193,2210,-1,2210,1193,1194,-1,2210,1194,1195,-1,2216,2217,2218,-1,2218,2217,2219,-1,2207,2206,2184,-1,2184,2169,1557,-1,1557,2169,2168,-1,711,2207,712,-1,712,2207,2184,-1,712,2184,850,-1,850,2184,849,-1,849,2184,1557,-1,849,1557,1558,-1,2165,2164,1559,-1,1559,2164,854,-1,1559,854,1560,-1,1560,854,849,-1,1560,849,1634,-1,1634,849,1558,-1,2218,2219,2220,-1,2220,2219,995,-1,995,994,2220,-1,2220,994,986,-1,2220,986,981,-1,981,976,2220,-1,2220,976,971,-1,2220,971,966,-1,966,963,2220,-1,2220,963,952,-1,2220,952,950,-1,950,716,2220,-1,2220,716,943,-1,2220,943,935,-1,935,930,2220,-1,2220,930,927,-1,2220,927,2221,-1,2221,927,919,-1,2221,919,719,-1,719,909,2221,-1,2221,909,907,-1,2221,907,722,-1,722,897,2221,-1,2221,897,894,-1,2221,894,883,-1,883,878,2221,-1,2221,878,873,-1,2221,873,871,-1,871,725,2221,-1,2221,725,861,-1,2221,861,856,-1,2164,2166,854,-1,854,2166,2221,-1,854,2221,853,-1,853,2221,856,-1,995,2219,1804,-1,1804,2219,2217,-1,1153,730,2214,-1,995,1804,729,-1,729,1804,1805,-1,729,1805,730,-1,1195,1153,2210,-1,2210,1153,2214,-1,2210,2214,2211,-1,2222,2223,1808,-1,1808,2223,2214,-1,1808,2214,1807,-1,1807,2214,730,-1,1807,730,1806,-1,1806,730,1805,-1,2224,2223,2225,-1,2225,2223,2222,-1,2215,2214,2224,-1,2224,2214,2223,-1,1804,2217,1576,-1,1576,2217,2216,-1,1576,2216,1578,-1,2222,1808,2225,-1,2225,1808,1200,-1,2225,1200,1199,-1,2172,1190,2213,-1,2213,1190,2212,-1,1188,2173,2186,-1,2186,2173,2187,-1,2182,1159,2202,-1,2202,1159,2203,-1,1157,2183,2209,-1,2209,2183,2208,-1,2181,1165,2198,-1,2198,1165,2199,-1,1161,2180,2205,-1,2205,2180,2204,-1,2178,1172,2194,-1,2194,1172,2195,-1,1170,2179,2201,-1,2201,2179,2200,-1,2176,1179,2190,-1,2190,1179,2191,-1,1177,2177,2197,-1,2197,2177,2196,-1,2174,1184,2189,-1,2189,1184,2188,-1,1181,2175,2193,-1,2193,2175,2192,-1,1838,1965,2226,-1,2226,1965,1988,-1,2227,2228,2229,-1,2229,2228,2226,-1,1988,1987,2226,-1,2226,1987,2230,-1,2226,2230,2231,-1,2232,2009,2008,-1,2160,2162,2231,-1,2231,2162,2233,-1,2231,2233,2226,-1,2226,2233,2234,-1,2235,2236,2228,-1,2155,2157,2234,-1,2234,2157,2237,-1,2234,2237,2226,-1,2226,2237,2238,-1,2008,2235,2232,-1,2232,2235,2228,-1,2232,2228,2239,-1,2239,2228,2227,-1,2239,2227,1977,-1,1977,2227,1978,-1,2240,2042,2041,-1,2241,2242,2228,-1,2041,2241,2240,-1,2240,2241,2228,-1,2240,2228,2243,-1,2243,2228,2236,-1,2243,2236,2025,-1,2025,2236,2026,-1,2244,2072,2071,-1,2245,2022,2021,-1,2246,2247,2228,-1,2071,2246,2244,-1,2244,2246,2228,-1,2244,2228,2248,-1,2248,2228,2242,-1,2248,2242,2053,-1,2053,2242,2054,-1,2249,2096,2095,-1,2250,1996,1995,-1,2251,2252,2228,-1,2095,2251,2249,-1,2249,2251,2228,-1,2249,2228,2253,-1,2253,2228,2247,-1,2253,2247,2083,-1,2083,2247,2084,-1,2254,1972,1971,-1,2255,2120,2119,-1,2256,2257,2228,-1,2149,2151,2238,-1,2238,2151,2258,-1,2238,2258,2226,-1,2226,2258,2259,-1,2119,2256,2255,-1,2255,2256,2228,-1,2255,2228,2260,-1,2260,2228,2252,-1,2260,2252,2107,-1,2107,2252,2108,-1,2144,2143,2259,-1,2259,2143,2261,-1,2259,2261,2226,-1,2226,2261,2262,-1,2138,2136,2263,-1,2263,2136,2228,-1,2263,2228,2264,-1,2264,2228,2257,-1,2264,2257,2131,-1,2131,2257,2132,-1,2128,2127,2262,-1,2262,2127,2265,-1,2262,2265,2226,-1,2226,2265,2266,-1,2116,2115,2266,-1,2266,2115,2267,-1,2266,2267,2226,-1,2226,2267,2268,-1,2104,2103,2268,-1,2268,2103,2269,-1,2268,2269,2226,-1,2226,2269,2270,-1,2092,2091,2270,-1,2270,2091,2271,-1,2270,2271,2226,-1,2226,2271,2272,-1,2080,2079,2272,-1,2272,2079,2273,-1,2272,2273,2226,-1,2226,2273,2274,-1,2068,2067,2274,-1,2274,2067,2275,-1,2274,2275,2226,-1,2226,2275,2276,-1,2050,2049,2276,-1,2276,2049,2277,-1,2276,2277,2226,-1,2226,2277,2278,-1,2279,2280,2226,-1,2021,2279,2245,-1,2245,2279,2226,-1,2245,2226,2281,-1,2281,2226,2278,-1,2281,2278,2059,-1,2059,2278,2060,-1,2033,2035,2280,-1,2280,2035,2282,-1,2280,2282,2226,-1,2226,2282,2283,-1,2030,2029,2283,-1,2283,2029,2284,-1,2283,2284,2226,-1,2226,2284,2285,-1,2226,2286,2287,-1,2004,2003,2285,-1,2285,2003,2288,-1,2285,2288,2226,-1,2226,2288,2250,-1,2226,2250,2286,-1,2286,2250,1995,-1,1981,1980,2287,-1,2287,1980,2289,-1,2287,2289,2226,-1,2226,2289,2290,-1,1971,2229,2254,-1,2254,2229,2226,-1,2254,2226,2291,-1,2291,2226,2290,-1,2291,2290,1989,-1,1989,2290,1990,-1,2228,2136,1839,-1,1839,2136,1864,-1,731,2228,843,-1,843,2228,1839,-1,731,733,2228,-1,2228,733,732,-1,732,737,2228,-1,2228,737,739,-1,2228,739,741,-1,741,743,2228,-1,2228,743,745,-1,2228,745,746,-1,746,748,2228,-1,2228,748,750,-1,2228,750,2226,-1,2226,750,752,-1,2226,752,754,-1,754,756,2226,-1,2226,756,758,-1,2226,758,759,-1,759,728,2226,-1,2226,728,727,-1,2226,727,763,-1,763,765,2226,-1,2226,765,767,-1,2226,767,769,-1,769,785,2226,-1,2226,785,783,-1,2226,783,781,-1,781,779,2226,-1,2226,779,777,-1,2226,777,775,-1,775,773,2226,-1,2226,773,771,-1,2226,771,770,-1,802,800,1838,-1,1838,800,798,-1,798,796,1838,-1,1838,796,794,-1,1838,794,792,-1,792,790,1838,-1,1838,790,788,-1,1838,788,816,-1,816,814,1838,-1,1838,814,812,-1,1838,812,1839,-1,1839,812,810,-1,1839,818,830,-1,810,808,1839,-1,1839,808,806,-1,1839,806,804,-1,830,828,1839,-1,1839,828,826,-1,1839,826,824,-1,804,822,1839,-1,1839,822,820,-1,1839,820,818,-1,824,842,1839,-1,1839,842,840,-1,1839,840,838,-1,838,836,1839,-1,1839,836,834,-1,1839,834,832,-1,832,846,1839,-1,1839,846,844,-1,1839,844,843,-1,802,1838,770,-1,770,1838,2226,-1,2224,2225,1199,-1,1199,469,2224,-1,2224,469,463,-1,2224,463,2215,-1,2215,463,464,-1,2215,464,465,-1,465,466,2215,-1,2215,466,467,-1,2215,467,468,-1,513,312,2185,-1,2185,312,311,-1,2185,311,518,-1,1555,2170,562,-1,562,2170,2171,-1,562,2171,544,-1,544,2171,2185,-1,544,2185,516,-1,516,2185,518,-1,2218,2220,2292,-1,1578,2216,1580,-1,1580,2216,2218,-1,1580,2218,1837,-1,1837,2218,2292,-1,2293,2221,1568,-1,1568,2221,2166,-1,1568,2166,1563,-1,1563,2166,2167,-1,1563,2167,1561,-1,2293,1568,1809,-1,1809,1810,2293,-1,2293,1810,1811,-1,2293,1811,1812,-1,1812,1813,2293,-1,2293,1813,1814,-1,2293,1814,1815,-1,1815,1816,2293,-1,2293,1816,1817,-1,2293,1817,1818,-1,1818,1819,2293,-1,2293,1819,1820,-1,2293,1820,1821,-1,1821,1822,2293,-1,2293,1822,1823,-1,2293,1823,2292,-1,2292,1823,1824,-1,2292,1824,1825,-1,1825,1826,2292,-1,2292,1826,1827,-1,2292,1827,1828,-1,1828,1829,2292,-1,2292,1829,1830,-1,2292,1830,1831,-1,1831,1832,2292,-1,2292,1832,1833,-1,2292,1833,1834,-1,1834,1835,2292,-1,2292,1835,1836,-1,2292,1836,1837,-1,2292,2220,2293,-1,2293,2220,2221,-1,2294,2295,2296,-1,2297,2298,2299,-1,2299,2298,1152,-1,2299,1152,2296,-1,2296,1152,1148,-1,2296,1148,2294,-1,1151,2300,1149,-1,1149,2300,2301,-1,2300,2302,2301,-1,2301,2302,2303,-1,2302,2304,2303,-1,2303,2304,2305,-1,1569,2306,2307,-1,2306,1569,2308,-1,2308,1569,1551,-1,2308,1551,2309,-1,2309,1551,2305,-1,2309,2305,2307,-1,2307,2305,2304,-1,2307,2304,1569,-1,1572,2133,1573,-1,1573,2133,2137,-1,2264,2310,2263,-1,2263,2310,2311,-1,2294,2311,2295,-1,2295,2311,2310,-1,2295,2310,2297,-1,2297,2310,2298,-1,2304,2264,1569,-1,1569,2264,2131,-1,1569,2131,1571,-1,1571,2131,2133,-1,1571,2133,1572,-1,2304,2302,2300,-1,1151,1152,2300,-1,2300,1152,2298,-1,2300,2298,2304,-1,2304,2298,2310,-1,2304,2310,2264,-1,2138,2263,2305,-1,2294,1148,1149,-1,2301,2303,2305,-1,1573,2137,1550,-1,1550,2137,2138,-1,1550,2138,1551,-1,1551,2138,2305,-1,1149,2301,2294,-1,2294,2301,2305,-1,2294,2305,2311,-1,2311,2305,2263,-1,2312,2313,2314,-1,2315,2316,2317,-1,2317,2316,991,-1,2317,991,2314,-1,2314,991,990,-1,2314,990,2312,-1,2312,2318,2313,-1,2313,2318,2319,-1,2313,2319,2315,-1,2315,2319,2316,-1,2318,1867,2319,-1,2319,1867,1866,-1,2124,1583,2135,-1,2135,1583,1584,-1,1579,2320,2321,-1,2320,1579,2322,-1,2322,1579,1581,-1,2322,1581,2323,-1,2323,1581,2324,-1,2323,2324,2321,-1,2321,2324,2325,-1,2321,2325,1579,-1,2324,2326,2325,-1,2325,2326,2327,-1,2326,2328,2327,-1,2327,2328,2329,-1,2328,992,2329,-1,2329,992,993,-1,1877,1867,2324,-1,2312,990,992,-1,2328,2326,2324,-1,1583,2124,1582,-1,1582,2124,1877,-1,1582,1877,1581,-1,1581,1877,2324,-1,992,2328,2312,-1,2312,2328,2324,-1,2312,2324,2318,-1,2318,2324,1867,-1,2325,1866,1579,-1,1579,1866,1865,-1,1579,1865,1577,-1,1577,1865,2135,-1,1577,2135,1584,-1,2325,2327,2329,-1,993,991,2329,-1,2329,991,2316,-1,2329,2316,2325,-1,2325,2316,2319,-1,2325,2319,1866,-1,2330,2331,2332,-1,2333,2334,2335,-1,2335,2334,1039,-1,2335,1039,2332,-1,2332,1039,1035,-1,2332,1035,2330,-1,1038,2336,1036,-1,1036,2336,2337,-1,2336,2338,2337,-1,2337,2338,2339,-1,2338,2340,2339,-1,2339,2340,2341,-1,1528,2342,2343,-1,2342,1528,2344,-1,2344,1528,1524,-1,2344,1524,2345,-1,2345,1524,2341,-1,2345,2341,2343,-1,2343,2341,2340,-1,2343,2340,1528,-1,1534,2081,1535,-1,1535,2081,2070,-1,2273,2346,2274,-1,2274,2346,2347,-1,2330,2347,2331,-1,2331,2347,2346,-1,2331,2346,2333,-1,2333,2346,2334,-1,2340,2273,1528,-1,1528,2273,2079,-1,1528,2079,1533,-1,1533,2079,2081,-1,1533,2081,1534,-1,2340,2338,2336,-1,1038,1039,2336,-1,2336,1039,2334,-1,2336,2334,2340,-1,2340,2334,2346,-1,2340,2346,2273,-1,2068,2274,2341,-1,2330,1035,1036,-1,2337,2339,2341,-1,1535,2070,1536,-1,1536,2070,2068,-1,1536,2068,1524,-1,1524,2068,2341,-1,1036,2337,2330,-1,2330,2337,2341,-1,2330,2341,2347,-1,2347,2341,2274,-1,2348,2349,2350,-1,2351,2352,2353,-1,2353,2352,1048,-1,2353,1048,2350,-1,2350,1048,1044,-1,2350,1044,2348,-1,1047,2354,1045,-1,1045,2354,2355,-1,2354,2356,2355,-1,2355,2356,2357,-1,2356,630,2357,-1,2357,630,629,-1,1588,2069,1589,-1,1589,2069,2052,-1,2275,2358,2276,-1,2276,2358,2359,-1,2348,2359,2349,-1,2349,2359,2358,-1,2349,2358,2351,-1,2351,2358,2352,-1,630,2275,623,-1,623,2275,2067,-1,623,2067,1587,-1,1587,2067,2069,-1,1587,2069,1588,-1,630,2356,2354,-1,1047,1048,2354,-1,2354,1048,2352,-1,2354,2352,630,-1,630,2352,2358,-1,630,2358,2275,-1,2050,2276,629,-1,2348,1044,1045,-1,2355,2357,629,-1,1589,2052,1590,-1,1590,2052,2050,-1,1590,2050,627,-1,627,2050,629,-1,1045,2355,2348,-1,2348,2355,629,-1,2348,629,2359,-1,2359,629,2276,-1,2360,2361,2362,-1,2363,2364,2365,-1,2365,2364,1034,-1,2365,1034,2362,-1,2362,1034,1030,-1,2362,1030,2360,-1,1033,2366,1031,-1,1031,2366,2367,-1,2366,2368,2367,-1,2367,2368,2369,-1,2368,2370,2369,-1,2369,2370,2371,-1,1504,2372,2373,-1,2372,1504,2374,-1,2374,1504,1499,-1,2374,1499,2375,-1,2375,1499,2371,-1,2375,2371,2373,-1,2373,2371,2370,-1,2373,2370,1504,-1,1501,2105,1500,-1,1500,2105,2094,-1,2269,2376,2270,-1,2270,2376,2377,-1,2360,2377,2361,-1,2361,2377,2376,-1,2361,2376,2363,-1,2363,2376,2364,-1,2370,2269,1504,-1,1504,2269,2103,-1,1504,2103,1502,-1,1502,2103,2105,-1,1502,2105,1501,-1,2370,2368,2366,-1,1033,1034,2366,-1,2366,1034,2364,-1,2366,2364,2370,-1,2370,2364,2376,-1,2370,2376,2269,-1,2092,2270,2371,-1,2360,1030,1031,-1,2367,2369,2371,-1,1500,2094,1498,-1,1498,2094,2092,-1,1498,2092,1499,-1,1499,2092,2371,-1,1031,2367,2360,-1,2360,2367,2371,-1,2360,2371,2377,-1,2377,2371,2270,-1,2378,2379,2380,-1,2381,2382,2383,-1,2383,2382,1042,-1,2383,1042,2380,-1,2380,1042,1041,-1,2380,1041,2378,-1,1043,2384,1040,-1,1040,2384,2385,-1,2384,2386,2385,-1,2385,2386,2387,-1,2386,622,2387,-1,2387,622,621,-1,1531,2093,1529,-1,1529,2093,2082,-1,2271,2388,2272,-1,2272,2388,2389,-1,2378,2389,2379,-1,2379,2389,2388,-1,2379,2388,2381,-1,2381,2388,2382,-1,622,2271,615,-1,615,2271,2091,-1,615,2091,1530,-1,1530,2091,2093,-1,1530,2093,1531,-1,622,2386,2384,-1,1043,1042,2384,-1,2384,1042,2382,-1,2384,2382,622,-1,622,2382,2388,-1,622,2388,2271,-1,2080,2272,621,-1,2378,1041,1040,-1,2385,2387,621,-1,1529,2082,1532,-1,1532,2082,2080,-1,1532,2080,619,-1,619,2080,621,-1,1040,2385,2378,-1,2378,2385,621,-1,2378,621,2389,-1,2389,621,2272,-1,2390,2391,2392,-1,2393,2394,2395,-1,2395,2394,1059,-1,2395,1059,2392,-1,2392,1059,1063,-1,2392,1063,2390,-1,1060,2396,1062,-1,1062,2396,2397,-1,2396,2398,2397,-1,2397,2398,2399,-1,2398,2400,2399,-1,2399,2400,2401,-1,1484,2402,2403,-1,2402,1484,2404,-1,2404,1484,1479,-1,2404,1479,2405,-1,2405,1479,2401,-1,2405,2401,2403,-1,2403,2401,2400,-1,2403,2400,1484,-1,1481,2023,1480,-1,1480,2023,2034,-1,2279,2406,2280,-1,2280,2406,2407,-1,2390,2407,2391,-1,2391,2407,2406,-1,2391,2406,2393,-1,2393,2406,2394,-1,2400,2279,1484,-1,1484,2279,2021,-1,1484,2021,1482,-1,1482,2021,2023,-1,1482,2023,1481,-1,2400,2398,2396,-1,1060,1059,2396,-1,2396,1059,2394,-1,2396,2394,2400,-1,2400,2394,2406,-1,2400,2406,2279,-1,2033,2280,2401,-1,2390,1063,1062,-1,2397,2399,2401,-1,1480,2034,1478,-1,1478,2034,2033,-1,1478,2033,1479,-1,1479,2033,2401,-1,1062,2397,2390,-1,2390,2397,2401,-1,2390,2401,2407,-1,2407,2401,2280,-1,2408,2409,2410,-1,2411,2412,2413,-1,2413,2412,1064,-1,2413,1064,2410,-1,2410,1064,1068,-1,2410,1068,2408,-1,1065,2414,1067,-1,1067,2414,2415,-1,2414,2416,2415,-1,2415,2416,2417,-1,2416,646,2417,-1,2417,646,645,-1,1614,2036,1615,-1,1615,2036,2031,-1,2282,2418,2283,-1,2283,2418,2419,-1,2408,2419,2409,-1,2409,2419,2418,-1,2409,2418,2411,-1,2411,2418,2412,-1,646,2282,639,-1,639,2282,2035,-1,639,2035,1613,-1,1613,2035,2036,-1,1613,2036,1614,-1,646,2416,2414,-1,1065,1064,2414,-1,2414,1064,2412,-1,2414,2412,646,-1,646,2412,2418,-1,646,2418,2282,-1,2030,2283,645,-1,2408,1068,1067,-1,2415,2417,645,-1,1615,2031,1616,-1,1616,2031,2030,-1,1616,2030,643,-1,643,2030,645,-1,1067,2415,2408,-1,2408,2415,645,-1,2408,645,2419,-1,2419,645,2283,-1,2420,2421,2422,-1,2423,2424,2425,-1,2425,2424,1049,-1,2425,1049,2422,-1,2422,1049,1053,-1,2422,1053,2420,-1,1050,2426,1052,-1,1052,2426,2427,-1,2426,2428,2427,-1,2427,2428,2429,-1,2428,2430,2429,-1,2429,2430,2431,-1,1464,2432,2433,-1,2432,1464,2434,-1,2434,1464,1459,-1,2434,1459,2435,-1,2435,1459,2431,-1,2435,2431,2433,-1,2433,2431,2430,-1,2433,2430,1464,-1,1461,2051,1460,-1,1460,2051,2061,-1,2277,2436,2278,-1,2278,2436,2437,-1,2420,2437,2421,-1,2421,2437,2436,-1,2421,2436,2423,-1,2423,2436,2424,-1,2430,2277,1464,-1,1464,2277,2049,-1,1464,2049,1462,-1,1462,2049,2051,-1,1462,2051,1461,-1,2430,2428,2426,-1,1050,1049,2426,-1,2426,1049,2424,-1,2426,2424,2430,-1,2430,2424,2436,-1,2430,2436,2277,-1,2060,2278,2431,-1,2420,1053,1052,-1,2427,2429,2431,-1,1460,2061,1458,-1,1458,2061,2060,-1,1458,2060,1459,-1,1459,2060,2431,-1,1052,2427,2420,-1,2420,2427,2431,-1,2420,2431,2437,-1,2437,2431,2278,-1,2438,2439,2440,-1,2441,2442,2443,-1,2443,2442,1058,-1,2443,1058,2440,-1,2440,1058,1054,-1,2440,1054,2438,-1,1057,2444,1055,-1,1055,2444,2445,-1,2444,2446,2445,-1,2445,2446,2447,-1,2446,638,2447,-1,2447,638,637,-1,1630,2058,1631,-1,1631,2058,2024,-1,2281,2448,2245,-1,2245,2448,2449,-1,2438,2449,2439,-1,2439,2449,2448,-1,2439,2448,2441,-1,2441,2448,2442,-1,638,2281,631,-1,631,2281,2059,-1,631,2059,1629,-1,1629,2059,2058,-1,1629,2058,1630,-1,638,2446,2444,-1,1057,1058,2444,-1,2444,1058,2442,-1,2444,2442,638,-1,638,2442,2448,-1,638,2448,2281,-1,2022,2245,637,-1,2438,1054,1055,-1,2445,2447,637,-1,1631,2024,1632,-1,1632,2024,2022,-1,1632,2022,635,-1,635,2022,637,-1,1055,2445,2438,-1,2438,2445,637,-1,2438,637,2449,-1,2449,637,2245,-1,2450,2451,2452,-1,2453,2454,2455,-1,2455,2454,1004,-1,2455,1004,2452,-1,2452,1004,1000,-1,2452,1000,2450,-1,1003,2456,1001,-1,1001,2456,2457,-1,2456,2458,2457,-1,2457,2458,2459,-1,2458,2460,2459,-1,2459,2460,2461,-1,1444,2462,2463,-1,2462,1444,2464,-1,2464,1444,1439,-1,2464,1439,2465,-1,2465,1439,2461,-1,2465,2461,2463,-1,2463,2461,2460,-1,2463,2460,1444,-1,1441,2163,1440,-1,1440,2163,2156,-1,2233,2466,2234,-1,2234,2466,2467,-1,2450,2467,2451,-1,2451,2467,2466,-1,2451,2466,2453,-1,2453,2466,2454,-1,2460,2233,1444,-1,1444,2233,2162,-1,1444,2162,1442,-1,1442,2162,2163,-1,1442,2163,1441,-1,2460,2458,2456,-1,1003,1004,2456,-1,2456,1004,2454,-1,2456,2454,2460,-1,2460,2454,2466,-1,2460,2466,2233,-1,2155,2234,2461,-1,2450,1000,1001,-1,2457,2459,2461,-1,1440,2156,1438,-1,1438,2156,2155,-1,1438,2155,1439,-1,1439,2155,2461,-1,1001,2457,2450,-1,2450,2457,2461,-1,2450,2461,2467,-1,2467,2461,2234,-1,2468,2469,2470,-1,2471,2472,2473,-1,2473,2472,1007,-1,2473,1007,2470,-1,2470,1007,1008,-1,2470,1008,2468,-1,1006,2474,1009,-1,1009,2474,2475,-1,2474,2476,2475,-1,2475,2476,2477,-1,2476,598,2477,-1,2477,598,597,-1,1653,2158,1654,-1,1654,2158,2150,-1,2237,2478,2238,-1,2238,2478,2479,-1,2468,2479,2469,-1,2469,2479,2478,-1,2469,2478,2471,-1,2471,2478,2472,-1,598,2237,591,-1,591,2237,2157,-1,591,2157,1652,-1,1652,2157,2158,-1,1652,2158,1653,-1,598,2476,2474,-1,1006,1007,2474,-1,2474,1007,2472,-1,2474,2472,598,-1,598,2472,2478,-1,598,2478,2237,-1,2149,2238,597,-1,2468,1008,1009,-1,2475,2477,597,-1,1654,2150,1655,-1,1655,2150,2149,-1,1655,2149,595,-1,595,2149,597,-1,1009,2475,2468,-1,2468,2475,597,-1,2468,597,2479,-1,2479,597,2238,-1,2480,2481,2482,-1,2483,2484,2485,-1,2485,2484,996,-1,2485,996,2482,-1,2482,996,999,-1,2482,999,2480,-1,997,2486,998,-1,998,2486,2487,-1,2486,2488,2487,-1,2487,2488,2489,-1,2488,590,2489,-1,2489,590,589,-1,1657,1986,1656,-1,1656,1986,2161,-1,2230,2490,2231,-1,2231,2490,2491,-1,2480,2491,2481,-1,2481,2491,2490,-1,2481,2490,2483,-1,2483,2490,2484,-1,590,2230,583,-1,583,2230,1987,-1,583,1987,1556,-1,1556,1987,1986,-1,1556,1986,1657,-1,590,2488,2486,-1,997,996,2486,-1,2486,996,2484,-1,2486,2484,590,-1,590,2484,2490,-1,590,2490,2230,-1,2160,2231,589,-1,2480,999,998,-1,2487,2489,589,-1,1656,2161,1554,-1,1554,2161,2160,-1,1554,2160,587,-1,587,2160,589,-1,998,2487,2480,-1,2480,2487,589,-1,2480,589,2491,-1,2491,589,2231,-1,2492,2493,2494,-1,2495,2496,2497,-1,2497,2496,1024,-1,2497,1024,2494,-1,2494,1024,1020,-1,2494,1020,2492,-1,1023,2498,1021,-1,1021,2498,2499,-1,2498,2500,2499,-1,2499,2500,2501,-1,2500,2502,2501,-1,2501,2502,2503,-1,1424,2504,2505,-1,2504,1424,2506,-1,2506,1424,1419,-1,2506,1419,2507,-1,2507,1419,2503,-1,2507,2503,2505,-1,2505,2503,2502,-1,2505,2502,1424,-1,1421,2129,1420,-1,1420,2129,2118,-1,2265,2508,2266,-1,2266,2508,2509,-1,2492,2509,2493,-1,2493,2509,2508,-1,2493,2508,2495,-1,2495,2508,2496,-1,2502,2265,1424,-1,1424,2265,2127,-1,1424,2127,1422,-1,1422,2127,2129,-1,1422,2129,1421,-1,2502,2500,2498,-1,1023,1024,2498,-1,2498,1024,2496,-1,2498,2496,2502,-1,2502,2496,2508,-1,2502,2508,2265,-1,2116,2266,2503,-1,2492,1020,1021,-1,2499,2501,2503,-1,1420,2118,1418,-1,1418,2118,2116,-1,1418,2116,1419,-1,1419,2116,2503,-1,1021,2499,2492,-1,2492,2499,2503,-1,2492,2503,2509,-1,2509,2503,2266,-1,2510,2511,2512,-1,2513,2514,2515,-1,2515,2514,1029,-1,2515,1029,2512,-1,2512,1029,1025,-1,2512,1025,2510,-1,1028,2516,1026,-1,1026,2516,2517,-1,2516,2518,2517,-1,2517,2518,2519,-1,2518,614,2519,-1,2519,614,613,-1,1682,2117,1683,-1,1683,2117,2106,-1,2267,2520,2268,-1,2268,2520,2521,-1,2510,2521,2511,-1,2511,2521,2520,-1,2511,2520,2513,-1,2513,2520,2514,-1,614,2267,607,-1,607,2267,2115,-1,607,2115,1681,-1,1681,2115,2117,-1,1681,2117,1682,-1,614,2518,2516,-1,1028,1029,2516,-1,2516,1029,2514,-1,2516,2514,614,-1,614,2514,2520,-1,614,2520,2267,-1,2104,2268,613,-1,2510,1025,1026,-1,2517,2519,613,-1,1683,2106,1684,-1,1684,2106,2104,-1,1684,2104,611,-1,611,2104,613,-1,1026,2517,2510,-1,2510,2517,613,-1,2510,613,2521,-1,2521,613,2268,-1,2522,2523,2524,-1,2525,2526,2527,-1,2527,2526,1010,-1,2527,1010,2524,-1,2524,1010,1014,-1,2524,1014,2522,-1,1011,2528,1012,-1,1012,2528,2529,-1,2528,2530,2529,-1,2529,2530,2531,-1,2530,2532,2531,-1,2531,2532,2533,-1,1404,2534,2535,-1,2534,1404,2536,-1,2536,1404,1399,-1,2536,1399,2537,-1,2537,1399,2533,-1,2537,2533,2535,-1,2535,2533,2532,-1,2535,2532,1404,-1,1401,2152,1400,-1,1400,2152,2145,-1,2258,2538,2259,-1,2259,2538,2539,-1,2522,2539,2523,-1,2523,2539,2538,-1,2523,2538,2525,-1,2525,2538,2526,-1,2532,2258,1404,-1,1404,2258,2151,-1,1404,2151,1402,-1,1402,2151,2152,-1,1402,2152,1401,-1,2532,2530,2528,-1,1011,1010,2528,-1,2528,1010,2526,-1,2528,2526,2532,-1,2532,2526,2538,-1,2532,2538,2258,-1,2144,2259,2533,-1,2522,1014,1012,-1,2529,2531,2533,-1,1400,2145,1398,-1,1398,2145,2144,-1,1398,2144,1399,-1,1399,2144,2533,-1,1012,2529,2522,-1,2522,2529,2533,-1,2522,2533,2539,-1,2539,2533,2259,-1,2540,2541,2542,-1,2543,2544,2545,-1,2545,2544,1015,-1,2545,1015,2542,-1,2542,1015,1016,-1,2542,1016,2540,-1,1019,2546,1017,-1,1017,2546,2547,-1,2546,2548,2547,-1,2547,2548,2549,-1,2548,606,2549,-1,2549,606,605,-1,1698,2142,1699,-1,1699,2142,2130,-1,2261,2550,2262,-1,2262,2550,2551,-1,2540,2551,2541,-1,2541,2551,2550,-1,2541,2550,2543,-1,2543,2550,2544,-1,606,2261,599,-1,599,2261,2143,-1,599,2143,1697,-1,1697,2143,2142,-1,1697,2142,1698,-1,606,2548,2546,-1,1019,1015,2546,-1,2546,1015,2544,-1,2546,2544,606,-1,606,2544,2550,-1,606,2550,2261,-1,2128,2262,605,-1,2540,1016,1017,-1,2547,2549,605,-1,1699,2130,1700,-1,1700,2130,2128,-1,1700,2128,603,-1,603,2128,605,-1,1017,2547,2540,-1,2540,2547,605,-1,2540,605,2551,-1,2551,605,2262,-1,2552,2553,2554,-1,2555,2556,2557,-1,2557,2556,1118,-1,2557,1118,2554,-1,2554,1118,1114,-1,2554,1114,2552,-1,1117,2558,1115,-1,1115,2558,2559,-1,2558,2560,2559,-1,2559,2560,2561,-1,2560,2562,2561,-1,2561,2562,2563,-1,1374,2564,2565,-1,2564,1374,2566,-1,2566,1374,1372,-1,2566,1372,2567,-1,2567,1372,2563,-1,2567,2563,2565,-1,2565,2563,2562,-1,2565,2562,1374,-1,1382,2055,1383,-1,1383,2055,2074,-1,2248,2568,2244,-1,2244,2568,2569,-1,2552,2569,2553,-1,2553,2569,2568,-1,2553,2568,2555,-1,2555,2568,2556,-1,2562,2248,1374,-1,1374,2248,2053,-1,1374,2053,1381,-1,1381,2053,2055,-1,1381,2055,1382,-1,2562,2560,2558,-1,1117,1118,2558,-1,2558,1118,2556,-1,2558,2556,2562,-1,2562,2556,2568,-1,2562,2568,2248,-1,2072,2244,2563,-1,2552,1114,1115,-1,2559,2561,2563,-1,1383,2074,1384,-1,1384,2074,2072,-1,1384,2072,1372,-1,1372,2072,2563,-1,1115,2559,2552,-1,2552,2559,2563,-1,2552,2563,2569,-1,2569,2563,2244,-1,2570,2571,2572,-1,2573,2574,2575,-1,2575,2574,1127,-1,2575,1127,2572,-1,2572,1127,1123,-1,2572,1123,2570,-1,1126,2576,1124,-1,1124,2576,2577,-1,2576,2578,2577,-1,2577,2578,2579,-1,2578,694,2579,-1,2579,694,693,-1,1704,2073,1705,-1,1705,2073,2086,-1,2246,2580,2247,-1,2247,2580,2581,-1,2570,2581,2571,-1,2571,2581,2580,-1,2571,2580,2573,-1,2573,2580,2574,-1,694,2246,687,-1,687,2246,2071,-1,687,2071,1703,-1,1703,2071,2073,-1,1703,2073,1704,-1,694,2578,2576,-1,1126,1127,2576,-1,2576,1127,2574,-1,2576,2574,694,-1,694,2574,2580,-1,694,2580,2246,-1,2084,2247,693,-1,2570,1123,1124,-1,2577,2579,693,-1,1705,2086,1706,-1,1706,2086,2084,-1,1706,2084,691,-1,691,2084,693,-1,1124,2577,2570,-1,2570,2577,693,-1,2570,693,2581,-1,2581,693,2247,-1,2582,2583,2584,-1,2585,2586,2587,-1,2587,2586,1109,-1,2587,1109,2584,-1,2584,1109,1113,-1,2584,1113,2582,-1,1110,2588,1112,-1,1112,2588,2589,-1,2588,2590,2589,-1,2589,2590,2591,-1,2590,2592,2591,-1,2591,2592,2593,-1,1352,2594,2595,-1,2594,1352,2596,-1,2596,1352,1347,-1,2596,1347,2597,-1,2597,1347,2593,-1,2597,2593,2595,-1,2595,2593,2592,-1,2595,2592,1352,-1,1349,2027,1348,-1,1348,2027,2044,-1,2243,2598,2240,-1,2240,2598,2599,-1,2582,2599,2583,-1,2583,2599,2598,-1,2583,2598,2585,-1,2585,2598,2586,-1,2592,2243,1352,-1,1352,2243,2025,-1,1352,2025,1350,-1,1350,2025,2027,-1,1350,2027,1349,-1,2592,2590,2588,-1,1110,1109,2588,-1,2588,1109,2586,-1,2588,2586,2592,-1,2592,2586,2598,-1,2592,2598,2243,-1,2042,2240,2593,-1,2582,1113,1112,-1,2589,2591,2593,-1,1348,2044,1346,-1,1346,2044,2042,-1,1346,2042,1347,-1,1347,2042,2593,-1,1112,2589,2582,-1,2582,2589,2593,-1,2582,2593,2599,-1,2599,2593,2240,-1,2600,2601,2602,-1,2603,2604,2605,-1,2605,2604,1121,-1,2605,1121,2602,-1,2602,1121,1120,-1,2602,1120,2600,-1,1122,2606,1119,-1,1119,2606,2607,-1,2606,2608,2607,-1,2607,2608,2609,-1,2608,686,2609,-1,2609,686,685,-1,1379,2043,1377,-1,1377,2043,2056,-1,2241,2610,2242,-1,2242,2610,2611,-1,2600,2611,2601,-1,2601,2611,2610,-1,2601,2610,2603,-1,2603,2610,2604,-1,686,2241,679,-1,679,2241,2041,-1,679,2041,1378,-1,1378,2041,2043,-1,1378,2043,1379,-1,686,2608,2606,-1,1122,1121,2606,-1,2606,1121,2604,-1,2606,2604,686,-1,686,2604,2610,-1,686,2610,2241,-1,2054,2242,685,-1,2600,1120,1119,-1,2607,2609,685,-1,1377,2056,1380,-1,1380,2056,2054,-1,1380,2054,683,-1,683,2054,685,-1,1119,2607,2600,-1,2600,2607,685,-1,2600,685,2611,-1,2611,685,2242,-1,2612,2613,2614,-1,2615,2616,2617,-1,2617,2616,1142,-1,2617,1142,2614,-1,2614,1142,1138,-1,2614,1138,2612,-1,1141,2618,1139,-1,1139,2618,2619,-1,2618,2620,2619,-1,2619,2620,2621,-1,2620,2622,2621,-1,2621,2622,2623,-1,1332,2624,2625,-1,2624,1332,2626,-1,2626,1332,1327,-1,2626,1327,2627,-1,2627,1327,2623,-1,2627,2623,2625,-1,2625,2623,2622,-1,2625,2622,1332,-1,1329,2109,1328,-1,1328,2109,2122,-1,2260,2628,2255,-1,2255,2628,2629,-1,2612,2629,2613,-1,2613,2629,2628,-1,2613,2628,2615,-1,2615,2628,2616,-1,2622,2260,1332,-1,1332,2260,2107,-1,1332,2107,1330,-1,1330,2107,2109,-1,1330,2109,1329,-1,2622,2620,2618,-1,1141,1142,2618,-1,2618,1142,2616,-1,2618,2616,2622,-1,2622,2616,2628,-1,2622,2628,2260,-1,2120,2255,2623,-1,2612,1138,1139,-1,2619,2621,2623,-1,1328,2122,1326,-1,1326,2122,2120,-1,1326,2120,1327,-1,1327,2120,2623,-1,1139,2619,2612,-1,2612,2619,2623,-1,2612,2623,2629,-1,2629,2623,2255,-1,2630,2631,2632,-1,2633,2634,2635,-1,2635,2634,1143,-1,2635,1143,2632,-1,2632,1143,1147,-1,2632,1147,2630,-1,1144,2636,1146,-1,1146,2636,2637,-1,2636,2638,2637,-1,2637,2638,2639,-1,2638,710,2639,-1,2639,710,709,-1,1730,2121,1731,-1,1731,2121,2134,-1,2256,2640,2257,-1,2257,2640,2641,-1,2630,2641,2631,-1,2631,2641,2640,-1,2631,2640,2633,-1,2633,2640,2634,-1,710,2256,703,-1,703,2256,2119,-1,703,2119,1729,-1,1729,2119,2121,-1,1729,2121,1730,-1,710,2638,2636,-1,1144,1143,2636,-1,2636,1143,2634,-1,2636,2634,710,-1,710,2634,2640,-1,710,2640,2256,-1,2132,2257,709,-1,2630,1147,1146,-1,2637,2639,709,-1,1731,2134,1732,-1,1732,2134,2132,-1,1732,2132,707,-1,707,2132,709,-1,1146,2637,2630,-1,2630,2637,709,-1,2630,709,2641,-1,2641,709,2257,-1,2642,2643,2644,-1,2645,2646,2647,-1,2647,2646,1132,-1,2647,1132,2644,-1,2644,1132,1128,-1,2644,1128,2642,-1,1131,2648,1129,-1,1129,2648,2649,-1,2648,2650,2649,-1,2649,2650,2651,-1,2650,2652,2651,-1,2651,2652,2653,-1,1312,2654,2655,-1,2654,1312,2656,-1,2656,1312,1307,-1,2656,1307,2657,-1,2657,1307,2653,-1,2657,2653,2655,-1,2655,2653,2652,-1,2655,2652,1312,-1,1309,2085,1308,-1,1308,2085,2098,-1,2253,2658,2249,-1,2249,2658,2659,-1,2642,2659,2643,-1,2643,2659,2658,-1,2643,2658,2645,-1,2645,2658,2646,-1,2652,2253,1312,-1,1312,2253,2083,-1,1312,2083,1310,-1,1310,2083,2085,-1,1310,2085,1309,-1,2652,2650,2648,-1,1131,1132,2648,-1,2648,1132,2646,-1,2648,2646,2652,-1,2652,2646,2658,-1,2652,2658,2253,-1,2096,2249,2653,-1,2642,1128,1129,-1,2649,2651,2653,-1,1308,2098,1306,-1,1306,2098,2096,-1,1306,2096,1307,-1,1307,2096,2653,-1,1129,2649,2642,-1,2642,2649,2653,-1,2642,2653,2659,-1,2659,2653,2249,-1,2660,2661,2662,-1,2663,2664,2665,-1,2665,2664,1137,-1,2665,1137,2662,-1,2662,1137,1133,-1,2662,1133,2660,-1,1136,2666,1134,-1,1134,2666,2667,-1,2666,2668,2667,-1,2667,2668,2669,-1,2668,702,2669,-1,2669,702,701,-1,1746,2097,1747,-1,1747,2097,2110,-1,2251,2670,2252,-1,2252,2670,2671,-1,2660,2671,2661,-1,2661,2671,2670,-1,2661,2670,2663,-1,2663,2670,2664,-1,702,2251,695,-1,695,2251,2095,-1,695,2095,1745,-1,1745,2095,2097,-1,1745,2097,1746,-1,702,2668,2666,-1,1136,1137,2666,-1,2666,1137,2664,-1,2666,2664,702,-1,702,2664,2670,-1,702,2670,2251,-1,2108,2252,701,-1,2660,1133,1134,-1,2667,2669,701,-1,1747,2110,1748,-1,1748,2110,2108,-1,1748,2108,699,-1,699,2108,701,-1,1134,2667,2660,-1,2660,2667,701,-1,2660,701,2671,-1,2671,701,2252,-1,2672,2673,2674,-1,2675,2676,2677,-1,2677,2676,1076,-1,2677,1076,2674,-1,2674,1076,1075,-1,2674,1075,2672,-1,1078,2678,1074,-1,1074,2678,2679,-1,2678,2680,2679,-1,2679,2680,2681,-1,2680,2682,2681,-1,2681,2682,2683,-1,1281,2684,2685,-1,2684,1281,2686,-1,2686,1281,1282,-1,2686,1282,2687,-1,2687,1282,2683,-1,2687,2683,2685,-1,2685,2683,2682,-1,2685,2682,1281,-1,1290,1997,1291,-1,1291,1997,1983,-1,2286,2688,2287,-1,2287,2688,2689,-1,2672,2689,2673,-1,2673,2689,2688,-1,2673,2688,2675,-1,2675,2688,2676,-1,2682,2286,1281,-1,1281,2286,1995,-1,1281,1995,1289,-1,1289,1995,1997,-1,1289,1997,1290,-1,2682,2680,2678,-1,1078,1076,2678,-1,2678,1076,2676,-1,2678,2676,2682,-1,2682,2676,2688,-1,2682,2688,2286,-1,1981,2287,2683,-1,2672,1075,1074,-1,2679,2681,2683,-1,1291,1983,1292,-1,1292,1983,1981,-1,1292,1981,1282,-1,1282,1981,2683,-1,1074,2679,2672,-1,2672,2679,2683,-1,2672,2683,2689,-1,2689,2683,2287,-1,2690,2691,2692,-1,2693,2694,2695,-1,2695,2694,1083,-1,2695,1083,2692,-1,2692,1083,1087,-1,2692,1087,2690,-1,1084,2696,1086,-1,1086,2696,2697,-1,2696,2698,2697,-1,2697,2698,2699,-1,2698,662,2699,-1,2699,662,661,-1,1752,1982,1753,-1,1753,1982,1992,-1,2289,2700,2290,-1,2290,2700,2701,-1,2690,2701,2691,-1,2691,2701,2700,-1,2691,2700,2693,-1,2693,2700,2694,-1,662,2289,655,-1,655,2289,1980,-1,655,1980,1751,-1,1751,1980,1982,-1,1751,1982,1752,-1,662,2698,2696,-1,1084,1083,2696,-1,2696,1083,2694,-1,2696,2694,662,-1,662,2694,2700,-1,662,2700,2289,-1,1990,2290,661,-1,2690,1087,1086,-1,2697,2699,661,-1,1753,1992,1754,-1,1754,1992,1990,-1,1754,1990,659,-1,659,1990,661,-1,1086,2697,2690,-1,2690,2697,661,-1,2690,661,2701,-1,2701,661,2290,-1,2702,2703,2704,-1,2705,2706,2707,-1,2707,2706,1073,-1,2707,1073,2704,-1,2704,1073,1069,-1,2704,1069,2702,-1,1072,2708,1070,-1,1070,2708,2709,-1,2708,2710,2709,-1,2709,2710,2711,-1,2710,2712,2711,-1,2711,2712,2713,-1,1255,2714,2715,-1,2714,1255,2716,-1,2716,1255,1253,-1,2716,1253,2717,-1,2717,1253,2713,-1,2717,2713,2715,-1,2715,2713,2712,-1,2715,2712,1255,-1,1258,2012,1259,-1,1259,2012,2006,-1,2284,2718,2285,-1,2285,2718,2719,-1,2702,2719,2703,-1,2703,2719,2718,-1,2703,2718,2705,-1,2705,2718,2706,-1,2712,2284,1255,-1,1255,2284,2029,-1,1255,2029,1257,-1,1257,2029,2012,-1,1257,2012,1258,-1,2712,2710,2708,-1,1072,1073,2708,-1,2708,1073,2706,-1,2708,2706,2712,-1,2712,2706,2718,-1,2712,2718,2284,-1,2004,2285,2713,-1,2702,1069,1070,-1,2709,2711,2713,-1,1259,2006,1260,-1,1260,2006,2004,-1,1260,2004,1253,-1,1253,2004,2713,-1,1070,2709,2702,-1,2702,2709,2713,-1,2702,2713,2719,-1,2719,2713,2285,-1,2720,2721,2722,-1,2723,2724,2725,-1,2725,2724,1081,-1,2725,1081,2722,-1,2722,1081,1080,-1,2722,1080,2720,-1,1082,2726,1079,-1,1079,2726,2727,-1,2726,2728,2727,-1,2727,2728,2729,-1,2728,654,2729,-1,2729,654,653,-1,1287,2005,1285,-1,1285,2005,1998,-1,2288,2730,2250,-1,2250,2730,2731,-1,2720,2731,2721,-1,2721,2731,2730,-1,2721,2730,2723,-1,2723,2730,2724,-1,654,2288,647,-1,647,2288,2003,-1,647,2003,1286,-1,1286,2003,2005,-1,1286,2005,1287,-1,654,2728,2726,-1,1082,1081,2726,-1,2726,1081,2724,-1,2726,2724,654,-1,654,2724,2730,-1,654,2730,2288,-1,1996,2250,653,-1,2720,1080,1079,-1,2727,2729,653,-1,1285,1998,1288,-1,1288,1998,1996,-1,1288,1996,651,-1,651,1996,653,-1,1079,2727,2720,-1,2720,2727,653,-1,2720,653,2731,-1,2731,653,2250,-1,2732,2733,2734,-1,2735,2736,2737,-1,2737,2736,1098,-1,2737,1098,2734,-1,2734,1098,1102,-1,2734,1102,2732,-1,1099,2738,1101,-1,1101,2738,2739,-1,2738,2740,2739,-1,2739,2740,2741,-1,2740,2742,2741,-1,2741,2742,2743,-1,1240,2744,2745,-1,2744,1240,2746,-1,2746,1240,1235,-1,2746,1235,2747,-1,2747,1235,2743,-1,2747,2743,2745,-1,2745,2743,2742,-1,2745,2742,1240,-1,1237,2037,1236,-1,1236,2037,2038,-1,2239,2748,2232,-1,2232,2748,2749,-1,2732,2749,2733,-1,2733,2749,2748,-1,2733,2748,2735,-1,2735,2748,2736,-1,2742,2239,1240,-1,1240,2239,1977,-1,1240,1977,1238,-1,1238,1977,2037,-1,1238,2037,1237,-1,2742,2740,2738,-1,1099,1098,2738,-1,2738,1098,2736,-1,2738,2736,2742,-1,2742,2736,2748,-1,2742,2748,2239,-1,2009,2232,2743,-1,2732,1102,1101,-1,2739,2741,2743,-1,1236,2038,1234,-1,1234,2038,2009,-1,1234,2009,1235,-1,1235,2009,2743,-1,1101,2739,2732,-1,2732,2739,2743,-1,2732,2743,2749,-1,2749,2743,2232,-1,2750,2751,2752,-1,2753,2754,2755,-1,2755,2754,1107,-1,2755,1107,2752,-1,2752,1107,1103,-1,2752,1103,2750,-1,1106,2756,1104,-1,1104,2756,2757,-1,2756,2758,2757,-1,2757,2758,2759,-1,2758,678,2759,-1,2759,678,677,-1,1768,2007,1769,-1,1769,2007,2028,-1,2235,2760,2236,-1,2236,2760,2761,-1,2750,2761,2751,-1,2751,2761,2760,-1,2751,2760,2753,-1,2753,2760,2754,-1,678,2235,671,-1,671,2235,2008,-1,671,2008,1767,-1,1767,2008,2007,-1,1767,2007,1768,-1,678,2758,2756,-1,1106,1107,2756,-1,2756,1107,2754,-1,2756,2754,678,-1,678,2754,2760,-1,678,2760,2235,-1,2026,2236,677,-1,2750,1103,1104,-1,2757,2759,677,-1,1769,2028,1770,-1,1770,2028,2026,-1,1770,2026,675,-1,675,2026,677,-1,1104,2757,2750,-1,2750,2757,677,-1,2750,677,2761,-1,2761,677,2236,-1,2762,2763,2764,-1,2765,2766,2767,-1,2767,2766,1088,-1,2767,1088,2764,-1,2764,1088,1092,-1,2764,1092,2762,-1,1089,2768,1090,-1,1090,2768,2769,-1,2768,2770,2769,-1,2769,2770,2771,-1,2770,2772,2771,-1,2771,2772,2773,-1,1214,2774,2775,-1,2774,1214,2776,-1,2776,1214,1215,-1,2776,1215,2777,-1,2777,1215,2773,-1,2777,2773,2775,-1,2775,2773,2772,-1,2775,2772,1214,-1,1219,1991,1220,-1,1220,1991,2016,-1,2291,2778,2254,-1,2254,2778,2779,-1,2762,2779,2763,-1,2763,2779,2778,-1,2763,2778,2765,-1,2765,2778,2766,-1,2772,2291,1214,-1,1214,2291,1989,-1,1214,1989,1218,-1,1218,1989,1991,-1,1218,1991,1219,-1,2772,2770,2768,-1,1089,1088,2768,-1,2768,1088,2766,-1,2768,2766,2772,-1,2772,2766,2778,-1,2772,2778,2291,-1,1972,2254,2773,-1,2762,1092,1090,-1,2769,2771,2773,-1,1220,2016,1221,-1,1221,2016,1972,-1,1221,1972,1215,-1,1215,1972,2773,-1,1090,2769,2762,-1,2762,2769,2773,-1,2762,2773,2779,-1,2779,2773,2254,-1,2780,2781,2782,-1,2783,2784,2785,-1,2785,2784,1093,-1,2785,1093,2782,-1,2782,1093,1094,-1,2782,1094,2780,-1,1097,2786,1095,-1,1095,2786,2787,-1,2786,2788,2787,-1,2787,2788,2789,-1,2788,670,2789,-1,2789,670,669,-1,1790,1970,1792,-1,1792,1970,1979,-1,2229,2790,2227,-1,2227,2790,2791,-1,2780,2791,2781,-1,2781,2791,2790,-1,2781,2790,2783,-1,2783,2790,2784,-1,670,2229,663,-1,663,2229,1971,-1,663,1971,1789,-1,1789,1971,1970,-1,1789,1970,1790,-1,670,2788,2786,-1,1097,1093,2786,-1,2786,1093,2784,-1,2786,2784,670,-1,670,2784,2790,-1,670,2790,2229,-1,1978,2227,669,-1,2780,1094,1095,-1,2787,2789,669,-1,1792,1979,1783,-1,1783,1979,1978,-1,1783,1978,667,-1,667,1978,669,-1,1095,2787,2780,-1,2780,2787,669,-1,2780,669,2791,-1,2791,669,2227,-1,2792,2793,2794,-1,2795,2796,2797,-1,2797,2796,989,-1,2797,989,2794,-1,2794,989,988,-1,2794,988,2792,-1,2792,2798,2793,-1,2793,2798,2799,-1,2793,2799,2795,-1,2795,2799,2796,-1,2798,1880,2799,-1,2799,1880,1879,-1,2112,1543,2123,-1,2123,1543,1544,-1,1548,1549,2800,-1,1540,1541,2801,-1,2801,1541,2802,-1,2801,2802,2800,-1,2800,2802,2803,-1,2800,2803,1548,-1,2802,2804,2803,-1,2803,2804,2805,-1,2804,2806,2805,-1,2805,2806,2807,-1,2806,987,2807,-1,2807,987,985,-1,1884,1880,2802,-1,2792,988,987,-1,2806,2804,2802,-1,1543,2112,1542,-1,1542,2112,1884,-1,1542,1884,1541,-1,1541,1884,2802,-1,987,2806,2792,-1,2792,2806,2802,-1,2792,2802,2798,-1,2798,2802,1880,-1,2803,1879,1548,-1,1548,1879,1878,-1,1548,1878,1546,-1,1546,1878,2123,-1,1546,2123,1544,-1,2803,2805,2807,-1,985,989,2807,-1,2807,989,2796,-1,2807,2796,2803,-1,2803,2796,2799,-1,2803,2799,1879,-1,2808,2809,2810,-1,2811,2812,2813,-1,2813,2812,890,-1,2813,890,2810,-1,2810,890,889,-1,2810,889,2808,-1,2808,2814,2809,-1,2809,2814,2815,-1,2809,2815,2811,-1,2811,2815,2812,-1,2814,1897,2815,-1,2815,1897,1906,-1,2090,1509,2077,-1,2077,1509,1508,-1,1517,1516,2816,-1,1512,1511,2817,-1,2817,1511,2818,-1,2817,2818,2816,-1,2816,2818,2819,-1,2816,2819,1517,-1,2818,2820,2819,-1,2819,2820,2821,-1,2820,2822,2821,-1,2821,2822,2823,-1,2822,888,2823,-1,2823,888,887,-1,1898,1897,2818,-1,2808,889,888,-1,2822,2820,2818,-1,1509,2090,1510,-1,1510,2090,1898,-1,1510,1898,1511,-1,1511,1898,2818,-1,888,2822,2808,-1,2808,2822,2818,-1,2808,2818,2814,-1,2814,2818,1897,-1,2819,1906,1517,-1,1517,1906,1907,-1,1517,1907,1523,-1,1523,1907,2077,-1,1523,2077,1508,-1,2819,2821,2823,-1,887,890,2823,-1,2823,890,2812,-1,2823,2812,2819,-1,2819,2812,2815,-1,2819,2815,1906,-1,2824,2825,2826,-1,2827,2828,2829,-1,2829,2828,892,-1,2829,892,2826,-1,2826,892,891,-1,2826,891,2824,-1,2824,2830,2825,-1,2825,2830,2831,-1,2825,2831,2827,-1,2827,2831,2828,-1,2830,1889,2831,-1,2831,1889,1888,-1,2078,1507,2065,-1,2065,1507,1506,-1,1520,2832,2833,-1,2832,1520,2834,-1,2834,1520,1521,-1,2834,1521,2835,-1,2835,1521,2836,-1,2835,2836,2833,-1,2833,2836,2837,-1,2833,2837,1520,-1,2836,2838,2837,-1,2837,2838,2839,-1,2838,2840,2839,-1,2839,2840,2841,-1,2840,895,2841,-1,2841,895,893,-1,1908,1889,2836,-1,2824,891,895,-1,2840,2838,2836,-1,1507,2078,1522,-1,1522,2078,1908,-1,1522,1908,1521,-1,1521,1908,2836,-1,895,2840,2824,-1,2824,2840,2836,-1,2824,2836,2830,-1,2830,2836,1889,-1,2837,1888,1520,-1,1520,1888,1883,-1,1520,1883,1518,-1,1518,1883,2065,-1,1518,2065,1506,-1,2837,2839,2841,-1,893,892,2841,-1,2841,892,2828,-1,2841,2828,2837,-1,2837,2828,2831,-1,2837,2831,1888,-1,2842,2843,2844,-1,2845,2846,2847,-1,2847,2846,881,-1,2847,881,2844,-1,2844,881,880,-1,2844,880,2842,-1,2842,2848,2843,-1,2843,2848,2849,-1,2843,2849,2845,-1,2845,2849,2846,-1,2848,1913,2849,-1,2849,1913,1922,-1,2114,1596,2101,-1,2101,1596,1597,-1,1599,1600,2850,-1,1593,1594,2851,-1,2851,1594,2852,-1,2851,2852,2850,-1,2850,2852,2853,-1,2850,2853,1599,-1,2852,2854,2853,-1,2853,2854,2855,-1,2854,2856,2855,-1,2855,2856,2857,-1,2856,879,2857,-1,2857,879,877,-1,1914,1913,2852,-1,2842,880,879,-1,2856,2854,2852,-1,1596,2114,1595,-1,1595,2114,1914,-1,1595,1914,1594,-1,1594,1914,2852,-1,879,2856,2842,-1,2842,2856,2852,-1,2842,2852,2848,-1,2848,2852,1913,-1,2853,1922,1599,-1,1599,1922,1923,-1,1599,1923,1598,-1,1598,1923,2101,-1,1598,2101,1597,-1,2853,2855,2857,-1,877,881,2857,-1,2857,881,2846,-1,2857,2846,2853,-1,2853,2846,2849,-1,2853,2849,1922,-1,2858,2859,2860,-1,2861,2862,2863,-1,2863,2862,886,-1,2863,886,2860,-1,2860,886,885,-1,2860,885,2858,-1,2858,2864,2859,-1,2859,2864,2865,-1,2859,2865,2861,-1,2861,2865,2862,-1,2864,1905,2865,-1,2865,1905,1904,-1,2102,1491,2089,-1,2089,1491,1493,-1,1485,2866,2867,-1,2866,1485,2868,-1,2868,1485,1487,-1,2868,1487,2869,-1,2869,1487,2870,-1,2869,2870,2867,-1,2867,2870,2871,-1,2867,2871,1485,-1,2870,2872,2871,-1,2871,2872,2873,-1,2872,2874,2873,-1,2873,2874,2875,-1,2874,884,2875,-1,2875,884,882,-1,1924,1905,2870,-1,2858,885,884,-1,2874,2872,2870,-1,1491,2102,1489,-1,1489,2102,1924,-1,1489,1924,1487,-1,1487,1924,2870,-1,884,2874,2858,-1,2858,2874,2870,-1,2858,2870,2864,-1,2864,2870,1905,-1,2871,1904,1485,-1,1485,1904,1899,-1,1485,1899,1495,-1,1495,1899,2089,-1,1495,2089,1493,-1,2871,2873,2875,-1,882,886,2875,-1,2875,886,2862,-1,2875,2862,2871,-1,2871,2862,2865,-1,2871,2865,1904,-1,2876,2877,2878,-1,2879,2880,2881,-1,2881,2880,906,-1,2881,906,2878,-1,2878,906,905,-1,2878,905,2876,-1,2876,2882,2877,-1,2877,2882,2883,-1,2877,2883,2879,-1,2879,2883,2880,-1,2882,1861,2883,-1,2883,1861,1874,-1,2046,1606,2019,-1,2019,1606,1607,-1,1609,1610,2884,-1,1603,1604,2885,-1,2885,1604,2886,-1,2885,2886,2884,-1,2884,2886,2887,-1,2884,2887,1609,-1,2886,2888,2887,-1,2887,2888,2889,-1,2888,2890,2889,-1,2889,2890,2891,-1,2890,721,2891,-1,2891,721,720,-1,1862,1861,2886,-1,2876,905,721,-1,2890,2888,2886,-1,1606,2046,1605,-1,1605,2046,1862,-1,1605,1862,1604,-1,1604,1862,2886,-1,721,2890,2876,-1,2876,2890,2886,-1,2876,2886,2882,-1,2882,2886,1861,-1,2887,1874,1609,-1,1609,1874,1875,-1,1609,1875,1608,-1,1608,1875,2019,-1,1608,2019,1607,-1,2887,2889,2891,-1,720,906,2891,-1,2891,906,2880,-1,2891,2880,2887,-1,2887,2880,2883,-1,2887,2883,1874,-1,2892,2893,2894,-1,2895,2896,2897,-1,2897,2896,912,-1,2897,912,2894,-1,2894,912,911,-1,2894,911,2892,-1,2892,2898,2893,-1,2893,2898,2899,-1,2893,2899,2895,-1,2895,2899,2896,-1,2898,1873,2899,-1,2899,1873,1872,-1,2020,1469,2032,-1,2032,1469,1471,-1,1475,2900,2901,-1,2900,1475,2902,-1,2902,1475,1465,-1,2902,1465,2903,-1,2903,1465,2904,-1,2903,2904,2901,-1,2901,2904,2905,-1,2901,2905,1475,-1,2904,2906,2905,-1,2905,2906,2907,-1,2906,2908,2907,-1,2907,2908,2909,-1,2908,910,2909,-1,2909,910,908,-1,1876,1873,2904,-1,2892,911,910,-1,2908,2906,2904,-1,1469,2020,1467,-1,1467,2020,1876,-1,1467,1876,1465,-1,1465,1876,2904,-1,910,2908,2892,-1,2892,2908,2904,-1,2892,2904,2898,-1,2898,2904,1873,-1,2905,1872,1475,-1,1475,1872,1871,-1,1475,1871,1473,-1,1473,1871,2032,-1,1473,2032,1471,-1,2905,2907,2909,-1,908,912,2909,-1,2909,912,2896,-1,2909,2896,2905,-1,2905,2896,2899,-1,2905,2899,1872,-1,2910,2911,2912,-1,2913,2914,2915,-1,2915,2914,900,-1,2915,900,2912,-1,2912,900,899,-1,2912,899,2910,-1,2910,2916,2911,-1,2911,2916,2917,-1,2911,2917,2913,-1,2913,2917,2914,-1,2916,1881,2917,-1,2917,1881,1890,-1,2066,1622,2062,-1,2062,1622,1623,-1,1625,1626,2918,-1,1619,1620,2919,-1,2919,1620,2920,-1,2919,2920,2918,-1,2918,2920,2921,-1,2918,2921,1625,-1,2920,2922,2921,-1,2921,2922,2923,-1,2922,2924,2923,-1,2923,2924,2925,-1,2924,898,2925,-1,2925,898,896,-1,1882,1881,2920,-1,2910,899,898,-1,2924,2922,2920,-1,1622,2066,1621,-1,1621,2066,1882,-1,1621,1882,1620,-1,1620,1882,2920,-1,898,2924,2910,-1,2910,2924,2920,-1,2910,2920,2916,-1,2916,2920,1881,-1,2921,1890,1625,-1,1625,1890,1891,-1,1625,1891,1624,-1,1624,1891,2062,-1,1624,2062,1623,-1,2921,2923,2925,-1,896,900,2925,-1,2925,900,2914,-1,2925,2914,2921,-1,2921,2914,2917,-1,2921,2917,1890,-1,2926,2927,2928,-1,2929,2930,2931,-1,2931,2930,904,-1,2931,904,2928,-1,2928,904,903,-1,2928,903,2926,-1,2926,2932,2927,-1,2927,2932,2933,-1,2927,2933,2929,-1,2929,2933,2930,-1,2932,1869,2933,-1,2933,1869,1868,-1,2057,1451,2045,-1,2045,1451,1453,-1,1445,2934,2935,-1,2934,1445,2936,-1,2936,1445,1447,-1,2936,1447,2937,-1,2937,1447,2938,-1,2937,2938,2935,-1,2935,2938,2939,-1,2935,2939,1445,-1,2938,2940,2939,-1,2939,2940,2941,-1,2940,2942,2941,-1,2941,2942,2943,-1,2942,902,2943,-1,2943,902,901,-1,1892,1869,2938,-1,2926,903,902,-1,2942,2940,2938,-1,1451,2057,1449,-1,1449,2057,1892,-1,1449,1892,1447,-1,1447,1892,2938,-1,902,2942,2926,-1,2926,2942,2938,-1,2926,2938,2932,-1,2932,2938,1869,-1,2939,1868,1445,-1,1445,1868,1863,-1,1445,1863,1455,-1,1455,1863,2045,-1,1455,2045,1453,-1,2939,2941,2943,-1,901,904,2943,-1,2943,904,2930,-1,2943,2930,2939,-1,2939,2930,2933,-1,2939,2933,1868,-1,2944,2945,2946,-1,2947,2948,2949,-1,2949,2948,851,-1,2949,851,2946,-1,2946,851,848,-1,2946,848,2944,-1,2944,2950,2945,-1,2945,2950,2951,-1,2945,2951,2947,-1,2947,2951,2948,-1,2950,1966,2951,-1,2951,1966,1967,-1,2159,1643,2153,-1,2153,1643,1641,-1,1639,1638,2952,-1,1565,1564,2953,-1,2953,1564,2954,-1,2953,2954,2952,-1,2952,2954,2955,-1,2952,2955,1639,-1,2954,2956,2955,-1,2955,2956,2957,-1,2956,2958,2957,-1,2957,2958,2959,-1,2958,847,2959,-1,2959,847,852,-1,1964,1966,2954,-1,2944,848,847,-1,2958,2956,2954,-1,1643,2159,1562,-1,1562,2159,1964,-1,1562,1964,1564,-1,1564,1964,2954,-1,847,2958,2944,-1,2944,2958,2954,-1,2944,2954,2950,-1,2950,2954,1966,-1,2955,1967,1639,-1,1639,1967,1968,-1,1639,1968,1640,-1,1640,1968,2153,-1,1640,2153,1641,-1,2955,2957,2959,-1,852,851,2959,-1,2959,851,2948,-1,2959,2948,2955,-1,2955,2948,2951,-1,2955,2951,1967,-1,2960,2961,2962,-1,2963,2964,2965,-1,2965,2964,859,-1,2965,859,2962,-1,2962,859,858,-1,2962,858,2960,-1,2960,2966,2961,-1,2961,2966,2967,-1,2961,2967,2963,-1,2963,2967,2964,-1,2966,1946,2967,-1,2967,1946,1945,-1,2154,1431,2147,-1,2147,1431,1433,-1,1425,2968,2969,-1,2968,1425,2970,-1,2970,1425,1427,-1,2970,1427,2971,-1,2971,1427,2972,-1,2971,2972,2969,-1,2969,2972,2973,-1,2969,2973,1425,-1,2972,2974,2973,-1,2973,2974,2975,-1,2974,2976,2975,-1,2975,2976,2977,-1,2976,857,2977,-1,2977,857,855,-1,1969,1946,2972,-1,2960,858,857,-1,2976,2974,2972,-1,1431,2154,1429,-1,1429,2154,1969,-1,1429,1969,1427,-1,1427,1969,2972,-1,857,2976,2960,-1,2960,2976,2972,-1,2960,2972,2966,-1,2966,2972,1946,-1,2973,1945,1425,-1,1425,1945,1953,-1,1425,1953,1435,-1,1435,1953,2147,-1,1435,2147,1433,-1,2973,2975,2977,-1,855,859,2977,-1,2977,859,2964,-1,2977,2964,2973,-1,2973,2964,2967,-1,2973,2967,1945,-1,2978,2979,2980,-1,2981,2982,2983,-1,2983,2982,870,-1,2983,870,2980,-1,2980,870,869,-1,2980,869,2978,-1,2978,2984,2979,-1,2979,2984,2985,-1,2979,2985,2981,-1,2981,2985,2982,-1,2984,1929,2985,-1,2985,1929,1938,-1,2140,1674,2125,-1,2125,1674,1675,-1,1677,1678,2986,-1,1671,1672,2987,-1,2987,1672,2988,-1,2987,2988,2986,-1,2986,2988,2989,-1,2986,2989,1677,-1,2988,2990,2989,-1,2989,2990,2991,-1,2990,2992,2991,-1,2991,2992,2993,-1,2992,724,2993,-1,2993,724,723,-1,1930,1929,2988,-1,2978,869,724,-1,2992,2990,2988,-1,1674,2140,1673,-1,1673,2140,1930,-1,1673,1930,1672,-1,1672,1930,2988,-1,724,2992,2978,-1,2978,2992,2988,-1,2978,2988,2984,-1,2984,2988,1929,-1,2989,1938,1677,-1,1677,1938,1939,-1,1677,1939,1676,-1,1676,1939,2125,-1,1676,2125,1675,-1,2989,2991,2993,-1,723,870,2993,-1,2993,870,2982,-1,2993,2982,2989,-1,2989,2982,2985,-1,2989,2985,1938,-1,2994,2995,2996,-1,2997,2998,2999,-1,2999,2998,876,-1,2999,876,2996,-1,2996,876,875,-1,2996,875,2994,-1,2994,3000,2995,-1,2995,3000,3001,-1,2995,3001,2997,-1,2997,3001,2998,-1,3000,1921,3001,-1,3001,1921,1920,-1,2126,1411,2113,-1,2113,1411,1413,-1,1405,3002,3003,-1,3002,1405,3004,-1,3004,1405,1407,-1,3004,1407,3005,-1,3005,1407,3006,-1,3005,3006,3003,-1,3003,3006,3007,-1,3003,3007,1405,-1,3006,3008,3007,-1,3007,3008,3009,-1,3008,3010,3009,-1,3009,3010,3011,-1,3010,874,3011,-1,3011,874,872,-1,1940,1921,3006,-1,2994,875,874,-1,3010,3008,3006,-1,1411,2126,1409,-1,1409,2126,1940,-1,1409,1940,1407,-1,1407,1940,3006,-1,874,3010,2994,-1,2994,3010,3006,-1,2994,3006,3000,-1,3000,3006,1921,-1,3007,1920,1405,-1,1405,1920,1915,-1,1405,1915,1415,-1,1415,1915,2113,-1,1415,2113,1413,-1,3007,3009,3011,-1,872,876,3011,-1,3011,876,2998,-1,3011,2998,3007,-1,3007,2998,3001,-1,3007,3001,1920,-1,3012,3013,3014,-1,3015,3016,3017,-1,3017,3016,864,-1,3017,864,3014,-1,3014,864,863,-1,3014,863,3012,-1,3012,3018,3013,-1,3013,3018,3019,-1,3013,3019,3015,-1,3015,3019,3016,-1,3018,1951,3019,-1,3019,1951,1958,-1,2148,1690,2146,-1,2146,1690,1691,-1,1693,1694,3020,-1,1687,1688,3021,-1,3021,1688,3022,-1,3021,3022,3020,-1,3020,3022,3023,-1,3020,3023,1693,-1,3022,3024,3023,-1,3023,3024,3025,-1,3024,3026,3025,-1,3025,3026,3027,-1,3026,862,3027,-1,3027,862,860,-1,1952,1951,3022,-1,3012,863,862,-1,3026,3024,3022,-1,1690,2148,1689,-1,1689,2148,1952,-1,1689,1952,1688,-1,1688,1952,3022,-1,862,3026,3012,-1,3012,3026,3022,-1,3012,3022,3018,-1,3018,3022,1951,-1,3023,1958,1693,-1,1693,1958,1959,-1,1693,1959,1692,-1,1692,1959,2146,-1,1692,2146,1691,-1,3023,3025,3027,-1,860,864,3027,-1,3027,864,3016,-1,3027,3016,3023,-1,3023,3016,3019,-1,3023,3019,1958,-1,3028,3029,3030,-1,3031,3032,3033,-1,3033,3032,868,-1,3033,868,3030,-1,3030,868,867,-1,3030,867,3028,-1,3028,3034,3029,-1,3029,3034,3035,-1,3029,3035,3031,-1,3031,3035,3032,-1,3034,1933,3035,-1,3035,1933,1932,-1,2141,1391,2139,-1,2139,1391,1393,-1,1385,3036,3037,-1,3036,1385,3038,-1,3038,1385,1387,-1,3038,1387,3039,-1,3039,1387,3040,-1,3039,3040,3037,-1,3037,3040,3041,-1,3037,3041,1385,-1,3040,3042,3041,-1,3041,3042,3043,-1,3042,3044,3043,-1,3043,3044,3045,-1,3044,866,3045,-1,3045,866,865,-1,1960,1933,3040,-1,3028,867,866,-1,3044,3042,3040,-1,1391,2141,1389,-1,1389,2141,1960,-1,1389,1960,1387,-1,1387,1960,3040,-1,866,3044,3028,-1,3028,3044,3040,-1,3028,3040,3034,-1,3034,3040,1933,-1,3041,1932,1385,-1,1385,1932,1931,-1,1385,1931,1395,-1,1395,1931,2139,-1,1395,2139,1393,-1,3041,3043,3045,-1,865,868,3045,-1,3045,868,3032,-1,3045,3032,3041,-1,3041,3032,3035,-1,3041,3035,1932,-1,3046,3047,3048,-1,3049,3050,3051,-1,3051,3050,959,-1,3051,959,3048,-1,3048,959,958,-1,3048,958,3046,-1,3046,3052,3047,-1,3047,3052,3053,-1,3047,3053,3049,-1,3049,3053,3050,-1,3052,1928,3053,-1,3053,1928,1927,-1,2040,1357,2047,-1,2047,1357,1356,-1,1365,1364,3054,-1,1360,1359,3055,-1,3055,1359,3056,-1,3055,3056,3054,-1,3054,3056,3057,-1,3054,3057,1365,-1,3056,3058,3057,-1,3057,3058,3059,-1,3058,3060,3059,-1,3059,3060,3061,-1,3060,957,3061,-1,3061,957,956,-1,1934,1928,3056,-1,3046,958,957,-1,3060,3058,3056,-1,1357,2040,1358,-1,1358,2040,1934,-1,1358,1934,1359,-1,1359,1934,3056,-1,957,3060,3046,-1,3046,3060,3056,-1,3046,3056,3052,-1,3052,3056,1928,-1,3057,1927,1365,-1,1365,1927,1926,-1,1365,1926,1371,-1,1371,1926,2047,-1,1371,2047,1356,-1,3057,3059,3061,-1,956,959,3061,-1,3061,959,3050,-1,3061,3050,3057,-1,3057,3050,3053,-1,3057,3053,1927,-1,3062,3063,3064,-1,3065,3066,3067,-1,3067,3066,961,-1,3067,961,3064,-1,3064,961,960,-1,3064,960,3062,-1,3062,3068,3063,-1,3063,3068,3069,-1,3063,3069,3065,-1,3065,3069,3066,-1,3068,1919,3069,-1,3069,1919,1918,-1,2048,1355,2063,-1,2063,1355,1354,-1,1368,3070,3071,-1,3070,1368,3072,-1,3072,1368,1369,-1,3072,1369,3073,-1,3073,1369,3074,-1,3073,3074,3071,-1,3071,3074,3075,-1,3071,3075,1368,-1,3074,3076,3075,-1,3075,3076,3077,-1,3076,3078,3077,-1,3077,3078,3079,-1,3078,964,3079,-1,3079,964,962,-1,1925,1919,3074,-1,3062,960,964,-1,3078,3076,3074,-1,1355,2048,1370,-1,1370,2048,1925,-1,1370,1925,1369,-1,1369,1925,3074,-1,964,3078,3062,-1,3062,3078,3074,-1,3062,3074,3068,-1,3068,3074,1919,-1,3075,1918,1368,-1,1368,1918,1917,-1,1368,1917,1366,-1,1366,1917,2063,-1,1366,2063,1354,-1,3075,3077,3079,-1,962,961,3079,-1,3079,961,3066,-1,3079,3066,3075,-1,3075,3066,3069,-1,3075,3069,1918,-1,3080,3081,3082,-1,3083,3084,3085,-1,3085,3084,949,-1,3085,949,3082,-1,3082,949,948,-1,3082,948,3080,-1,3080,3086,3081,-1,3081,3086,3087,-1,3081,3087,3083,-1,3083,3087,3084,-1,3086,1944,3087,-1,3087,1944,1943,-1,2011,1712,2017,-1,2017,1712,1713,-1,1715,1716,3088,-1,1709,1710,3089,-1,3089,1710,3090,-1,3089,3090,3088,-1,3088,3090,3091,-1,3088,3091,1715,-1,3090,3092,3091,-1,3091,3092,3093,-1,3092,3094,3093,-1,3093,3094,3095,-1,3094,715,3095,-1,3095,715,714,-1,1947,1944,3090,-1,3080,948,715,-1,3094,3092,3090,-1,1712,2011,1711,-1,1711,2011,1947,-1,1711,1947,1710,-1,1710,1947,3090,-1,715,3094,3080,-1,3080,3094,3090,-1,3080,3090,3086,-1,3086,3090,1944,-1,3091,1943,1715,-1,1715,1943,1942,-1,1715,1942,1714,-1,1714,1942,2017,-1,1714,2017,1713,-1,3091,3093,3095,-1,714,949,3095,-1,3095,949,3084,-1,3095,3084,3091,-1,3091,3084,3087,-1,3091,3087,1943,-1,3096,3097,3098,-1,3099,3100,3101,-1,3101,3100,955,-1,3101,955,3098,-1,3098,955,954,-1,3098,954,3096,-1,3096,3102,3097,-1,3097,3102,3103,-1,3097,3103,3099,-1,3099,3103,3100,-1,3102,1937,3103,-1,3103,1937,1936,-1,2018,1339,2039,-1,2039,1339,1341,-1,1333,3104,3105,-1,3104,1333,3106,-1,3106,1333,1335,-1,3106,1335,3107,-1,3107,1335,3108,-1,3107,3108,3105,-1,3105,3108,3109,-1,3105,3109,1333,-1,3108,3110,3109,-1,3109,3110,3111,-1,3110,3112,3111,-1,3111,3112,3113,-1,3112,953,3113,-1,3113,953,951,-1,1941,1937,3108,-1,3096,954,953,-1,3112,3110,3108,-1,1339,2018,1337,-1,1337,2018,1941,-1,1337,1941,1335,-1,1335,1941,3108,-1,953,3112,3096,-1,3096,3112,3108,-1,3096,3108,3102,-1,3102,3108,1937,-1,3109,1936,1333,-1,1333,1936,1935,-1,1333,1935,1343,-1,1343,1935,2039,-1,1343,2039,1341,-1,3109,3111,3113,-1,951,955,3113,-1,3113,955,3100,-1,3113,3100,3109,-1,3109,3100,3103,-1,3109,3103,1936,-1,3114,3115,3116,-1,3117,3118,3119,-1,3119,3118,979,-1,3119,979,3116,-1,3116,979,978,-1,3116,978,3114,-1,3114,3120,3115,-1,3115,3120,3121,-1,3115,3121,3117,-1,3117,3121,3118,-1,3120,1896,3121,-1,3121,1896,1895,-1,2088,1722,2099,-1,2099,1722,1723,-1,1725,1726,3122,-1,1719,1720,3123,-1,3123,1720,3124,-1,3123,3124,3122,-1,3122,3124,3125,-1,3122,3125,1725,-1,3124,3126,3125,-1,3125,3126,3127,-1,3126,3128,3127,-1,3127,3128,3129,-1,3128,977,3129,-1,3129,977,975,-1,1900,1896,3124,-1,3114,978,977,-1,3128,3126,3124,-1,1722,2088,1721,-1,1721,2088,1900,-1,1721,1900,1720,-1,1720,1900,3124,-1,977,3128,3114,-1,3114,3128,3124,-1,3114,3124,3120,-1,3120,3124,1896,-1,3125,1895,1725,-1,1725,1895,1894,-1,1725,1894,1724,-1,1724,1894,2099,-1,1724,2099,1723,-1,3125,3127,3129,-1,975,979,3129,-1,3129,979,3118,-1,3129,3118,3125,-1,3125,3118,3121,-1,3125,3121,1895,-1,3130,3131,3132,-1,3133,3134,3135,-1,3135,3134,984,-1,3135,984,3132,-1,3132,984,983,-1,3132,983,3130,-1,3130,3136,3131,-1,3131,3136,3137,-1,3131,3137,3133,-1,3133,3137,3134,-1,3136,1887,3137,-1,3137,1887,1886,-1,2100,1319,2111,-1,2111,1319,1321,-1,1313,3138,3139,-1,3138,1313,3140,-1,3140,1313,1315,-1,3140,1315,3141,-1,3141,1315,3142,-1,3141,3142,3139,-1,3139,3142,3143,-1,3139,3143,1313,-1,3142,3144,3143,-1,3143,3144,3145,-1,3144,3146,3145,-1,3145,3146,3147,-1,3146,982,3147,-1,3147,982,980,-1,1893,1887,3142,-1,3130,983,982,-1,3146,3144,3142,-1,1319,2100,1317,-1,1317,2100,1893,-1,1317,1893,1315,-1,1315,1893,3142,-1,982,3146,3130,-1,3130,3146,3142,-1,3130,3142,3136,-1,3136,3142,1887,-1,3143,1886,1313,-1,1313,1886,1885,-1,1313,1885,1323,-1,1323,1885,2111,-1,1323,2111,1321,-1,3143,3145,3147,-1,980,984,3147,-1,3147,984,3134,-1,3147,3134,3143,-1,3143,3134,3137,-1,3143,3137,1886,-1,3148,3149,3150,-1,3151,3152,3153,-1,3153,3152,969,-1,3153,969,3150,-1,3150,969,968,-1,3150,968,3148,-1,3148,3154,3149,-1,3149,3154,3155,-1,3149,3155,3151,-1,3151,3155,3152,-1,3154,1912,3155,-1,3155,1912,1911,-1,2064,1738,2075,-1,2075,1738,1739,-1,1741,1742,3156,-1,1735,1736,3157,-1,3157,1736,3158,-1,3157,3158,3156,-1,3156,3158,3159,-1,3156,3159,1741,-1,3158,3160,3159,-1,3159,3160,3161,-1,3160,3162,3161,-1,3161,3162,3163,-1,3162,967,3163,-1,3163,967,965,-1,1916,1912,3158,-1,3148,968,967,-1,3162,3160,3158,-1,1738,2064,1737,-1,1737,2064,1916,-1,1737,1916,1736,-1,1736,1916,3158,-1,967,3162,3148,-1,3148,3162,3158,-1,3148,3158,3154,-1,3154,3158,1912,-1,3159,1911,1741,-1,1741,1911,1910,-1,1741,1910,1740,-1,1740,1910,2075,-1,1740,2075,1739,-1,3159,3161,3163,-1,965,969,3163,-1,3163,969,3152,-1,3163,3152,3159,-1,3159,3152,3155,-1,3159,3155,1911,-1,3164,3165,3166,-1,3167,3168,3169,-1,3169,3168,974,-1,3169,974,3166,-1,3166,974,973,-1,3166,973,3164,-1,3164,3170,3165,-1,3165,3170,3171,-1,3165,3171,3167,-1,3167,3171,3168,-1,3170,1903,3171,-1,3171,1903,1902,-1,2076,1299,2087,-1,2087,1299,1301,-1,1293,3172,3173,-1,3172,1293,3174,-1,3174,1293,1295,-1,3174,1295,3175,-1,3175,1295,3176,-1,3175,3176,3173,-1,3173,3176,3177,-1,3173,3177,1293,-1,3176,3178,3177,-1,3177,3178,3179,-1,3178,3180,3179,-1,3179,3180,3181,-1,3180,972,3181,-1,3181,972,970,-1,1909,1903,3176,-1,3164,973,972,-1,3180,3178,3176,-1,1299,2076,1297,-1,1297,2076,1909,-1,1297,1909,1295,-1,1295,1909,3176,-1,972,3180,3164,-1,3164,3180,3176,-1,3164,3176,3170,-1,3170,3176,1903,-1,3177,1902,1293,-1,1293,1902,1901,-1,1293,1901,1303,-1,1303,1901,2087,-1,1303,2087,1301,-1,3177,3179,3181,-1,970,974,3181,-1,3181,974,3168,-1,3181,3168,3177,-1,3177,3168,3171,-1,3177,3171,1902,-1,3182,3183,3184,-1,3185,3186,3187,-1,3187,3186,923,-1,3187,923,3184,-1,3184,923,922,-1,3184,922,3182,-1,3182,3188,3183,-1,3183,3188,3189,-1,3183,3189,3185,-1,3185,3189,3186,-1,3188,1846,3189,-1,3189,1846,1845,-1,2002,1262,1999,-1,1999,1262,1261,-1,1268,1267,3190,-1,1271,1270,3191,-1,3191,1270,3192,-1,3191,3192,3190,-1,3190,3192,3193,-1,3190,3193,1268,-1,3192,3194,3193,-1,3193,3194,3195,-1,3194,3196,3195,-1,3195,3196,3197,-1,3196,921,3197,-1,3197,921,920,-1,1857,1846,3192,-1,3182,922,921,-1,3196,3194,3192,-1,1262,2002,1269,-1,1269,2002,1857,-1,1269,1857,1270,-1,1270,1857,3192,-1,921,3196,3182,-1,3182,3196,3192,-1,3182,3192,3188,-1,3188,3192,1846,-1,3193,1845,1268,-1,1268,1845,1844,-1,1268,1844,1279,-1,1279,1844,1999,-1,1279,1999,1261,-1,3193,3195,3197,-1,920,923,3197,-1,3197,923,3186,-1,3197,3186,3193,-1,3193,3186,3189,-1,3193,3189,1845,-1,3198,3199,3200,-1,3201,3202,3203,-1,3203,3202,925,-1,3203,925,3200,-1,3200,925,924,-1,3200,924,3198,-1,3198,3204,3199,-1,3199,3204,3205,-1,3199,3205,3201,-1,3201,3205,3202,-1,3204,1842,3205,-1,3205,1842,1850,-1,2000,1265,1984,-1,1984,1265,1264,-1,1276,3206,3207,-1,3206,1276,3208,-1,3208,1276,1277,-1,3208,1277,3209,-1,3209,1277,3210,-1,3209,3210,3207,-1,3207,3210,3211,-1,3207,3211,1276,-1,3210,3212,3211,-1,3211,3212,3213,-1,3212,3214,3213,-1,3213,3214,3215,-1,3214,928,3215,-1,3215,928,926,-1,1843,1842,3210,-1,3198,924,928,-1,3214,3212,3210,-1,1265,2000,1278,-1,1278,2000,1843,-1,1278,1843,1277,-1,1277,1843,3210,-1,928,3214,3198,-1,3198,3214,3210,-1,3198,3210,3204,-1,3204,3210,1842,-1,3211,1850,1276,-1,1276,1850,1851,-1,1276,1851,1274,-1,1274,1851,1984,-1,1274,1984,1264,-1,3211,3213,3215,-1,926,925,3215,-1,3215,925,3202,-1,3215,3202,3211,-1,3211,3202,3205,-1,3211,3205,1850,-1,3216,3217,3218,-1,3219,3220,3221,-1,3221,3220,916,-1,3221,916,3218,-1,3218,916,915,-1,3218,915,3216,-1,3216,3222,3217,-1,3217,3222,3223,-1,3217,3223,3219,-1,3219,3223,3220,-1,3222,1854,3223,-1,3223,1854,1853,-1,2013,1762,2014,-1,2014,1762,1761,-1,1757,1756,3224,-1,1758,1764,3225,-1,3225,1764,3226,-1,3225,3226,3224,-1,3224,3226,3227,-1,3224,3227,1757,-1,3226,3228,3227,-1,3227,3228,3229,-1,3228,3230,3229,-1,3229,3230,3231,-1,3230,914,3231,-1,3231,914,913,-1,1870,1854,3226,-1,3216,915,914,-1,3230,3228,3226,-1,1762,2013,1763,-1,1763,2013,1870,-1,1763,1870,1764,-1,1764,1870,3226,-1,914,3230,3216,-1,3216,3230,3226,-1,3216,3226,3222,-1,3222,3226,1854,-1,3227,1853,1757,-1,1757,1853,1849,-1,1757,1849,1760,-1,1760,1849,2014,-1,1760,2014,1761,-1,3227,3229,3231,-1,913,916,3231,-1,3231,916,3220,-1,3231,3220,3227,-1,3227,3220,3223,-1,3227,3223,1853,-1,3232,3233,3234,-1,3235,3236,3237,-1,3237,3236,918,-1,3237,918,3234,-1,3234,918,917,-1,3234,917,3232,-1,3232,3238,3233,-1,3233,3238,3239,-1,3233,3239,3235,-1,3235,3239,3236,-1,3238,1847,3239,-1,3239,1847,1855,-1,2015,1247,2001,-1,2001,1247,1249,-1,1241,3240,3241,-1,3240,1241,3242,-1,3242,1241,1243,-1,3242,1243,3243,-1,3243,1243,3244,-1,3243,3244,3241,-1,3241,3244,3245,-1,3241,3245,1241,-1,3244,3246,3245,-1,3245,3246,3247,-1,3246,3248,3247,-1,3247,3248,3249,-1,3248,718,3249,-1,3249,718,717,-1,1848,1847,3244,-1,3232,917,718,-1,3248,3246,3244,-1,1247,2015,1245,-1,1245,2015,1848,-1,1245,1848,1243,-1,1243,1848,3244,-1,718,3248,3232,-1,3232,3248,3244,-1,3232,3244,3238,-1,3238,3244,1847,-1,3245,1855,1241,-1,1241,1855,1856,-1,1241,1856,1251,-1,1251,1856,2001,-1,1251,2001,1249,-1,3245,3247,3249,-1,717,918,3249,-1,3249,918,3236,-1,3249,3236,3245,-1,3245,3236,3239,-1,3245,3239,1855,-1,3250,3251,3252,-1,3253,3254,3255,-1,3255,3254,940,-1,3255,940,3252,-1,3252,940,939,-1,3252,939,3250,-1,3250,3256,3251,-1,3251,3256,3257,-1,3251,3257,3253,-1,3253,3257,3254,-1,3256,1957,3257,-1,3257,1957,1956,-1,1974,1800,1993,-1,1993,1800,1799,-1,1196,1798,3258,-1,1795,1802,3259,-1,3259,1802,3260,-1,3259,3260,3258,-1,3258,3260,3261,-1,3258,3261,1196,-1,3260,3262,3261,-1,3261,3262,3263,-1,3262,3264,3263,-1,3263,3264,3265,-1,3264,941,3265,-1,3265,941,942,-1,1963,1957,3260,-1,3250,939,941,-1,3264,3262,3260,-1,1800,1974,1801,-1,1801,1974,1963,-1,1801,1963,1802,-1,1802,1963,3260,-1,941,3264,3250,-1,3250,3264,3260,-1,3250,3260,3256,-1,3256,3260,1957,-1,3261,1956,1196,-1,1196,1956,1955,-1,1196,1955,1197,-1,1197,1955,1993,-1,1197,1993,1799,-1,3261,3263,3265,-1,942,940,3265,-1,3265,940,3254,-1,3265,3254,3261,-1,3261,3254,3257,-1,3261,3257,1956,-1,3266,3267,3268,-1,3269,3270,3271,-1,3271,3270,947,-1,3271,947,3268,-1,3268,947,946,-1,3268,946,3266,-1,3266,3272,3267,-1,3267,3272,3273,-1,3267,3273,3269,-1,3269,3273,3270,-1,3272,1950,3273,-1,3273,1950,1949,-1,1994,1223,2010,-1,2010,1223,1224,-1,1228,3274,3275,-1,3274,1228,3276,-1,3276,1228,1230,-1,3276,1230,3277,-1,3277,1230,3278,-1,3277,3278,3275,-1,3275,3278,3279,-1,3275,3279,1228,-1,3278,3280,3279,-1,3279,3280,3281,-1,3280,3282,3281,-1,3281,3282,3283,-1,3282,945,3283,-1,3283,945,944,-1,1954,1950,3278,-1,3266,946,945,-1,3282,3280,3278,-1,1223,1994,1232,-1,1232,1994,1954,-1,1232,1954,1230,-1,1230,1954,3278,-1,945,3282,3266,-1,3266,3282,3278,-1,3266,3278,3272,-1,3272,3278,1950,-1,3279,1949,1228,-1,1228,1949,1948,-1,1228,1948,1226,-1,1226,1948,2010,-1,1226,2010,1224,-1,3279,3281,3283,-1,944,947,3283,-1,3283,947,3270,-1,3283,3270,3279,-1,3279,3270,3273,-1,3279,3273,1949,-1,3284,3285,3286,-1,3287,3288,3289,-1,3289,3288,933,-1,3289,933,3286,-1,3286,933,932,-1,3286,932,3284,-1,3284,3290,3285,-1,3285,3290,3291,-1,3285,3291,3287,-1,3287,3291,3288,-1,3290,1840,3291,-1,3291,1840,1841,-1,1985,1778,1975,-1,1975,1778,1777,-1,1773,1772,3292,-1,1774,1780,3293,-1,3293,1780,3294,-1,3293,3294,3292,-1,3292,3294,3295,-1,3292,3295,1773,-1,3294,3296,3295,-1,3295,3296,3297,-1,3296,3298,3297,-1,3297,3298,3299,-1,3298,931,3299,-1,3299,931,929,-1,1852,1840,3294,-1,3284,932,931,-1,3298,3296,3294,-1,1778,1985,1779,-1,1779,1985,1852,-1,1779,1852,1780,-1,1780,1852,3294,-1,931,3298,3284,-1,3284,3298,3294,-1,3284,3294,3290,-1,3290,3294,1840,-1,3295,1841,1773,-1,1773,1841,1860,-1,1773,1860,1776,-1,1776,1860,1975,-1,1776,1975,1777,-1,3295,3297,3299,-1,929,933,3299,-1,3299,933,3288,-1,3299,3288,3295,-1,3295,3288,3291,-1,3295,3291,1841,-1,3300,3301,3302,-1,3303,3304,3305,-1,3305,3304,938,-1,3305,938,3302,-1,3302,938,937,-1,3302,937,3300,-1,3300,3306,3301,-1,3301,3306,3307,-1,3301,3307,3303,-1,3303,3307,3304,-1,3306,1858,3307,-1,3307,1858,1961,-1,1976,1206,1973,-1,1973,1206,1208,-1,1212,3308,3309,-1,3308,1212,3310,-1,3310,1212,1202,-1,3310,1202,3311,-1,3311,1202,3312,-1,3311,3312,3309,-1,3309,3312,3313,-1,3309,3313,1212,-1,3312,3314,3313,-1,3313,3314,3315,-1,3314,3316,3315,-1,3315,3316,3317,-1,3316,936,3317,-1,3317,936,934,-1,1859,1858,3312,-1,3300,937,936,-1,3316,3314,3312,-1,1206,1976,1204,-1,1204,1976,1859,-1,1204,1859,1202,-1,1202,1859,3312,-1,936,3316,3300,-1,3300,3316,3312,-1,3300,3312,3306,-1,3306,3312,1858,-1,3313,1961,1212,-1,1212,1961,1962,-1,1212,1962,1210,-1,1210,1962,1973,-1,1210,1973,1208,-1,3313,3315,3317,-1,934,938,3317,-1,3317,938,3304,-1,3317,3304,3313,-1,3313,3304,3307,-1,3313,3307,1961,-1,
        ]
    }
}
Shape{
    appearance Appearance {
        material  Material 	{
            diffuseColor 0.6470588235294118 0.6196078431372549 0.5882352941176471
            specularColor 0.45098039215686275 0.43529411764705883 0.4117647058823529
            ambientIntensity 0.2
            transparency 0
            shininess 0.5
        }
    }
    geometry IndexedFaceSet {
        ccw TRUE
        solid FALSE
        coord DEF co Coordinate {
            point [
                -6.5669 0.8031 3.9895, -6.4252 0.8031 3.9895, -6.5669 0.8031 4.0712, -6.4252 0.8031 4.0712, -6.5645 0.8228 -0.9317, -6.5669 0.8228 -0.9134, -6.4276 0.8228 -0.9317, -6.5669 0.8228 0.0591, -6.4252 0.8228 0.0591, -6.4252 0.8228 -0.9134, -6.4347 0.8228 -0.9488, -6.446 0.8228 -0.9635, -6.5574 0.8228 -0.9488, -6.5462 0.8228 -0.9635, -6.4777 0.8228 -0.9818, -6.4961 0.8228 -0.9843, -6.5144 0.8228 -0.9818, -6.4606 0.8228 -0.9748, -6.5315 0.8228 -0.9748, -6.4252 0.7244 0.0591, -6.5669 0.7244 0.0591, -6.4252 0.7244 -0.9134, -6.5669 0.7244 -0.9134, -6.4276 0.7244 -0.9317, -6.5645 0.7244 -0.9317, -6.5574 0.7244 -0.9488, -6.5462 0.7244 -0.9635, -6.4347 0.7244 -0.9488, -6.446 0.7244 -0.9635, -6.5144 0.7244 -0.9818, -6.4961 0.7244 -0.9843, -6.4777 0.7244 -0.9818, -6.5315 0.7244 -0.9748, -6.4606 0.7244 -0.9748, -6.4252 0.729 0.1001, -6.5669 0.729 0.1001, -6.4252 0.7425 0.1392, -6.5669 0.7425 0.1392, -6.4252 0.7642 0.1744, -6.5669 0.7642 0.1744, -6.4252 0.7932 0.2039, -6.5669 0.7932 0.2039, -6.4252 0.8279 0.2264, -6.5669 0.8279 0.2264, -6.5669 1.0167 0.3207, -6.4252 1.0167 0.3207, -6.5669 1.0442 0.3384, -6.4252 1.0442 0.3384, -6.5669 1.067 0.3617, -6.4252 1.067 0.3617, -6.5669 1.0842 0.3895, -6.4252 1.0842 0.3895, -6.5669 1.0948 0.4203, -6.4252 1.0948 0.4203, -6.5669 1.0984 0.4528, -6.4252 1.0984 0.4528, -6.5669 1.0984 1.2473, -6.4252 1.0984 1.2473, -6.5669 1.0882 1.3518, -6.4252 1.0882 1.3518, -6.5669 1.0581 1.4523, -6.4252 1.0581 1.4523, -6.5669 0.4594 2.915, -6.4252 0.4594 2.915, -6.4252 0.4326 3.0318, -6.5669 0.4326 3.0318, -6.4252 0.4324 3.1517, -6.5669 0.4324 3.1517, -6.4252 0.459 3.2686, -6.5669 0.459 3.2686, -6.5669 0.6249 3.7438, -6.4252 0.6249 3.7438, -6.4252 0.643 3.7898, -6.5669 0.643 3.7898, -6.4252 0.67 3.8312, -6.5669 0.67 3.8312, -6.4252 0.7048 3.8664, -6.5669 0.7048 3.8664, -6.4252 0.7458 3.894, -6.5669 0.7458 3.894, -6.5669 0.7651 3.9071, -6.4252 0.7651 3.9071, -6.5669 0.7812 3.9241, -6.4252 0.7812 3.9241, -6.5669 0.7932 3.9441, -6.4252 0.7932 3.9441, -6.5669 0.8006 3.9663, -6.4252 0.8006 3.9663, -6.5669 0.9016 4.2913, -6.5669 0.8031 4.2913, -6.4252 0.9016 4.2913, -6.4252 0.8031 4.2913, -6.5669 0.9016 3.9895, -6.4252 0.9016 3.9895, -6.4252 0.8968 3.9452, -6.5669 0.8968 3.9452, -6.4252 0.8826 3.9029, -6.5669 0.8826 3.9029, -6.4252 0.8596 3.8646, -6.5669 0.8596 3.8646, -6.4252 0.829 3.8322, -6.5669 0.829 3.8322, -6.4252 0.7921 3.8071, -6.5669 0.7921 3.8071, -6.5669 0.767 3.7902, -6.4252 0.767 3.7902, -6.5669 0.7459 3.7685, -6.4252 0.7459 3.7685, -6.5669 0.7296 3.7429, -6.4252 0.7296 3.7429, -6.5669 0.7189 3.7145, -6.4252 0.7189 3.7145, -6.5669 0.5519 3.2362, -6.4252 0.5519 3.2362, -6.5669 0.5303 3.1416, -6.4252 0.5303 3.1416, -6.5669 0.5302 3.0445, -6.4252 0.5302 3.0445, -6.5669 0.5515 2.9498, -6.4252 0.5515 2.9498, -6.5669 1.1492 1.4896, -6.4252 1.1492 1.4896, -6.4252 1.1848 1.3708, -6.5669 1.1848 1.3708, -6.4252 1.1969 1.2473, -6.5669 1.1969 1.2473, -6.5669 1.1969 0.4528, -6.4252 1.1969 0.4528, -6.4252 1.1908 0.3987, -6.5669 1.1908 0.3987, -6.4252 1.1731 0.3473, -6.5669 1.1731 0.3473, -6.4252 1.1445 0.301, -6.5669 1.1445 0.301, -6.4252 1.1064 0.2621, -6.5669 1.1064 0.2621, -6.4252 1.0607 0.2326, -6.5669 1.0607 0.2326, -6.5669 0.8718 0.1383, -6.4252 0.8718 0.1383, -6.5669 0.8554 0.1277, -6.4252 0.8554 0.1277, -6.5669 0.8417 0.1137, -6.4252 0.8417 0.1137, -6.5669 0.8314 0.097, -6.4252 0.8314 0.097, -6.5669 0.825 0.0785, -6.4252 0.825 0.0785, -6.4252 -0.2402 4.0712, -6.4252 -0.2402 3.9895, -6.5669 -0.2402 4.0712, -6.5669 -0.2402 3.9895, -6.5645 -0.1614 -0.9317, -6.5669 -0.1614 -0.9134, -6.4276 -0.1614 -0.9317, -6.5669 -0.1614 0.0591, -6.4252 -0.1614 0.0591, -6.4252 -0.1614 -0.9134, -6.4347 -0.1614 -0.9488, -6.446 -0.1614 -0.9635, -6.5574 -0.1614 -0.9488, -6.5462 -0.1614 -0.9635, -6.4777 -0.1614 -0.9818, -6.4961 -0.1614 -0.9843, -6.5144 -0.1614 -0.9818, -6.4606 -0.1614 -0.9748, -6.5315 -0.1614 -0.9748, -6.4252 -0.2598 0.0591, -6.5669 -0.2598 0.0591, -6.4252 -0.2598 -0.9134, -6.5669 -0.2598 -0.9134, -6.4276 -0.2598 -0.9317, -6.5645 -0.2598 -0.9317, -6.5574 -0.2598 -0.9488, -6.5462 -0.2598 -0.9635, -6.4347 -0.2598 -0.9488, -6.446 -0.2598 -0.9635, -6.5144 -0.2598 -0.9818, -6.4961 -0.2598 -0.9843, -6.4777 -0.2598 -0.9818, -6.5315 -0.2598 -0.9748, -6.4606 -0.2598 -0.9748, -6.5669 -0.262 0.0785, -6.4252 -0.262 0.0785, -6.5669 -0.2684 0.097, -6.4252 -0.2684 0.097, -6.5669 -0.2787 0.1137, -6.4252 -0.2787 0.1137, -6.5669 -0.2924 0.1277, -6.4252 -0.2924 0.1277, -6.5669 -0.3089 0.1383, -6.4252 -0.3089 0.1383, -6.5669 -0.4977 0.2326, -6.4252 -0.4977 0.2326, -6.4252 -0.5434 0.2621, -6.5669 -0.5434 0.2621, -6.4252 -0.5815 0.301, -6.5669 -0.5815 0.301, -6.4252 -0.6101 0.3473, -6.5669 -0.6101 0.3473, -6.4252 -0.6278 0.3987, -6.5669 -0.6278 0.3987, -6.4252 -0.6339 0.4528, -6.5669 -0.6339 0.4528, -6.5669 -0.6339 1.2473, -6.4252 -0.6339 1.2473, -6.4252 -0.6218 1.3708, -6.5669 -0.6218 1.3708, -6.4252 -0.5862 1.4896, -6.5669 -0.5862 1.4896, -6.5669 0.0115 2.9498, -6.4252 0.0115 2.9498, -6.5669 0.0328 3.0445, -6.4252 0.0328 3.0445, -6.5669 0.0326 3.1416, -6.4252 0.0326 3.1416, -6.5669 0.0111 3.2362, -6.4252 0.0111 3.2362, -6.5669 -0.1559 3.7145, -6.4252 -0.1559 3.7145, -6.5669 -0.1666 3.7429, -6.4252 -0.1666 3.7429, -6.5669 -0.1829 3.7685, -6.4252 -0.1829 3.7685, -6.5669 -0.204 3.7902, -6.4252 -0.204 3.7902, -6.5669 -0.2292 3.8071, -6.4252 -0.2292 3.8071, -6.4252 -0.266 3.8322, -6.5669 -0.266 3.8322, -6.4252 -0.2966 3.8646, -6.5669 -0.2966 3.8646, -6.4252 -0.3196 3.9029, -6.5669 -0.3196 3.9029, -6.4252 -0.3338 3.9452, -6.5669 -0.3338 3.9452, -6.4252 -0.3386 3.9895, -6.5669 -0.3386 3.9895, -6.5669 -0.3386 4.2913, -6.4252 -0.3386 4.2913, -6.5669 -0.2402 4.2913, -6.4252 -0.2402 4.2913, -6.5669 -0.2376 3.9663, -6.4252 -0.2376 3.9663, -6.5669 -0.2302 3.9441, -6.4252 -0.2302 3.9441, -6.5669 -0.2182 3.9241, -6.4252 -0.2182 3.9241, -6.5669 -0.2021 3.9071, -6.4252 -0.2021 3.9071, -6.5669 -0.1828 3.894, -6.4252 -0.1828 3.894, -6.4252 -0.1418 3.8664, -6.5669 -0.1418 3.8664, -6.4252 -0.107 3.8312, -6.5669 -0.107 3.8312, -6.4252 -0.08 3.7898, -6.5669 -0.08 3.7898, -6.4252 -0.0619 3.7438, -6.5669 -0.0619 3.7438, -6.5669 0.104 3.2686, -6.4252 0.104 3.2686, -6.4252 0.1306 3.1517, -6.5669 0.1306 3.1517, -6.4252 0.1304 3.0318, -6.5669 0.1304 3.0318, -6.4252 0.1036 2.915, -6.5669 0.1036 2.915, -6.5669 -0.4951 1.4523, -6.4252 -0.4951 1.4523, -6.5669 -0.5253 1.3518, -6.4252 -0.5253 1.3518, -6.5669 -0.5354 1.2473, -6.4252 -0.5354 1.2473, -6.5669 -0.5354 0.4528, -6.4252 -0.5354 0.4528, -6.5669 -0.5318 0.4203, -6.4252 -0.5318 0.4203, -6.5669 -0.5212 0.3895, -6.4252 -0.5212 0.3895, -6.5669 -0.504 0.3617, -6.4252 -0.504 0.3617, -6.5669 -0.4812 0.3384, -6.4252 -0.4812 0.3384, -6.5669 -0.4537 0.3207, -6.4252 -0.4537 0.3207, -6.5669 -0.2649 0.2264, -6.4252 -0.2649 0.2264, -6.4252 -0.2302 0.2039, -6.5669 -0.2302 0.2039, -6.4252 -0.2012 0.1744, -6.5669 -0.2012 0.1744, -6.4252 -0.1795 0.1392, -6.5669 -0.1795 0.1392, -6.4252 -0.166 0.1001, -6.5669 -0.166 0.1001, -6.1732 0.8031 3.9895, -6.0315 0.8031 3.9895, -6.1732 0.8031 4.0712, -6.0315 0.8031 4.0712, -6.1732 1.2092 0.3937, -6.0315 1.2092 0.3937, -6.1732 1.2264 0.3642, -6.0315 1.2264 0.3642, -6.1732 1.2499 0.3394, -6.0315 1.2499 0.3394, -6.1732 1.2785 0.3207, -6.0315 1.2785 0.3207, -6.1732 1.1969 0.3937, -6.1732 0.8031 4.2913, -6.1732 0.9016 4.2913, -6.1732 0.9016 3.9895, -6.1732 1.1222 0.3473, -6.1732 1.1508 0.301, -6.1732 1.1889 0.2621, -6.1732 1.2346 0.2326, -6.1732 1.4234 0.1383, -6.1732 1.4674 0.2264, -6.1732 1.4399 0.1277, -6.1732 1.5021 0.2039, -6.1732 1.4536 0.1137, -6.1732 1.5311 0.1744, -6.1732 1.4639 0.097, -6.1732 1.5528 0.1392, -6.1732 1.4703 0.0785, -6.1732 1.5663 0.1001, -6.1732 1.4724 0.0591, -6.1732 1.5709 0.0591, -6.1732 1.4724 -0.9134, -6.1732 1.5709 -0.9134, -6.1732 1.1044 0.3987, -6.1732 1.0984 0.4528, -6.1732 1.1969 1.2473, -6.1732 1.0984 1.2473, -6.1732 1.1848 1.3708, -6.1732 1.0882 1.3518, -6.1732 1.1492 1.4896, -6.1732 1.0581 1.4523, -6.1732 0.5515 2.9498, -6.1732 0.4594 2.915, -6.1732 0.5302 3.0445, -6.1732 0.4326 3.0318, -6.1732 0.5303 3.1416, -6.1732 0.4324 3.1517, -6.1732 0.5519 3.2362, -6.1732 0.459 3.2686, -6.1732 0.7189 3.7145, -6.1732 0.6249 3.7438, -6.1732 0.7296 3.7429, -6.1732 0.643 3.7898, -6.1732 0.7459 3.7685, -6.1732 0.67 3.8312, -6.1732 0.767 3.7902, -6.1732 0.7048 3.8664, -6.1732 0.7921 3.8071, -6.1732 0.7458 3.894, -6.1732 0.829 3.8322, -6.1732 0.7651 3.9071, -6.1732 0.8596 3.8646, -6.1732 0.7812 3.9241, -6.1732 0.8826 3.9029, -6.1732 0.7932 3.9441, -6.1732 0.8968 3.9452, -6.1732 0.8006 3.9663, -6.0315 1.1969 0.3937, -6.0315 1.1222 0.3473, -6.0315 1.1508 0.301, -6.0315 1.1044 0.3987, -6.0315 0.9016 3.9895, -6.0315 0.9016 4.2913, -6.0315 0.8031 4.2913, -6.0315 1.4724 -0.9134, -6.0315 1.5709 -0.9134, -6.0315 1.4724 0.0591, -6.0315 1.5709 0.0591, -6.0315 1.4703 0.0785, -6.0315 1.5663 0.1001, -6.0315 1.4639 0.097, -6.0315 1.5528 0.1392, -6.0315 1.4536 0.1137, -6.0315 1.5311 0.1744, -6.0315 1.4399 0.1277, -6.0315 1.5021 0.2039, -6.0315 1.4234 0.1383, -6.0315 1.4674 0.2264, -6.0315 1.2346 0.2326, -6.0315 1.1889 0.2621, -6.0315 0.8968 3.9452, -6.0315 0.8006 3.9663, -6.0315 0.8826 3.9029, -6.0315 0.7932 3.9441, -6.0315 0.8596 3.8646, -6.0315 0.7812 3.9241, -6.0315 0.829 3.8322, -6.0315 0.7651 3.9071, -6.0315 0.7921 3.8071, -6.0315 0.7458 3.894, -6.0315 0.767 3.7902, -6.0315 0.7048 3.8664, -6.0315 0.7459 3.7685, -6.0315 0.67 3.8312, -6.0315 0.7296 3.7429, -6.0315 0.643 3.7898, -6.0315 0.7189 3.7145, -6.0315 0.6249 3.7438, -6.0315 0.5519 3.2362, -6.0315 0.459 3.2686, -6.0315 0.5303 3.1416, -6.0315 0.4324 3.1517, -6.0315 0.5302 3.0445, -6.0315 0.4326 3.0318, -6.0315 0.5515 2.9498, -6.0315 0.4594 2.915, -6.0315 1.1492 1.4896, -6.0315 1.0581 1.4523, -6.0315 1.1848 1.3708, -6.0315 1.0882 1.3518, -6.0315 1.1969 1.2473, -6.0315 1.0984 1.2473, -6.0315 1.0984 0.4528, -6.0339 1.5709 -0.9317, -6.1378 1.5709 -0.9748, -6.1525 1.5709 -0.9635, -6.1637 1.5709 -0.9488, -6.1708 1.5709 -0.9317, -6.041 1.5709 -0.9488, -6.0523 1.5709 -0.9635, -6.0669 1.5709 -0.9748, -6.084 1.5709 -0.9818, -6.1024 1.5709 -0.9843, -6.1207 1.5709 -0.9818, -6.0339 1.4724 -0.9317, -6.1708 1.4724 -0.9317, -6.1637 1.4724 -0.9488, -6.1525 1.4724 -0.9635, -6.1378 1.4724 -0.9748, -6.1207 1.4724 -0.9818, -6.1024 1.4724 -0.9843, -6.084 1.4724 -0.9818, -6.0669 1.4724 -0.9748, -6.0523 1.4724 -0.9635, -6.041 1.4724 -0.9488, -6.1732 -0.7155 0.3207, -6.0315 -0.7155 0.3207, -6.1732 -0.6869 0.3394, -6.0315 -0.6869 0.3394, -6.1732 -0.6634 0.3642, -6.0315 -0.6634 0.3642, -6.1732 -0.6462 0.3937, -6.0315 -0.6462 0.3937, -6.0315 -0.2402 4.0712, -6.0315 -0.2402 3.9895, -6.1732 -0.2402 4.0712, -6.1732 -0.2402 3.9895, -6.1732 -0.6339 0.3937, -6.1732 -0.5592 0.3473, -6.1732 -0.5878 0.301, -6.1732 -0.5414 0.3987, -6.1732 -0.9094 -0.9134, -6.1732 -1.0079 -0.9134, -6.1732 -0.9094 0.0591, -6.1732 -1.0079 0.0591, -6.1732 -0.9073 0.0785, -6.1732 -1.0033 0.1001, -6.1732 -0.9009 0.097, -6.1732 -0.9898 0.1392, -6.1732 -0.8906 0.1137, -6.1732 -0.9681 0.1744, -6.1732 -0.8769 0.1277, -6.1732 -0.9391 0.2039, -6.1732 -0.8604 0.1383, -6.1732 -0.9044 0.2264, -6.1732 -0.6716 0.2326, -6.1732 -0.6259 0.2621, -6.1732 -0.3386 3.9895, -6.1732 -0.3386 4.2913, -6.1732 -0.2402 4.2913, -6.1732 -0.3338 3.9452, -6.1732 -0.2376 3.9663, -6.1732 -0.3196 3.9029, -6.1732 -0.2302 3.9441, -6.1732 -0.2966 3.8646, -6.1732 -0.2182 3.9241, -6.1732 -0.266 3.8322, -6.1732 -0.2021 3.9071, -6.1732 -0.2292 3.8071, -6.1732 -0.1828 3.894, -6.1732 -0.204 3.7902, -6.1732 -0.1418 3.8664, -6.1732 -0.1829 3.7685, -6.1732 -0.107 3.8312, -6.1732 -0.1666 3.7429, -6.1732 -0.08 3.7898, -6.1732 -0.1559 3.7145, -6.1732 -0.0619 3.7438, -6.1732 0.0111 3.2362, -6.1732 0.104 3.2686, -6.1732 0.0326 3.1416, -6.1732 0.1306 3.1517, -6.1732 0.0328 3.0445, -6.1732 0.1304 3.0318, -6.1732 0.0115 2.9498, -6.1732 0.1036 2.915, -6.1732 -0.5862 1.4896, -6.1732 -0.4951 1.4523, -6.1732 -0.6218 1.3708, -6.1732 -0.5253 1.3518, -6.1732 -0.6339 1.2473, -6.1732 -0.5354 1.2473, -6.1732 -0.5354 0.4528, -6.0315 -0.6339 0.3937, -6.0315 -0.5592 0.3473, -6.0315 -0.5878 0.301, -6.0315 -0.6259 0.2621, -6.0315 -0.6716 0.2326, -6.0315 -0.8604 0.1383, -6.0315 -0.9044 0.2264, -6.0315 -0.8769 0.1277, -6.0315 -0.9391 0.2039, -6.0315 -0.8906 0.1137, -6.0315 -0.9681 0.1744, -6.0315 -0.9009 0.097, -6.0315 -0.9898 0.1392, -6.0315 -0.9073 0.0785, -6.0315 -1.0033 0.1001, -6.0315 -0.9094 0.0591, -6.0315 -1.0079 0.0591, -6.0315 -0.9094 -0.9134, -6.0315 -1.0079 -0.9134, -6.0315 -0.2402 4.2913, -6.0315 -0.3386 4.2913, -6.0315 -0.3386 3.9895, -6.0315 -0.5414 0.3987, -6.0315 -0.5354 0.4528, -6.0315 -0.6339 1.2473, -6.0315 -0.5354 1.2473, -6.0315 -0.6218 1.3708, -6.0315 -0.5253 1.3518, -6.0315 -0.5862 1.4896, -6.0315 -0.4951 1.4523, -6.0315 0.0115 2.9498, -6.0315 0.1036 2.915, -6.0315 0.0328 3.0445, -6.0315 0.1304 3.0318, -6.0315 0.0326 3.1416, -6.0315 0.1306 3.1517, -6.0315 0.0111 3.2362, -6.0315 0.104 3.2686, -6.0315 -0.1559 3.7145, -6.0315 -0.0619 3.7438, -6.0315 -0.1666 3.7429, -6.0315 -0.08 3.7898, -6.0315 -0.1829 3.7685, -6.0315 -0.107 3.8312, -6.0315 -0.204 3.7902, -6.0315 -0.1418 3.8664, -6.0315 -0.2292 3.8071, -6.0315 -0.1828 3.894, -6.0315 -0.266 3.8322, -6.0315 -0.2021 3.9071, -6.0315 -0.2966 3.8646, -6.0315 -0.2182 3.9241, -6.0315 -0.3196 3.9029, -6.0315 -0.2302 3.9441, -6.0315 -0.3338 3.9452, -6.0315 -0.2376 3.9663, -6.0339 -0.9094 -0.9317, -6.1378 -0.9094 -0.9748, -6.1525 -0.9094 -0.9635, -6.1637 -0.9094 -0.9488, -6.1708 -0.9094 -0.9317, -6.041 -0.9094 -0.9488, -6.0523 -0.9094 -0.9635, -6.0669 -0.9094 -0.9748, -6.084 -0.9094 -0.9818, -6.1024 -0.9094 -0.9843, -6.1207 -0.9094 -0.9818, -6.0339 -1.0079 -0.9317, -6.1708 -1.0079 -0.9317, -6.1637 -1.0079 -0.9488, -6.1525 -1.0079 -0.9635, -6.1378 -1.0079 -0.9748, -6.1207 -1.0079 -0.9818, -6.1024 -1.0079 -0.9843, -6.084 -1.0079 -0.9818, -6.0669 -1.0079 -0.9748, -6.0523 -1.0079 -0.9635, -6.041 -1.0079 -0.9488, -5.7795 0.8031 3.9895, -5.6378 0.8031 3.9895, -5.7795 0.8031 4.0712, -5.6378 0.8031 4.0712, -5.7795 0.8228 0.0591, -5.6378 0.8228 0.0591, -5.7795 0.8228 -0.9134, -5.6378 0.8228 -0.9134, -5.6402 0.8228 -0.9317, -5.6473 0.8228 -0.9488, -5.6586 0.8228 -0.9635, -5.6732 0.8228 -0.9748, -5.6903 0.8228 -0.9818, -5.7441 0.8228 -0.9748, -5.7588 0.8228 -0.9635, -5.7087 0.8228 -0.9843, -5.727 0.8228 -0.9818, -5.77 0.8228 -0.9488, -5.7771 0.8228 -0.9317, -5.7588 0.7244 -0.9635, -5.7441 0.7244 -0.9748, -5.6402 0.7244 -0.9317, -5.77 0.7244 -0.9488, -5.727 0.7244 -0.9818, -5.7087 0.7244 -0.9843, -5.6903 0.7244 -0.9818, -5.6378 0.7244 0.0591, -5.7795 0.7244 0.0591, -5.6378 0.7244 -0.9134, -5.7795 0.7244 -0.9134, -5.7771 0.7244 -0.9317, -5.6732 0.7244 -0.9748, -5.6586 0.7244 -0.9635, -5.6473 0.7244 -0.9488, -5.6378 0.729 0.1001, -5.7795 0.729 0.1001, -5.6378 0.7425 0.1392, -5.7795 0.7425 0.1392, -5.6378 0.7642 0.1744, -5.7795 0.7642 0.1744, -5.6378 0.7932 0.2039, -5.7795 0.7932 0.2039, -5.6378 0.8279 0.2264, -5.7795 0.8279 0.2264, -5.7795 1.0167 0.3207, -5.6378 1.0167 0.3207, -5.7795 1.0442 0.3384, -5.6378 1.0442 0.3384, -5.7795 1.067 0.3617, -5.6378 1.067 0.3617, -5.7795 1.0842 0.3895, -5.6378 1.0842 0.3895, -5.7795 1.0948 0.4203, -5.6378 1.0948 0.4203, -5.7795 1.0984 0.4528, -5.6378 1.0984 0.4528, -5.7795 1.0984 1.2473, -5.6378 1.0984 1.2473, -5.7795 1.0882 1.3518, -5.6378 1.0882 1.3518, -5.7795 1.0581 1.4523, -5.6378 1.0581 1.4523, -5.7795 0.4594 2.915, -5.6378 0.4594 2.915, -5.6378 0.4326 3.0318, -5.7795 0.4326 3.0318, -5.6378 0.4324 3.1517, -5.7795 0.4324 3.1517, -5.6378 0.459 3.2686, -5.7795 0.459 3.2686, -5.7795 0.6249 3.7438, -5.6378 0.6249 3.7438, -5.6378 0.643 3.7898, -5.7795 0.643 3.7898, -5.6378 0.67 3.8312, -5.7795 0.67 3.8312, -5.6378 0.7048 3.8664, -5.7795 0.7048 3.8664, -5.6378 0.7458 3.894, -5.7795 0.7458 3.894, -5.7795 0.7651 3.9071, -5.6378 0.7651 3.9071, -5.7795 0.7812 3.9241, -5.6378 0.7812 3.9241, -5.7795 0.7932 3.9441, -5.6378 0.7932 3.9441, -5.7795 0.8006 3.9663, -5.6378 0.8006 3.9663, -5.7795 0.9016 4.2913, -5.7795 0.8031 4.2913, -5.6378 0.9016 4.2913, -5.6378 0.8031 4.2913, -5.7795 0.9016 3.9895, -5.6378 0.9016 3.9895, -5.6378 0.8968 3.9452, -5.7795 0.8968 3.9452, -5.6378 0.8826 3.9029, -5.7795 0.8826 3.9029, -5.6378 0.8596 3.8646, -5.7795 0.8596 3.8646, -5.6378 0.829 3.8322, -5.7795 0.829 3.8322, -5.6378 0.7921 3.8071, -5.7795 0.7921 3.8071, -5.7795 0.767 3.7902, -5.6378 0.767 3.7902, -5.7795 0.7459 3.7685, -5.6378 0.7459 3.7685, -5.7795 0.7296 3.7429, -5.6378 0.7296 3.7429, -5.7795 0.7189 3.7145, -5.6378 0.7189 3.7145, -5.7795 0.5519 3.2362, -5.6378 0.5519 3.2362, -5.7795 0.5303 3.1416, -5.6378 0.5303 3.1416, -5.7795 0.5302 3.0445, -5.6378 0.5302 3.0445, -5.7795 0.5515 2.9498, -5.6378 0.5515 2.9498, -5.7795 1.1492 1.4896, -5.6378 1.1492 1.4896, -5.6378 1.1848 1.3708, -5.7795 1.1848 1.3708, -5.6378 1.1969 1.2473, -5.7795 1.1969 1.2473, -5.7795 1.1969 0.4528, -5.6378 1.1969 0.4528, -5.6378 1.1908 0.3987, -5.7795 1.1908 0.3987, -5.6378 1.1731 0.3473, -5.7795 1.1731 0.3473, -5.6378 1.1445 0.301, -5.7795 1.1445 0.301, -5.6378 1.1064 0.2621, -5.7795 1.1064 0.2621, -5.6378 1.0607 0.2326, -5.7795 1.0607 0.2326, -5.7795 0.8718 0.1383, -5.6378 0.8718 0.1383, -5.7795 0.8554 0.1277, -5.6378 0.8554 0.1277, -5.7795 0.8417 0.1137, -5.6378 0.8417 0.1137, -5.7795 0.8314 0.097, -5.6378 0.8314 0.097, -5.7795 0.825 0.0785, -5.6378 0.825 0.0785, -5.6378 -0.2402 4.0712, -5.6378 -0.2402 3.9895, -5.7795 -0.2402 4.0712, -5.7795 -0.2402 3.9895, -5.7795 -0.1614 0.0591, -5.6378 -0.1614 0.0591, -5.7795 -0.1614 -0.9134, -5.6378 -0.1614 -0.9134, -5.6402 -0.1614 -0.9317, -5.6473 -0.1614 -0.9488, -5.6586 -0.1614 -0.9635, -5.6732 -0.1614 -0.9748, -5.6903 -0.1614 -0.9818, -5.7441 -0.1614 -0.9748, -5.7588 -0.1614 -0.9635, -5.7087 -0.1614 -0.9843, -5.727 -0.1614 -0.9818, -5.77 -0.1614 -0.9488, -5.7771 -0.1614 -0.9317, -5.7588 -0.2598 -0.9635, -5.7441 -0.2598 -0.9748, -5.6402 -0.2598 -0.9317, -5.77 -0.2598 -0.9488, -5.727 -0.2598 -0.9818, -5.7087 -0.2598 -0.9843, -5.6903 -0.2598 -0.9818, -5.6378 -0.2598 0.0591, -5.7795 -0.2598 0.0591, -5.6378 -0.2598 -0.9134, -5.7795 -0.2598 -0.9134, -5.7771 -0.2598 -0.9317, -5.6732 -0.2598 -0.9748, -5.6586 -0.2598 -0.9635, -5.6473 -0.2598 -0.9488, -5.7795 -0.262 0.0785, -5.6378 -0.262 0.0785, -5.7795 -0.2684 0.097, -5.6378 -0.2684 0.097, -5.7795 -0.2787 0.1137, -5.6378 -0.2787 0.1137, -5.7795 -0.2924 0.1277, -5.6378 -0.2924 0.1277, -5.7795 -0.3089 0.1383, -5.6378 -0.3089 0.1383, -5.7795 -0.4977 0.2326, -5.6378 -0.4977 0.2326, -5.6378 -0.5434 0.2621, -5.7795 -0.5434 0.2621, -5.6378 -0.5815 0.301, -5.7795 -0.5815 0.301, -5.6378 -0.6101 0.3473, -5.7795 -0.6101 0.3473, -5.6378 -0.6278 0.3987, -5.7795 -0.6278 0.3987, -5.6378 -0.6339 0.4528, -5.7795 -0.6339 0.4528, -5.7795 -0.6339 1.2473, -5.6378 -0.6339 1.2473, -5.6378 -0.6218 1.3708, -5.7795 -0.6218 1.3708, -5.6378 -0.5862 1.4896, -5.7795 -0.5862 1.4896, -5.7795 0.0115 2.9498, -5.6378 0.0115 2.9498, -5.7795 0.0328 3.0445, -5.6378 0.0328 3.0445, -5.7795 0.0326 3.1416, -5.6378 0.0326 3.1416, -5.7795 0.0111 3.2362, -5.6378 0.0111 3.2362, -5.7795 -0.1559 3.7145, -5.6378 -0.1559 3.7145, -5.7795 -0.1666 3.7429, -5.6378 -0.1666 3.7429, -5.7795 -0.1829 3.7685, -5.6378 -0.1829 3.7685, -5.7795 -0.204 3.7902, -5.6378 -0.204 3.7902, -5.7795 -0.2292 3.8071, -5.6378 -0.2292 3.8071, -5.6378 -0.266 3.8322, -5.7795 -0.266 3.8322, -5.6378 -0.2966 3.8646, -5.7795 -0.2966 3.8646, -5.6378 -0.3196 3.9029, -5.7795 -0.3196 3.9029, -5.6378 -0.3338 3.9452, -5.7795 -0.3338 3.9452, -5.6378 -0.3386 3.9895, -5.7795 -0.3386 3.9895, -5.7795 -0.3386 4.2913, -5.6378 -0.3386 4.2913, -5.7795 -0.2402 4.2913, -5.6378 -0.2402 4.2913, -5.7795 -0.2376 3.9663, -5.6378 -0.2376 3.9663, -5.7795 -0.2302 3.9441, -5.6378 -0.2302 3.9441, -5.7795 -0.2182 3.9241, -5.6378 -0.2182 3.9241, -5.7795 -0.2021 3.9071, -5.6378 -0.2021 3.9071, -5.7795 -0.1828 3.894, -5.6378 -0.1828 3.894, -5.6378 -0.1418 3.8664, -5.7795 -0.1418 3.8664, -5.6378 -0.107 3.8312, -5.7795 -0.107 3.8312, -5.6378 -0.08 3.7898, -5.7795 -0.08 3.7898, -5.6378 -0.0619 3.7438, -5.7795 -0.0619 3.7438, -5.7795 0.104 3.2686, -5.6378 0.104 3.2686, -5.6378 0.1306 3.1517, -5.7795 0.1306 3.1517, -5.6378 0.1304 3.0318, -5.7795 0.1304 3.0318, -5.6378 0.1036 2.915, -5.7795 0.1036 2.915, -5.7795 -0.4951 1.4523, -5.6378 -0.4951 1.4523, -5.7795 -0.5253 1.3518, -5.6378 -0.5253 1.3518, -5.7795 -0.5354 1.2473, -5.6378 -0.5354 1.2473, -5.7795 -0.5354 0.4528, -5.6378 -0.5354 0.4528, -5.7795 -0.5318 0.4203, -5.6378 -0.5318 0.4203, -5.7795 -0.5212 0.3895, -5.6378 -0.5212 0.3895, -5.7795 -0.504 0.3617, -5.6378 -0.504 0.3617, -5.7795 -0.4812 0.3384, -5.6378 -0.4812 0.3384, -5.7795 -0.4537 0.3207, -5.6378 -0.4537 0.3207, -5.7795 -0.2649 0.2264, -5.6378 -0.2649 0.2264, -5.6378 -0.2302 0.2039, -5.7795 -0.2302 0.2039, -5.6378 -0.2012 0.1744, -5.7795 -0.2012 0.1744, -5.6378 -0.1795 0.1392, -5.7795 -0.1795 0.1392, -5.6378 -0.166 0.1001, -5.7795 -0.166 0.1001, -4.9921 0.8031 3.9895, -4.8504 0.8031 3.9895, -4.9921 0.8031 4.0712, -4.8504 0.8031 4.0712, -4.9921 0.8228 -0.9134, -4.9921 0.8228 0.0591, -4.8504 0.8228 0.0591, -4.8712 0.8228 -0.9635, -4.8858 0.8228 -0.9748, -4.9897 0.8228 -0.9317, -4.9029 0.8228 -0.9818, -4.9213 0.8228 -0.9843, -4.9396 0.8228 -0.9818, -4.8504 0.8228 -0.9134, -4.8528 0.8228 -0.9317, -4.8599 0.8228 -0.9488, -4.9567 0.8228 -0.9748, -4.9714 0.8228 -0.9635, -4.9826 0.8228 -0.9488, -4.9714 0.7244 -0.9635, -4.9567 0.7244 -0.9748, -4.8528 0.7244 -0.9317, -4.9826 0.7244 -0.9488, -4.9396 0.7244 -0.9818, -4.9213 0.7244 -0.9843, -4.9029 0.7244 -0.9818, -4.8504 0.7244 0.0591, -4.9921 0.7244 0.0591, -4.8504 0.7244 -0.9134, -4.9921 0.7244 -0.9134, -4.9897 0.7244 -0.9317, -4.8858 0.7244 -0.9748, -4.8712 0.7244 -0.9635, -4.8599 0.7244 -0.9488, -4.8504 0.729 0.1001, -4.9921 0.729 0.1001, -4.8504 0.7425 0.1392, -4.9921 0.7425 0.1392, -4.8504 0.7642 0.1744, -4.9921 0.7642 0.1744, -4.8504 0.7932 0.2039, -4.9921 0.7932 0.2039, -4.8504 0.8279 0.2264, -4.9921 0.8279 0.2264, -4.9921 1.0167 0.3207, -4.8504 1.0167 0.3207, -4.9921 1.0442 0.3384, -4.8504 1.0442 0.3384, -4.9921 1.067 0.3617, -4.8504 1.067 0.3617, -4.9921 1.0842 0.3895, -4.8504 1.0842 0.3895, -4.9921 1.0948 0.4203, -4.8504 1.0948 0.4203, -4.9921 1.0984 0.4528, -4.8504 1.0984 0.4528, -4.9921 1.0984 1.2473, -4.8504 1.0984 1.2473, -4.9921 1.0882 1.3518, -4.8504 1.0882 1.3518, -4.9921 1.0581 1.4523, -4.8504 1.0581 1.4523, -4.9921 0.4594 2.915, -4.8504 0.4594 2.915, -4.8504 0.4326 3.0318, -4.9921 0.4326 3.0318, -4.8504 0.4324 3.1517, -4.9921 0.4324 3.1517, -4.8504 0.459 3.2686, -4.9921 0.459 3.2686, -4.9921 0.6249 3.7438, -4.8504 0.6249 3.7438, -4.8504 0.643 3.7898, -4.9921 0.643 3.7898, -4.8504 0.67 3.8312, -4.9921 0.67 3.8312, -4.8504 0.7048 3.8664, -4.9921 0.7048 3.8664, -4.8504 0.7458 3.894, -4.9921 0.7458 3.894, -4.9921 0.7651 3.9071, -4.8504 0.7651 3.9071, -4.9921 0.7812 3.9241, -4.8504 0.7812 3.9241, -4.9921 0.7932 3.9441, -4.8504 0.7932 3.9441, -4.9921 0.8006 3.9663, -4.8504 0.8006 3.9663, -4.9921 0.9016 4.2913, -4.9921 0.8031 4.2913, -4.8504 0.9016 4.2913, -4.8504 0.8031 4.2913, -4.9921 0.9016 3.9895, -4.8504 0.9016 3.9895, -4.8504 0.8968 3.9452, -4.9921 0.8968 3.9452, -4.8504 0.8826 3.9029, -4.9921 0.8826 3.9029, -4.8504 0.8596 3.8646, -4.9921 0.8596 3.8646, -4.8504 0.829 3.8322, -4.9921 0.829 3.8322, -4.8504 0.7921 3.8071, -4.9921 0.7921 3.8071, -4.9921 0.767 3.7902, -4.8504 0.767 3.7902, -4.9921 0.7459 3.7685, -4.8504 0.7459 3.7685, -4.9921 0.7296 3.7429, -4.8504 0.7296 3.7429, -4.9921 0.7189 3.7145, -4.8504 0.7189 3.7145, -4.9921 0.5519 3.2362, -4.8504 0.5519 3.2362, -4.9921 0.5303 3.1416, -4.8504 0.5303 3.1416, -4.9921 0.5302 3.0445, -4.8504 0.5302 3.0445, -4.9921 0.5515 2.9498, -4.8504 0.5515 2.9498, -4.9921 1.1492 1.4896, -4.8504 1.1492 1.4896, -4.8504 1.1848 1.3708, -4.9921 1.1848 1.3708, -4.8504 1.1969 1.2473, -4.9921 1.1969 1.2473, -4.9921 1.1969 0.4528, -4.8504 1.1969 0.4528, -4.8504 1.1908 0.3987, -4.9921 1.1908 0.3987, -4.8504 1.1731 0.3473, -4.9921 1.1731 0.3473, -4.8504 1.1445 0.301, -4.9921 1.1445 0.301, -4.8504 1.1064 0.2621, -4.9921 1.1064 0.2621, -4.8504 1.0607 0.2326, -4.9921 1.0607 0.2326, -4.9921 0.8718 0.1383, -4.8504 0.8718 0.1383, -4.9921 0.8554 0.1277, -4.8504 0.8554 0.1277, -4.9921 0.8417 0.1137, -4.8504 0.8417 0.1137, -4.9921 0.8314 0.097, -4.8504 0.8314 0.097, -4.9921 0.825 0.0785, -4.8504 0.825 0.0785, -4.8504 -0.2402 4.0712, -4.8504 -0.2402 3.9895, -4.9921 -0.2402 4.0712, -4.9921 -0.2402 3.9895, -4.9921 -0.1614 -0.9134, -4.9921 -0.1614 0.0591, -4.8504 -0.1614 0.0591, -4.8712 -0.1614 -0.9635, -4.8858 -0.1614 -0.9748, -4.9897 -0.1614 -0.9317, -4.9029 -0.1614 -0.9818, -4.9213 -0.1614 -0.9843, -4.9396 -0.1614 -0.9818, -4.8504 -0.1614 -0.9134, -4.8528 -0.1614 -0.9317, -4.8599 -0.1614 -0.9488, -4.9567 -0.1614 -0.9748, -4.9714 -0.1614 -0.9635, -4.9826 -0.1614 -0.9488, -4.9714 -0.2598 -0.9635, -4.9567 -0.2598 -0.9748, -4.8528 -0.2598 -0.9317, -4.9826 -0.2598 -0.9488, -4.9396 -0.2598 -0.9818, -4.9213 -0.2598 -0.9843, -4.9029 -0.2598 -0.9818, -4.8504 -0.2598 0.0591, -4.9921 -0.2598 0.0591, -4.8504 -0.2598 -0.9134, -4.9921 -0.2598 -0.9134, -4.9897 -0.2598 -0.9317, -4.8858 -0.2598 -0.9748, -4.8712 -0.2598 -0.9635, -4.8599 -0.2598 -0.9488, -4.9921 -0.262 0.0785, -4.8504 -0.262 0.0785, -4.9921 -0.2684 0.097, -4.8504 -0.2684 0.097, -4.9921 -0.2787 0.1137, -4.8504 -0.2787 0.1137, -4.9921 -0.2924 0.1277, -4.8504 -0.2924 0.1277, -4.9921 -0.3089 0.1383, -4.8504 -0.3089 0.1383, -4.9921 -0.4977 0.2326, -4.8504 -0.4977 0.2326, -4.8504 -0.5434 0.2621, -4.9921 -0.5434 0.2621, -4.8504 -0.5815 0.301, -4.9921 -0.5815 0.301, -4.8504 -0.6101 0.3473, -4.9921 -0.6101 0.3473, -4.8504 -0.6278 0.3987, -4.9921 -0.6278 0.3987, -4.8504 -0.6339 0.4528, -4.9921 -0.6339 0.4528, -4.9921 -0.6339 1.2473, -4.8504 -0.6339 1.2473, -4.8504 -0.6218 1.3708, -4.9921 -0.6218 1.3708, -4.8504 -0.5862 1.4896, -4.9921 -0.5862 1.4896, -4.9921 0.0115 2.9498, -4.8504 0.0115 2.9498, -4.9921 0.0328 3.0445, -4.8504 0.0328 3.0445, -4.9921 0.0326 3.1416, -4.8504 0.0326 3.1416, -4.9921 0.0111 3.2362, -4.8504 0.0111 3.2362, -4.9921 -0.1559 3.7145, -4.8504 -0.1559 3.7145, -4.9921 -0.1666 3.7429, -4.8504 -0.1666 3.7429, -4.9921 -0.1829 3.7685, -4.8504 -0.1829 3.7685, -4.9921 -0.204 3.7902, -4.8504 -0.204 3.7902, -4.9921 -0.2292 3.8071, -4.8504 -0.2292 3.8071, -4.8504 -0.266 3.8322, -4.9921 -0.266 3.8322, -4.8504 -0.2966 3.8646, -4.9921 -0.2966 3.8646, -4.8504 -0.3196 3.9029, -4.9921 -0.3196 3.9029, -4.8504 -0.3338 3.9452, -4.9921 -0.3338 3.9452, -4.8504 -0.3386 3.9895, -4.9921 -0.3386 3.9895, -4.9921 -0.3386 4.2913, -4.8504 -0.3386 4.2913, -4.9921 -0.2402 4.2913, -4.8504 -0.2402 4.2913, -4.9921 -0.2376 3.9663, -4.8504 -0.2376 3.9663, -4.9921 -0.2302 3.9441, -4.8504 -0.2302 3.9441, -4.9921 -0.2182 3.9241, -4.8504 -0.2182 3.9241, -4.9921 -0.2021 3.9071, -4.8504 -0.2021 3.9071, -4.9921 -0.1828 3.894, -4.8504 -0.1828 3.894, -4.8504 -0.1418 3.8664, -4.9921 -0.1418 3.8664, -4.8504 -0.107 3.8312, -4.9921 -0.107 3.8312, -4.8504 -0.08 3.7898, -4.9921 -0.08 3.7898, -4.8504 -0.0619 3.7438, -4.9921 -0.0619 3.7438, -4.9921 0.104 3.2686, -4.8504 0.104 3.2686, -4.8504 0.1306 3.1517, -4.9921 0.1306 3.1517, -4.8504 0.1304 3.0318, -4.9921 0.1304 3.0318, -4.8504 0.1036 2.915, -4.9921 0.1036 2.915, -4.9921 -0.4951 1.4523, -4.8504 -0.4951 1.4523, -4.9921 -0.5253 1.3518, -4.8504 -0.5253 1.3518, -4.9921 -0.5354 1.2473, -4.8504 -0.5354 1.2473, -4.9921 -0.5354 0.4528, -4.8504 -0.5354 0.4528, -4.9921 -0.5318 0.4203, -4.8504 -0.5318 0.4203, -4.9921 -0.5212 0.3895, -4.8504 -0.5212 0.3895, -4.9921 -0.504 0.3617, -4.8504 -0.504 0.3617, -4.9921 -0.4812 0.3384, -4.8504 -0.4812 0.3384, -4.9921 -0.4537 0.3207, -4.8504 -0.4537 0.3207, -4.9921 -0.2649 0.2264, -4.8504 -0.2649 0.2264, -4.8504 -0.2302 0.2039, -4.9921 -0.2302 0.2039, -4.8504 -0.2012 0.1744, -4.9921 -0.2012 0.1744, -4.8504 -0.1795 0.1392, -4.9921 -0.1795 0.1392, -4.8504 -0.166 0.1001, -4.9921 -0.166 0.1001, -4.2047 0.8031 3.9895, -4.063 0.8031 3.9895, -4.2047 0.8031 4.0712, -4.063 0.8031 4.0712, -4.2047 0.8228 0.0591, -4.063 0.8228 0.0591, -4.2047 0.8228 -0.9134, -4.063 0.8228 -0.9134, -4.0654 0.8228 -0.9317, -4.0725 0.8228 -0.9488, -4.0837 0.8228 -0.9635, -4.0984 0.8228 -0.9748, -4.1155 0.8228 -0.9818, -4.1693 0.8228 -0.9748, -4.184 0.8228 -0.9635, -4.1339 0.8228 -0.9843, -4.1522 0.8228 -0.9818, -4.1952 0.8228 -0.9488, -4.2023 0.8228 -0.9317, -4.184 0.7244 -0.9635, -4.1693 0.7244 -0.9748, -4.0654 0.7244 -0.9317, -4.1952 0.7244 -0.9488, -4.1522 0.7244 -0.9818, -4.1339 0.7244 -0.9843, -4.1155 0.7244 -0.9818, -4.063 0.7244 0.0591, -4.2047 0.7244 0.0591, -4.063 0.7244 -0.9134, -4.2047 0.7244 -0.9134, -4.2023 0.7244 -0.9317, -4.0984 0.7244 -0.9748, -4.0837 0.7244 -0.9635, -4.0725 0.7244 -0.9488, -4.063 0.729 0.1001, -4.2047 0.729 0.1001, -4.063 0.7425 0.1392, -4.2047 0.7425 0.1392, -4.063 0.7642 0.1744, -4.2047 0.7642 0.1744, -4.063 0.7932 0.2039, -4.2047 0.7932 0.2039, -4.063 0.8279 0.2264, -4.2047 0.8279 0.2264, -4.2047 1.0167 0.3207, -4.063 1.0167 0.3207, -4.2047 1.0442 0.3384, -4.063 1.0442 0.3384, -4.2047 1.067 0.3617, -4.063 1.067 0.3617, -4.2047 1.0842 0.3895, -4.063 1.0842 0.3895, -4.2047 1.0948 0.4203, -4.063 1.0948 0.4203, -4.2047 1.0984 0.4528, -4.063 1.0984 0.4528, -4.2047 1.0984 1.2473, -4.063 1.0984 1.2473, -4.2047 1.0882 1.3518, -4.063 1.0882 1.3518, -4.2047 1.0581 1.4523, -4.063 1.0581 1.4523, -4.2047 0.4594 2.915, -4.063 0.4594 2.915, -4.063 0.4326 3.0318, -4.2047 0.4326 3.0318, -4.063 0.4324 3.1517, -4.2047 0.4324 3.1517, -4.063 0.459 3.2686, -4.2047 0.459 3.2686, -4.2047 0.6249 3.7438, -4.063 0.6249 3.7438, -4.063 0.643 3.7898, -4.2047 0.643 3.7898, -4.063 0.67 3.8312, -4.2047 0.67 3.8312, -4.063 0.7048 3.8664, -4.2047 0.7048 3.8664, -4.063 0.7458 3.894, -4.2047 0.7458 3.894, -4.2047 0.7651 3.9071, -4.063 0.7651 3.9071, -4.2047 0.7812 3.9241, -4.063 0.7812 3.9241, -4.2047 0.7932 3.9441, -4.063 0.7932 3.9441, -4.2047 0.8006 3.9663, -4.063 0.8006 3.9663, -4.2047 0.9016 4.2913, -4.2047 0.8031 4.2913, -4.063 0.9016 4.2913, -4.063 0.8031 4.2913, -4.2047 0.9016 3.9895, -4.063 0.9016 3.9895, -4.063 0.8968 3.9452, -4.2047 0.8968 3.9452, -4.063 0.8826 3.9029, -4.2047 0.8826 3.9029, -4.063 0.8596 3.8646, -4.2047 0.8596 3.8646, -4.063 0.829 3.8322, -4.2047 0.829 3.8322, -4.063 0.7921 3.8071, -4.2047 0.7921 3.8071, -4.2047 0.767 3.7902, -4.063 0.767 3.7902, -4.2047 0.7459 3.7685, -4.063 0.7459 3.7685, -4.2047 0.7296 3.7429, -4.063 0.7296 3.7429, -4.2047 0.7189 3.7145, -4.063 0.7189 3.7145, -4.2047 0.5519 3.2362, -4.063 0.5519 3.2362, -4.2047 0.5303 3.1416, -4.063 0.5303 3.1416, -4.2047 0.5302 3.0445, -4.063 0.5302 3.0445, -4.2047 0.5515 2.9498, -4.063 0.5515 2.9498, -4.2047 1.1492 1.4896, -4.063 1.1492 1.4896, -4.063 1.1848 1.3708, -4.2047 1.1848 1.3708, -4.063 1.1969 1.2473, -4.2047 1.1969 1.2473, -4.2047 1.1969 0.4528, -4.063 1.1969 0.4528, -4.063 1.1908 0.3987, -4.2047 1.1908 0.3987, -4.063 1.1731 0.3473, -4.2047 1.1731 0.3473, -4.063 1.1445 0.301, -4.2047 1.1445 0.301, -4.063 1.1064 0.2621, -4.2047 1.1064 0.2621, -4.063 1.0607 0.2326, -4.2047 1.0607 0.2326, -4.2047 0.8718 0.1383, -4.063 0.8718 0.1383, -4.2047 0.8554 0.1277, -4.063 0.8554 0.1277, -4.2047 0.8417 0.1137, -4.063 0.8417 0.1137, -4.2047 0.8314 0.097, -4.063 0.8314 0.097, -4.2047 0.825 0.0785, -4.063 0.825 0.0785, -4.063 -0.2402 4.0712, -4.063 -0.2402 3.9895, -4.2047 -0.2402 4.0712, -4.2047 -0.2402 3.9895, -4.2047 -0.1614 0.0591, -4.063 -0.1614 0.0591, -4.2047 -0.1614 -0.9134, -4.063 -0.1614 -0.9134, -4.0654 -0.1614 -0.9317, -4.0725 -0.1614 -0.9488, -4.0837 -0.1614 -0.9635, -4.0984 -0.1614 -0.9748, -4.1155 -0.1614 -0.9818, -4.1693 -0.1614 -0.9748, -4.184 -0.1614 -0.9635, -4.1339 -0.1614 -0.9843, -4.1522 -0.1614 -0.9818, -4.1952 -0.1614 -0.9488, -4.2023 -0.1614 -0.9317, -4.184 -0.2598 -0.9635, -4.1693 -0.2598 -0.9748, -4.0654 -0.2598 -0.9317, -4.1952 -0.2598 -0.9488, -4.1522 -0.2598 -0.9818, -4.1339 -0.2598 -0.9843, -4.1155 -0.2598 -0.9818, -4.063 -0.2598 0.0591, -4.2047 -0.2598 0.0591, -4.063 -0.2598 -0.9134, -4.2047 -0.2598 -0.9134, -4.2023 -0.2598 -0.9317, -4.0984 -0.2598 -0.9748, -4.0837 -0.2598 -0.9635, -4.0725 -0.2598 -0.9488, -4.2047 -0.262 0.0785, -4.063 -0.262 0.0785, -4.2047 -0.2684 0.097, -4.063 -0.2684 0.097, -4.2047 -0.2787 0.1137, -4.063 -0.2787 0.1137, -4.2047 -0.2924 0.1277, -4.063 -0.2924 0.1277, -4.2047 -0.3089 0.1383, -4.063 -0.3089 0.1383, -4.2047 -0.4977 0.2326, -4.063 -0.4977 0.2326, -4.063 -0.5434 0.2621, -4.2047 -0.5434 0.2621, -4.063 -0.5815 0.301, -4.2047 -0.5815 0.301, -4.063 -0.6101 0.3473, -4.2047 -0.6101 0.3473, -4.063 -0.6278 0.3987, -4.2047 -0.6278 0.3987, -4.063 -0.6339 0.4528, -4.2047 -0.6339 0.4528, -4.2047 -0.6339 1.2473, -4.063 -0.6339 1.2473, -4.063 -0.6218 1.3708, -4.2047 -0.6218 1.3708, -4.063 -0.5862 1.4896, -4.2047 -0.5862 1.4896, -4.2047 0.0115 2.9498, -4.063 0.0115 2.9498, -4.2047 0.0328 3.0445, -4.063 0.0328 3.0445, -4.2047 0.0326 3.1416, -4.063 0.0326 3.1416, -4.2047 0.0111 3.2362, -4.063 0.0111 3.2362, -4.2047 -0.1559 3.7145, -4.063 -0.1559 3.7145, -4.2047 -0.1666 3.7429, -4.063 -0.1666 3.7429, -4.2047 -0.1829 3.7685, -4.063 -0.1829 3.7685, -4.2047 -0.204 3.7902, -4.063 -0.204 3.7902, -4.2047 -0.2292 3.8071, -4.063 -0.2292 3.8071, -4.063 -0.266 3.8322, -4.2047 -0.266 3.8322, -4.063 -0.2966 3.8646, -4.2047 -0.2966 3.8646, -4.063 -0.3196 3.9029, -4.2047 -0.3196 3.9029, -4.063 -0.3338 3.9452, -4.2047 -0.3338 3.9452, -4.063 -0.3386 3.9895, -4.2047 -0.3386 3.9895, -4.2047 -0.3386 4.2913, -4.063 -0.3386 4.2913, -4.2047 -0.2402 4.2913, -4.063 -0.2402 4.2913, -4.2047 -0.2376 3.9663, -4.063 -0.2376 3.9663, -4.2047 -0.2302 3.9441, -4.063 -0.2302 3.9441, -4.2047 -0.2182 3.9241, -4.063 -0.2182 3.9241, -4.2047 -0.2021 3.9071, -4.063 -0.2021 3.9071, -4.2047 -0.1828 3.894, -4.063 -0.1828 3.894, -4.063 -0.1418 3.8664, -4.2047 -0.1418 3.8664, -4.063 -0.107 3.8312, -4.2047 -0.107 3.8312, -4.063 -0.08 3.7898, -4.2047 -0.08 3.7898, -4.063 -0.0619 3.7438, -4.2047 -0.0619 3.7438, -4.2047 0.104 3.2686, -4.063 0.104 3.2686, -4.063 0.1306 3.1517, -4.2047 0.1306 3.1517, -4.063 0.1304 3.0318, -4.2047 0.1304 3.0318, -4.063 0.1036 2.915, -4.2047 0.1036 2.915, -4.2047 -0.4951 1.4523, -4.063 -0.4951 1.4523, -4.2047 -0.5253 1.3518, -4.063 -0.5253 1.3518, -4.2047 -0.5354 1.2473, -4.063 -0.5354 1.2473, -4.2047 -0.5354 0.4528, -4.063 -0.5354 0.4528, -4.2047 -0.5318 0.4203, -4.063 -0.5318 0.4203, -4.2047 -0.5212 0.3895, -4.063 -0.5212 0.3895, -4.2047 -0.504 0.3617, -4.063 -0.504 0.3617, -4.2047 -0.4812 0.3384, -4.063 -0.4812 0.3384, -4.2047 -0.4537 0.3207, -4.063 -0.4537 0.3207, -4.2047 -0.2649 0.2264, -4.063 -0.2649 0.2264, -4.063 -0.2302 0.2039, -4.2047 -0.2302 0.2039, -4.063 -0.2012 0.1744, -4.2047 -0.2012 0.1744, -4.063 -0.1795 0.1392, -4.2047 -0.1795 0.1392, -4.063 -0.166 0.1001, -4.2047 -0.166 0.1001, -3.4173 0.8031 3.9895, -3.2756 0.8031 3.9895, -3.4173 0.8031 4.0712, -3.2756 0.8031 4.0712, -3.4173 0.8228 -0.9134, -3.4173 0.8228 0.0591, -3.2756 0.8228 0.0591, -3.2963 0.8228 -0.9635, -3.311 0.8228 -0.9748, -3.4149 0.8228 -0.9317, -3.3281 0.8228 -0.9818, -3.3465 0.8228 -0.9843, -3.3648 0.8228 -0.9818, -3.2756 0.8228 -0.9134, -3.278 0.8228 -0.9317, -3.2851 0.8228 -0.9488, -3.3819 0.8228 -0.9748, -3.3966 0.8228 -0.9635, -3.4078 0.8228 -0.9488, -3.3966 0.7244 -0.9635, -3.3819 0.7244 -0.9748, -3.278 0.7244 -0.9317, -3.4078 0.7244 -0.9488, -3.3648 0.7244 -0.9818, -3.3465 0.7244 -0.9843, -3.3281 0.7244 -0.9818, -3.2756 0.7244 0.0591, -3.4173 0.7244 0.0591, -3.2756 0.7244 -0.9134, -3.4173 0.7244 -0.9134, -3.4149 0.7244 -0.9317, -3.311 0.7244 -0.9748, -3.2963 0.7244 -0.9635, -3.2851 0.7244 -0.9488, -3.2756 0.729 0.1001, -3.4173 0.729 0.1001, -3.2756 0.7425 0.1392, -3.4173 0.7425 0.1392, -3.2756 0.7642 0.1744, -3.4173 0.7642 0.1744, -3.2756 0.7932 0.2039, -3.4173 0.7932 0.2039, -3.2756 0.8279 0.2264, -3.4173 0.8279 0.2264, -3.4173 1.0167 0.3207, -3.2756 1.0167 0.3207, -3.4173 1.0442 0.3384, -3.2756 1.0442 0.3384, -3.4173 1.067 0.3617, -3.2756 1.067 0.3617, -3.4173 1.0842 0.3895, -3.2756 1.0842 0.3895, -3.4173 1.0948 0.4203, -3.2756 1.0948 0.4203, -3.4173 1.0984 0.4528, -3.2756 1.0984 0.4528, -3.4173 1.0984 1.2473, -3.2756 1.0984 1.2473, -3.4173 1.0882 1.3518, -3.2756 1.0882 1.3518, -3.4173 1.0581 1.4523, -3.2756 1.0581 1.4523, -3.4173 0.4594 2.915, -3.2756 0.4594 2.915, -3.2756 0.4326 3.0318, -3.4173 0.4326 3.0318, -3.2756 0.4324 3.1517, -3.4173 0.4324 3.1517, -3.2756 0.459 3.2686, -3.4173 0.459 3.2686, -3.4173 0.6249 3.7438, -3.2756 0.6249 3.7438, -3.2756 0.643 3.7898, -3.4173 0.643 3.7898, -3.2756 0.67 3.8312, -3.4173 0.67 3.8312, -3.2756 0.7048 3.8664, -3.4173 0.7048 3.8664, -3.2756 0.7458 3.894, -3.4173 0.7458 3.894, -3.4173 0.7651 3.9071, -3.2756 0.7651 3.9071, -3.4173 0.7812 3.9241, -3.2756 0.7812 3.9241, -3.4173 0.7932 3.9441, -3.2756 0.7932 3.9441, -3.4173 0.8006 3.9663, -3.2756 0.8006 3.9663, -3.4173 0.9016 4.2913, -3.4173 0.8031 4.2913, -3.2756 0.9016 4.2913, -3.2756 0.8031 4.2913, -3.4173 0.9016 3.9895, -3.2756 0.9016 3.9895, -3.2756 0.8968 3.9452, -3.4173 0.8968 3.9452, -3.2756 0.8826 3.9029, -3.4173 0.8826 3.9029, -3.2756 0.8596 3.8646, -3.4173 0.8596 3.8646, -3.2756 0.829 3.8322, -3.4173 0.829 3.8322, -3.2756 0.7921 3.8071, -3.4173 0.7921 3.8071, -3.4173 0.767 3.7902, -3.2756 0.767 3.7902, -3.4173 0.7459 3.7685, -3.2756 0.7459 3.7685, -3.4173 0.7296 3.7429, -3.2756 0.7296 3.7429, -3.4173 0.7189 3.7145, -3.2756 0.7189 3.7145, -3.4173 0.5519 3.2362, -3.2756 0.5519 3.2362, -3.4173 0.5303 3.1416, -3.2756 0.5303 3.1416, -3.4173 0.5302 3.0445, -3.2756 0.5302 3.0445, -3.4173 0.5515 2.9498, -3.2756 0.5515 2.9498, -3.4173 1.1492 1.4896, -3.2756 1.1492 1.4896, -3.2756 1.1848 1.3708, -3.4173 1.1848 1.3708, -3.2756 1.1969 1.2473, -3.4173 1.1969 1.2473, -3.4173 1.1969 0.4528, -3.2756 1.1969 0.4528, -3.2756 1.1908 0.3987, -3.4173 1.1908 0.3987, -3.2756 1.1731 0.3473, -3.4173 1.1731 0.3473, -3.2756 1.1445 0.301, -3.4173 1.1445 0.301, -3.2756 1.1064 0.2621, -3.4173 1.1064 0.2621, -3.2756 1.0607 0.2326, -3.4173 1.0607 0.2326, -3.4173 0.8718 0.1383, -3.2756 0.8718 0.1383, -3.4173 0.8554 0.1277, -3.2756 0.8554 0.1277, -3.4173 0.8417 0.1137, -3.2756 0.8417 0.1137, -3.4173 0.8314 0.097, -3.2756 0.8314 0.097, -3.4173 0.825 0.0785, -3.2756 0.825 0.0785, -3.2756 -0.2402 4.0712, -3.2756 -0.2402 3.9895, -3.4173 -0.2402 4.0712, -3.4173 -0.2402 3.9895, -3.4173 -0.1614 -0.9134, -3.4173 -0.1614 0.0591, -3.2756 -0.1614 0.0591, -3.2963 -0.1614 -0.9635, -3.311 -0.1614 -0.9748, -3.4149 -0.1614 -0.9317, -3.3281 -0.1614 -0.9818, -3.3465 -0.1614 -0.9843, -3.3648 -0.1614 -0.9818, -3.2756 -0.1614 -0.9134, -3.278 -0.1614 -0.9317, -3.2851 -0.1614 -0.9488, -3.3819 -0.1614 -0.9748, -3.3966 -0.1614 -0.9635, -3.4078 -0.1614 -0.9488, -3.3966 -0.2598 -0.9635, -3.3819 -0.2598 -0.9748, -3.278 -0.2598 -0.9317, -3.4078 -0.2598 -0.9488, -3.3648 -0.2598 -0.9818, -3.3465 -0.2598 -0.9843, -3.3281 -0.2598 -0.9818, -3.2756 -0.2598 0.0591, -3.4173 -0.2598 0.0591, -3.2756 -0.2598 -0.9134, -3.4173 -0.2598 -0.9134, -3.4149 -0.2598 -0.9317, -3.311 -0.2598 -0.9748, -3.2963 -0.2598 -0.9635, -3.2851 -0.2598 -0.9488, -3.4173 -0.262 0.0785, -3.2756 -0.262 0.0785, -3.4173 -0.2684 0.097, -3.2756 -0.2684 0.097, -3.4173 -0.2787 0.1137, -3.2756 -0.2787 0.1137, -3.4173 -0.2924 0.1277, -3.2756 -0.2924 0.1277, -3.4173 -0.3089 0.1383, -3.2756 -0.3089 0.1383, -3.4173 -0.4977 0.2326, -3.2756 -0.4977 0.2326, -3.2756 -0.5434 0.2621, -3.4173 -0.5434 0.2621, -3.2756 -0.5815 0.301, -3.4173 -0.5815 0.301, -3.2756 -0.6101 0.3473, -3.4173 -0.6101 0.3473, -3.2756 -0.6278 0.3987, -3.4173 -0.6278 0.3987, -3.2756 -0.6339 0.4528, -3.4173 -0.6339 0.4528, -3.4173 -0.6339 1.2473, -3.2756 -0.6339 1.2473, -3.2756 -0.6218 1.3708, -3.4173 -0.6218 1.3708, -3.2756 -0.5862 1.4896, -3.4173 -0.5862 1.4896, -3.4173 0.0115 2.9498, -3.2756 0.0115 2.9498, -3.4173 0.0328 3.0445, -3.2756 0.0328 3.0445, -3.4173 0.0326 3.1416, -3.2756 0.0326 3.1416, -3.4173 0.0111 3.2362, -3.2756 0.0111 3.2362, -3.4173 -0.1559 3.7145, -3.2756 -0.1559 3.7145, -3.4173 -0.1666 3.7429, -3.2756 -0.1666 3.7429, -3.4173 -0.1829 3.7685, -3.2756 -0.1829 3.7685, -3.4173 -0.204 3.7902, -3.2756 -0.204 3.7902, -3.4173 -0.2292 3.8071, -3.2756 -0.2292 3.8071, -3.2756 -0.266 3.8322, -3.4173 -0.266 3.8322, -3.2756 -0.2966 3.8646, -3.4173 -0.2966 3.8646, -3.2756 -0.3196 3.9029, -3.4173 -0.3196 3.9029, -3.2756 -0.3338 3.9452, -3.4173 -0.3338 3.9452, -3.2756 -0.3386 3.9895, -3.4173 -0.3386 3.9895, -3.4173 -0.3386 4.2913, -3.2756 -0.3386 4.2913, -3.4173 -0.2402 4.2913, -3.2756 -0.2402 4.2913, -3.4173 -0.2376 3.9663, -3.2756 -0.2376 3.9663, -3.4173 -0.2302 3.9441, -3.2756 -0.2302 3.9441, -3.4173 -0.2182 3.9241, -3.2756 -0.2182 3.9241, -3.4173 -0.2021 3.9071, -3.2756 -0.2021 3.9071, -3.4173 -0.1828 3.894, -3.2756 -0.1828 3.894, -3.2756 -0.1418 3.8664, -3.4173 -0.1418 3.8664, -3.2756 -0.107 3.8312, -3.4173 -0.107 3.8312, -3.2756 -0.08 3.7898, -3.4173 -0.08 3.7898, -3.2756 -0.0619 3.7438, -3.4173 -0.0619 3.7438, -3.4173 0.104 3.2686, -3.2756 0.104 3.2686, -3.2756 0.1306 3.1517, -3.4173 0.1306 3.1517, -3.2756 0.1304 3.0318, -3.4173 0.1304 3.0318, -3.2756 0.1036 2.915, -3.4173 0.1036 2.915, -3.4173 -0.4951 1.4523, -3.2756 -0.4951 1.4523, -3.4173 -0.5253 1.3518, -3.2756 -0.5253 1.3518, -3.4173 -0.5354 1.2473, -3.2756 -0.5354 1.2473, -3.4173 -0.5354 0.4528, -3.2756 -0.5354 0.4528, -3.4173 -0.5318 0.4203, -3.2756 -0.5318 0.4203, -3.4173 -0.5212 0.3895, -3.2756 -0.5212 0.3895, -3.4173 -0.504 0.3617, -3.2756 -0.504 0.3617, -3.4173 -0.4812 0.3384, -3.2756 -0.4812 0.3384, -3.4173 -0.4537 0.3207, -3.2756 -0.4537 0.3207, -3.4173 -0.2649 0.2264, -3.2756 -0.2649 0.2264, -3.2756 -0.2302 0.2039, -3.4173 -0.2302 0.2039, -3.2756 -0.2012 0.1744, -3.4173 -0.2012 0.1744, -3.2756 -0.1795 0.1392, -3.4173 -0.1795 0.1392, -3.2756 -0.166 0.1001, -3.4173 -0.166 0.1001, -2.6299 0.8031 3.9895, -2.4882 0.8031 3.9895, -2.6299 0.8031 4.0712, -2.4882 0.8031 4.0712, -2.5591 0.8228 -0.9843, -2.5748 0.8228 -0.9825, -2.4882 0.8228 -0.9134, -2.6299 0.8228 0.0591, -2.4882 0.8228 0.0591, -2.6299 0.8228 -0.9134, -2.4977 0.8228 -0.9488, -2.5089 0.8228 -0.9635, -2.5236 0.8228 -0.9748, -2.5898 0.8228 -0.9772, -2.6032 0.8228 -0.9688, -2.6145 0.8228 -0.9576, -2.6229 0.8228 -0.9441, -2.6281 0.8228 -0.9292, -2.4906 0.8228 -0.9317, -2.5407 0.8228 -0.9818, -2.4882 0.7244 0.0591, -2.6299 0.7244 0.0591, -2.4882 0.7244 -0.9134, -2.6299 0.7244 -0.9134, -2.4906 0.7244 -0.9317, -2.5591 0.7244 -0.9843, -2.5748 0.7244 -0.9825, -2.5236 0.7244 -0.9748, -2.5089 0.7244 -0.9635, -2.4977 0.7244 -0.9488, -2.6281 0.7244 -0.9292, -2.6229 0.7244 -0.9441, -2.6145 0.7244 -0.9576, -2.6032 0.7244 -0.9688, -2.5898 0.7244 -0.9772, -2.5407 0.7244 -0.9818, -2.4882 0.729 0.1001, -2.6299 0.729 0.1001, -2.4882 0.7425 0.1392, -2.6299 0.7425 0.1392, -2.4882 0.7642 0.1744, -2.6299 0.7642 0.1744, -2.4882 0.7932 0.2039, -2.6299 0.7932 0.2039, -2.4882 0.8279 0.2264, -2.6299 0.8279 0.2264, -2.6299 1.0167 0.3207, -2.4882 1.0167 0.3207, -2.6299 1.0442 0.3384, -2.4882 1.0442 0.3384, -2.6299 1.067 0.3617, -2.4882 1.067 0.3617, -2.6299 1.0842 0.3895, -2.4882 1.0842 0.3895, -2.6299 1.0948 0.4203, -2.4882 1.0948 0.4203, -2.6299 1.0984 0.4528, -2.4882 1.0984 0.4528, -2.6299 1.0984 1.2473, -2.4882 1.0984 1.2473, -2.6299 1.0882 1.3518, -2.4882 1.0882 1.3518, -2.6299 1.0581 1.4523, -2.4882 1.0581 1.4523, -2.6299 0.4594 2.915, -2.4882 0.4594 2.915, -2.4882 0.4326 3.0318, -2.6299 0.4326 3.0318, -2.4882 0.4324 3.1517, -2.6299 0.4324 3.1517, -2.4882 0.459 3.2686, -2.6299 0.459 3.2686, -2.6299 0.6249 3.7438, -2.4882 0.6249 3.7438, -2.4882 0.643 3.7898, -2.6299 0.643 3.7898, -2.4882 0.67 3.8312, -2.6299 0.67 3.8312, -2.4882 0.7048 3.8664, -2.6299 0.7048 3.8664, -2.4882 0.7458 3.894, -2.6299 0.7458 3.894, -2.6299 0.7651 3.9071, -2.4882 0.7651 3.9071, -2.6299 0.7812 3.9241, -2.4882 0.7812 3.9241, -2.6299 0.7932 3.9441, -2.4882 0.7932 3.9441, -2.6299 0.8006 3.9663, -2.4882 0.8006 3.9663, -2.6299 0.9016 4.2913, -2.6299 0.8031 4.2913, -2.4882 0.9016 4.2913, -2.4882 0.8031 4.2913, -2.6299 0.9016 3.9895, -2.4882 0.9016 3.9895, -2.4882 0.8968 3.9452, -2.6299 0.8968 3.9452, -2.4882 0.8826 3.9029, -2.6299 0.8826 3.9029, -2.4882 0.8596 3.8646, -2.6299 0.8596 3.8646, -2.4882 0.829 3.8322, -2.6299 0.829 3.8322, -2.4882 0.7921 3.8071, -2.6299 0.7921 3.8071, -2.6299 0.767 3.7902, -2.4882 0.767 3.7902, -2.6299 0.7459 3.7685, -2.4882 0.7459 3.7685, -2.6299 0.7296 3.7429, -2.4882 0.7296 3.7429, -2.6299 0.7189 3.7145, -2.4882 0.7189 3.7145, -2.6299 0.5519 3.2362, -2.4882 0.5519 3.2362, -2.6299 0.5303 3.1416, -2.4882 0.5303 3.1416, -2.6299 0.5302 3.0445, -2.4882 0.5302 3.0445, -2.6299 0.5515 2.9498, -2.4882 0.5515 2.9498, -2.6299 1.1492 1.4896, -2.4882 1.1492 1.4896, -2.4882 1.1848 1.3708, -2.6299 1.1848 1.3708, -2.4882 1.1969 1.2473, -2.6299 1.1969 1.2473, -2.6299 1.1969 0.4528, -2.4882 1.1969 0.4528, -2.4882 1.1908 0.3987, -2.6299 1.1908 0.3987, -2.4882 1.1731 0.3473, -2.6299 1.1731 0.3473, -2.4882 1.1445 0.301, -2.6299 1.1445 0.301, -2.4882 1.1064 0.2621, -2.6299 1.1064 0.2621, -2.4882 1.0607 0.2326, -2.6299 1.0607 0.2326, -2.6299 0.8718 0.1383, -2.4882 0.8718 0.1383, -2.6299 0.8554 0.1277, -2.4882 0.8554 0.1277, -2.6299 0.8417 0.1137, -2.4882 0.8417 0.1137, -2.6299 0.8314 0.097, -2.4882 0.8314 0.097, -2.6299 0.825 0.0785, -2.4882 0.825 0.0785, -2.4882 -0.2402 4.0712, -2.4882 -0.2402 3.9895, -2.6299 -0.2402 4.0712, -2.6299 -0.2402 3.9895, -2.5591 -0.1614 -0.9843, -2.5748 -0.1614 -0.9825, -2.4882 -0.1614 -0.9134, -2.6299 -0.1614 0.0591, -2.4882 -0.1614 0.0591, -2.6299 -0.1614 -0.9134, -2.4977 -0.1614 -0.9488, -2.5089 -0.1614 -0.9635, -2.5236 -0.1614 -0.9748, -2.5898 -0.1614 -0.9772, -2.6032 -0.1614 -0.9688, -2.6145 -0.1614 -0.9576, -2.6229 -0.1614 -0.9441, -2.6281 -0.1614 -0.9292, -2.4906 -0.1614 -0.9317, -2.5407 -0.1614 -0.9818, -2.4882 -0.2598 0.0591, -2.6299 -0.2598 0.0591, -2.4882 -0.2598 -0.9134, -2.6299 -0.2598 -0.9134, -2.4906 -0.2598 -0.9317, -2.5591 -0.2598 -0.9843, -2.5748 -0.2598 -0.9825, -2.5236 -0.2598 -0.9748, -2.5089 -0.2598 -0.9635, -2.4977 -0.2598 -0.9488, -2.6281 -0.2598 -0.9292, -2.6229 -0.2598 -0.9441, -2.6145 -0.2598 -0.9576, -2.6032 -0.2598 -0.9688, -2.5898 -0.2598 -0.9772, -2.5407 -0.2598 -0.9818, -2.6299 -0.262 0.0785, -2.4882 -0.262 0.0785, -2.6299 -0.2684 0.097, -2.4882 -0.2684 0.097, -2.6299 -0.2787 0.1137, -2.4882 -0.2787 0.1137, -2.6299 -0.2924 0.1277, -2.4882 -0.2924 0.1277, -2.6299 -0.3089 0.1383, -2.4882 -0.3089 0.1383, -2.6299 -0.4977 0.2326, -2.4882 -0.4977 0.2326, -2.4882 -0.5434 0.2621, -2.6299 -0.5434 0.2621, -2.4882 -0.5815 0.301, -2.6299 -0.5815 0.301, -2.4882 -0.6101 0.3473, -2.6299 -0.6101 0.3473, -2.4882 -0.6278 0.3987, -2.6299 -0.6278 0.3987, -2.4882 -0.6339 0.4528, -2.6299 -0.6339 0.4528, -2.6299 -0.6339 1.2473, -2.4882 -0.6339 1.2473, -2.4882 -0.6218 1.3708, -2.6299 -0.6218 1.3708, -2.4882 -0.5862 1.4896, -2.6299 -0.5862 1.4896, -2.6299 0.0115 2.9498, -2.4882 0.0115 2.9498, -2.6299 0.0328 3.0445, -2.4882 0.0328 3.0445, -2.6299 0.0326 3.1416, -2.4882 0.0326 3.1416, -2.6299 0.0111 3.2362, -2.4882 0.0111 3.2362, -2.6299 -0.1559 3.7145, -2.4882 -0.1559 3.7145, -2.6299 -0.1666 3.7429, -2.4882 -0.1666 3.7429, -2.6299 -0.1829 3.7685, -2.4882 -0.1829 3.7685, -2.6299 -0.204 3.7902, -2.4882 -0.204 3.7902, -2.6299 -0.2292 3.8071, -2.4882 -0.2292 3.8071, -2.4882 -0.266 3.8322, -2.6299 -0.266 3.8322, -2.4882 -0.2966 3.8646, -2.6299 -0.2966 3.8646, -2.4882 -0.3196 3.9029, -2.6299 -0.3196 3.9029, -2.4882 -0.3338 3.9452, -2.6299 -0.3338 3.9452, -2.4882 -0.3386 3.9895, -2.6299 -0.3386 3.9895, -2.6299 -0.3386 4.2913, -2.4882 -0.3386 4.2913, -2.6299 -0.2402 4.2913, -2.4882 -0.2402 4.2913, -2.6299 -0.2376 3.9663, -2.4882 -0.2376 3.9663, -2.6299 -0.2302 3.9441, -2.4882 -0.2302 3.9441, -2.6299 -0.2182 3.9241, -2.4882 -0.2182 3.9241, -2.6299 -0.2021 3.9071, -2.4882 -0.2021 3.9071, -2.6299 -0.1828 3.894, -2.4882 -0.1828 3.894, -2.4882 -0.1418 3.8664, -2.6299 -0.1418 3.8664, -2.4882 -0.107 3.8312, -2.6299 -0.107 3.8312, -2.4882 -0.08 3.7898, -2.6299 -0.08 3.7898, -2.4882 -0.0619 3.7438, -2.6299 -0.0619 3.7438, -2.6299 0.104 3.2686, -2.4882 0.104 3.2686, -2.4882 0.1306 3.1517, -2.6299 0.1306 3.1517, -2.4882 0.1304 3.0318, -2.6299 0.1304 3.0318, -2.4882 0.1036 2.915, -2.6299 0.1036 2.915, -2.6299 -0.4951 1.4523, -2.4882 -0.4951 1.4523, -2.6299 -0.5253 1.3518, -2.4882 -0.5253 1.3518, -2.6299 -0.5354 1.2473, -2.4882 -0.5354 1.2473, -2.6299 -0.5354 0.4528, -2.4882 -0.5354 0.4528, -2.6299 -0.5318 0.4203, -2.4882 -0.5318 0.4203, -2.6299 -0.5212 0.3895, -2.4882 -0.5212 0.3895, -2.6299 -0.504 0.3617, -2.4882 -0.504 0.3617, -2.6299 -0.4812 0.3384, -2.4882 -0.4812 0.3384, -2.6299 -0.4537 0.3207, -2.4882 -0.4537 0.3207, -2.6299 -0.2649 0.2264, -2.4882 -0.2649 0.2264, -2.4882 -0.2302 0.2039, -2.6299 -0.2302 0.2039, -2.4882 -0.2012 0.1744, -2.6299 -0.2012 0.1744, -2.4882 -0.1795 0.1392, -2.6299 -0.1795 0.1392, -2.4882 -0.166 0.1001, -2.6299 -0.166 0.1001, -1.0551 0.8031 3.9895, -0.9134 0.8031 3.9895, -1.0551 0.8031 4.0712, -0.9134 0.8031 4.0712, -1.0551 0.8228 0.0591, -0.9134 0.8228 0.0591, -1.0551 0.8228 -0.9134, -0.9134 0.8228 -0.9134, -1.0527 0.8228 -0.9317, -1.0456 0.8228 -0.9488, -0.9158 0.8228 -0.9317, -0.9229 0.8228 -0.9488, -0.9341 0.8228 -0.9635, -0.9488 0.8228 -0.9748, -1.0344 0.8228 -0.9635, -0.9659 0.8228 -0.9818, -0.9843 0.8228 -0.9843, -1.0026 0.8228 -0.9818, -1.0197 0.8228 -0.9748, -0.9134 0.7244 0.0591, -1.0551 0.7244 0.0591, -0.9134 0.7244 -0.9134, -1.0551 0.7244 -0.9134, -1.0527 0.7244 -0.9317, -1.0456 0.7244 -0.9488, -1.0344 0.7244 -0.9635, -0.9488 0.7244 -0.9748, -0.9341 0.7244 -0.9635, -0.9229 0.7244 -0.9488, -1.0197 0.7244 -0.9748, -1.0026 0.7244 -0.9818, -0.9843 0.7244 -0.9843, -0.9659 0.7244 -0.9818, -0.9158 0.7244 -0.9317, -0.9134 0.729 0.1001, -1.0551 0.729 0.1001, -0.9134 0.7425 0.1392, -1.0551 0.7425 0.1392, -0.9134 0.7642 0.1744, -1.0551 0.7642 0.1744, -0.9134 0.7932 0.2039, -1.0551 0.7932 0.2039, -0.9134 0.8279 0.2264, -1.0551 0.8279 0.2264, -1.0551 1.0167 0.3207, -0.9134 1.0167 0.3207, -1.0551 1.0442 0.3384, -0.9134 1.0442 0.3384, -1.0551 1.067 0.3617, -0.9134 1.067 0.3617, -1.0551 1.0842 0.3895, -0.9134 1.0842 0.3895, -1.0551 1.0948 0.4203, -0.9134 1.0948 0.4203, -1.0551 1.0984 0.4528, -0.9134 1.0984 0.4528, -1.0551 1.0984 1.2473, -0.9134 1.0984 1.2473, -1.0551 1.0882 1.3518, -0.9134 1.0882 1.3518, -1.0551 1.0581 1.4523, -0.9134 1.0581 1.4523, -1.0551 0.4594 2.915, -0.9134 0.4594 2.915, -0.9134 0.4326 3.0318, -1.0551 0.4326 3.0318, -0.9134 0.4324 3.1517, -1.0551 0.4324 3.1517, -0.9134 0.459 3.2686, -1.0551 0.459 3.2686, -1.0551 0.6249 3.7438, -0.9134 0.6249 3.7438, -0.9134 0.643 3.7898, -1.0551 0.643 3.7898, -0.9134 0.67 3.8312, -1.0551 0.67 3.8312, -0.9134 0.7048 3.8664, -1.0551 0.7048 3.8664, -0.9134 0.7458 3.894, -1.0551 0.7458 3.894, -1.0551 0.7651 3.9071, -0.9134 0.7651 3.9071, -1.0551 0.7812 3.9241, -0.9134 0.7812 3.9241, -1.0551 0.7932 3.9441, -0.9134 0.7932 3.9441, -1.0551 0.8006 3.9663, -0.9134 0.8006 3.9663, -1.0551 0.9016 4.2913, -1.0551 0.8031 4.2913, -0.9134 0.9016 4.2913, -0.9134 0.8031 4.2913, -1.0551 0.9016 3.9895, -0.9134 0.9016 3.9895, -0.9134 0.8968 3.9452, -1.0551 0.8968 3.9452, -0.9134 0.8826 3.9029, -1.0551 0.8826 3.9029, -0.9134 0.8596 3.8646, -1.0551 0.8596 3.8646, -0.9134 0.829 3.8322, -1.0551 0.829 3.8322, -0.9134 0.7921 3.8071, -1.0551 0.7921 3.8071, -1.0551 0.767 3.7902, -0.9134 0.767 3.7902, -1.0551 0.7459 3.7685, -0.9134 0.7459 3.7685, -1.0551 0.7296 3.7429, -0.9134 0.7296 3.7429, -1.0551 0.7189 3.7145, -0.9134 0.7189 3.7145, -1.0551 0.5519 3.2362, -0.9134 0.5519 3.2362, -1.0551 0.5303 3.1416, -0.9134 0.5303 3.1416, -1.0551 0.5302 3.0445, -0.9134 0.5302 3.0445, -1.0551 0.5515 2.9498, -0.9134 0.5515 2.9498, -1.0551 1.1492 1.4896, -0.9134 1.1492 1.4896, -0.9134 1.1848 1.3708, -1.0551 1.1848 1.3708, -0.9134 1.1969 1.2473, -1.0551 1.1969 1.2473, -1.0551 1.1969 0.4528, -0.9134 1.1969 0.4528, -0.9134 1.1908 0.3987, -1.0551 1.1908 0.3987, -0.9134 1.1731 0.3473, -1.0551 1.1731 0.3473, -0.9134 1.1445 0.301, -1.0551 1.1445 0.301, -0.9134 1.1064 0.2621, -1.0551 1.1064 0.2621, -0.9134 1.0607 0.2326, -1.0551 1.0607 0.2326, -1.0551 0.8718 0.1383, -0.9134 0.8718 0.1383, -1.0551 0.8554 0.1277, -0.9134 0.8554 0.1277, -1.0551 0.8417 0.1137, -0.9134 0.8417 0.1137, -1.0551 0.8314 0.097, -0.9134 0.8314 0.097, -1.0551 0.825 0.0785, -0.9134 0.825 0.0785, -0.9134 -0.2402 4.0712, -0.9134 -0.2402 3.9895, -1.0551 -0.2402 4.0712, -1.0551 -0.2402 3.9895, -1.0551 -0.1614 0.0591, -0.9134 -0.1614 0.0591, -1.0551 -0.1614 -0.9134, -0.9134 -0.1614 -0.9134, -1.0527 -0.1614 -0.9317, -1.0456 -0.1614 -0.9488, -0.9158 -0.1614 -0.9317, -0.9229 -0.1614 -0.9488, -0.9341 -0.1614 -0.9635, -0.9488 -0.1614 -0.9748, -1.0344 -0.1614 -0.9635, -0.9659 -0.1614 -0.9818, -0.9843 -0.1614 -0.9843, -1.0026 -0.1614 -0.9818, -1.0197 -0.1614 -0.9748, -0.9134 -0.2598 0.0591, -1.0551 -0.2598 0.0591, -0.9134 -0.2598 -0.9134, -1.0551 -0.2598 -0.9134, -1.0527 -0.2598 -0.9317, -1.0456 -0.2598 -0.9488, -1.0344 -0.2598 -0.9635, -0.9488 -0.2598 -0.9748, -0.9341 -0.2598 -0.9635, -0.9229 -0.2598 -0.9488, -1.0197 -0.2598 -0.9748, -1.0026 -0.2598 -0.9818, -0.9843 -0.2598 -0.9843, -0.9659 -0.2598 -0.9818, -0.9158 -0.2598 -0.9317, -1.0551 -0.262 0.0785, -0.9134 -0.262 0.0785, -1.0551 -0.2684 0.097, -0.9134 -0.2684 0.097, -1.0551 -0.2787 0.1137, -0.9134 -0.2787 0.1137, -1.0551 -0.2924 0.1277, -0.9134 -0.2924 0.1277, -1.0551 -0.3089 0.1383, -0.9134 -0.3089 0.1383, -1.0551 -0.4977 0.2326, -0.9134 -0.4977 0.2326, -0.9134 -0.5434 0.2621, -1.0551 -0.5434 0.2621, -0.9134 -0.5815 0.301, -1.0551 -0.5815 0.301, -0.9134 -0.6101 0.3473, -1.0551 -0.6101 0.3473, -0.9134 -0.6278 0.3987, -1.0551 -0.6278 0.3987, -0.9134 -0.6339 0.4528, -1.0551 -0.6339 0.4528, -1.0551 -0.6339 1.2473, -0.9134 -0.6339 1.2473, -0.9134 -0.6218 1.3708, -1.0551 -0.6218 1.3708, -0.9134 -0.5862 1.4896, -1.0551 -0.5862 1.4896, -1.0551 0.0115 2.9498, -0.9134 0.0115 2.9498, -1.0551 0.0328 3.0445, -0.9134 0.0328 3.0445, -1.0551 0.0326 3.1416, -0.9134 0.0326 3.1416, -1.0551 0.0111 3.2362, -0.9134 0.0111 3.2362, -1.0551 -0.1559 3.7145, -0.9134 -0.1559 3.7145, -1.0551 -0.1666 3.7429, -0.9134 -0.1666 3.7429, -1.0551 -0.1829 3.7685, -0.9134 -0.1829 3.7685, -1.0551 -0.204 3.7902, -0.9134 -0.204 3.7902, -1.0551 -0.2292 3.8071, -0.9134 -0.2292 3.8071, -0.9134 -0.266 3.8322, -1.0551 -0.266 3.8322, -0.9134 -0.2966 3.8646, -1.0551 -0.2966 3.8646, -0.9134 -0.3196 3.9029, -1.0551 -0.3196 3.9029, -0.9134 -0.3338 3.9452, -1.0551 -0.3338 3.9452, -0.9134 -0.3386 3.9895, -1.0551 -0.3386 3.9895, -1.0551 -0.3386 4.2913, -0.9134 -0.3386 4.2913, -1.0551 -0.2402 4.2913, -0.9134 -0.2402 4.2913, -1.0551 -0.2376 3.9663, -0.9134 -0.2376 3.9663, -1.0551 -0.2302 3.9441, -0.9134 -0.2302 3.9441, -1.0551 -0.2182 3.9241, -0.9134 -0.2182 3.9241, -1.0551 -0.2021 3.9071, -0.9134 -0.2021 3.9071, -1.0551 -0.1828 3.894, -0.9134 -0.1828 3.894, -0.9134 -0.1418 3.8664, -1.0551 -0.1418 3.8664, -0.9134 -0.107 3.8312, -1.0551 -0.107 3.8312, -0.9134 -0.08 3.7898, -1.0551 -0.08 3.7898, -0.9134 -0.0619 3.7438, -1.0551 -0.0619 3.7438, -1.0551 0.104 3.2686, -0.9134 0.104 3.2686, -0.9134 0.1306 3.1517, -1.0551 0.1306 3.1517, -0.9134 0.1304 3.0318, -1.0551 0.1304 3.0318, -0.9134 0.1036 2.915, -1.0551 0.1036 2.915, -1.0551 -0.4951 1.4523, -0.9134 -0.4951 1.4523, -1.0551 -0.5253 1.3518, -0.9134 -0.5253 1.3518, -1.0551 -0.5354 1.2473, -0.9134 -0.5354 1.2473, -1.0551 -0.5354 0.4528, -0.9134 -0.5354 0.4528, -1.0551 -0.5318 0.4203, -0.9134 -0.5318 0.4203, -1.0551 -0.5212 0.3895, -0.9134 -0.5212 0.3895, -1.0551 -0.504 0.3617, -0.9134 -0.504 0.3617, -1.0551 -0.4812 0.3384, -0.9134 -0.4812 0.3384, -1.0551 -0.4537 0.3207, -0.9134 -0.4537 0.3207, -1.0551 -0.2649 0.2264, -0.9134 -0.2649 0.2264, -0.9134 -0.2302 0.2039, -1.0551 -0.2302 0.2039, -0.9134 -0.2012 0.1744, -1.0551 -0.2012 0.1744, -0.9134 -0.1795 0.1392, -1.0551 -0.1795 0.1392, -0.9134 -0.166 0.1001, -1.0551 -0.166 0.1001, -0.2677 0.8031 3.9895, -0.126 0.8031 3.9895, -0.2677 0.8031 4.0712, -0.126 0.8031 4.0712, -0.2677 0.8228 0.0591, -0.126 0.8228 0.0591, -0.2677 0.8228 -0.9134, -0.126 0.8228 -0.9134, -0.1284 0.8228 -0.9317, -0.2152 0.8228 -0.9818, -0.2323 0.8228 -0.9748, -0.1969 0.8228 -0.9843, -0.247 0.8228 -0.9635, -0.2582 0.8228 -0.9488, -0.1355 0.8228 -0.9488, -0.1467 0.8228 -0.9635, -0.1614 0.8228 -0.9748, -0.2653 0.8228 -0.9317, -0.1785 0.8228 -0.9818, -0.126 0.7244 0.0591, -0.2677 0.7244 0.0591, -0.126 0.7244 -0.9134, -0.2677 0.7244 -0.9134, -0.1284 0.7244 -0.9317, -0.1969 0.7244 -0.9843, -0.2653 0.7244 -0.9317, -0.2582 0.7244 -0.9488, -0.247 0.7244 -0.9635, -0.2323 0.7244 -0.9748, -0.2152 0.7244 -0.9818, -0.1614 0.7244 -0.9748, -0.1467 0.7244 -0.9635, -0.1355 0.7244 -0.9488, -0.1785 0.7244 -0.9818, -0.126 0.729 0.1001, -0.2677 0.729 0.1001, -0.126 0.7425 0.1392, -0.2677 0.7425 0.1392, -0.126 0.7642 0.1744, -0.2677 0.7642 0.1744, -0.126 0.7932 0.2039, -0.2677 0.7932 0.2039, -0.126 0.8279 0.2264, -0.2677 0.8279 0.2264, -0.2677 1.0167 0.3207, -0.126 1.0167 0.3207, -0.2677 1.0442 0.3384, -0.126 1.0442 0.3384, -0.2677 1.067 0.3617, -0.126 1.067 0.3617, -0.2677 1.0842 0.3895, -0.126 1.0842 0.3895, -0.2677 1.0948 0.4203, -0.126 1.0948 0.4203, -0.2677 1.0984 0.4528, -0.126 1.0984 0.4528, -0.2677 1.0984 1.2473, -0.126 1.0984 1.2473, -0.2677 1.0882 1.3518, -0.126 1.0882 1.3518, -0.2677 1.0581 1.4523, -0.126 1.0581 1.4523, -0.2677 0.4594 2.915, -0.126 0.4594 2.915, -0.126 0.4326 3.0318, -0.2677 0.4326 3.0318, -0.126 0.4324 3.1517, -0.2677 0.4324 3.1517, -0.126 0.459 3.2686, -0.2677 0.459 3.2686, -0.2677 0.6249 3.7438, -0.126 0.6249 3.7438, -0.126 0.643 3.7898, -0.2677 0.643 3.7898, -0.126 0.67 3.8312, -0.2677 0.67 3.8312, -0.126 0.7048 3.8664, -0.2677 0.7048 3.8664, -0.126 0.7458 3.894, -0.2677 0.7458 3.894, -0.2677 0.7651 3.9071, -0.126 0.7651 3.9071, -0.2677 0.7812 3.9241, -0.126 0.7812 3.9241, -0.2677 0.7932 3.9441, -0.126 0.7932 3.9441, -0.2677 0.8006 3.9663, -0.126 0.8006 3.9663, -0.2677 0.9016 4.2913, -0.2677 0.8031 4.2913, -0.126 0.9016 4.2913, -0.126 0.8031 4.2913, -0.2677 0.9016 3.9895, -0.126 0.9016 3.9895, -0.126 0.8968 3.9452, -0.2677 0.8968 3.9452, -0.126 0.8826 3.9029, -0.2677 0.8826 3.9029, -0.126 0.8596 3.8646, -0.2677 0.8596 3.8646, -0.126 0.829 3.8322, -0.2677 0.829 3.8322, -0.126 0.7921 3.8071, -0.2677 0.7921 3.8071, -0.2677 0.767 3.7902, -0.126 0.767 3.7902, -0.2677 0.7459 3.7685, -0.126 0.7459 3.7685, -0.2677 0.7296 3.7429, -0.126 0.7296 3.7429, -0.2677 0.7189 3.7145, -0.126 0.7189 3.7145, -0.2677 0.5519 3.2362, -0.126 0.5519 3.2362, -0.2677 0.5303 3.1416, -0.126 0.5303 3.1416, -0.2677 0.5302 3.0445, -0.126 0.5302 3.0445, -0.2677 0.5515 2.9498, -0.126 0.5515 2.9498, -0.2677 1.1492 1.4896, -0.126 1.1492 1.4896, -0.126 1.1848 1.3708, -0.2677 1.1848 1.3708, -0.126 1.1969 1.2473, -0.2677 1.1969 1.2473, -0.2677 1.1969 0.4528, -0.126 1.1969 0.4528, -0.126 1.1908 0.3987, -0.2677 1.1908 0.3987, -0.126 1.1731 0.3473, -0.2677 1.1731 0.3473, -0.126 1.1445 0.301, -0.2677 1.1445 0.301, -0.126 1.1064 0.2621, -0.2677 1.1064 0.2621, -0.126 1.0607 0.2326, -0.2677 1.0607 0.2326, -0.2677 0.8718 0.1383, -0.126 0.8718 0.1383, -0.2677 0.8554 0.1277, -0.126 0.8554 0.1277, -0.2677 0.8417 0.1137, -0.126 0.8417 0.1137, -0.2677 0.8314 0.097, -0.126 0.8314 0.097, -0.2677 0.825 0.0785, -0.126 0.825 0.0785, -0.126 -0.2402 4.0712, -0.126 -0.2402 3.9895, -0.2677 -0.2402 4.0712, -0.2677 -0.2402 3.9895, -0.2677 -0.1614 0.0591, -0.126 -0.1614 0.0591, -0.2677 -0.1614 -0.9134, -0.126 -0.1614 -0.9134, -0.1284 -0.1614 -0.9317, -0.2152 -0.1614 -0.9818, -0.2323 -0.1614 -0.9748, -0.1969 -0.1614 -0.9843, -0.247 -0.1614 -0.9635, -0.2582 -0.1614 -0.9488, -0.1355 -0.1614 -0.9488, -0.1467 -0.1614 -0.9635, -0.1614 -0.1614 -0.9748, -0.2653 -0.1614 -0.9317, -0.1785 -0.1614 -0.9818, -0.126 -0.2598 0.0591, -0.2677 -0.2598 0.0591, -0.126 -0.2598 -0.9134, -0.2677 -0.2598 -0.9134, -0.1284 -0.2598 -0.9317, -0.1969 -0.2598 -0.9843, -0.2653 -0.2598 -0.9317, -0.2582 -0.2598 -0.9488, -0.247 -0.2598 -0.9635, -0.2323 -0.2598 -0.9748, -0.2152 -0.2598 -0.9818, -0.1614 -0.2598 -0.9748, -0.1467 -0.2598 -0.9635, -0.1355 -0.2598 -0.9488, -0.1785 -0.2598 -0.9818, -0.2677 -0.262 0.0785, -0.126 -0.262 0.0785, -0.2677 -0.2684 0.097, -0.126 -0.2684 0.097, -0.2677 -0.2787 0.1137, -0.126 -0.2787 0.1137, -0.2677 -0.2924 0.1277, -0.126 -0.2924 0.1277, -0.2677 -0.3089 0.1383, -0.126 -0.3089 0.1383, -0.2677 -0.4977 0.2326, -0.126 -0.4977 0.2326, -0.126 -0.5434 0.2621, -0.2677 -0.5434 0.2621, -0.126 -0.5815 0.301, -0.2677 -0.5815 0.301, -0.126 -0.6101 0.3473, -0.2677 -0.6101 0.3473, -0.126 -0.6278 0.3987, -0.2677 -0.6278 0.3987, -0.126 -0.6339 0.4528, -0.2677 -0.6339 0.4528, -0.2677 -0.6339 1.2473, -0.126 -0.6339 1.2473, -0.126 -0.6218 1.3708, -0.2677 -0.6218 1.3708, -0.126 -0.5862 1.4896, -0.2677 -0.5862 1.4896, -0.2677 0.0115 2.9498, -0.126 0.0115 2.9498, -0.2677 0.0328 3.0445, -0.126 0.0328 3.0445, -0.2677 0.0326 3.1416, -0.126 0.0326 3.1416, -0.2677 0.0111 3.2362, -0.126 0.0111 3.2362, -0.2677 -0.1559 3.7145, -0.126 -0.1559 3.7145, -0.2677 -0.1666 3.7429, -0.126 -0.1666 3.7429, -0.2677 -0.1829 3.7685, -0.126 -0.1829 3.7685, -0.2677 -0.204 3.7902, -0.126 -0.204 3.7902, -0.2677 -0.2292 3.8071, -0.126 -0.2292 3.8071, -0.126 -0.266 3.8322, -0.2677 -0.266 3.8322, -0.126 -0.2966 3.8646, -0.2677 -0.2966 3.8646, -0.126 -0.3196 3.9029, -0.2677 -0.3196 3.9029, -0.126 -0.3338 3.9452, -0.2677 -0.3338 3.9452, -0.126 -0.3386 3.9895, -0.2677 -0.3386 3.9895, -0.2677 -0.3386 4.2913, -0.126 -0.3386 4.2913, -0.2677 -0.2402 4.2913, -0.126 -0.2402 4.2913, -0.2677 -0.2376 3.9663, -0.126 -0.2376 3.9663, -0.2677 -0.2302 3.9441, -0.126 -0.2302 3.9441, -0.2677 -0.2182 3.9241, -0.126 -0.2182 3.9241, -0.2677 -0.2021 3.9071, -0.126 -0.2021 3.9071, -0.2677 -0.1828 3.894, -0.126 -0.1828 3.894, -0.126 -0.1418 3.8664, -0.2677 -0.1418 3.8664, -0.126 -0.107 3.8312, -0.2677 -0.107 3.8312, -0.126 -0.08 3.7898, -0.2677 -0.08 3.7898, -0.126 -0.0619 3.7438, -0.2677 -0.0619 3.7438, -0.2677 0.104 3.2686, -0.126 0.104 3.2686, -0.126 0.1306 3.1517, -0.2677 0.1306 3.1517, -0.126 0.1304 3.0318, -0.2677 0.1304 3.0318, -0.126 0.1036 2.915, -0.2677 0.1036 2.915, -0.2677 -0.4951 1.4523, -0.126 -0.4951 1.4523, -0.2677 -0.5253 1.3518, -0.126 -0.5253 1.3518, -0.2677 -0.5354 1.2473, -0.126 -0.5354 1.2473, -0.2677 -0.5354 0.4528, -0.126 -0.5354 0.4528, -0.2677 -0.5318 0.4203, -0.126 -0.5318 0.4203, -0.2677 -0.5212 0.3895, -0.126 -0.5212 0.3895, -0.2677 -0.504 0.3617, -0.126 -0.504 0.3617, -0.2677 -0.4812 0.3384, -0.126 -0.4812 0.3384, -0.2677 -0.4537 0.3207, -0.126 -0.4537 0.3207, -0.2677 -0.2649 0.2264, -0.126 -0.2649 0.2264, -0.126 -0.2302 0.2039, -0.2677 -0.2302 0.2039, -0.126 -0.2012 0.1744, -0.2677 -0.2012 0.1744, -0.126 -0.1795 0.1392, -0.2677 -0.1795 0.1392, -0.126 -0.166 0.1001, -0.2677 -0.166 0.1001, 0.5197 0.8031 3.9895, 0.6614 0.8031 3.9895, 0.5197 0.8031 4.0712, 0.6614 0.8031 4.0712, 0.5197 0.8228 0.0591, 0.6614 0.8228 0.0591, 0.5197 0.8228 -0.9134, 0.6614 0.8228 -0.9134, 0.659 0.8228 -0.9317, 0.6519 0.8228 -0.9488, 0.6407 0.8228 -0.9635, 0.626 0.8228 -0.9748, 0.5722 0.8228 -0.9818, 0.5551 0.8228 -0.9748, 0.5906 0.8228 -0.9843, 0.5404 0.8228 -0.9635, 0.5292 0.8228 -0.9488, 0.6089 0.8228 -0.9818, 0.5221 0.8228 -0.9317, 0.6614 0.7244 0.0591, 0.5197 0.7244 0.0591, 0.6614 0.7244 -0.9134, 0.5197 0.7244 -0.9134, 0.626 0.7244 -0.9748, 0.6407 0.7244 -0.9635, 0.5221 0.7244 -0.9317, 0.5292 0.7244 -0.9488, 0.5906 0.7244 -0.9843, 0.5404 0.7244 -0.9635, 0.5551 0.7244 -0.9748, 0.5722 0.7244 -0.9818, 0.6519 0.7244 -0.9488, 0.659 0.7244 -0.9317, 0.6089 0.7244 -0.9818, 0.6614 0.729 0.1001, 0.5197 0.729 0.1001, 0.6614 0.7425 0.1392, 0.5197 0.7425 0.1392, 0.6614 0.7642 0.1744, 0.5197 0.7642 0.1744, 0.6614 0.7932 0.2039, 0.5197 0.7932 0.2039, 0.6614 0.8279 0.2264, 0.5197 0.8279 0.2264, 0.5197 1.0167 0.3207, 0.6614 1.0167 0.3207, 0.5197 1.0442 0.3384, 0.6614 1.0442 0.3384, 0.5197 1.067 0.3617, 0.6614 1.067 0.3617, 0.5197 1.0842 0.3895, 0.6614 1.0842 0.3895, 0.5197 1.0948 0.4203, 0.6614 1.0948 0.4203, 0.5197 1.0984 0.4528, 0.6614 1.0984 0.4528, 0.5197 1.0984 1.2473, 0.6614 1.0984 1.2473, 0.5197 1.0882 1.3518, 0.6614 1.0882 1.3518, 0.5197 1.0581 1.4523, 0.6614 1.0581 1.4523, 0.5197 0.4594 2.915, 0.6614 0.4594 2.915, 0.6614 0.4326 3.0318, 0.5197 0.4326 3.0318, 0.6614 0.4324 3.1517, 0.5197 0.4324 3.1517, 0.6614 0.459 3.2686, 0.5197 0.459 3.2686, 0.5197 0.6249 3.7438, 0.6614 0.6249 3.7438, 0.6614 0.643 3.7898, 0.5197 0.643 3.7898, 0.6614 0.67 3.8312, 0.5197 0.67 3.8312, 0.6614 0.7048 3.8664, 0.5197 0.7048 3.8664, 0.6614 0.7458 3.894, 0.5197 0.7458 3.894, 0.5197 0.7651 3.9071, 0.6614 0.7651 3.9071, 0.5197 0.7812 3.9241, 0.6614 0.7812 3.9241, 0.5197 0.7932 3.9441, 0.6614 0.7932 3.9441, 0.5197 0.8006 3.9663, 0.6614 0.8006 3.9663, 0.5197 0.9016 4.2913, 0.5197 0.8031 4.2913, 0.6614 0.9016 4.2913, 0.6614 0.8031 4.2913, 0.5197 0.9016 3.9895, 0.6614 0.9016 3.9895, 0.6614 0.8968 3.9452, 0.5197 0.8968 3.9452, 0.6614 0.8826 3.9029, 0.5197 0.8826 3.9029, 0.6614 0.8596 3.8646, 0.5197 0.8596 3.8646, 0.6614 0.829 3.8322, 0.5197 0.829 3.8322, 0.6614 0.7921 3.8071, 0.5197 0.7921 3.8071, 0.5197 0.767 3.7902, 0.6614 0.767 3.7902, 0.5197 0.7459 3.7685, 0.6614 0.7459 3.7685, 0.5197 0.7296 3.7429, 0.6614 0.7296 3.7429, 0.5197 0.7189 3.7145, 0.6614 0.7189 3.7145, 0.5197 0.5519 3.2362, 0.6614 0.5519 3.2362, 0.5197 0.5303 3.1416, 0.6614 0.5303 3.1416, 0.5197 0.5302 3.0445, 0.6614 0.5302 3.0445, 0.5197 0.5515 2.9498, 0.6614 0.5515 2.9498, 0.5197 1.1492 1.4896, 0.6614 1.1492 1.4896, 0.6614 1.1848 1.3708, 0.5197 1.1848 1.3708, 0.6614 1.1969 1.2473, 0.5197 1.1969 1.2473, 0.5197 1.1969 0.4528, 0.6614 1.1969 0.4528, 0.6614 1.1908 0.3987, 0.5197 1.1908 0.3987, 0.6614 1.1731 0.3473, 0.5197 1.1731 0.3473, 0.6614 1.1445 0.301, 0.5197 1.1445 0.301, 0.6614 1.1064 0.2621, 0.5197 1.1064 0.2621, 0.6614 1.0607 0.2326, 0.5197 1.0607 0.2326, 0.5197 0.8718 0.1383, 0.6614 0.8718 0.1383, 0.5197 0.8554 0.1277, 0.6614 0.8554 0.1277, 0.5197 0.8417 0.1137, 0.6614 0.8417 0.1137, 0.5197 0.8314 0.097, 0.6614 0.8314 0.097, 0.5197 0.825 0.0785, 0.6614 0.825 0.0785, 0.6614 -0.2402 4.0712, 0.6614 -0.2402 3.9895, 0.5197 -0.2402 4.0712, 0.5197 -0.2402 3.9895, 0.5197 -0.1614 0.0591, 0.6614 -0.1614 0.0591, 0.5197 -0.1614 -0.9134, 0.6614 -0.1614 -0.9134, 0.659 -0.1614 -0.9317, 0.6519 -0.1614 -0.9488, 0.6407 -0.1614 -0.9635, 0.626 -0.1614 -0.9748, 0.5722 -0.1614 -0.9818, 0.5551 -0.1614 -0.9748, 0.5906 -0.1614 -0.9843, 0.5404 -0.1614 -0.9635, 0.5292 -0.1614 -0.9488, 0.6089 -0.1614 -0.9818, 0.5221 -0.1614 -0.9317, 0.6614 -0.2598 0.0591, 0.5197 -0.2598 0.0591, 0.6614 -0.2598 -0.9134, 0.5197 -0.2598 -0.9134, 0.626 -0.2598 -0.9748, 0.6407 -0.2598 -0.9635, 0.5221 -0.2598 -0.9317, 0.5292 -0.2598 -0.9488, 0.5906 -0.2598 -0.9843, 0.5404 -0.2598 -0.9635, 0.5551 -0.2598 -0.9748, 0.5722 -0.2598 -0.9818, 0.6519 -0.2598 -0.9488, 0.659 -0.2598 -0.9317, 0.6089 -0.2598 -0.9818, 0.5197 -0.262 0.0785, 0.6614 -0.262 0.0785, 0.5197 -0.2684 0.097, 0.6614 -0.2684 0.097, 0.5197 -0.2787 0.1137, 0.6614 -0.2787 0.1137, 0.5197 -0.2924 0.1277, 0.6614 -0.2924 0.1277, 0.5197 -0.3089 0.1383, 0.6614 -0.3089 0.1383, 0.5197 -0.4977 0.2326, 0.6614 -0.4977 0.2326, 0.6614 -0.5434 0.2621, 0.5197 -0.5434 0.2621, 0.6614 -0.5815 0.301, 0.5197 -0.5815 0.301, 0.6614 -0.6101 0.3473, 0.5197 -0.6101 0.3473, 0.6614 -0.6278 0.3987, 0.5197 -0.6278 0.3987, 0.6614 -0.6339 0.4528, 0.5197 -0.6339 0.4528, 0.5197 -0.6339 1.2473, 0.6614 -0.6339 1.2473, 0.6614 -0.6218 1.3708, 0.5197 -0.6218 1.3708, 0.6614 -0.5862 1.4896, 0.5197 -0.5862 1.4896, 0.5197 0.0115 2.9498, 0.6614 0.0115 2.9498, 0.5197 0.0328 3.0445, 0.6614 0.0328 3.0445, 0.5197 0.0326 3.1416, 0.6614 0.0326 3.1416, 0.5197 0.0111 3.2362, 0.6614 0.0111 3.2362, 0.5197 -0.1559 3.7145, 0.6614 -0.1559 3.7145, 0.5197 -0.1666 3.7429, 0.6614 -0.1666 3.7429, 0.5197 -0.1829 3.7685, 0.6614 -0.1829 3.7685, 0.5197 -0.204 3.7902, 0.6614 -0.204 3.7902, 0.5197 -0.2292 3.8071, 0.6614 -0.2292 3.8071, 0.6614 -0.266 3.8322, 0.5197 -0.266 3.8322, 0.6614 -0.2966 3.8646, 0.5197 -0.2966 3.8646, 0.6614 -0.3196 3.9029, 0.5197 -0.3196 3.9029, 0.6614 -0.3338 3.9452, 0.5197 -0.3338 3.9452, 0.6614 -0.3386 3.9895, 0.5197 -0.3386 3.9895, 0.5197 -0.3386 4.2913, 0.6614 -0.3386 4.2913, 0.5197 -0.2402 4.2913, 0.6614 -0.2402 4.2913, 0.5197 -0.2376 3.9663, 0.6614 -0.2376 3.9663, 0.5197 -0.2302 3.9441, 0.6614 -0.2302 3.9441, 0.5197 -0.2182 3.9241, 0.6614 -0.2182 3.9241, 0.5197 -0.2021 3.9071, 0.6614 -0.2021 3.9071, 0.5197 -0.1828 3.894, 0.6614 -0.1828 3.894, 0.6614 -0.1418 3.8664, 0.5197 -0.1418 3.8664, 0.6614 -0.107 3.8312, 0.5197 -0.107 3.8312, 0.6614 -0.08 3.7898, 0.5197 -0.08 3.7898, 0.6614 -0.0619 3.7438, 0.5197 -0.0619 3.7438, 0.5197 0.104 3.2686, 0.6614 0.104 3.2686, 0.6614 0.1306 3.1517, 0.5197 0.1306 3.1517, 0.6614 0.1304 3.0318, 0.5197 0.1304 3.0318, 0.6614 0.1036 2.915, 0.5197 0.1036 2.915, 0.5197 -0.4951 1.4523, 0.6614 -0.4951 1.4523, 0.5197 -0.5253 1.3518, 0.6614 -0.5253 1.3518, 0.5197 -0.5354 1.2473, 0.6614 -0.5354 1.2473, 0.5197 -0.5354 0.4528, 0.6614 -0.5354 0.4528, 0.5197 -0.5318 0.4203, 0.6614 -0.5318 0.4203, 0.5197 -0.5212 0.3895, 0.6614 -0.5212 0.3895, 0.5197 -0.504 0.3617, 0.6614 -0.504 0.3617, 0.5197 -0.4812 0.3384, 0.6614 -0.4812 0.3384, 0.5197 -0.4537 0.3207, 0.6614 -0.4537 0.3207, 0.5197 -0.2649 0.2264, 0.6614 -0.2649 0.2264, 0.6614 -0.2302 0.2039, 0.5197 -0.2302 0.2039, 0.6614 -0.2012 0.1744, 0.5197 -0.2012 0.1744, 0.6614 -0.1795 0.1392, 0.5197 -0.1795 0.1392, 0.6614 -0.166 0.1001, 0.5197 -0.166 0.1001, 1.3071 0.8031 3.9895, 1.4488 0.8031 3.9895, 1.3071 0.8031 4.0712, 1.4488 0.8031 4.0712, 1.3071 0.8228 0.0591, 1.4488 0.8228 0.0591, 1.3071 0.8228 -0.9134, 1.4488 0.8228 -0.9134, 1.3095 0.8228 -0.9317, 1.3166 0.8228 -0.9488, 1.4464 0.8228 -0.9317, 1.4393 0.8228 -0.9488, 1.4281 0.8228 -0.9635, 1.4134 0.8228 -0.9748, 1.3278 0.8228 -0.9635, 1.3963 0.8228 -0.9818, 1.378 0.8228 -0.9843, 1.3596 0.8228 -0.9818, 1.3425 0.8228 -0.9748, 1.4488 0.7244 0.0591, 1.3071 0.7244 0.0591, 1.4488 0.7244 -0.9134, 1.3071 0.7244 -0.9134, 1.3095 0.7244 -0.9317, 1.3166 0.7244 -0.9488, 1.3278 0.7244 -0.9635, 1.4134 0.7244 -0.9748, 1.4281 0.7244 -0.9635, 1.4393 0.7244 -0.9488, 1.3425 0.7244 -0.9748, 1.3596 0.7244 -0.9818, 1.378 0.7244 -0.9843, 1.3963 0.7244 -0.9818, 1.4464 0.7244 -0.9317, 1.4488 0.729 0.1001, 1.3071 0.729 0.1001, 1.4488 0.7425 0.1392, 1.3071 0.7425 0.1392, 1.4488 0.7642 0.1744, 1.3071 0.7642 0.1744, 1.4488 0.7932 0.2039, 1.3071 0.7932 0.2039, 1.4488 0.8279 0.2264, 1.3071 0.8279 0.2264, 1.3071 1.0167 0.3207, 1.4488 1.0167 0.3207, 1.3071 1.0442 0.3384, 1.4488 1.0442 0.3384, 1.3071 1.067 0.3617, 1.4488 1.067 0.3617, 1.3071 1.0842 0.3895, 1.4488 1.0842 0.3895, 1.3071 1.0948 0.4203, 1.4488 1.0948 0.4203, 1.3071 1.0984 0.4528, 1.4488 1.0984 0.4528, 1.3071 1.0984 1.2473, 1.4488 1.0984 1.2473, 1.3071 1.0882 1.3518, 1.4488 1.0882 1.3518, 1.3071 1.0581 1.4523, 1.4488 1.0581 1.4523, 1.3071 0.4594 2.915, 1.4488 0.4594 2.915, 1.4488 0.4326 3.0318, 1.3071 0.4326 3.0318, 1.4488 0.4324 3.1517, 1.3071 0.4324 3.1517, 1.4488 0.459 3.2686, 1.3071 0.459 3.2686, 1.3071 0.6249 3.7438, 1.4488 0.6249 3.7438, 1.4488 0.643 3.7898, 1.3071 0.643 3.7898, 1.4488 0.67 3.8312, 1.3071 0.67 3.8312, 1.4488 0.7048 3.8664, 1.3071 0.7048 3.8664, 1.4488 0.7458 3.894, 1.3071 0.7458 3.894, 1.3071 0.7651 3.9071, 1.4488 0.7651 3.9071, 1.3071 0.7812 3.9241, 1.4488 0.7812 3.9241, 1.3071 0.7932 3.9441, 1.4488 0.7932 3.9441, 1.3071 0.8006 3.9663, 1.4488 0.8006 3.9663, 1.3071 0.9016 4.2913, 1.3071 0.8031 4.2913, 1.4488 0.9016 4.2913, 1.4488 0.8031 4.2913, 1.3071 0.9016 3.9895, 1.4488 0.9016 3.9895, 1.4488 0.8968 3.9452, 1.3071 0.8968 3.9452, 1.4488 0.8826 3.9029, 1.3071 0.8826 3.9029, 1.4488 0.8596 3.8646, 1.3071 0.8596 3.8646, 1.4488 0.829 3.8322, 1.3071 0.829 3.8322, 1.4488 0.7921 3.8071, 1.3071 0.7921 3.8071, 1.3071 0.767 3.7902, 1.4488 0.767 3.7902, 1.3071 0.7459 3.7685, 1.4488 0.7459 3.7685, 1.3071 0.7296 3.7429, 1.4488 0.7296 3.7429, 1.3071 0.7189 3.7145, 1.4488 0.7189 3.7145, 1.3071 0.5519 3.2362, 1.4488 0.5519 3.2362, 1.3071 0.5303 3.1416, 1.4488 0.5303 3.1416, 1.3071 0.5302 3.0445, 1.4488 0.5302 3.0445, 1.3071 0.5515 2.9498, 1.4488 0.5515 2.9498, 1.3071 1.1492 1.4896, 1.4488 1.1492 1.4896, 1.4488 1.1848 1.3708, 1.3071 1.1848 1.3708, 1.4488 1.1969 1.2473, 1.3071 1.1969 1.2473, 1.3071 1.1969 0.4528, 1.4488 1.1969 0.4528, 1.4488 1.1908 0.3987, 1.3071 1.1908 0.3987, 1.4488 1.1731 0.3473, 1.3071 1.1731 0.3473, 1.4488 1.1445 0.301, 1.3071 1.1445 0.301, 1.4488 1.1064 0.2621, 1.3071 1.1064 0.2621, 1.4488 1.0607 0.2326, 1.3071 1.0607 0.2326, 1.3071 0.8718 0.1383, 1.4488 0.8718 0.1383, 1.3071 0.8554 0.1277, 1.4488 0.8554 0.1277, 1.3071 0.8417 0.1137, 1.4488 0.8417 0.1137, 1.3071 0.8314 0.097, 1.4488 0.8314 0.097, 1.3071 0.825 0.0785, 1.4488 0.825 0.0785, 1.4488 -0.2402 4.0712, 1.4488 -0.2402 3.9895, 1.3071 -0.2402 4.0712, 1.3071 -0.2402 3.9895, 1.3071 -0.1614 0.0591, 1.4488 -0.1614 0.0591, 1.3071 -0.1614 -0.9134, 1.4488 -0.1614 -0.9134, 1.3095 -0.1614 -0.9317, 1.3166 -0.1614 -0.9488, 1.4464 -0.1614 -0.9317, 1.4393 -0.1614 -0.9488, 1.4281 -0.1614 -0.9635, 1.4134 -0.1614 -0.9748, 1.3278 -0.1614 -0.9635, 1.3963 -0.1614 -0.9818, 1.378 -0.1614 -0.9843, 1.3596 -0.1614 -0.9818, 1.3425 -0.1614 -0.9748, 1.4488 -0.2598 0.0591, 1.3071 -0.2598 0.0591, 1.4488 -0.2598 -0.9134, 1.3071 -0.2598 -0.9134, 1.3095 -0.2598 -0.9317, 1.3166 -0.2598 -0.9488, 1.3278 -0.2598 -0.9635, 1.4134 -0.2598 -0.9748, 1.4281 -0.2598 -0.9635, 1.4393 -0.2598 -0.9488, 1.3425 -0.2598 -0.9748, 1.3596 -0.2598 -0.9818, 1.378 -0.2598 -0.9843, 1.3963 -0.2598 -0.9818, 1.4464 -0.2598 -0.9317, 1.3071 -0.262 0.0785, 1.4488 -0.262 0.0785, 1.3071 -0.2684 0.097, 1.4488 -0.2684 0.097, 1.3071 -0.2787 0.1137, 1.4488 -0.2787 0.1137, 1.3071 -0.2924 0.1277, 1.4488 -0.2924 0.1277, 1.3071 -0.3089 0.1383, 1.4488 -0.3089 0.1383, 1.3071 -0.4977 0.2326, 1.4488 -0.4977 0.2326, 1.4488 -0.5434 0.2621, 1.3071 -0.5434 0.2621, 1.4488 -0.5815 0.301, 1.3071 -0.5815 0.301, 1.4488 -0.6101 0.3473, 1.3071 -0.6101 0.3473, 1.4488 -0.6278 0.3987, 1.3071 -0.6278 0.3987, 1.4488 -0.6339 0.4528, 1.3071 -0.6339 0.4528, 1.3071 -0.6339 1.2473, 1.4488 -0.6339 1.2473, 1.4488 -0.6218 1.3708, 1.3071 -0.6218 1.3708, 1.4488 -0.5862 1.4896, 1.3071 -0.5862 1.4896, 1.3071 0.0115 2.9498, 1.4488 0.0115 2.9498, 1.3071 0.0328 3.0445, 1.4488 0.0328 3.0445, 1.3071 0.0326 3.1416, 1.4488 0.0326 3.1416, 1.3071 0.0111 3.2362, 1.4488 0.0111 3.2362, 1.3071 -0.1559 3.7145, 1.4488 -0.1559 3.7145, 1.3071 -0.1666 3.7429, 1.4488 -0.1666 3.7429, 1.3071 -0.1829 3.7685, 1.4488 -0.1829 3.7685, 1.3071 -0.204 3.7902, 1.4488 -0.204 3.7902, 1.3071 -0.2292 3.8071, 1.4488 -0.2292 3.8071, 1.4488 -0.266 3.8322, 1.3071 -0.266 3.8322, 1.4488 -0.2966 3.8646, 1.3071 -0.2966 3.8646, 1.4488 -0.3196 3.9029, 1.3071 -0.3196 3.9029, 1.4488 -0.3338 3.9452, 1.3071 -0.3338 3.9452, 1.4488 -0.3386 3.9895, 1.3071 -0.3386 3.9895, 1.3071 -0.3386 4.2913, 1.4488 -0.3386 4.2913, 1.3071 -0.2402 4.2913, 1.4488 -0.2402 4.2913, 1.3071 -0.2376 3.9663, 1.4488 -0.2376 3.9663, 1.3071 -0.2302 3.9441, 1.4488 -0.2302 3.9441, 1.3071 -0.2182 3.9241, 1.4488 -0.2182 3.9241, 1.3071 -0.2021 3.9071, 1.4488 -0.2021 3.9071, 1.3071 -0.1828 3.894, 1.4488 -0.1828 3.894, 1.4488 -0.1418 3.8664, 1.3071 -0.1418 3.8664, 1.4488 -0.107 3.8312, 1.3071 -0.107 3.8312, 1.4488 -0.08 3.7898, 1.3071 -0.08 3.7898, 1.4488 -0.0619 3.7438, 1.3071 -0.0619 3.7438, 1.3071 0.104 3.2686, 1.4488 0.104 3.2686, 1.4488 0.1306 3.1517, 1.3071 0.1306 3.1517, 1.4488 0.1304 3.0318, 1.3071 0.1304 3.0318, 1.4488 0.1036 2.915, 1.3071 0.1036 2.915, 1.3071 -0.4951 1.4523, 1.4488 -0.4951 1.4523, 1.3071 -0.5253 1.3518, 1.4488 -0.5253 1.3518, 1.3071 -0.5354 1.2473, 1.4488 -0.5354 1.2473, 1.3071 -0.5354 0.4528, 1.4488 -0.5354 0.4528, 1.3071 -0.5318 0.4203, 1.4488 -0.5318 0.4203, 1.3071 -0.5212 0.3895, 1.4488 -0.5212 0.3895, 1.3071 -0.504 0.3617, 1.4488 -0.504 0.3617, 1.3071 -0.4812 0.3384, 1.4488 -0.4812 0.3384, 1.3071 -0.4537 0.3207, 1.4488 -0.4537 0.3207, 1.3071 -0.2649 0.2264, 1.4488 -0.2649 0.2264, 1.4488 -0.2302 0.2039, 1.3071 -0.2302 0.2039, 1.4488 -0.2012 0.1744, 1.3071 -0.2012 0.1744, 1.4488 -0.1795 0.1392, 1.3071 -0.1795 0.1392, 1.4488 -0.166 0.1001, 1.3071 -0.166 0.1001, 2.0945 0.8031 3.9895, 2.2362 0.8031 3.9895, 2.0945 0.8031 4.0712, 2.2362 0.8031 4.0712, 2.1654 0.8228 -0.9843, 2.1496 0.8228 -0.9825, 2.2362 0.8228 -0.9134, 2.0945 0.8228 0.0591, 2.2362 0.8228 0.0591, 2.0945 0.8228 -0.9134, 2.2267 0.8228 -0.9488, 2.2155 0.8228 -0.9635, 2.2008 0.8228 -0.9748, 2.1346 0.8228 -0.9772, 2.1212 0.8228 -0.9688, 2.1099 0.8228 -0.9576, 2.1015 0.8228 -0.9441, 2.0963 0.8228 -0.9292, 2.2338 0.8228 -0.9317, 2.1837 0.8228 -0.9818, 2.2362 0.7244 0.0591, 2.0945 0.7244 0.0591, 2.2362 0.7244 -0.9134, 2.0945 0.7244 -0.9134, 2.2338 0.7244 -0.9317, 2.1654 0.7244 -0.9843, 2.1496 0.7244 -0.9825, 2.2008 0.7244 -0.9748, 2.2155 0.7244 -0.9635, 2.2267 0.7244 -0.9488, 2.0963 0.7244 -0.9292, 2.1015 0.7244 -0.9441, 2.1099 0.7244 -0.9576, 2.1212 0.7244 -0.9688, 2.1346 0.7244 -0.9772, 2.1837 0.7244 -0.9818, 2.2362 0.729 0.1001, 2.0945 0.729 0.1001, 2.2362 0.7425 0.1392, 2.0945 0.7425 0.1392, 2.2362 0.7642 0.1744, 2.0945 0.7642 0.1744, 2.2362 0.7932 0.2039, 2.0945 0.7932 0.2039, 2.2362 0.8279 0.2264, 2.0945 0.8279 0.2264, 2.0945 1.0167 0.3207, 2.2362 1.0167 0.3207, 2.0945 1.0442 0.3384, 2.2362 1.0442 0.3384, 2.0945 1.067 0.3617, 2.2362 1.067 0.3617, 2.0945 1.0842 0.3895, 2.2362 1.0842 0.3895, 2.0945 1.0948 0.4203, 2.2362 1.0948 0.4203, 2.0945 1.0984 0.4528, 2.2362 1.0984 0.4528, 2.0945 1.0984 1.2473, 2.2362 1.0984 1.2473, 2.0945 1.0882 1.3518, 2.2362 1.0882 1.3518, 2.0945 1.0581 1.4523, 2.2362 1.0581 1.4523, 2.0945 0.4594 2.915, 2.2362 0.4594 2.915, 2.2362 0.4326 3.0318, 2.0945 0.4326 3.0318, 2.2362 0.4324 3.1517, 2.0945 0.4324 3.1517, 2.2362 0.459 3.2686, 2.0945 0.459 3.2686, 2.0945 0.6249 3.7438, 2.2362 0.6249 3.7438, 2.2362 0.643 3.7898, 2.0945 0.643 3.7898, 2.2362 0.67 3.8312, 2.0945 0.67 3.8312, 2.2362 0.7048 3.8664, 2.0945 0.7048 3.8664, 2.2362 0.7458 3.894, 2.0945 0.7458 3.894, 2.0945 0.7651 3.9071, 2.2362 0.7651 3.9071, 2.0945 0.7812 3.9241, 2.2362 0.7812 3.9241, 2.0945 0.7932 3.9441, 2.2362 0.7932 3.9441, 2.0945 0.8006 3.9663, 2.2362 0.8006 3.9663, 2.0945 0.9016 4.2913, 2.0945 0.8031 4.2913, 2.2362 0.9016 4.2913, 2.2362 0.8031 4.2913, 2.0945 0.9016 3.9895, 2.2362 0.9016 3.9895, 2.2362 0.8968 3.9452, 2.0945 0.8968 3.9452, 2.2362 0.8826 3.9029, 2.0945 0.8826 3.9029, 2.2362 0.8596 3.8646, 2.0945 0.8596 3.8646, 2.2362 0.829 3.8322, 2.0945 0.829 3.8322, 2.2362 0.7921 3.8071, 2.0945 0.7921 3.8071, 2.0945 0.767 3.7902, 2.2362 0.767 3.7902, 2.0945 0.7459 3.7685, 2.2362 0.7459 3.7685, 2.0945 0.7296 3.7429, 2.2362 0.7296 3.7429, 2.0945 0.7189 3.7145, 2.2362 0.7189 3.7145, 2.0945 0.5519 3.2362, 2.2362 0.5519 3.2362, 2.0945 0.5303 3.1416, 2.2362 0.5303 3.1416, 2.0945 0.5302 3.0445, 2.2362 0.5302 3.0445, 2.0945 0.5515 2.9498, 2.2362 0.5515 2.9498, 2.0945 1.1492 1.4896, 2.2362 1.1492 1.4896, 2.2362 1.1848 1.3708, 2.0945 1.1848 1.3708, 2.2362 1.1969 1.2473, 2.0945 1.1969 1.2473, 2.0945 1.1969 0.4528, 2.2362 1.1969 0.4528, 2.2362 1.1908 0.3987, 2.0945 1.1908 0.3987, 2.2362 1.1731 0.3473, 2.0945 1.1731 0.3473, 2.2362 1.1445 0.301, 2.0945 1.1445 0.301, 2.2362 1.1064 0.2621, 2.0945 1.1064 0.2621, 2.2362 1.0607 0.2326, 2.0945 1.0607 0.2326, 2.0945 0.8718 0.1383, 2.2362 0.8718 0.1383, 2.0945 0.8554 0.1277, 2.2362 0.8554 0.1277, 2.0945 0.8417 0.1137, 2.2362 0.8417 0.1137, 2.0945 0.8314 0.097, 2.2362 0.8314 0.097, 2.0945 0.825 0.0785, 2.2362 0.825 0.0785, 2.2362 -0.2402 4.0712, 2.2362 -0.2402 3.9895, 2.0945 -0.2402 4.0712, 2.0945 -0.2402 3.9895, 2.1654 -0.1614 -0.9843, 2.1496 -0.1614 -0.9825, 2.2362 -0.1614 -0.9134, 2.0945 -0.1614 0.0591, 2.2362 -0.1614 0.0591, 2.0945 -0.1614 -0.9134, 2.2267 -0.1614 -0.9488, 2.2155 -0.1614 -0.9635, 2.2008 -0.1614 -0.9748, 2.1346 -0.1614 -0.9772, 2.1212 -0.1614 -0.9688, 2.1099 -0.1614 -0.9576, 2.1015 -0.1614 -0.9441, 2.0963 -0.1614 -0.9292, 2.2338 -0.1614 -0.9317, 2.1837 -0.1614 -0.9818, 2.2362 -0.2598 0.0591, 2.0945 -0.2598 0.0591, 2.2362 -0.2598 -0.9134, 2.0945 -0.2598 -0.9134, 2.2338 -0.2598 -0.9317, 2.1654 -0.2598 -0.9843, 2.1496 -0.2598 -0.9825, 2.2008 -0.2598 -0.9748, 2.2155 -0.2598 -0.9635, 2.2267 -0.2598 -0.9488, 2.0963 -0.2598 -0.9292, 2.1015 -0.2598 -0.9441, 2.1099 -0.2598 -0.9576, 2.1212 -0.2598 -0.9688, 2.1346 -0.2598 -0.9772, 2.1837 -0.2598 -0.9818, 2.0945 -0.262 0.0785, 2.2362 -0.262 0.0785, 2.0945 -0.2684 0.097, 2.2362 -0.2684 0.097, 2.0945 -0.2787 0.1137, 2.2362 -0.2787 0.1137, 2.0945 -0.2924 0.1277, 2.2362 -0.2924 0.1277, 2.0945 -0.3089 0.1383, 2.2362 -0.3089 0.1383, 2.0945 -0.4977 0.2326, 2.2362 -0.4977 0.2326, 2.2362 -0.5434 0.2621, 2.0945 -0.5434 0.2621, 2.2362 -0.5815 0.301, 2.0945 -0.5815 0.301, 2.2362 -0.6101 0.3473, 2.0945 -0.6101 0.3473, 2.2362 -0.6278 0.3987, 2.0945 -0.6278 0.3987, 2.2362 -0.6339 0.4528, 2.0945 -0.6339 0.4528, 2.0945 -0.6339 1.2473, 2.2362 -0.6339 1.2473, 2.2362 -0.6218 1.3708, 2.0945 -0.6218 1.3708, 2.2362 -0.5862 1.4896, 2.0945 -0.5862 1.4896, 2.0945 0.0115 2.9498, 2.2362 0.0115 2.9498, 2.0945 0.0328 3.0445, 2.2362 0.0328 3.0445, 2.0945 0.0326 3.1416, 2.2362 0.0326 3.1416, 2.0945 0.0111 3.2362, 2.2362 0.0111 3.2362, 2.0945 -0.1559 3.7145, 2.2362 -0.1559 3.7145, 2.0945 -0.1666 3.7429, 2.2362 -0.1666 3.7429, 2.0945 -0.1829 3.7685, 2.2362 -0.1829 3.7685, 2.0945 -0.204 3.7902, 2.2362 -0.204 3.7902, 2.0945 -0.2292 3.8071, 2.2362 -0.2292 3.8071, 2.2362 -0.266 3.8322, 2.0945 -0.266 3.8322, 2.2362 -0.2966 3.8646, 2.0945 -0.2966 3.8646, 2.2362 -0.3196 3.9029, 2.0945 -0.3196 3.9029, 2.2362 -0.3338 3.9452, 2.0945 -0.3338 3.9452, 2.2362 -0.3386 3.9895, 2.0945 -0.3386 3.9895, 2.0945 -0.3386 4.2913, 2.2362 -0.3386 4.2913, 2.0945 -0.2402 4.2913, 2.2362 -0.2402 4.2913, 2.0945 -0.2376 3.9663, 2.2362 -0.2376 3.9663, 2.0945 -0.2302 3.9441, 2.2362 -0.2302 3.9441, 2.0945 -0.2182 3.9241, 2.2362 -0.2182 3.9241, 2.0945 -0.2021 3.9071, 2.2362 -0.2021 3.9071, 2.0945 -0.1828 3.894, 2.2362 -0.1828 3.894, 2.2362 -0.1418 3.8664, 2.0945 -0.1418 3.8664, 2.2362 -0.107 3.8312, 2.0945 -0.107 3.8312, 2.2362 -0.08 3.7898, 2.0945 -0.08 3.7898, 2.2362 -0.0619 3.7438, 2.0945 -0.0619 3.7438, 2.0945 0.104 3.2686, 2.2362 0.104 3.2686, 2.2362 0.1306 3.1517, 2.0945 0.1306 3.1517, 2.2362 0.1304 3.0318, 2.0945 0.1304 3.0318, 2.2362 0.1036 2.915, 2.0945 0.1036 2.915, 2.0945 -0.4951 1.4523, 2.2362 -0.4951 1.4523, 2.0945 -0.5253 1.3518, 2.2362 -0.5253 1.3518, 2.0945 -0.5354 1.2473, 2.2362 -0.5354 1.2473, 2.0945 -0.5354 0.4528, 2.2362 -0.5354 0.4528, 2.0945 -0.5318 0.4203, 2.2362 -0.5318 0.4203, 2.0945 -0.5212 0.3895, 2.2362 -0.5212 0.3895, 2.0945 -0.504 0.3617, 2.2362 -0.504 0.3617, 2.0945 -0.4812 0.3384, 2.2362 -0.4812 0.3384, 2.0945 -0.4537 0.3207, 2.2362 -0.4537 0.3207, 2.0945 -0.2649 0.2264, 2.2362 -0.2649 0.2264, 2.2362 -0.2302 0.2039, 2.0945 -0.2302 0.2039, 2.2362 -0.2012 0.1744, 2.0945 -0.2012 0.1744, 2.2362 -0.1795 0.1392, 2.0945 -0.1795 0.1392, 2.2362 -0.166 0.1001, 2.0945 -0.166 0.1001, 2.8819 0.8031 3.9895, 3.0236 0.8031 3.9895, 2.8819 0.8031 4.0712, 3.0236 0.8031 4.0712, 2.9528 0.8228 -0.9843, 2.937 0.8228 -0.9825, 3.0236 0.8228 -0.9134, 2.8819 0.8228 0.0591, 3.0236 0.8228 0.0591, 2.8819 0.8228 -0.9134, 3.0141 0.8228 -0.9488, 3.0029 0.8228 -0.9635, 2.9882 0.8228 -0.9748, 2.922 0.8228 -0.9772, 2.9086 0.8228 -0.9688, 2.8974 0.8228 -0.9576, 2.8889 0.8228 -0.9441, 2.8837 0.8228 -0.9292, 3.0212 0.8228 -0.9317, 2.9711 0.8228 -0.9818, 3.0236 0.7244 0.0591, 2.8819 0.7244 0.0591, 3.0236 0.7244 -0.9134, 2.8819 0.7244 -0.9134, 3.0212 0.7244 -0.9317, 2.9528 0.7244 -0.9843, 2.937 0.7244 -0.9825, 2.9882 0.7244 -0.9748, 3.0029 0.7244 -0.9635, 3.0141 0.7244 -0.9488, 2.8837 0.7244 -0.9292, 2.8889 0.7244 -0.9441, 2.8974 0.7244 -0.9576, 2.9086 0.7244 -0.9688, 2.922 0.7244 -0.9772, 2.9711 0.7244 -0.9818, 3.0236 0.729 0.1001, 2.8819 0.729 0.1001, 3.0236 0.7425 0.1392, 2.8819 0.7425 0.1392, 3.0236 0.7642 0.1744, 2.8819 0.7642 0.1744, 3.0236 0.7932 0.2039, 2.8819 0.7932 0.2039, 3.0236 0.8279 0.2264, 2.8819 0.8279 0.2264, 2.8819 1.0167 0.3207, 3.0236 1.0167 0.3207, 2.8819 1.0442 0.3384, 3.0236 1.0442 0.3384, 2.8819 1.067 0.3617, 3.0236 1.067 0.3617, 2.8819 1.0842 0.3895, 3.0236 1.0842 0.3895, 2.8819 1.0948 0.4203, 3.0236 1.0948 0.4203, 2.8819 1.0984 0.4528, 3.0236 1.0984 0.4528, 2.8819 1.0984 1.2473, 3.0236 1.0984 1.2473, 2.8819 1.0882 1.3518, 3.0236 1.0882 1.3518, 2.8819 1.0581 1.4523, 3.0236 1.0581 1.4523, 2.8819 0.4594 2.915, 3.0236 0.4594 2.915, 3.0236 0.4326 3.0318, 2.8819 0.4326 3.0318, 3.0236 0.4324 3.1517, 2.8819 0.4324 3.1517, 3.0236 0.459 3.2686, 2.8819 0.459 3.2686, 2.8819 0.6249 3.7438, 3.0236 0.6249 3.7438, 3.0236 0.643 3.7898, 2.8819 0.643 3.7898, 3.0236 0.67 3.8312, 2.8819 0.67 3.8312, 3.0236 0.7048 3.8664, 2.8819 0.7048 3.8664, 3.0236 0.7458 3.894, 2.8819 0.7458 3.894, 2.8819 0.7651 3.9071, 3.0236 0.7651 3.9071, 2.8819 0.7812 3.9241, 3.0236 0.7812 3.9241, 2.8819 0.7932 3.9441, 3.0236 0.7932 3.9441, 2.8819 0.8006 3.9663, 3.0236 0.8006 3.9663, 2.8819 0.9016 4.2913, 2.8819 0.8031 4.2913, 3.0236 0.9016 4.2913, 3.0236 0.8031 4.2913, 2.8819 0.9016 3.9895, 3.0236 0.9016 3.9895, 3.0236 0.8968 3.9452, 2.8819 0.8968 3.9452, 3.0236 0.8826 3.9029, 2.8819 0.8826 3.9029, 3.0236 0.8596 3.8646, 2.8819 0.8596 3.8646, 3.0236 0.829 3.8322, 2.8819 0.829 3.8322, 3.0236 0.7921 3.8071, 2.8819 0.7921 3.8071, 2.8819 0.767 3.7902, 3.0236 0.767 3.7902, 2.8819 0.7459 3.7685, 3.0236 0.7459 3.7685, 2.8819 0.7296 3.7429, 3.0236 0.7296 3.7429, 2.8819 0.7189 3.7145, 3.0236 0.7189 3.7145, 2.8819 0.5519 3.2362, 3.0236 0.5519 3.2362, 2.8819 0.5303 3.1416, 3.0236 0.5303 3.1416, 2.8819 0.5302 3.0445, 3.0236 0.5302 3.0445, 2.8819 0.5515 2.9498, 3.0236 0.5515 2.9498, 2.8819 1.1492 1.4896, 3.0236 1.1492 1.4896, 3.0236 1.1848 1.3708, 2.8819 1.1848 1.3708, 3.0236 1.1969 1.2473, 2.8819 1.1969 1.2473, 2.8819 1.1969 0.4528, 3.0236 1.1969 0.4528, 3.0236 1.1908 0.3987, 2.8819 1.1908 0.3987, 3.0236 1.1731 0.3473, 2.8819 1.1731 0.3473, 3.0236 1.1445 0.301, 2.8819 1.1445 0.301, 3.0236 1.1064 0.2621, 2.8819 1.1064 0.2621, 3.0236 1.0607 0.2326, 2.8819 1.0607 0.2326, 2.8819 0.8718 0.1383, 3.0236 0.8718 0.1383, 2.8819 0.8554 0.1277, 3.0236 0.8554 0.1277, 2.8819 0.8417 0.1137, 3.0236 0.8417 0.1137, 2.8819 0.8314 0.097, 3.0236 0.8314 0.097, 2.8819 0.825 0.0785, 3.0236 0.825 0.0785, 3.0236 -0.2402 4.0712, 3.0236 -0.2402 3.9895, 2.8819 -0.2402 4.0712, 2.8819 -0.2402 3.9895, 2.9528 -0.1614 -0.9843, 2.937 -0.1614 -0.9825, 3.0236 -0.1614 -0.9134, 2.8819 -0.1614 0.0591, 3.0236 -0.1614 0.0591, 2.8819 -0.1614 -0.9134, 3.0141 -0.1614 -0.9488, 3.0029 -0.1614 -0.9635, 2.9882 -0.1614 -0.9748, 2.922 -0.1614 -0.9772, 2.9086 -0.1614 -0.9688, 2.8974 -0.1614 -0.9576, 2.8889 -0.1614 -0.9441, 2.8837 -0.1614 -0.9292, 3.0212 -0.1614 -0.9317, 2.9711 -0.1614 -0.9818, 3.0236 -0.2598 0.0591, 2.8819 -0.2598 0.0591, 3.0236 -0.2598 -0.9134, 2.8819 -0.2598 -0.9134, 3.0212 -0.2598 -0.9317, 2.9528 -0.2598 -0.9843, 2.937 -0.2598 -0.9825, 2.9882 -0.2598 -0.9748, 3.0029 -0.2598 -0.9635, 3.0141 -0.2598 -0.9488, 2.8837 -0.2598 -0.9292, 2.8889 -0.2598 -0.9441, 2.8974 -0.2598 -0.9576, 2.9086 -0.2598 -0.9688, 2.922 -0.2598 -0.9772, 2.9711 -0.2598 -0.9818, 2.8819 -0.262 0.0785, 3.0236 -0.262 0.0785, 2.8819 -0.2684 0.097, 3.0236 -0.2684 0.097, 2.8819 -0.2787 0.1137, 3.0236 -0.2787 0.1137, 2.8819 -0.2924 0.1277, 3.0236 -0.2924 0.1277, 2.8819 -0.3089 0.1383, 3.0236 -0.3089 0.1383, 2.8819 -0.4977 0.2326, 3.0236 -0.4977 0.2326, 3.0236 -0.5434 0.2621, 2.8819 -0.5434 0.2621, 3.0236 -0.5815 0.301, 2.8819 -0.5815 0.301, 3.0236 -0.6101 0.3473, 2.8819 -0.6101 0.3473, 3.0236 -0.6278 0.3987, 2.8819 -0.6278 0.3987, 3.0236 -0.6339 0.4528, 2.8819 -0.6339 0.4528, 2.8819 -0.6339 1.2473, 3.0236 -0.6339 1.2473, 3.0236 -0.6218 1.3708, 2.8819 -0.6218 1.3708, 3.0236 -0.5862 1.4896, 2.8819 -0.5862 1.4896, 2.8819 0.0115 2.9498, 3.0236 0.0115 2.9498, 2.8819 0.0328 3.0445, 3.0236 0.0328 3.0445, 2.8819 0.0326 3.1416, 3.0236 0.0326 3.1416, 2.8819 0.0111 3.2362, 3.0236 0.0111 3.2362, 2.8819 -0.1559 3.7145, 3.0236 -0.1559 3.7145, 2.8819 -0.1666 3.7429, 3.0236 -0.1666 3.7429, 2.8819 -0.1829 3.7685, 3.0236 -0.1829 3.7685, 2.8819 -0.204 3.7902, 3.0236 -0.204 3.7902, 2.8819 -0.2292 3.8071, 3.0236 -0.2292 3.8071, 3.0236 -0.266 3.8322, 2.8819 -0.266 3.8322, 3.0236 -0.2966 3.8646, 2.8819 -0.2966 3.8646, 3.0236 -0.3196 3.9029, 2.8819 -0.3196 3.9029, 3.0236 -0.3338 3.9452, 2.8819 -0.3338 3.9452, 3.0236 -0.3386 3.9895, 2.8819 -0.3386 3.9895, 2.8819 -0.3386 4.2913, 3.0236 -0.3386 4.2913, 2.8819 -0.2402 4.2913, 3.0236 -0.2402 4.2913, 2.8819 -0.2376 3.9663, 3.0236 -0.2376 3.9663, 2.8819 -0.2302 3.9441, 3.0236 -0.2302 3.9441, 2.8819 -0.2182 3.9241, 3.0236 -0.2182 3.9241, 2.8819 -0.2021 3.9071, 3.0236 -0.2021 3.9071, 2.8819 -0.1828 3.894, 3.0236 -0.1828 3.894, 3.0236 -0.1418 3.8664, 2.8819 -0.1418 3.8664, 3.0236 -0.107 3.8312, 2.8819 -0.107 3.8312, 3.0236 -0.08 3.7898, 2.8819 -0.08 3.7898, 3.0236 -0.0619 3.7438, 2.8819 -0.0619 3.7438, 2.8819 0.104 3.2686, 3.0236 0.104 3.2686, 3.0236 0.1306 3.1517, 2.8819 0.1306 3.1517, 3.0236 0.1304 3.0318, 2.8819 0.1304 3.0318, 3.0236 0.1036 2.915, 2.8819 0.1036 2.915, 2.8819 -0.4951 1.4523, 3.0236 -0.4951 1.4523, 2.8819 -0.5253 1.3518, 3.0236 -0.5253 1.3518, 2.8819 -0.5354 1.2473, 3.0236 -0.5354 1.2473, 2.8819 -0.5354 0.4528, 3.0236 -0.5354 0.4528, 2.8819 -0.5318 0.4203, 3.0236 -0.5318 0.4203, 2.8819 -0.5212 0.3895, 3.0236 -0.5212 0.3895, 2.8819 -0.504 0.3617, 3.0236 -0.504 0.3617, 2.8819 -0.4812 0.3384, 3.0236 -0.4812 0.3384, 2.8819 -0.4537 0.3207, 3.0236 -0.4537 0.3207, 2.8819 -0.2649 0.2264, 3.0236 -0.2649 0.2264, 3.0236 -0.2302 0.2039, 2.8819 -0.2302 0.2039, 3.0236 -0.2012 0.1744, 2.8819 -0.2012 0.1744, 3.0236 -0.1795 0.1392, 2.8819 -0.1795 0.1392, 3.0236 -0.166 0.1001, 2.8819 -0.166 0.1001, 3.6693 0.8031 3.9895, 3.811 0.8031 3.9895, 3.6693 0.8031 4.0712, 3.811 0.8031 4.0712, 3.6693 0.8228 0.0591, 3.811 0.8228 0.0591, 3.6693 0.8228 -0.9134, 3.811 0.8228 -0.9134, 3.8086 0.8228 -0.9317, 3.8015 0.8228 -0.9488, 3.7903 0.8228 -0.9635, 3.7756 0.8228 -0.9748, 3.7585 0.8228 -0.9818, 3.7047 0.8228 -0.9748, 3.69 0.8228 -0.9635, 3.7402 0.8228 -0.9843, 3.7218 0.8228 -0.9818, 3.6788 0.8228 -0.9488, 3.6717 0.8228 -0.9317, 3.69 0.7244 -0.9635, 3.7047 0.7244 -0.9748, 3.8086 0.7244 -0.9317, 3.6788 0.7244 -0.9488, 3.7218 0.7244 -0.9818, 3.7402 0.7244 -0.9843, 3.7585 0.7244 -0.9818, 3.811 0.7244 0.0591, 3.6693 0.7244 0.0591, 3.811 0.7244 -0.9134, 3.6693 0.7244 -0.9134, 3.6717 0.7244 -0.9317, 3.7756 0.7244 -0.9748, 3.7903 0.7244 -0.9635, 3.8015 0.7244 -0.9488, 3.811 0.729 0.1001, 3.6693 0.729 0.1001, 3.811 0.7425 0.1392, 3.6693 0.7425 0.1392, 3.811 0.7642 0.1744, 3.6693 0.7642 0.1744, 3.811 0.7932 0.2039, 3.6693 0.7932 0.2039, 3.811 0.8279 0.2264, 3.6693 0.8279 0.2264, 3.6693 1.0167 0.3207, 3.811 1.0167 0.3207, 3.6693 1.0442 0.3384, 3.811 1.0442 0.3384, 3.6693 1.067 0.3617, 3.811 1.067 0.3617, 3.6693 1.0842 0.3895, 3.811 1.0842 0.3895, 3.6693 1.0948 0.4203, 3.811 1.0948 0.4203, 3.6693 1.0984 0.4528, 3.811 1.0984 0.4528, 3.6693 1.0984 1.2473, 3.811 1.0984 1.2473, 3.6693 1.0882 1.3518, 3.811 1.0882 1.3518, 3.6693 1.0581 1.4523, 3.811 1.0581 1.4523, 3.6693 0.4594 2.915, 3.811 0.4594 2.915, 3.811 0.4326 3.0318, 3.6693 0.4326 3.0318, 3.811 0.4324 3.1517, 3.6693 0.4324 3.1517, 3.811 0.459 3.2686, 3.6693 0.459 3.2686, 3.6693 0.6249 3.7438, 3.811 0.6249 3.7438, 3.811 0.643 3.7898, 3.6693 0.643 3.7898, 3.811 0.67 3.8312, 3.6693 0.67 3.8312, 3.811 0.7048 3.8664, 3.6693 0.7048 3.8664, 3.811 0.7458 3.894, 3.6693 0.7458 3.894, 3.6693 0.7651 3.9071, 3.811 0.7651 3.9071, 3.6693 0.7812 3.9241, 3.811 0.7812 3.9241, 3.6693 0.7932 3.9441, 3.811 0.7932 3.9441, 3.6693 0.8006 3.9663, 3.811 0.8006 3.9663, 3.6693 0.9016 4.2913, 3.6693 0.8031 4.2913, 3.811 0.9016 4.2913, 3.811 0.8031 4.2913, 3.6693 0.9016 3.9895, 3.811 0.9016 3.9895, 3.811 0.8968 3.9452, 3.6693 0.8968 3.9452, 3.811 0.8826 3.9029, 3.6693 0.8826 3.9029, 3.811 0.8596 3.8646, 3.6693 0.8596 3.8646, 3.811 0.829 3.8322, 3.6693 0.829 3.8322, 3.811 0.7921 3.8071, 3.6693 0.7921 3.8071, 3.6693 0.767 3.7902, 3.811 0.767 3.7902, 3.6693 0.7459 3.7685, 3.811 0.7459 3.7685, 3.6693 0.7296 3.7429, 3.811 0.7296 3.7429, 3.6693 0.7189 3.7145, 3.811 0.7189 3.7145, 3.6693 0.5519 3.2362, 3.811 0.5519 3.2362, 3.6693 0.5303 3.1416, 3.811 0.5303 3.1416, 3.6693 0.5302 3.0445, 3.811 0.5302 3.0445, 3.6693 0.5515 2.9498, 3.811 0.5515 2.9498, 3.6693 1.1492 1.4896, 3.811 1.1492 1.4896, 3.811 1.1848 1.3708, 3.6693 1.1848 1.3708, 3.811 1.1969 1.2473, 3.6693 1.1969 1.2473, 3.6693 1.1969 0.4528, 3.811 1.1969 0.4528, 3.811 1.1908 0.3987, 3.6693 1.1908 0.3987, 3.811 1.1731 0.3473, 3.6693 1.1731 0.3473, 3.811 1.1445 0.301, 3.6693 1.1445 0.301, 3.811 1.1064 0.2621, 3.6693 1.1064 0.2621, 3.811 1.0607 0.2326, 3.6693 1.0607 0.2326, 3.6693 0.8718 0.1383, 3.811 0.8718 0.1383, 3.6693 0.8554 0.1277, 3.811 0.8554 0.1277, 3.6693 0.8417 0.1137, 3.811 0.8417 0.1137, 3.6693 0.8314 0.097, 3.811 0.8314 0.097, 3.6693 0.825 0.0785, 3.811 0.825 0.0785, 3.811 -0.2402 4.0712, 3.811 -0.2402 3.9895, 3.6693 -0.2402 4.0712, 3.6693 -0.2402 3.9895, 3.6693 -0.1614 0.0591, 3.811 -0.1614 0.0591, 3.6693 -0.1614 -0.9134, 3.811 -0.1614 -0.9134, 3.8086 -0.1614 -0.9317, 3.8015 -0.1614 -0.9488, 3.7903 -0.1614 -0.9635, 3.7756 -0.1614 -0.9748, 3.7585 -0.1614 -0.9818, 3.7047 -0.1614 -0.9748, 3.69 -0.1614 -0.9635, 3.7402 -0.1614 -0.9843, 3.7218 -0.1614 -0.9818, 3.6788 -0.1614 -0.9488, 3.6717 -0.1614 -0.9317, 3.69 -0.2598 -0.9635, 3.7047 -0.2598 -0.9748, 3.8086 -0.2598 -0.9317, 3.6788 -0.2598 -0.9488, 3.7218 -0.2598 -0.9818, 3.7402 -0.2598 -0.9843, 3.7585 -0.2598 -0.9818, 3.811 -0.2598 0.0591, 3.6693 -0.2598 0.0591, 3.811 -0.2598 -0.9134, 3.6693 -0.2598 -0.9134, 3.6717 -0.2598 -0.9317, 3.7756 -0.2598 -0.9748, 3.7903 -0.2598 -0.9635, 3.8015 -0.2598 -0.9488, 3.6693 -0.262 0.0785, 3.811 -0.262 0.0785, 3.6693 -0.2684 0.097, 3.811 -0.2684 0.097, 3.6693 -0.2787 0.1137, 3.811 -0.2787 0.1137, 3.6693 -0.2924 0.1277, 3.811 -0.2924 0.1277, 3.6693 -0.3089 0.1383, 3.811 -0.3089 0.1383, 3.6693 -0.4977 0.2326, 3.811 -0.4977 0.2326, 3.811 -0.5434 0.2621, 3.6693 -0.5434 0.2621, 3.811 -0.5815 0.301, 3.6693 -0.5815 0.301, 3.811 -0.6101 0.3473, 3.6693 -0.6101 0.3473, 3.811 -0.6278 0.3987, 3.6693 -0.6278 0.3987, 3.811 -0.6339 0.4528, 3.6693 -0.6339 0.4528, 3.6693 -0.6339 1.2473, 3.811 -0.6339 1.2473, 3.811 -0.6218 1.3708, 3.6693 -0.6218 1.3708, 3.811 -0.5862 1.4896, 3.6693 -0.5862 1.4896, 3.6693 0.0115 2.9498, 3.811 0.0115 2.9498, 3.6693 0.0328 3.0445, 3.811 0.0328 3.0445, 3.6693 0.0326 3.1416, 3.811 0.0326 3.1416, 3.6693 0.0111 3.2362, 3.811 0.0111 3.2362, 3.6693 -0.1559 3.7145, 3.811 -0.1559 3.7145, 3.6693 -0.1666 3.7429, 3.811 -0.1666 3.7429, 3.6693 -0.1829 3.7685, 3.811 -0.1829 3.7685, 3.6693 -0.204 3.7902, 3.811 -0.204 3.7902, 3.6693 -0.2292 3.8071, 3.811 -0.2292 3.8071, 3.811 -0.266 3.8322, 3.6693 -0.266 3.8322, 3.811 -0.2966 3.8646, 3.6693 -0.2966 3.8646, 3.811 -0.3196 3.9029, 3.6693 -0.3196 3.9029, 3.811 -0.3338 3.9452, 3.6693 -0.3338 3.9452, 3.811 -0.3386 3.9895, 3.6693 -0.3386 3.9895, 3.6693 -0.3386 4.2913, 3.811 -0.3386 4.2913, 3.6693 -0.2402 4.2913, 3.811 -0.2402 4.2913, 3.6693 -0.2376 3.9663, 3.811 -0.2376 3.9663, 3.6693 -0.2302 3.9441, 3.811 -0.2302 3.9441, 3.6693 -0.2182 3.9241, 3.811 -0.2182 3.9241, 3.6693 -0.2021 3.9071, 3.811 -0.2021 3.9071, 3.6693 -0.1828 3.894, 3.811 -0.1828 3.894, 3.811 -0.1418 3.8664, 3.6693 -0.1418 3.8664, 3.811 -0.107 3.8312, 3.6693 -0.107 3.8312, 3.811 -0.08 3.7898, 3.6693 -0.08 3.7898, 3.811 -0.0619 3.7438, 3.6693 -0.0619 3.7438, 3.6693 0.104 3.2686, 3.811 0.104 3.2686, 3.811 0.1306 3.1517, 3.6693 0.1306 3.1517, 3.811 0.1304 3.0318, 3.6693 0.1304 3.0318, 3.811 0.1036 2.915, 3.6693 0.1036 2.915, 3.6693 -0.4951 1.4523, 3.811 -0.4951 1.4523, 3.6693 -0.5253 1.3518, 3.811 -0.5253 1.3518, 3.6693 -0.5354 1.2473, 3.811 -0.5354 1.2473, 3.6693 -0.5354 0.4528, 3.811 -0.5354 0.4528, 3.6693 -0.5318 0.4203, 3.811 -0.5318 0.4203, 3.6693 -0.5212 0.3895, 3.811 -0.5212 0.3895, 3.6693 -0.504 0.3617, 3.811 -0.504 0.3617, 3.6693 -0.4812 0.3384, 3.811 -0.4812 0.3384, 3.6693 -0.4537 0.3207, 3.811 -0.4537 0.3207, 3.6693 -0.2649 0.2264, 3.811 -0.2649 0.2264, 3.811 -0.2302 0.2039, 3.6693 -0.2302 0.2039, 3.811 -0.2012 0.1744, 3.6693 -0.2012 0.1744, 3.811 -0.1795 0.1392, 3.6693 -0.1795 0.1392, 3.811 -0.166 0.1001, 3.6693 -0.166 0.1001, 4.4567 0.8031 3.9895, 4.5984 0.8031 3.9895, 4.4567 0.8031 4.0712, 4.5984 0.8031 4.0712, 4.4567 0.8228 0.0591, 4.5984 0.8228 0.0591, 4.4567 0.8228 -0.9134, 4.5984 0.8228 -0.9134, 4.596 0.8228 -0.9317, 4.5889 0.8228 -0.9488, 4.5777 0.8228 -0.9635, 4.563 0.8228 -0.9748, 4.5459 0.8228 -0.9818, 4.4921 0.8228 -0.9748, 4.4774 0.8228 -0.9635, 4.5276 0.8228 -0.9843, 4.5092 0.8228 -0.9818, 4.4662 0.8228 -0.9488, 4.4591 0.8228 -0.9317, 4.4774 0.7244 -0.9635, 4.4921 0.7244 -0.9748, 4.596 0.7244 -0.9317, 4.4662 0.7244 -0.9488, 4.5092 0.7244 -0.9818, 4.5276 0.7244 -0.9843, 4.5459 0.7244 -0.9818, 4.5984 0.7244 0.0591, 4.4567 0.7244 0.0591, 4.5984 0.7244 -0.9134, 4.4567 0.7244 -0.9134, 4.4591 0.7244 -0.9317, 4.563 0.7244 -0.9748, 4.5777 0.7244 -0.9635, 4.5889 0.7244 -0.9488, 4.5984 0.729 0.1001, 4.4567 0.729 0.1001, 4.5984 0.7425 0.1392, 4.4567 0.7425 0.1392, 4.5984 0.7642 0.1744, 4.4567 0.7642 0.1744, 4.5984 0.7932 0.2039, 4.4567 0.7932 0.2039, 4.5984 0.8279 0.2264, 4.4567 0.8279 0.2264, 4.4567 1.0167 0.3207, 4.5984 1.0167 0.3207, 4.4567 1.0442 0.3384, 4.5984 1.0442 0.3384, 4.4567 1.067 0.3617, 4.5984 1.067 0.3617, 4.4567 1.0842 0.3895, 4.5984 1.0842 0.3895, 4.4567 1.0948 0.4203, 4.5984 1.0948 0.4203, 4.4567 1.0984 0.4528, 4.5984 1.0984 0.4528, 4.4567 1.0984 1.2473, 4.5984 1.0984 1.2473, 4.4567 1.0882 1.3518, 4.5984 1.0882 1.3518, 4.4567 1.0581 1.4523, 4.5984 1.0581 1.4523, 4.4567 0.4594 2.915, 4.5984 0.4594 2.915, 4.5984 0.4326 3.0318, 4.4567 0.4326 3.0318, 4.5984 0.4324 3.1517, 4.4567 0.4324 3.1517, 4.5984 0.459 3.2686, 4.4567 0.459 3.2686, 4.4567 0.6249 3.7438, 4.5984 0.6249 3.7438, 4.5984 0.643 3.7898, 4.4567 0.643 3.7898, 4.5984 0.67 3.8312, 4.4567 0.67 3.8312, 4.5984 0.7048 3.8664, 4.4567 0.7048 3.8664, 4.5984 0.7458 3.894, 4.4567 0.7458 3.894, 4.4567 0.7651 3.9071, 4.5984 0.7651 3.9071, 4.4567 0.7812 3.9241, 4.5984 0.7812 3.9241, 4.4567 0.7932 3.9441, 4.5984 0.7932 3.9441, 4.4567 0.8006 3.9663, 4.5984 0.8006 3.9663, 4.4567 0.9016 4.2913, 4.4567 0.8031 4.2913, 4.5984 0.9016 4.2913, 4.5984 0.8031 4.2913, 4.4567 0.9016 3.9895, 4.5984 0.9016 3.9895, 4.5984 0.8968 3.9452, 4.4567 0.8968 3.9452, 4.5984 0.8826 3.9029, 4.4567 0.8826 3.9029, 4.5984 0.8596 3.8646, 4.4567 0.8596 3.8646, 4.5984 0.829 3.8322, 4.4567 0.829 3.8322, 4.5984 0.7921 3.8071, 4.4567 0.7921 3.8071, 4.4567 0.767 3.7902, 4.5984 0.767 3.7902, 4.4567 0.7459 3.7685, 4.5984 0.7459 3.7685, 4.4567 0.7296 3.7429, 4.5984 0.7296 3.7429, 4.4567 0.7189 3.7145, 4.5984 0.7189 3.7145, 4.4567 0.5519 3.2362, 4.5984 0.5519 3.2362, 4.4567 0.5303 3.1416, 4.5984 0.5303 3.1416, 4.4567 0.5302 3.0445, 4.5984 0.5302 3.0445, 4.4567 0.5515 2.9498, 4.5984 0.5515 2.9498, 4.4567 1.1492 1.4896, 4.5984 1.1492 1.4896, 4.5984 1.1848 1.3708, 4.4567 1.1848 1.3708, 4.5984 1.1969 1.2473, 4.4567 1.1969 1.2473, 4.4567 1.1969 0.4528, 4.5984 1.1969 0.4528, 4.5984 1.1908 0.3987, 4.4567 1.1908 0.3987, 4.5984 1.1731 0.3473, 4.4567 1.1731 0.3473, 4.5984 1.1445 0.301, 4.4567 1.1445 0.301, 4.5984 1.1064 0.2621, 4.4567 1.1064 0.2621, 4.5984 1.0607 0.2326, 4.4567 1.0607 0.2326, 4.4567 0.8718 0.1383, 4.5984 0.8718 0.1383, 4.4567 0.8554 0.1277, 4.5984 0.8554 0.1277, 4.4567 0.8417 0.1137, 4.5984 0.8417 0.1137, 4.4567 0.8314 0.097, 4.5984 0.8314 0.097, 4.4567 0.825 0.0785, 4.5984 0.825 0.0785, 4.5984 -0.2402 4.0712, 4.5984 -0.2402 3.9895, 4.4567 -0.2402 4.0712, 4.4567 -0.2402 3.9895, 4.4567 -0.1614 0.0591, 4.5984 -0.1614 0.0591, 4.4567 -0.1614 -0.9134, 4.5984 -0.1614 -0.9134, 4.596 -0.1614 -0.9317, 4.5889 -0.1614 -0.9488, 4.5777 -0.1614 -0.9635, 4.563 -0.1614 -0.9748, 4.5459 -0.1614 -0.9818, 4.4921 -0.1614 -0.9748, 4.4774 -0.1614 -0.9635, 4.5276 -0.1614 -0.9843, 4.5092 -0.1614 -0.9818, 4.4662 -0.1614 -0.9488, 4.4591 -0.1614 -0.9317, 4.4774 -0.2598 -0.9635, 4.4921 -0.2598 -0.9748, 4.596 -0.2598 -0.9317, 4.4662 -0.2598 -0.9488, 4.5092 -0.2598 -0.9818, 4.5276 -0.2598 -0.9843, 4.5459 -0.2598 -0.9818, 4.5984 -0.2598 0.0591, 4.4567 -0.2598 0.0591, 4.5984 -0.2598 -0.9134, 4.4567 -0.2598 -0.9134, 4.4591 -0.2598 -0.9317, 4.563 -0.2598 -0.9748, 4.5777 -0.2598 -0.9635, 4.5889 -0.2598 -0.9488, 4.4567 -0.262 0.0785, 4.5984 -0.262 0.0785, 4.4567 -0.2684 0.097, 4.5984 -0.2684 0.097, 4.4567 -0.2787 0.1137, 4.5984 -0.2787 0.1137, 4.4567 -0.2924 0.1277, 4.5984 -0.2924 0.1277, 4.4567 -0.3089 0.1383, 4.5984 -0.3089 0.1383, 4.4567 -0.4977 0.2326, 4.5984 -0.4977 0.2326, 4.5984 -0.5434 0.2621, 4.4567 -0.5434 0.2621, 4.5984 -0.5815 0.301, 4.4567 -0.5815 0.301, 4.5984 -0.6101 0.3473, 4.4567 -0.6101 0.3473, 4.5984 -0.6278 0.3987, 4.4567 -0.6278 0.3987, 4.5984 -0.6339 0.4528, 4.4567 -0.6339 0.4528, 4.4567 -0.6339 1.2473, 4.5984 -0.6339 1.2473, 4.5984 -0.6218 1.3708, 4.4567 -0.6218 1.3708, 4.5984 -0.5862 1.4896, 4.4567 -0.5862 1.4896, 4.4567 0.0115 2.9498, 4.5984 0.0115 2.9498, 4.4567 0.0328 3.0445, 4.5984 0.0328 3.0445, 4.4567 0.0326 3.1416, 4.5984 0.0326 3.1416, 4.4567 0.0111 3.2362, 4.5984 0.0111 3.2362, 4.4567 -0.1559 3.7145, 4.5984 -0.1559 3.7145, 4.4567 -0.1666 3.7429, 4.5984 -0.1666 3.7429, 4.4567 -0.1829 3.7685, 4.5984 -0.1829 3.7685, 4.4567 -0.204 3.7902, 4.5984 -0.204 3.7902, 4.4567 -0.2292 3.8071, 4.5984 -0.2292 3.8071, 4.5984 -0.266 3.8322, 4.4567 -0.266 3.8322, 4.5984 -0.2966 3.8646, 4.4567 -0.2966 3.8646, 4.5984 -0.3196 3.9029, 4.4567 -0.3196 3.9029, 4.5984 -0.3338 3.9452, 4.4567 -0.3338 3.9452, 4.5984 -0.3386 3.9895, 4.4567 -0.3386 3.9895, 4.4567 -0.3386 4.2913, 4.5984 -0.3386 4.2913, 4.4567 -0.2402 4.2913, 4.5984 -0.2402 4.2913, 4.4567 -0.2376 3.9663, 4.5984 -0.2376 3.9663, 4.4567 -0.2302 3.9441, 4.5984 -0.2302 3.9441, 4.4567 -0.2182 3.9241, 4.5984 -0.2182 3.9241, 4.4567 -0.2021 3.9071, 4.5984 -0.2021 3.9071, 4.4567 -0.1828 3.894, 4.5984 -0.1828 3.894, 4.5984 -0.1418 3.8664, 4.4567 -0.1418 3.8664, 4.5984 -0.107 3.8312, 4.4567 -0.107 3.8312, 4.5984 -0.08 3.7898, 4.4567 -0.08 3.7898, 4.5984 -0.0619 3.7438, 4.4567 -0.0619 3.7438, 4.4567 0.104 3.2686, 4.5984 0.104 3.2686, 4.5984 0.1306 3.1517, 4.4567 0.1306 3.1517, 4.5984 0.1304 3.0318, 4.4567 0.1304 3.0318, 4.5984 0.1036 2.915, 4.4567 0.1036 2.915, 4.4567 -0.4951 1.4523, 4.5984 -0.4951 1.4523, 4.4567 -0.5253 1.3518, 4.5984 -0.5253 1.3518, 4.4567 -0.5354 1.2473, 4.5984 -0.5354 1.2473, 4.4567 -0.5354 0.4528, 4.5984 -0.5354 0.4528, 4.4567 -0.5318 0.4203, 4.5984 -0.5318 0.4203, 4.4567 -0.5212 0.3895, 4.5984 -0.5212 0.3895, 4.4567 -0.504 0.3617, 4.5984 -0.504 0.3617, 4.4567 -0.4812 0.3384, 4.5984 -0.4812 0.3384, 4.4567 -0.4537 0.3207, 4.5984 -0.4537 0.3207, 4.4567 -0.2649 0.2264, 4.5984 -0.2649 0.2264, 4.5984 -0.2302 0.2039, 4.4567 -0.2302 0.2039, 4.5984 -0.2012 0.1744, 4.4567 -0.2012 0.1744, 4.5984 -0.1795 0.1392, 4.4567 -0.1795 0.1392, 4.5984 -0.166 0.1001, 4.4567 -0.166 0.1001, 5.2441 0.8031 3.9895, 5.3858 0.8031 3.9895, 5.2441 0.8031 4.0712, 5.3858 0.8031 4.0712, 5.2441 0.8228 0.0591, 5.3858 0.8228 0.0591, 5.2441 0.8228 -0.9134, 5.3858 0.8228 -0.9134, 5.3834 0.8228 -0.9317, 5.3763 0.8228 -0.9488, 5.3651 0.8228 -0.9635, 5.3504 0.8228 -0.9748, 5.3333 0.8228 -0.9818, 5.2795 0.8228 -0.9748, 5.2649 0.8228 -0.9635, 5.315 0.8228 -0.9843, 5.2966 0.8228 -0.9818, 5.2536 0.8228 -0.9488, 5.2465 0.8228 -0.9317, 5.2649 0.7244 -0.9635, 5.2795 0.7244 -0.9748, 5.3834 0.7244 -0.9317, 5.2536 0.7244 -0.9488, 5.2966 0.7244 -0.9818, 5.315 0.7244 -0.9843, 5.3333 0.7244 -0.9818, 5.3858 0.7244 0.0591, 5.2441 0.7244 0.0591, 5.3858 0.7244 -0.9134, 5.2441 0.7244 -0.9134, 5.2465 0.7244 -0.9317, 5.3504 0.7244 -0.9748, 5.3651 0.7244 -0.9635, 5.3763 0.7244 -0.9488, 5.3858 0.729 0.1001, 5.2441 0.729 0.1001, 5.3858 0.7425 0.1392, 5.2441 0.7425 0.1392, 5.3858 0.7642 0.1744, 5.2441 0.7642 0.1744, 5.3858 0.7932 0.2039, 5.2441 0.7932 0.2039, 5.3858 0.8279 0.2264, 5.2441 0.8279 0.2264, 5.2441 1.0167 0.3207, 5.3858 1.0167 0.3207, 5.2441 1.0442 0.3384, 5.3858 1.0442 0.3384, 5.2441 1.067 0.3617, 5.3858 1.067 0.3617, 5.2441 1.0842 0.3895, 5.3858 1.0842 0.3895, 5.2441 1.0948 0.4203, 5.3858 1.0948 0.4203, 5.2441 1.0984 0.4528, 5.3858 1.0984 0.4528, 5.2441 1.0984 1.2473, 5.3858 1.0984 1.2473, 5.2441 1.0882 1.3518, 5.3858 1.0882 1.3518, 5.2441 1.0581 1.4523, 5.3858 1.0581 1.4523, 5.2441 0.4594 2.915, 5.3858 0.4594 2.915, 5.3858 0.4326 3.0318, 5.2441 0.4326 3.0318, 5.3858 0.4324 3.1517, 5.2441 0.4324 3.1517, 5.3858 0.459 3.2686, 5.2441 0.459 3.2686, 5.2441 0.6249 3.7438, 5.3858 0.6249 3.7438, 5.3858 0.643 3.7898, 5.2441 0.643 3.7898, 5.3858 0.67 3.8312, 5.2441 0.67 3.8312, 5.3858 0.7048 3.8664, 5.2441 0.7048 3.8664, 5.3858 0.7458 3.894, 5.2441 0.7458 3.894, 5.2441 0.7651 3.9071, 5.3858 0.7651 3.9071, 5.2441 0.7812 3.9241, 5.3858 0.7812 3.9241, 5.2441 0.7932 3.9441, 5.3858 0.7932 3.9441, 5.2441 0.8006 3.9663, 5.3858 0.8006 3.9663, 5.2441 0.9016 4.2913, 5.2441 0.8031 4.2913, 5.3858 0.9016 4.2913, 5.3858 0.8031 4.2913, 5.2441 0.9016 3.9895, 5.3858 0.9016 3.9895, 5.3858 0.8968 3.9452, 5.2441 0.8968 3.9452, 5.3858 0.8826 3.9029, 5.2441 0.8826 3.9029, 5.3858 0.8596 3.8646, 5.2441 0.8596 3.8646, 5.3858 0.829 3.8322, 5.2441 0.829 3.8322, 5.3858 0.7921 3.8071, 5.2441 0.7921 3.8071, 5.2441 0.767 3.7902, 5.3858 0.767 3.7902, 5.2441 0.7459 3.7685, 5.3858 0.7459 3.7685, 5.2441 0.7296 3.7429, 5.3858 0.7296 3.7429, 5.2441 0.7189 3.7145, 5.3858 0.7189 3.7145, 5.2441 0.5519 3.2362, 5.3858 0.5519 3.2362, 5.2441 0.5303 3.1416, 5.3858 0.5303 3.1416, 5.2441 0.5302 3.0445, 5.3858 0.5302 3.0445, 5.2441 0.5515 2.9498, 5.3858 0.5515 2.9498, 5.2441 1.1492 1.4896, 5.3858 1.1492 1.4896, 5.3858 1.1848 1.3708, 5.2441 1.1848 1.3708, 5.3858 1.1969 1.2473, 5.2441 1.1969 1.2473, 5.2441 1.1969 0.4528, 5.3858 1.1969 0.4528, 5.3858 1.1908 0.3987, 5.2441 1.1908 0.3987, 5.3858 1.1731 0.3473, 5.2441 1.1731 0.3473, 5.3858 1.1445 0.301, 5.2441 1.1445 0.301, 5.3858 1.1064 0.2621, 5.2441 1.1064 0.2621, 5.3858 1.0607 0.2326, 5.2441 1.0607 0.2326, 5.2441 0.8718 0.1383, 5.3858 0.8718 0.1383, 5.2441 0.8554 0.1277, 5.3858 0.8554 0.1277, 5.2441 0.8417 0.1137, 5.3858 0.8417 0.1137, 5.2441 0.8314 0.097, 5.3858 0.8314 0.097, 5.2441 0.825 0.0785, 5.3858 0.825 0.0785, 5.3858 -0.2402 4.0712, 5.3858 -0.2402 3.9895, 5.2441 -0.2402 4.0712, 5.2441 -0.2402 3.9895, 5.2441 -0.1614 0.0591, 5.3858 -0.1614 0.0591, 5.2441 -0.1614 -0.9134, 5.3858 -0.1614 -0.9134, 5.3834 -0.1614 -0.9317, 5.3763 -0.1614 -0.9488, 5.3651 -0.1614 -0.9635, 5.3504 -0.1614 -0.9748, 5.3333 -0.1614 -0.9818, 5.2795 -0.1614 -0.9748, 5.2649 -0.1614 -0.9635, 5.315 -0.1614 -0.9843, 5.2966 -0.1614 -0.9818, 5.2536 -0.1614 -0.9488, 5.2465 -0.1614 -0.9317, 5.2649 -0.2598 -0.9635, 5.2795 -0.2598 -0.9748, 5.3834 -0.2598 -0.9317, 5.2536 -0.2598 -0.9488, 5.2966 -0.2598 -0.9818, 5.315 -0.2598 -0.9843, 5.3333 -0.2598 -0.9818, 5.3858 -0.2598 0.0591, 5.2441 -0.2598 0.0591, 5.3858 -0.2598 -0.9134, 5.2441 -0.2598 -0.9134, 5.2465 -0.2598 -0.9317, 5.3504 -0.2598 -0.9748, 5.3651 -0.2598 -0.9635, 5.3763 -0.2598 -0.9488, 5.2441 -0.262 0.0785, 5.3858 -0.262 0.0785, 5.2441 -0.2684 0.097, 5.3858 -0.2684 0.097, 5.2441 -0.2787 0.1137, 5.3858 -0.2787 0.1137, 5.2441 -0.2924 0.1277, 5.3858 -0.2924 0.1277, 5.2441 -0.3089 0.1383, 5.3858 -0.3089 0.1383, 5.2441 -0.4977 0.2326, 5.3858 -0.4977 0.2326, 5.3858 -0.5434 0.2621, 5.2441 -0.5434 0.2621, 5.3858 -0.5815 0.301, 5.2441 -0.5815 0.301, 5.3858 -0.6101 0.3473, 5.2441 -0.6101 0.3473, 5.3858 -0.6278 0.3987, 5.2441 -0.6278 0.3987, 5.3858 -0.6339 0.4528, 5.2441 -0.6339 0.4528, 5.2441 -0.6339 1.2473, 5.3858 -0.6339 1.2473, 5.3858 -0.6218 1.3708, 5.2441 -0.6218 1.3708, 5.3858 -0.5862 1.4896, 5.2441 -0.5862 1.4896, 5.2441 0.0115 2.9498, 5.3858 0.0115 2.9498, 5.2441 0.0328 3.0445, 5.3858 0.0328 3.0445, 5.2441 0.0326 3.1416, 5.3858 0.0326 3.1416, 5.2441 0.0111 3.2362, 5.3858 0.0111 3.2362, 5.2441 -0.1559 3.7145, 5.3858 -0.1559 3.7145, 5.2441 -0.1666 3.7429, 5.3858 -0.1666 3.7429, 5.2441 -0.1829 3.7685, 5.3858 -0.1829 3.7685, 5.2441 -0.204 3.7902, 5.3858 -0.204 3.7902, 5.2441 -0.2292 3.8071, 5.3858 -0.2292 3.8071, 5.3858 -0.266 3.8322, 5.2441 -0.266 3.8322, 5.3858 -0.2966 3.8646, 5.2441 -0.2966 3.8646, 5.3858 -0.3196 3.9029, 5.2441 -0.3196 3.9029, 5.3858 -0.3338 3.9452, 5.2441 -0.3338 3.9452, 5.3858 -0.3386 3.9895, 5.2441 -0.3386 3.9895, 5.2441 -0.3386 4.2913, 5.3858 -0.3386 4.2913, 5.2441 -0.2402 4.2913, 5.3858 -0.2402 4.2913, 5.2441 -0.2376 3.9663, 5.3858 -0.2376 3.9663, 5.2441 -0.2302 3.9441, 5.3858 -0.2302 3.9441, 5.2441 -0.2182 3.9241, 5.3858 -0.2182 3.9241, 5.2441 -0.2021 3.9071, 5.3858 -0.2021 3.9071, 5.2441 -0.1828 3.894, 5.3858 -0.1828 3.894, 5.3858 -0.1418 3.8664, 5.2441 -0.1418 3.8664, 5.3858 -0.107 3.8312, 5.2441 -0.107 3.8312, 5.3858 -0.08 3.7898, 5.2441 -0.08 3.7898, 5.3858 -0.0619 3.7438, 5.2441 -0.0619 3.7438, 5.2441 0.104 3.2686, 5.3858 0.104 3.2686, 5.3858 0.1306 3.1517, 5.2441 0.1306 3.1517, 5.3858 0.1304 3.0318, 5.2441 0.1304 3.0318, 5.3858 0.1036 2.915, 5.2441 0.1036 2.915, 5.2441 -0.4951 1.4523, 5.3858 -0.4951 1.4523, 5.2441 -0.5253 1.3518, 5.3858 -0.5253 1.3518, 5.2441 -0.5354 1.2473, 5.3858 -0.5354 1.2473, 5.2441 -0.5354 0.4528, 5.3858 -0.5354 0.4528, 5.2441 -0.5318 0.4203, 5.3858 -0.5318 0.4203, 5.2441 -0.5212 0.3895, 5.3858 -0.5212 0.3895, 5.2441 -0.504 0.3617, 5.3858 -0.504 0.3617, 5.2441 -0.4812 0.3384, 5.3858 -0.4812 0.3384, 5.2441 -0.4537 0.3207, 5.3858 -0.4537 0.3207, 5.2441 -0.2649 0.2264, 5.3858 -0.2649 0.2264, 5.3858 -0.2302 0.2039, 5.2441 -0.2302 0.2039, 5.3858 -0.2012 0.1744, 5.2441 -0.2012 0.1744, 5.3858 -0.1795 0.1392, 5.2441 -0.1795 0.1392, 5.3858 -0.166 0.1001, 5.2441 -0.166 0.1001, 6.0315 0.8031 3.9895, 6.1732 0.8031 3.9895, 6.0315 0.8031 4.0712, 6.1732 0.8031 4.0712, 6.0339 0.8228 -0.9317, 6.0315 0.8228 -0.9134, 6.1708 0.8228 -0.9317, 6.0315 0.8228 0.0591, 6.1732 0.8228 0.0591, 6.1732 0.8228 -0.9134, 6.1637 0.8228 -0.9488, 6.1525 0.8228 -0.9635, 6.1378 0.8228 -0.9748, 6.1207 0.8228 -0.9818, 6.1024 0.8228 -0.9843, 6.084 0.8228 -0.9818, 6.0669 0.8228 -0.9748, 6.0523 0.8228 -0.9635, 6.041 0.8228 -0.9488, 6.1732 0.7244 0.0591, 6.0315 0.7244 0.0591, 6.1732 0.7244 -0.9134, 6.0315 0.7244 -0.9134, 6.1708 0.7244 -0.9317, 6.0339 0.7244 -0.9317, 6.1637 0.7244 -0.9488, 6.0669 0.7244 -0.9748, 6.0523 0.7244 -0.9635, 6.041 0.7244 -0.9488, 6.084 0.7244 -0.9818, 6.1024 0.7244 -0.9843, 6.1207 0.7244 -0.9818, 6.1378 0.7244 -0.9748, 6.1525 0.7244 -0.9635, 6.1732 0.729 0.1001, 6.0315 0.729 0.1001, 6.1732 0.7425 0.1392, 6.0315 0.7425 0.1392, 6.1732 0.7642 0.1744, 6.0315 0.7642 0.1744, 6.1732 0.7932 0.2039, 6.0315 0.7932 0.2039, 6.1732 0.8279 0.2264, 6.0315 0.8279 0.2264, 6.0315 1.0167 0.3207, 6.1732 1.0167 0.3207, 6.0315 1.0442 0.3384, 6.1732 1.0442 0.3384, 6.0315 1.067 0.3617, 6.1732 1.067 0.3617, 6.0315 1.0842 0.3895, 6.1732 1.0842 0.3895, 6.0315 1.0948 0.4203, 6.1732 1.0948 0.4203, 6.0315 1.0984 0.4528, 6.1732 1.0984 0.4528, 6.0315 1.0984 1.2473, 6.1732 1.0984 1.2473, 6.0315 1.0882 1.3518, 6.1732 1.0882 1.3518, 6.0315 1.0581 1.4523, 6.1732 1.0581 1.4523, 6.0315 0.4594 2.915, 6.1732 0.4594 2.915, 6.1732 0.4326 3.0318, 6.0315 0.4326 3.0318, 6.1732 0.4324 3.1517, 6.0315 0.4324 3.1517, 6.1732 0.459 3.2686, 6.0315 0.459 3.2686, 6.0315 0.6249 3.7438, 6.1732 0.6249 3.7438, 6.1732 0.643 3.7898, 6.0315 0.643 3.7898, 6.1732 0.67 3.8312, 6.0315 0.67 3.8312, 6.1732 0.7048 3.8664, 6.0315 0.7048 3.8664, 6.1732 0.7458 3.894, 6.0315 0.7458 3.894, 6.0315 0.7651 3.9071, 6.1732 0.7651 3.9071, 6.0315 0.7812 3.9241, 6.1732 0.7812 3.9241, 6.0315 0.7932 3.9441, 6.1732 0.7932 3.9441, 6.0315 0.8006 3.9663, 6.1732 0.8006 3.9663, 6.0315 0.9016 4.2913, 6.0315 0.8031 4.2913, 6.1732 0.9016 4.2913, 6.1732 0.8031 4.2913, 6.0315 0.9016 3.9895, 6.1732 0.9016 3.9895, 6.1732 0.8968 3.9452, 6.0315 0.8968 3.9452, 6.1732 0.8826 3.9029, 6.0315 0.8826 3.9029, 6.1732 0.8596 3.8646, 6.0315 0.8596 3.8646, 6.1732 0.829 3.8322, 6.0315 0.829 3.8322, 6.1732 0.7921 3.8071, 6.0315 0.7921 3.8071, 6.0315 0.767 3.7902, 6.1732 0.767 3.7902, 6.0315 0.7459 3.7685, 6.1732 0.7459 3.7685, 6.0315 0.7296 3.7429, 6.1732 0.7296 3.7429, 6.0315 0.7189 3.7145, 6.1732 0.7189 3.7145, 6.0315 0.5519 3.2362, 6.1732 0.5519 3.2362, 6.0315 0.5303 3.1416, 6.1732 0.5303 3.1416, 6.0315 0.5302 3.0445, 6.1732 0.5302 3.0445, 6.0315 0.5515 2.9498, 6.1732 0.5515 2.9498, 6.0315 1.1492 1.4896, 6.1732 1.1492 1.4896, 6.1732 1.1848 1.3708, 6.0315 1.1848 1.3708, 6.1732 1.1969 1.2473, 6.0315 1.1969 1.2473, 6.0315 1.1969 0.4528, 6.1732 1.1969 0.4528, 6.1732 1.1908 0.3987, 6.0315 1.1908 0.3987, 6.1732 1.1731 0.3473, 6.0315 1.1731 0.3473, 6.1732 1.1445 0.301, 6.0315 1.1445 0.301, 6.1732 1.1064 0.2621, 6.0315 1.1064 0.2621, 6.1732 1.0607 0.2326, 6.0315 1.0607 0.2326, 6.0315 0.8718 0.1383, 6.1732 0.8718 0.1383, 6.0315 0.8554 0.1277, 6.1732 0.8554 0.1277, 6.0315 0.8417 0.1137, 6.1732 0.8417 0.1137, 6.0315 0.8314 0.097, 6.1732 0.8314 0.097, 6.0315 0.825 0.0785, 6.1732 0.825 0.0785, 6.1732 -0.2402 4.0712, 6.1732 -0.2402 3.9895, 6.0315 -0.2402 4.0712, 6.0315 -0.2402 3.9895, 6.0339 -0.1614 -0.9317, 6.0315 -0.1614 -0.9134, 6.1708 -0.1614 -0.9317, 6.0315 -0.1614 0.0591, 6.1732 -0.1614 0.0591, 6.1732 -0.1614 -0.9134, 6.1637 -0.1614 -0.9488, 6.1525 -0.1614 -0.9635, 6.1378 -0.1614 -0.9748, 6.1207 -0.1614 -0.9818, 6.1024 -0.1614 -0.9843, 6.084 -0.1614 -0.9818, 6.0669 -0.1614 -0.9748, 6.0523 -0.1614 -0.9635, 6.041 -0.1614 -0.9488, 6.1732 -0.2598 0.0591, 6.0315 -0.2598 0.0591, 6.1732 -0.2598 -0.9134, 6.0315 -0.2598 -0.9134, 6.1708 -0.2598 -0.9317, 6.0339 -0.2598 -0.9317, 6.1637 -0.2598 -0.9488, 6.0669 -0.2598 -0.9748, 6.0523 -0.2598 -0.9635, 6.041 -0.2598 -0.9488, 6.084 -0.2598 -0.9818, 6.1024 -0.2598 -0.9843, 6.1207 -0.2598 -0.9818, 6.1378 -0.2598 -0.9748, 6.1525 -0.2598 -0.9635, 6.0315 -0.262 0.0785, 6.1732 -0.262 0.0785, 6.0315 -0.2684 0.097, 6.1732 -0.2684 0.097, 6.0315 -0.2787 0.1137, 6.1732 -0.2787 0.1137, 6.0315 -0.2924 0.1277, 6.1732 -0.2924 0.1277, 6.0315 -0.3089 0.1383, 6.1732 -0.3089 0.1383, 6.0315 -0.4977 0.2326, 6.1732 -0.4977 0.2326, 6.1732 -0.5434 0.2621, 6.0315 -0.5434 0.2621, 6.1732 -0.5815 0.301, 6.0315 -0.5815 0.301, 6.1732 -0.6101 0.3473, 6.0315 -0.6101 0.3473, 6.1732 -0.6278 0.3987, 6.0315 -0.6278 0.3987, 6.1732 -0.6339 0.4528, 6.0315 -0.6339 0.4528, 6.0315 -0.6339 1.2473, 6.1732 -0.6339 1.2473, 6.1732 -0.6218 1.3708, 6.0315 -0.6218 1.3708, 6.1732 -0.5862 1.4896, 6.0315 -0.5862 1.4896, 6.0315 0.0115 2.9498, 6.1732 0.0115 2.9498, 6.0315 0.0328 3.0445, 6.1732 0.0328 3.0445, 6.0315 0.0326 3.1416, 6.1732 0.0326 3.1416, 6.0315 0.0111 3.2362, 6.1732 0.0111 3.2362, 6.0315 -0.1559 3.7145, 6.1732 -0.1559 3.7145, 6.0315 -0.1666 3.7429, 6.1732 -0.1666 3.7429, 6.0315 -0.1829 3.7685, 6.1732 -0.1829 3.7685, 6.0315 -0.204 3.7902, 6.1732 -0.204 3.7902, 6.0315 -0.2292 3.8071, 6.1732 -0.2292 3.8071, 6.1732 -0.266 3.8322, 6.0315 -0.266 3.8322, 6.1732 -0.2966 3.8646, 6.0315 -0.2966 3.8646, 6.1732 -0.3196 3.9029, 6.0315 -0.3196 3.9029, 6.1732 -0.3338 3.9452, 6.0315 -0.3338 3.9452, 6.1732 -0.3386 3.9895, 6.0315 -0.3386 3.9895, 6.0315 -0.3386 4.2913, 6.1732 -0.3386 4.2913, 6.0315 -0.2402 4.2913, 6.1732 -0.2402 4.2913, 6.0315 -0.2376 3.9663, 6.1732 -0.2376 3.9663, 6.0315 -0.2302 3.9441, 6.1732 -0.2302 3.9441, 6.0315 -0.2182 3.9241, 6.1732 -0.2182 3.9241, 6.0315 -0.2021 3.9071, 6.1732 -0.2021 3.9071, 6.0315 -0.1828 3.894, 6.1732 -0.1828 3.894, 6.1732 -0.1418 3.8664, 6.0315 -0.1418 3.8664, 6.1732 -0.107 3.8312, 6.0315 -0.107 3.8312, 6.1732 -0.08 3.7898, 6.0315 -0.08 3.7898, 6.1732 -0.0619 3.7438, 6.0315 -0.0619 3.7438, 6.0315 0.104 3.2686, 6.1732 0.104 3.2686, 6.1732 0.1306 3.1517, 6.0315 0.1306 3.1517, 6.1732 0.1304 3.0318, 6.0315 0.1304 3.0318, 6.1732 0.1036 2.915, 6.0315 0.1036 2.915, 6.0315 -0.4951 1.4523, 6.1732 -0.4951 1.4523, 6.0315 -0.5253 1.3518, 6.1732 -0.5253 1.3518, 6.0315 -0.5354 1.2473, 6.1732 -0.5354 1.2473, 6.0315 -0.5354 0.4528, 6.1732 -0.5354 0.4528, 6.0315 -0.5318 0.4203, 6.1732 -0.5318 0.4203, 6.0315 -0.5212 0.3895, 6.1732 -0.5212 0.3895, 6.0315 -0.504 0.3617, 6.1732 -0.504 0.3617, 6.0315 -0.4812 0.3384, 6.1732 -0.4812 0.3384, 6.0315 -0.4537 0.3207, 6.1732 -0.4537 0.3207, 6.0315 -0.2649 0.2264, 6.1732 -0.2649 0.2264, 6.1732 -0.2302 0.2039, 6.0315 -0.2302 0.2039, 6.1732 -0.2012 0.1744, 6.0315 -0.2012 0.1744, 6.1732 -0.1795 0.1392, 6.0315 -0.1795 0.1392, 6.1732 -0.166 0.1001, 6.0315 -0.166 0.1001, -5.3858 0.8031 3.9895, -5.2441 0.8031 3.9895, -5.3858 0.8031 4.0712, -5.2441 0.8031 4.0712, -5.3858 1.2092 0.3937, -5.2441 1.2092 0.3937, -5.3858 1.2264 0.3642, -5.2441 1.2264 0.3642, -5.3858 1.2499 0.3394, -5.2441 1.2499 0.3394, -5.3858 1.2785 0.3207, -5.2441 1.2785 0.3207, -5.3858 1.1969 0.3937, -5.3858 0.8031 4.2913, -5.3858 0.9016 4.2913, -5.3858 0.9016 3.9895, -5.3858 1.1222 0.3473, -5.3858 1.1508 0.301, -5.3858 1.1889 0.2621, -5.3858 1.2346 0.2326, -5.3858 1.4234 0.1383, -5.3858 1.4674 0.2264, -5.3858 1.4399 0.1277, -5.3858 1.5021 0.2039, -5.3858 1.4536 0.1137, -5.3858 1.5311 0.1744, -5.3858 1.4639 0.097, -5.3858 1.5528 0.1392, -5.3858 1.4703 0.0785, -5.3858 1.5663 0.1001, -5.3858 1.4724 0.0591, -5.3858 1.5709 0.0591, -5.3858 1.4724 -0.9134, -5.3858 1.5709 -0.9134, -5.3858 1.1044 0.3987, -5.3858 1.0984 0.4528, -5.3858 1.1969 1.2473, -5.3858 1.0984 1.2473, -5.3858 1.1848 1.3708, -5.3858 1.0882 1.3518, -5.3858 1.1492 1.4896, -5.3858 1.0581 1.4523, -5.3858 0.5515 2.9498, -5.3858 0.4594 2.915, -5.3858 0.5302 3.0445, -5.3858 0.4326 3.0318, -5.3858 0.5303 3.1416, -5.3858 0.4324 3.1517, -5.3858 0.5519 3.2362, -5.3858 0.459 3.2686, -5.3858 0.7189 3.7145, -5.3858 0.6249 3.7438, -5.3858 0.7296 3.7429, -5.3858 0.643 3.7898, -5.3858 0.7459 3.7685, -5.3858 0.67 3.8312, -5.3858 0.767 3.7902, -5.3858 0.7048 3.8664, -5.3858 0.7921 3.8071, -5.3858 0.7458 3.894, -5.3858 0.829 3.8322, -5.3858 0.7651 3.9071, -5.3858 0.8596 3.8646, -5.3858 0.7812 3.9241, -5.3858 0.8826 3.9029, -5.3858 0.7932 3.9441, -5.3858 0.8968 3.9452, -5.3858 0.8006 3.9663, -5.2441 1.1969 0.3937, -5.2441 1.1222 0.3473, -5.2441 1.1508 0.301, -5.2441 1.1044 0.3987, -5.2441 0.9016 3.9895, -5.2441 0.9016 4.2913, -5.2441 0.8031 4.2913, -5.2441 1.4724 -0.9134, -5.2441 1.5709 -0.9134, -5.2441 1.4724 0.0591, -5.2441 1.5709 0.0591, -5.2441 1.4703 0.0785, -5.2441 1.5663 0.1001, -5.2441 1.4639 0.097, -5.2441 1.5528 0.1392, -5.2441 1.4536 0.1137, -5.2441 1.5311 0.1744, -5.2441 1.4399 0.1277, -5.2441 1.5021 0.2039, -5.2441 1.4234 0.1383, -5.2441 1.4674 0.2264, -5.2441 1.2346 0.2326, -5.2441 1.1889 0.2621, -5.2441 0.8968 3.9452, -5.2441 0.8006 3.9663, -5.2441 0.8826 3.9029, -5.2441 0.7932 3.9441, -5.2441 0.8596 3.8646, -5.2441 0.7812 3.9241, -5.2441 0.829 3.8322, -5.2441 0.7651 3.9071, -5.2441 0.7921 3.8071, -5.2441 0.7458 3.894, -5.2441 0.767 3.7902, -5.2441 0.7048 3.8664, -5.2441 0.7459 3.7685, -5.2441 0.67 3.8312, -5.2441 0.7296 3.7429, -5.2441 0.643 3.7898, -5.2441 0.7189 3.7145, -5.2441 0.6249 3.7438, -5.2441 0.5519 3.2362, -5.2441 0.459 3.2686, -5.2441 0.5303 3.1416, -5.2441 0.4324 3.1517, -5.2441 0.5302 3.0445, -5.2441 0.4326 3.0318, -5.2441 0.5515 2.9498, -5.2441 0.4594 2.915, -5.2441 1.1492 1.4896, -5.2441 1.0581 1.4523, -5.2441 1.1848 1.3708, -5.2441 1.0882 1.3518, -5.2441 1.1969 1.2473, -5.2441 1.0984 1.2473, -5.2441 1.0984 0.4528, -5.2649 1.5709 -0.9635, -5.2795 1.5709 -0.9748, -5.3834 1.5709 -0.9317, -5.2966 1.5709 -0.9818, -5.315 1.5709 -0.9843, -5.3333 1.5709 -0.9818, -5.2465 1.5709 -0.9317, -5.2536 1.5709 -0.9488, -5.3504 1.5709 -0.9748, -5.3651 1.5709 -0.9635, -5.3763 1.5709 -0.9488, -5.3651 1.4724 -0.9635, -5.3504 1.4724 -0.9748, -5.2465 1.4724 -0.9317, -5.3763 1.4724 -0.9488, -5.3333 1.4724 -0.9818, -5.315 1.4724 -0.9843, -5.2966 1.4724 -0.9818, -5.3834 1.4724 -0.9317, -5.2795 1.4724 -0.9748, -5.2649 1.4724 -0.9635, -5.2536 1.4724 -0.9488, -5.3858 -0.7155 0.3207, -5.2441 -0.7155 0.3207, -5.3858 -0.6869 0.3394, -5.2441 -0.6869 0.3394, -5.3858 -0.6634 0.3642, -5.2441 -0.6634 0.3642, -5.3858 -0.6462 0.3937, -5.2441 -0.6462 0.3937, -5.2441 -0.2402 4.0712, -5.2441 -0.2402 3.9895, -5.3858 -0.2402 4.0712, -5.3858 -0.2402 3.9895, -5.3858 -0.6339 0.3937, -5.3858 -0.5592 0.3473, -5.3858 -0.5878 0.301, -5.3858 -0.5414 0.3987, -5.3858 -0.9094 -0.9134, -5.3858 -1.0079 -0.9134, -5.3858 -0.9094 0.0591, -5.3858 -1.0079 0.0591, -5.3858 -0.9073 0.0785, -5.3858 -1.0033 0.1001, -5.3858 -0.9009 0.097, -5.3858 -0.9898 0.1392, -5.3858 -0.8906 0.1137, -5.3858 -0.9681 0.1744, -5.3858 -0.8769 0.1277, -5.3858 -0.9391 0.2039, -5.3858 -0.8604 0.1383, -5.3858 -0.9044 0.2264, -5.3858 -0.6716 0.2326, -5.3858 -0.6259 0.2621, -5.3858 -0.3386 3.9895, -5.3858 -0.3386 4.2913, -5.3858 -0.2402 4.2913, -5.3858 -0.3338 3.9452, -5.3858 -0.2376 3.9663, -5.3858 -0.3196 3.9029, -5.3858 -0.2302 3.9441, -5.3858 -0.2966 3.8646, -5.3858 -0.2182 3.9241, -5.3858 -0.266 3.8322, -5.3858 -0.2021 3.9071, -5.3858 -0.2292 3.8071, -5.3858 -0.1828 3.894, -5.3858 -0.204 3.7902, -5.3858 -0.1418 3.8664, -5.3858 -0.1829 3.7685, -5.3858 -0.107 3.8312, -5.3858 -0.1666 3.7429, -5.3858 -0.08 3.7898, -5.3858 -0.1559 3.7145, -5.3858 -0.0619 3.7438, -5.3858 0.0111 3.2362, -5.3858 0.104 3.2686, -5.3858 0.0326 3.1416, -5.3858 0.1306 3.1517, -5.3858 0.0328 3.0445, -5.3858 0.1304 3.0318, -5.3858 0.0115 2.9498, -5.3858 0.1036 2.915, -5.3858 -0.5862 1.4896, -5.3858 -0.4951 1.4523, -5.3858 -0.6218 1.3708, -5.3858 -0.5253 1.3518, -5.3858 -0.6339 1.2473, -5.3858 -0.5354 1.2473, -5.3858 -0.5354 0.4528, -5.2441 -0.6339 0.3937, -5.2441 -0.5592 0.3473, -5.2441 -0.5878 0.301, -5.2441 -0.6259 0.2621, -5.2441 -0.6716 0.2326, -5.2441 -0.8604 0.1383, -5.2441 -0.9044 0.2264, -5.2441 -0.8769 0.1277, -5.2441 -0.9391 0.2039, -5.2441 -0.8906 0.1137, -5.2441 -0.9681 0.1744, -5.2441 -0.9009 0.097, -5.2441 -0.9898 0.1392, -5.2441 -0.9073 0.0785, -5.2441 -1.0033 0.1001, -5.2441 -0.9094 0.0591, -5.2441 -1.0079 0.0591, -5.2441 -0.9094 -0.9134, -5.2441 -1.0079 -0.9134, -5.2441 -0.2402 4.2913, -5.2441 -0.3386 4.2913, -5.2441 -0.3386 3.9895, -5.2441 -0.5414 0.3987, -5.2441 -0.5354 0.4528, -5.2441 -0.6339 1.2473, -5.2441 -0.5354 1.2473, -5.2441 -0.6218 1.3708, -5.2441 -0.5253 1.3518, -5.2441 -0.5862 1.4896, -5.2441 -0.4951 1.4523, -5.2441 0.0115 2.9498, -5.2441 0.1036 2.915, -5.2441 0.0328 3.0445, -5.2441 0.1304 3.0318, -5.2441 0.0326 3.1416, -5.2441 0.1306 3.1517, -5.2441 0.0111 3.2362, -5.2441 0.104 3.2686, -5.2441 -0.1559 3.7145, -5.2441 -0.0619 3.7438, -5.2441 -0.1666 3.7429, -5.2441 -0.08 3.7898, -5.2441 -0.1829 3.7685, -5.2441 -0.107 3.8312, -5.2441 -0.204 3.7902, -5.2441 -0.1418 3.8664, -5.2441 -0.2292 3.8071, -5.2441 -0.1828 3.894, -5.2441 -0.266 3.8322, -5.2441 -0.2021 3.9071, -5.2441 -0.2966 3.8646, -5.2441 -0.2182 3.9241, -5.2441 -0.3196 3.9029, -5.2441 -0.2302 3.9441, -5.2441 -0.3338 3.9452, -5.2441 -0.2376 3.9663, -5.2649 -0.9094 -0.9635, -5.2795 -0.9094 -0.9748, -5.3834 -0.9094 -0.9317, -5.2966 -0.9094 -0.9818, -5.315 -0.9094 -0.9843, -5.3333 -0.9094 -0.9818, -5.2465 -0.9094 -0.9317, -5.2536 -0.9094 -0.9488, -5.3504 -0.9094 -0.9748, -5.3651 -0.9094 -0.9635, -5.3763 -0.9094 -0.9488, -5.3651 -1.0079 -0.9635, -5.3504 -1.0079 -0.9748, -5.2465 -1.0079 -0.9317, -5.3763 -1.0079 -0.9488, -5.3333 -1.0079 -0.9818, -5.315 -1.0079 -0.9843, -5.2966 -1.0079 -0.9818, -5.3834 -1.0079 -0.9317, -5.2795 -1.0079 -0.9748, -5.2649 -1.0079 -0.9635, -5.2536 -1.0079 -0.9488, -4.5984 0.8031 3.9895, -4.4567 0.8031 3.9895, -4.5984 0.8031 4.0712, -4.4567 0.8031 4.0712, -4.5984 1.2092 0.3937, -4.4567 1.2092 0.3937, -4.5984 1.2264 0.3642, -4.4567 1.2264 0.3642, -4.5984 1.2499 0.3394, -4.4567 1.2499 0.3394, -4.5984 1.2785 0.3207, -4.4567 1.2785 0.3207, -4.5984 1.1969 0.3937, -4.5984 0.8031 4.2913, -4.5984 0.9016 4.2913, -4.5984 0.9016 3.9895, -4.5984 1.1222 0.3473, -4.5984 1.1508 0.301, -4.5984 1.1889 0.2621, -4.5984 1.2346 0.2326, -4.5984 1.4234 0.1383, -4.5984 1.4674 0.2264, -4.5984 1.4399 0.1277, -4.5984 1.5021 0.2039, -4.5984 1.4536 0.1137, -4.5984 1.5311 0.1744, -4.5984 1.4639 0.097, -4.5984 1.5528 0.1392, -4.5984 1.4703 0.0785, -4.5984 1.5663 0.1001, -4.5984 1.4724 0.0591, -4.5984 1.5709 0.0591, -4.5984 1.4724 -0.9134, -4.5984 1.5709 -0.9134, -4.5984 1.1044 0.3987, -4.5984 1.0984 0.4528, -4.5984 1.1969 1.2473, -4.5984 1.0984 1.2473, -4.5984 1.1848 1.3708, -4.5984 1.0882 1.3518, -4.5984 1.1492 1.4896, -4.5984 1.0581 1.4523, -4.5984 0.5515 2.9498, -4.5984 0.4594 2.915, -4.5984 0.5302 3.0445, -4.5984 0.4326 3.0318, -4.5984 0.5303 3.1416, -4.5984 0.4324 3.1517, -4.5984 0.5519 3.2362, -4.5984 0.459 3.2686, -4.5984 0.7189 3.7145, -4.5984 0.6249 3.7438, -4.5984 0.7296 3.7429, -4.5984 0.643 3.7898, -4.5984 0.7459 3.7685, -4.5984 0.67 3.8312, -4.5984 0.767 3.7902, -4.5984 0.7048 3.8664, -4.5984 0.7921 3.8071, -4.5984 0.7458 3.894, -4.5984 0.829 3.8322, -4.5984 0.7651 3.9071, -4.5984 0.8596 3.8646, -4.5984 0.7812 3.9241, -4.5984 0.8826 3.9029, -4.5984 0.7932 3.9441, -4.5984 0.8968 3.9452, -4.5984 0.8006 3.9663, -4.4567 1.1969 0.3937, -4.4567 1.1222 0.3473, -4.4567 1.1508 0.301, -4.4567 1.1044 0.3987, -4.4567 0.9016 3.9895, -4.4567 0.9016 4.2913, -4.4567 0.8031 4.2913, -4.4567 1.4724 -0.9134, -4.4567 1.5709 -0.9134, -4.4567 1.4724 0.0591, -4.4567 1.5709 0.0591, -4.4567 1.4703 0.0785, -4.4567 1.5663 0.1001, -4.4567 1.4639 0.097, -4.4567 1.5528 0.1392, -4.4567 1.4536 0.1137, -4.4567 1.5311 0.1744, -4.4567 1.4399 0.1277, -4.4567 1.5021 0.2039, -4.4567 1.4234 0.1383, -4.4567 1.4674 0.2264, -4.4567 1.2346 0.2326, -4.4567 1.1889 0.2621, -4.4567 0.8968 3.9452, -4.4567 0.8006 3.9663, -4.4567 0.8826 3.9029, -4.4567 0.7932 3.9441, -4.4567 0.8596 3.8646, -4.4567 0.7812 3.9241, -4.4567 0.829 3.8322, -4.4567 0.7651 3.9071, -4.4567 0.7921 3.8071, -4.4567 0.7458 3.894, -4.4567 0.767 3.7902, -4.4567 0.7048 3.8664, -4.4567 0.7459 3.7685, -4.4567 0.67 3.8312, -4.4567 0.7296 3.7429, -4.4567 0.643 3.7898, -4.4567 0.7189 3.7145, -4.4567 0.6249 3.7438, -4.4567 0.5519 3.2362, -4.4567 0.459 3.2686, -4.4567 0.5303 3.1416, -4.4567 0.4324 3.1517, -4.4567 0.5302 3.0445, -4.4567 0.4326 3.0318, -4.4567 0.5515 2.9498, -4.4567 0.4594 2.915, -4.4567 1.1492 1.4896, -4.4567 1.0581 1.4523, -4.4567 1.1848 1.3708, -4.4567 1.0882 1.3518, -4.4567 1.1969 1.2473, -4.4567 1.0984 1.2473, -4.4567 1.0984 0.4528, -4.4591 1.5709 -0.9317, -4.4662 1.5709 -0.9488, -4.4774 1.5709 -0.9635, -4.4921 1.5709 -0.9748, -4.5092 1.5709 -0.9818, -4.563 1.5709 -0.9748, -4.5777 1.5709 -0.9635, -4.5276 1.5709 -0.9843, -4.5459 1.5709 -0.9818, -4.5889 1.5709 -0.9488, -4.596 1.5709 -0.9317, -4.5777 1.4724 -0.9635, -4.563 1.4724 -0.9748, -4.4591 1.4724 -0.9317, -4.5889 1.4724 -0.9488, -4.5459 1.4724 -0.9818, -4.5276 1.4724 -0.9843, -4.5092 1.4724 -0.9818, -4.596 1.4724 -0.9317, -4.4921 1.4724 -0.9748, -4.4774 1.4724 -0.9635, -4.4662 1.4724 -0.9488, -4.5984 -0.7155 0.3207, -4.4567 -0.7155 0.3207, -4.5984 -0.6869 0.3394, -4.4567 -0.6869 0.3394, -4.5984 -0.6634 0.3642, -4.4567 -0.6634 0.3642, -4.5984 -0.6462 0.3937, -4.4567 -0.6462 0.3937, -4.4567 -0.2402 4.0712, -4.4567 -0.2402 3.9895, -4.5984 -0.2402 4.0712, -4.5984 -0.2402 3.9895, -4.5984 -0.6339 0.3937, -4.5984 -0.5592 0.3473, -4.5984 -0.5878 0.301, -4.5984 -0.5414 0.3987, -4.5984 -0.9094 -0.9134, -4.5984 -1.0079 -0.9134, -4.5984 -0.9094 0.0591, -4.5984 -1.0079 0.0591, -4.5984 -0.9073 0.0785, -4.5984 -1.0033 0.1001, -4.5984 -0.9009 0.097, -4.5984 -0.9898 0.1392, -4.5984 -0.8906 0.1137, -4.5984 -0.9681 0.1744, -4.5984 -0.8769 0.1277, -4.5984 -0.9391 0.2039, -4.5984 -0.8604 0.1383, -4.5984 -0.9044 0.2264, -4.5984 -0.6716 0.2326, -4.5984 -0.6259 0.2621, -4.5984 -0.3386 3.9895, -4.5984 -0.3386 4.2913, -4.5984 -0.2402 4.2913, -4.5984 -0.3338 3.9452, -4.5984 -0.2376 3.9663, -4.5984 -0.3196 3.9029, -4.5984 -0.2302 3.9441, -4.5984 -0.2966 3.8646, -4.5984 -0.2182 3.9241, -4.5984 -0.266 3.8322, -4.5984 -0.2021 3.9071, -4.5984 -0.2292 3.8071, -4.5984 -0.1828 3.894, -4.5984 -0.204 3.7902, -4.5984 -0.1418 3.8664, -4.5984 -0.1829 3.7685, -4.5984 -0.107 3.8312, -4.5984 -0.1666 3.7429, -4.5984 -0.08 3.7898, -4.5984 -0.1559 3.7145, -4.5984 -0.0619 3.7438, -4.5984 0.0111 3.2362, -4.5984 0.104 3.2686, -4.5984 0.0326 3.1416, -4.5984 0.1306 3.1517, -4.5984 0.0328 3.0445, -4.5984 0.1304 3.0318, -4.5984 0.0115 2.9498, -4.5984 0.1036 2.915, -4.5984 -0.5862 1.4896, -4.5984 -0.4951 1.4523, -4.5984 -0.6218 1.3708, -4.5984 -0.5253 1.3518, -4.5984 -0.6339 1.2473, -4.5984 -0.5354 1.2473, -4.5984 -0.5354 0.4528, -4.4567 -0.6339 0.3937, -4.4567 -0.5592 0.3473, -4.4567 -0.5878 0.301, -4.4567 -0.6259 0.2621, -4.4567 -0.6716 0.2326, -4.4567 -0.8604 0.1383, -4.4567 -0.9044 0.2264, -4.4567 -0.8769 0.1277, -4.4567 -0.9391 0.2039, -4.4567 -0.8906 0.1137, -4.4567 -0.9681 0.1744, -4.4567 -0.9009 0.097, -4.4567 -0.9898 0.1392, -4.4567 -0.9073 0.0785, -4.4567 -1.0033 0.1001, -4.4567 -0.9094 0.0591, -4.4567 -1.0079 0.0591, -4.4567 -0.9094 -0.9134, -4.4567 -1.0079 -0.9134, -4.4567 -0.2402 4.2913, -4.4567 -0.3386 4.2913, -4.4567 -0.3386 3.9895, -4.4567 -0.5414 0.3987, -4.4567 -0.5354 0.4528, -4.4567 -0.6339 1.2473, -4.4567 -0.5354 1.2473, -4.4567 -0.6218 1.3708, -4.4567 -0.5253 1.3518, -4.4567 -0.5862 1.4896, -4.4567 -0.4951 1.4523, -4.4567 0.0115 2.9498, -4.4567 0.1036 2.915, -4.4567 0.0328 3.0445, -4.4567 0.1304 3.0318, -4.4567 0.0326 3.1416, -4.4567 0.1306 3.1517, -4.4567 0.0111 3.2362, -4.4567 0.104 3.2686, -4.4567 -0.1559 3.7145, -4.4567 -0.0619 3.7438, -4.4567 -0.1666 3.7429, -4.4567 -0.08 3.7898, -4.4567 -0.1829 3.7685, -4.4567 -0.107 3.8312, -4.4567 -0.204 3.7902, -4.4567 -0.1418 3.8664, -4.4567 -0.2292 3.8071, -4.4567 -0.1828 3.894, -4.4567 -0.266 3.8322, -4.4567 -0.2021 3.9071, -4.4567 -0.2966 3.8646, -4.4567 -0.2182 3.9241, -4.4567 -0.3196 3.9029, -4.4567 -0.2302 3.9441, -4.4567 -0.3338 3.9452, -4.4567 -0.2376 3.9663, -4.4591 -0.9094 -0.9317, -4.4662 -0.9094 -0.9488, -4.4774 -0.9094 -0.9635, -4.4921 -0.9094 -0.9748, -4.5092 -0.9094 -0.9818, -4.563 -0.9094 -0.9748, -4.5777 -0.9094 -0.9635, -4.5276 -0.9094 -0.9843, -4.5459 -0.9094 -0.9818, -4.5889 -0.9094 -0.9488, -4.596 -0.9094 -0.9317, -4.5777 -1.0079 -0.9635, -4.563 -1.0079 -0.9748, -4.4591 -1.0079 -0.9317, -4.5889 -1.0079 -0.9488, -4.5459 -1.0079 -0.9818, -4.5276 -1.0079 -0.9843, -4.5092 -1.0079 -0.9818, -4.596 -1.0079 -0.9317, -4.4921 -1.0079 -0.9748, -4.4774 -1.0079 -0.9635, -4.4662 -1.0079 -0.9488, -3.811 0.8031 3.9895, -3.6693 0.8031 3.9895, -3.811 0.8031 4.0712, -3.6693 0.8031 4.0712, -3.811 1.2092 0.3937, -3.6693 1.2092 0.3937, -3.811 1.2264 0.3642, -3.6693 1.2264 0.3642, -3.811 1.2499 0.3394, -3.6693 1.2499 0.3394, -3.811 1.2785 0.3207, -3.6693 1.2785 0.3207, -3.811 1.1969 0.3937, -3.811 0.8031 4.2913, -3.811 0.9016 4.2913, -3.811 0.9016 3.9895, -3.811 1.1222 0.3473, -3.811 1.1508 0.301, -3.811 1.1889 0.2621, -3.811 1.2346 0.2326, -3.811 1.4234 0.1383, -3.811 1.4674 0.2264, -3.811 1.4399 0.1277, -3.811 1.5021 0.2039, -3.811 1.4536 0.1137, -3.811 1.5311 0.1744, -3.811 1.4639 0.097, -3.811 1.5528 0.1392, -3.811 1.4703 0.0785, -3.811 1.5663 0.1001, -3.811 1.4724 0.0591, -3.811 1.5709 0.0591, -3.811 1.4724 -0.9134, -3.811 1.5709 -0.9134, -3.811 1.1044 0.3987, -3.811 1.0984 0.4528, -3.811 1.1969 1.2473, -3.811 1.0984 1.2473, -3.811 1.1848 1.3708, -3.811 1.0882 1.3518, -3.811 1.1492 1.4896, -3.811 1.0581 1.4523, -3.811 0.5515 2.9498, -3.811 0.4594 2.915, -3.811 0.5302 3.0445, -3.811 0.4326 3.0318, -3.811 0.5303 3.1416, -3.811 0.4324 3.1517, -3.811 0.5519 3.2362, -3.811 0.459 3.2686, -3.811 0.7189 3.7145, -3.811 0.6249 3.7438, -3.811 0.7296 3.7429, -3.811 0.643 3.7898, -3.811 0.7459 3.7685, -3.811 0.67 3.8312, -3.811 0.767 3.7902, -3.811 0.7048 3.8664, -3.811 0.7921 3.8071, -3.811 0.7458 3.894, -3.811 0.829 3.8322, -3.811 0.7651 3.9071, -3.811 0.8596 3.8646, -3.811 0.7812 3.9241, -3.811 0.8826 3.9029, -3.811 0.7932 3.9441, -3.811 0.8968 3.9452, -3.811 0.8006 3.9663, -3.6693 1.1969 0.3937, -3.6693 1.1222 0.3473, -3.6693 1.1508 0.301, -3.6693 1.1044 0.3987, -3.6693 0.9016 3.9895, -3.6693 0.9016 4.2913, -3.6693 0.8031 4.2913, -3.6693 1.4724 -0.9134, -3.6693 1.5709 -0.9134, -3.6693 1.4724 0.0591, -3.6693 1.5709 0.0591, -3.6693 1.4703 0.0785, -3.6693 1.5663 0.1001, -3.6693 1.4639 0.097, -3.6693 1.5528 0.1392, -3.6693 1.4536 0.1137, -3.6693 1.5311 0.1744, -3.6693 1.4399 0.1277, -3.6693 1.5021 0.2039, -3.6693 1.4234 0.1383, -3.6693 1.4674 0.2264, -3.6693 1.2346 0.2326, -3.6693 1.1889 0.2621, -3.6693 0.8968 3.9452, -3.6693 0.8006 3.9663, -3.6693 0.8826 3.9029, -3.6693 0.7932 3.9441, -3.6693 0.8596 3.8646, -3.6693 0.7812 3.9241, -3.6693 0.829 3.8322, -3.6693 0.7651 3.9071, -3.6693 0.7921 3.8071, -3.6693 0.7458 3.894, -3.6693 0.767 3.7902, -3.6693 0.7048 3.8664, -3.6693 0.7459 3.7685, -3.6693 0.67 3.8312, -3.6693 0.7296 3.7429, -3.6693 0.643 3.7898, -3.6693 0.7189 3.7145, -3.6693 0.6249 3.7438, -3.6693 0.5519 3.2362, -3.6693 0.459 3.2686, -3.6693 0.5303 3.1416, -3.6693 0.4324 3.1517, -3.6693 0.5302 3.0445, -3.6693 0.4326 3.0318, -3.6693 0.5515 2.9498, -3.6693 0.4594 2.915, -3.6693 1.1492 1.4896, -3.6693 1.0581 1.4523, -3.6693 1.1848 1.3708, -3.6693 1.0882 1.3518, -3.6693 1.1969 1.2473, -3.6693 1.0984 1.2473, -3.6693 1.0984 0.4528, -3.69 1.5709 -0.9635, -3.7047 1.5709 -0.9748, -3.8086 1.5709 -0.9317, -3.7218 1.5709 -0.9818, -3.7402 1.5709 -0.9843, -3.7585 1.5709 -0.9818, -3.6717 1.5709 -0.9317, -3.6788 1.5709 -0.9488, -3.7756 1.5709 -0.9748, -3.7903 1.5709 -0.9635, -3.8015 1.5709 -0.9488, -3.7903 1.4724 -0.9635, -3.7756 1.4724 -0.9748, -3.6717 1.4724 -0.9317, -3.8015 1.4724 -0.9488, -3.7585 1.4724 -0.9818, -3.7402 1.4724 -0.9843, -3.7218 1.4724 -0.9818, -3.8086 1.4724 -0.9317, -3.7047 1.4724 -0.9748, -3.69 1.4724 -0.9635, -3.6788 1.4724 -0.9488, -3.811 -0.7155 0.3207, -3.6693 -0.7155 0.3207, -3.811 -0.6869 0.3394, -3.6693 -0.6869 0.3394, -3.811 -0.6634 0.3642, -3.6693 -0.6634 0.3642, -3.811 -0.6462 0.3937, -3.6693 -0.6462 0.3937, -3.6693 -0.2402 4.0712, -3.6693 -0.2402 3.9895, -3.811 -0.2402 4.0712, -3.811 -0.2402 3.9895, -3.811 -0.6339 0.3937, -3.811 -0.5592 0.3473, -3.811 -0.5878 0.301, -3.811 -0.5414 0.3987, -3.811 -0.9094 -0.9134, -3.811 -1.0079 -0.9134, -3.811 -0.9094 0.0591, -3.811 -1.0079 0.0591, -3.811 -0.9073 0.0785, -3.811 -1.0033 0.1001, -3.811 -0.9009 0.097, -3.811 -0.9898 0.1392, -3.811 -0.8906 0.1137, -3.811 -0.9681 0.1744, -3.811 -0.8769 0.1277, -3.811 -0.9391 0.2039, -3.811 -0.8604 0.1383, -3.811 -0.9044 0.2264, -3.811 -0.6716 0.2326, -3.811 -0.6259 0.2621, -3.811 -0.3386 3.9895, -3.811 -0.3386 4.2913, -3.811 -0.2402 4.2913, -3.811 -0.3338 3.9452, -3.811 -0.2376 3.9663, -3.811 -0.3196 3.9029, -3.811 -0.2302 3.9441, -3.811 -0.2966 3.8646, -3.811 -0.2182 3.9241, -3.811 -0.266 3.8322, -3.811 -0.2021 3.9071, -3.811 -0.2292 3.8071, -3.811 -0.1828 3.894, -3.811 -0.204 3.7902, -3.811 -0.1418 3.8664, -3.811 -0.1829 3.7685, -3.811 -0.107 3.8312, -3.811 -0.1666 3.7429, -3.811 -0.08 3.7898, -3.811 -0.1559 3.7145, -3.811 -0.0619 3.7438, -3.811 0.0111 3.2362, -3.811 0.104 3.2686, -3.811 0.0326 3.1416, -3.811 0.1306 3.1517, -3.811 0.0328 3.0445, -3.811 0.1304 3.0318, -3.811 0.0115 2.9498, -3.811 0.1036 2.915, -3.811 -0.5862 1.4896, -3.811 -0.4951 1.4523, -3.811 -0.6218 1.3708, -3.811 -0.5253 1.3518, -3.811 -0.6339 1.2473, -3.811 -0.5354 1.2473, -3.811 -0.5354 0.4528, -3.6693 -0.6339 0.3937, -3.6693 -0.5592 0.3473, -3.6693 -0.5878 0.301, -3.6693 -0.6259 0.2621, -3.6693 -0.6716 0.2326, -3.6693 -0.8604 0.1383, -3.6693 -0.9044 0.2264, -3.6693 -0.8769 0.1277, -3.6693 -0.9391 0.2039, -3.6693 -0.8906 0.1137, -3.6693 -0.9681 0.1744, -3.6693 -0.9009 0.097, -3.6693 -0.9898 0.1392, -3.6693 -0.9073 0.0785, -3.6693 -1.0033 0.1001, -3.6693 -0.9094 0.0591, -3.6693 -1.0079 0.0591, -3.6693 -0.9094 -0.9134, -3.6693 -1.0079 -0.9134, -3.6693 -0.2402 4.2913, -3.6693 -0.3386 4.2913, -3.6693 -0.3386 3.9895, -3.6693 -0.5414 0.3987, -3.6693 -0.5354 0.4528, -3.6693 -0.6339 1.2473, -3.6693 -0.5354 1.2473, -3.6693 -0.6218 1.3708, -3.6693 -0.5253 1.3518, -3.6693 -0.5862 1.4896, -3.6693 -0.4951 1.4523, -3.6693 0.0115 2.9498, -3.6693 0.1036 2.915, -3.6693 0.0328 3.0445, -3.6693 0.1304 3.0318, -3.6693 0.0326 3.1416, -3.6693 0.1306 3.1517, -3.6693 0.0111 3.2362, -3.6693 0.104 3.2686, -3.6693 -0.1559 3.7145, -3.6693 -0.0619 3.7438, -3.6693 -0.1666 3.7429, -3.6693 -0.08 3.7898, -3.6693 -0.1829 3.7685, -3.6693 -0.107 3.8312, -3.6693 -0.204 3.7902, -3.6693 -0.1418 3.8664, -3.6693 -0.2292 3.8071, -3.6693 -0.1828 3.894, -3.6693 -0.266 3.8322, -3.6693 -0.2021 3.9071, -3.6693 -0.2966 3.8646, -3.6693 -0.2182 3.9241, -3.6693 -0.3196 3.9029, -3.6693 -0.2302 3.9441, -3.6693 -0.3338 3.9452, -3.6693 -0.2376 3.9663, -3.69 -0.9094 -0.9635, -3.7047 -0.9094 -0.9748, -3.8086 -0.9094 -0.9317, -3.7218 -0.9094 -0.9818, -3.7402 -0.9094 -0.9843, -3.7585 -0.9094 -0.9818, -3.6717 -0.9094 -0.9317, -3.6788 -0.9094 -0.9488, -3.7756 -0.9094 -0.9748, -3.7903 -0.9094 -0.9635, -3.8015 -0.9094 -0.9488, -3.7903 -1.0079 -0.9635, -3.7756 -1.0079 -0.9748, -3.6717 -1.0079 -0.9317, -3.8015 -1.0079 -0.9488, -3.7585 -1.0079 -0.9818, -3.7402 -1.0079 -0.9843, -3.7218 -1.0079 -0.9818, -3.8086 -1.0079 -0.9317, -3.7047 -1.0079 -0.9748, -3.69 -1.0079 -0.9635, -3.6788 -1.0079 -0.9488, -3.0236 0.8031 3.9895, -2.8819 0.8031 3.9895, -3.0236 0.8031 4.0712, -2.8819 0.8031 4.0712, -3.0236 1.2092 0.3937, -2.8819 1.2092 0.3937, -3.0236 1.2264 0.3642, -2.8819 1.2264 0.3642, -3.0236 1.2499 0.3394, -2.8819 1.2499 0.3394, -3.0236 1.2785 0.3207, -2.8819 1.2785 0.3207, -3.0236 1.1969 0.3937, -3.0236 0.8031 4.2913, -3.0236 0.9016 4.2913, -3.0236 0.9016 3.9895, -3.0236 1.1222 0.3473, -3.0236 1.1508 0.301, -3.0236 1.1889 0.2621, -3.0236 1.2346 0.2326, -3.0236 1.4234 0.1383, -3.0236 1.4674 0.2264, -3.0236 1.4399 0.1277, -3.0236 1.5021 0.2039, -3.0236 1.4536 0.1137, -3.0236 1.5311 0.1744, -3.0236 1.4639 0.097, -3.0236 1.5528 0.1392, -3.0236 1.4703 0.0785, -3.0236 1.5663 0.1001, -3.0236 1.4724 0.0591, -3.0236 1.5709 0.0591, -3.0236 1.4724 -0.9134, -3.0236 1.5709 -0.9134, -3.0236 1.1044 0.3987, -3.0236 1.0984 0.4528, -3.0236 1.1969 1.2473, -3.0236 1.0984 1.2473, -3.0236 1.1848 1.3708, -3.0236 1.0882 1.3518, -3.0236 1.1492 1.4896, -3.0236 1.0581 1.4523, -3.0236 0.5515 2.9498, -3.0236 0.4594 2.915, -3.0236 0.5302 3.0445, -3.0236 0.4326 3.0318, -3.0236 0.5303 3.1416, -3.0236 0.4324 3.1517, -3.0236 0.5519 3.2362, -3.0236 0.459 3.2686, -3.0236 0.7189 3.7145, -3.0236 0.6249 3.7438, -3.0236 0.7296 3.7429, -3.0236 0.643 3.7898, -3.0236 0.7459 3.7685, -3.0236 0.67 3.8312, -3.0236 0.767 3.7902, -3.0236 0.7048 3.8664, -3.0236 0.7921 3.8071, -3.0236 0.7458 3.894, -3.0236 0.829 3.8322, -3.0236 0.7651 3.9071, -3.0236 0.8596 3.8646, -3.0236 0.7812 3.9241, -3.0236 0.8826 3.9029, -3.0236 0.7932 3.9441, -3.0236 0.8968 3.9452, -3.0236 0.8006 3.9663, -2.8819 1.1969 0.3937, -2.8819 1.1222 0.3473, -2.8819 1.1508 0.301, -2.8819 1.1044 0.3987, -2.8819 0.9016 3.9895, -2.8819 0.9016 4.2913, -2.8819 0.8031 4.2913, -2.8819 1.4724 -0.9134, -2.8819 1.5709 -0.9134, -2.8819 1.4724 0.0591, -2.8819 1.5709 0.0591, -2.8819 1.4703 0.0785, -2.8819 1.5663 0.1001, -2.8819 1.4639 0.097, -2.8819 1.5528 0.1392, -2.8819 1.4536 0.1137, -2.8819 1.5311 0.1744, -2.8819 1.4399 0.1277, -2.8819 1.5021 0.2039, -2.8819 1.4234 0.1383, -2.8819 1.4674 0.2264, -2.8819 1.2346 0.2326, -2.8819 1.1889 0.2621, -2.8819 0.8968 3.9452, -2.8819 0.8006 3.9663, -2.8819 0.8826 3.9029, -2.8819 0.7932 3.9441, -2.8819 0.8596 3.8646, -2.8819 0.7812 3.9241, -2.8819 0.829 3.8322, -2.8819 0.7651 3.9071, -2.8819 0.7921 3.8071, -2.8819 0.7458 3.894, -2.8819 0.767 3.7902, -2.8819 0.7048 3.8664, -2.8819 0.7459 3.7685, -2.8819 0.67 3.8312, -2.8819 0.7296 3.7429, -2.8819 0.643 3.7898, -2.8819 0.7189 3.7145, -2.8819 0.6249 3.7438, -2.8819 0.5519 3.2362, -2.8819 0.459 3.2686, -2.8819 0.5303 3.1416, -2.8819 0.4324 3.1517, -2.8819 0.5302 3.0445, -2.8819 0.4326 3.0318, -2.8819 0.5515 2.9498, -2.8819 0.4594 2.915, -2.8819 1.1492 1.4896, -2.8819 1.0581 1.4523, -2.8819 1.1848 1.3708, -2.8819 1.0882 1.3518, -2.8819 1.1969 1.2473, -2.8819 1.0984 1.2473, -2.8819 1.0984 0.4528, -2.9528 1.5709 -0.9843, -2.9685 1.5709 -0.9825, -2.8914 1.5709 -0.9488, -2.9026 1.5709 -0.9635, -2.9173 1.5709 -0.9748, -2.9835 1.5709 -0.9772, -2.9969 1.5709 -0.9688, -3.0082 1.5709 -0.9576, -3.0166 1.5709 -0.9441, -3.0218 1.5709 -0.9292, -2.8843 1.5709 -0.9317, -2.9344 1.5709 -0.9818, -2.8843 1.4724 -0.9317, -2.9528 1.4724 -0.9843, -2.9685 1.4724 -0.9825, -2.9173 1.4724 -0.9748, -2.9026 1.4724 -0.9635, -2.8914 1.4724 -0.9488, -3.0218 1.4724 -0.9292, -3.0166 1.4724 -0.9441, -3.0082 1.4724 -0.9576, -2.9969 1.4724 -0.9688, -2.9835 1.4724 -0.9772, -2.9344 1.4724 -0.9818, -3.0236 -0.7155 0.3207, -2.8819 -0.7155 0.3207, -3.0236 -0.6869 0.3394, -2.8819 -0.6869 0.3394, -3.0236 -0.6634 0.3642, -2.8819 -0.6634 0.3642, -3.0236 -0.6462 0.3937, -2.8819 -0.6462 0.3937, -2.8819 -0.2402 4.0712, -2.8819 -0.2402 3.9895, -3.0236 -0.2402 4.0712, -3.0236 -0.2402 3.9895, -3.0236 -0.6339 0.3937, -3.0236 -0.5592 0.3473, -3.0236 -0.5878 0.301, -3.0236 -0.5414 0.3987, -3.0236 -0.9094 -0.9134, -3.0236 -1.0079 -0.9134, -3.0236 -0.9094 0.0591, -3.0236 -1.0079 0.0591, -3.0236 -0.9073 0.0785, -3.0236 -1.0033 0.1001, -3.0236 -0.9009 0.097, -3.0236 -0.9898 0.1392, -3.0236 -0.8906 0.1137, -3.0236 -0.9681 0.1744, -3.0236 -0.8769 0.1277, -3.0236 -0.9391 0.2039, -3.0236 -0.8604 0.1383, -3.0236 -0.9044 0.2264, -3.0236 -0.6716 0.2326, -3.0236 -0.6259 0.2621, -3.0236 -0.3386 3.9895, -3.0236 -0.3386 4.2913, -3.0236 -0.2402 4.2913, -3.0236 -0.3338 3.9452, -3.0236 -0.2376 3.9663, -3.0236 -0.3196 3.9029, -3.0236 -0.2302 3.9441, -3.0236 -0.2966 3.8646, -3.0236 -0.2182 3.9241, -3.0236 -0.266 3.8322, -3.0236 -0.2021 3.9071, -3.0236 -0.2292 3.8071, -3.0236 -0.1828 3.894, -3.0236 -0.204 3.7902, -3.0236 -0.1418 3.8664, -3.0236 -0.1829 3.7685, -3.0236 -0.107 3.8312, -3.0236 -0.1666 3.7429, -3.0236 -0.08 3.7898, -3.0236 -0.1559 3.7145, -3.0236 -0.0619 3.7438, -3.0236 0.0111 3.2362, -3.0236 0.104 3.2686, -3.0236 0.0326 3.1416, -3.0236 0.1306 3.1517, -3.0236 0.0328 3.0445, -3.0236 0.1304 3.0318, -3.0236 0.0115 2.9498, -3.0236 0.1036 2.915, -3.0236 -0.5862 1.4896, -3.0236 -0.4951 1.4523, -3.0236 -0.6218 1.3708, -3.0236 -0.5253 1.3518, -3.0236 -0.6339 1.2473, -3.0236 -0.5354 1.2473, -3.0236 -0.5354 0.4528, -2.8819 -0.6339 0.3937, -2.8819 -0.5592 0.3473, -2.8819 -0.5878 0.301, -2.8819 -0.6259 0.2621, -2.8819 -0.6716 0.2326, -2.8819 -0.8604 0.1383, -2.8819 -0.9044 0.2264, -2.8819 -0.8769 0.1277, -2.8819 -0.9391 0.2039, -2.8819 -0.8906 0.1137, -2.8819 -0.9681 0.1744, -2.8819 -0.9009 0.097, -2.8819 -0.9898 0.1392, -2.8819 -0.9073 0.0785, -2.8819 -1.0033 0.1001, -2.8819 -0.9094 0.0591, -2.8819 -1.0079 0.0591, -2.8819 -0.9094 -0.9134, -2.8819 -1.0079 -0.9134, -2.8819 -0.2402 4.2913, -2.8819 -0.3386 4.2913, -2.8819 -0.3386 3.9895, -2.8819 -0.5414 0.3987, -2.8819 -0.5354 0.4528, -2.8819 -0.6339 1.2473, -2.8819 -0.5354 1.2473, -2.8819 -0.6218 1.3708, -2.8819 -0.5253 1.3518, -2.8819 -0.5862 1.4896, -2.8819 -0.4951 1.4523, -2.8819 0.0115 2.9498, -2.8819 0.1036 2.915, -2.8819 0.0328 3.0445, -2.8819 0.1304 3.0318, -2.8819 0.0326 3.1416, -2.8819 0.1306 3.1517, -2.8819 0.0111 3.2362, -2.8819 0.104 3.2686, -2.8819 -0.1559 3.7145, -2.8819 -0.0619 3.7438, -2.8819 -0.1666 3.7429, -2.8819 -0.08 3.7898, -2.8819 -0.1829 3.7685, -2.8819 -0.107 3.8312, -2.8819 -0.204 3.7902, -2.8819 -0.1418 3.8664, -2.8819 -0.2292 3.8071, -2.8819 -0.1828 3.894, -2.8819 -0.266 3.8322, -2.8819 -0.2021 3.9071, -2.8819 -0.2966 3.8646, -2.8819 -0.2182 3.9241, -2.8819 -0.3196 3.9029, -2.8819 -0.2302 3.9441, -2.8819 -0.3338 3.9452, -2.8819 -0.2376 3.9663, -2.9528 -0.9094 -0.9843, -2.9685 -0.9094 -0.9825, -2.8914 -0.9094 -0.9488, -2.9026 -0.9094 -0.9635, -2.9173 -0.9094 -0.9748, -2.9835 -0.9094 -0.9772, -2.9969 -0.9094 -0.9688, -3.0082 -0.9094 -0.9576, -3.0166 -0.9094 -0.9441, -3.0218 -0.9094 -0.9292, -2.8843 -0.9094 -0.9317, -2.9344 -0.9094 -0.9818, -2.8843 -1.0079 -0.9317, -2.9528 -1.0079 -0.9843, -2.9685 -1.0079 -0.9825, -2.9173 -1.0079 -0.9748, -2.9026 -1.0079 -0.9635, -2.8914 -1.0079 -0.9488, -3.0218 -1.0079 -0.9292, -3.0166 -1.0079 -0.9441, -3.0082 -1.0079 -0.9576, -2.9969 -1.0079 -0.9688, -2.9835 -1.0079 -0.9772, -2.9344 -1.0079 -0.9818, -1.4488 0.8031 3.9895, -1.3071 0.8031 3.9895, -1.4488 0.8031 4.0712, -1.3071 0.8031 4.0712, -1.4488 1.2092 0.3937, -1.3071 1.2092 0.3937, -1.4488 1.2264 0.3642, -1.3071 1.2264 0.3642, -1.4488 1.2499 0.3394, -1.3071 1.2499 0.3394, -1.4488 1.2785 0.3207, -1.3071 1.2785 0.3207, -1.4488 1.1969 0.3937, -1.4488 0.8031 4.2913, -1.4488 0.9016 4.2913, -1.4488 0.9016 3.9895, -1.4488 1.1222 0.3473, -1.4488 1.1508 0.301, -1.4488 1.1889 0.2621, -1.4488 1.2346 0.2326, -1.4488 1.4234 0.1383, -1.4488 1.4674 0.2264, -1.4488 1.4399 0.1277, -1.4488 1.5021 0.2039, -1.4488 1.4536 0.1137, -1.4488 1.5311 0.1744, -1.4488 1.4639 0.097, -1.4488 1.5528 0.1392, -1.4488 1.4703 0.0785, -1.4488 1.5663 0.1001, -1.4488 1.4724 0.0591, -1.4488 1.5709 0.0591, -1.4488 1.4724 -0.9134, -1.4488 1.5709 -0.9134, -1.4488 1.1044 0.3987, -1.4488 1.0984 0.4528, -1.4488 1.1969 1.2473, -1.4488 1.0984 1.2473, -1.4488 1.1848 1.3708, -1.4488 1.0882 1.3518, -1.4488 1.1492 1.4896, -1.4488 1.0581 1.4523, -1.4488 0.5515 2.9498, -1.4488 0.4594 2.915, -1.4488 0.5302 3.0445, -1.4488 0.4326 3.0318, -1.4488 0.5303 3.1416, -1.4488 0.4324 3.1517, -1.4488 0.5519 3.2362, -1.4488 0.459 3.2686, -1.4488 0.7189 3.7145, -1.4488 0.6249 3.7438, -1.4488 0.7296 3.7429, -1.4488 0.643 3.7898, -1.4488 0.7459 3.7685, -1.4488 0.67 3.8312, -1.4488 0.767 3.7902, -1.4488 0.7048 3.8664, -1.4488 0.7921 3.8071, -1.4488 0.7458 3.894, -1.4488 0.829 3.8322, -1.4488 0.7651 3.9071, -1.4488 0.8596 3.8646, -1.4488 0.7812 3.9241, -1.4488 0.8826 3.9029, -1.4488 0.7932 3.9441, -1.4488 0.8968 3.9452, -1.4488 0.8006 3.9663, -1.3071 1.1969 0.3937, -1.3071 1.1222 0.3473, -1.3071 1.1508 0.301, -1.3071 1.1044 0.3987, -1.3071 0.9016 3.9895, -1.3071 0.9016 4.2913, -1.3071 0.8031 4.2913, -1.3071 1.4724 -0.9134, -1.3071 1.5709 -0.9134, -1.3071 1.4724 0.0591, -1.3071 1.5709 0.0591, -1.3071 1.4703 0.0785, -1.3071 1.5663 0.1001, -1.3071 1.4639 0.097, -1.3071 1.5528 0.1392, -1.3071 1.4536 0.1137, -1.3071 1.5311 0.1744, -1.3071 1.4399 0.1277, -1.3071 1.5021 0.2039, -1.3071 1.4234 0.1383, -1.3071 1.4674 0.2264, -1.3071 1.2346 0.2326, -1.3071 1.1889 0.2621, -1.3071 0.8968 3.9452, -1.3071 0.8006 3.9663, -1.3071 0.8826 3.9029, -1.3071 0.7932 3.9441, -1.3071 0.8596 3.8646, -1.3071 0.7812 3.9241, -1.3071 0.829 3.8322, -1.3071 0.7651 3.9071, -1.3071 0.7921 3.8071, -1.3071 0.7458 3.894, -1.3071 0.767 3.7902, -1.3071 0.7048 3.8664, -1.3071 0.7459 3.7685, -1.3071 0.67 3.8312, -1.3071 0.7296 3.7429, -1.3071 0.643 3.7898, -1.3071 0.7189 3.7145, -1.3071 0.6249 3.7438, -1.3071 0.5519 3.2362, -1.3071 0.459 3.2686, -1.3071 0.5303 3.1416, -1.3071 0.4324 3.1517, -1.3071 0.5302 3.0445, -1.3071 0.4326 3.0318, -1.3071 0.5515 2.9498, -1.3071 0.4594 2.915, -1.3071 1.1492 1.4896, -1.3071 1.0581 1.4523, -1.3071 1.1848 1.3708, -1.3071 1.0882 1.3518, -1.3071 1.1969 1.2473, -1.3071 1.0984 1.2473, -1.3071 1.0984 0.4528, -1.4464 1.5709 -0.9317, -1.4393 1.5709 -0.9488, -1.3095 1.5709 -0.9317, -1.3166 1.5709 -0.9488, -1.3278 1.5709 -0.9635, -1.3425 1.5709 -0.9748, -1.4281 1.5709 -0.9635, -1.3596 1.5709 -0.9818, -1.378 1.5709 -0.9843, -1.3963 1.5709 -0.9818, -1.4134 1.5709 -0.9748, -1.4464 1.4724 -0.9317, -1.4393 1.4724 -0.9488, -1.4281 1.4724 -0.9635, -1.3425 1.4724 -0.9748, -1.3278 1.4724 -0.9635, -1.3166 1.4724 -0.9488, -1.4134 1.4724 -0.9748, -1.3963 1.4724 -0.9818, -1.378 1.4724 -0.9843, -1.3596 1.4724 -0.9818, -1.3095 1.4724 -0.9317, -1.4488 -0.7155 0.3207, -1.3071 -0.7155 0.3207, -1.4488 -0.6869 0.3394, -1.3071 -0.6869 0.3394, -1.4488 -0.6634 0.3642, -1.3071 -0.6634 0.3642, -1.4488 -0.6462 0.3937, -1.3071 -0.6462 0.3937, -1.3071 -0.2402 4.0712, -1.3071 -0.2402 3.9895, -1.4488 -0.2402 4.0712, -1.4488 -0.2402 3.9895, -1.4488 -0.6339 0.3937, -1.4488 -0.5592 0.3473, -1.4488 -0.5878 0.301, -1.4488 -0.5414 0.3987, -1.4488 -0.9094 -0.9134, -1.4488 -1.0079 -0.9134, -1.4488 -0.9094 0.0591, -1.4488 -1.0079 0.0591, -1.4488 -0.9073 0.0785, -1.4488 -1.0033 0.1001, -1.4488 -0.9009 0.097, -1.4488 -0.9898 0.1392, -1.4488 -0.8906 0.1137, -1.4488 -0.9681 0.1744, -1.4488 -0.8769 0.1277, -1.4488 -0.9391 0.2039, -1.4488 -0.8604 0.1383, -1.4488 -0.9044 0.2264, -1.4488 -0.6716 0.2326, -1.4488 -0.6259 0.2621, -1.4488 -0.3386 3.9895, -1.4488 -0.3386 4.2913, -1.4488 -0.2402 4.2913, -1.4488 -0.3338 3.9452, -1.4488 -0.2376 3.9663, -1.4488 -0.3196 3.9029, -1.4488 -0.2302 3.9441, -1.4488 -0.2966 3.8646, -1.4488 -0.2182 3.9241, -1.4488 -0.266 3.8322, -1.4488 -0.2021 3.9071, -1.4488 -0.2292 3.8071, -1.4488 -0.1828 3.894, -1.4488 -0.204 3.7902, -1.4488 -0.1418 3.8664, -1.4488 -0.1829 3.7685, -1.4488 -0.107 3.8312, -1.4488 -0.1666 3.7429, -1.4488 -0.08 3.7898, -1.4488 -0.1559 3.7145, -1.4488 -0.0619 3.7438, -1.4488 0.0111 3.2362, -1.4488 0.104 3.2686, -1.4488 0.0326 3.1416, -1.4488 0.1306 3.1517, -1.4488 0.0328 3.0445, -1.4488 0.1304 3.0318, -1.4488 0.0115 2.9498, -1.4488 0.1036 2.915, -1.4488 -0.5862 1.4896, -1.4488 -0.4951 1.4523, -1.4488 -0.6218 1.3708, -1.4488 -0.5253 1.3518, -1.4488 -0.6339 1.2473, -1.4488 -0.5354 1.2473, -1.4488 -0.5354 0.4528, -1.3071 -0.6339 0.3937, -1.3071 -0.5592 0.3473, -1.3071 -0.5878 0.301, -1.3071 -0.6259 0.2621, -1.3071 -0.6716 0.2326, -1.3071 -0.8604 0.1383, -1.3071 -0.9044 0.2264, -1.3071 -0.8769 0.1277, -1.3071 -0.9391 0.2039, -1.3071 -0.8906 0.1137, -1.3071 -0.9681 0.1744, -1.3071 -0.9009 0.097, -1.3071 -0.9898 0.1392, -1.3071 -0.9073 0.0785, -1.3071 -1.0033 0.1001, -1.3071 -0.9094 0.0591, -1.3071 -1.0079 0.0591, -1.3071 -0.9094 -0.9134, -1.3071 -1.0079 -0.9134, -1.3071 -0.2402 4.2913, -1.3071 -0.3386 4.2913, -1.3071 -0.3386 3.9895, -1.3071 -0.5414 0.3987, -1.3071 -0.5354 0.4528, -1.3071 -0.6339 1.2473, -1.3071 -0.5354 1.2473, -1.3071 -0.6218 1.3708, -1.3071 -0.5253 1.3518, -1.3071 -0.5862 1.4896, -1.3071 -0.4951 1.4523, -1.3071 0.0115 2.9498, -1.3071 0.1036 2.915, -1.3071 0.0328 3.0445, -1.3071 0.1304 3.0318, -1.3071 0.0326 3.1416, -1.3071 0.1306 3.1517, -1.3071 0.0111 3.2362, -1.3071 0.104 3.2686, -1.3071 -0.1559 3.7145, -1.3071 -0.0619 3.7438, -1.3071 -0.1666 3.7429, -1.3071 -0.08 3.7898, -1.3071 -0.1829 3.7685, -1.3071 -0.107 3.8312, -1.3071 -0.204 3.7902, -1.3071 -0.1418 3.8664, -1.3071 -0.2292 3.8071, -1.3071 -0.1828 3.894, -1.3071 -0.266 3.8322, -1.3071 -0.2021 3.9071, -1.3071 -0.2966 3.8646, -1.3071 -0.2182 3.9241, -1.3071 -0.3196 3.9029, -1.3071 -0.2302 3.9441, -1.3071 -0.3338 3.9452, -1.3071 -0.2376 3.9663, -1.4464 -0.9094 -0.9317, -1.4393 -0.9094 -0.9488, -1.3095 -0.9094 -0.9317, -1.3166 -0.9094 -0.9488, -1.3278 -0.9094 -0.9635, -1.3425 -0.9094 -0.9748, -1.4281 -0.9094 -0.9635, -1.3596 -0.9094 -0.9818, -1.378 -0.9094 -0.9843, -1.3963 -0.9094 -0.9818, -1.4134 -0.9094 -0.9748, -1.4464 -1.0079 -0.9317, -1.4393 -1.0079 -0.9488, -1.4281 -1.0079 -0.9635, -1.3425 -1.0079 -0.9748, -1.3278 -1.0079 -0.9635, -1.3166 -1.0079 -0.9488, -1.4134 -1.0079 -0.9748, -1.3963 -1.0079 -0.9818, -1.378 -1.0079 -0.9843, -1.3596 -1.0079 -0.9818, -1.3095 -1.0079 -0.9317, -0.6614 0.8031 3.9895, -0.5197 0.8031 3.9895, -0.6614 0.8031 4.0712, -0.5197 0.8031 4.0712, -0.6614 1.2092 0.3937, -0.5197 1.2092 0.3937, -0.6614 1.2264 0.3642, -0.5197 1.2264 0.3642, -0.6614 1.2499 0.3394, -0.5197 1.2499 0.3394, -0.6614 1.2785 0.3207, -0.5197 1.2785 0.3207, -0.6614 1.1969 0.3937, -0.6614 0.8031 4.2913, -0.6614 0.9016 4.2913, -0.6614 0.9016 3.9895, -0.6614 1.1222 0.3473, -0.6614 1.1508 0.301, -0.6614 1.1889 0.2621, -0.6614 1.2346 0.2326, -0.6614 1.4234 0.1383, -0.6614 1.4674 0.2264, -0.6614 1.4399 0.1277, -0.6614 1.5021 0.2039, -0.6614 1.4536 0.1137, -0.6614 1.5311 0.1744, -0.6614 1.4639 0.097, -0.6614 1.5528 0.1392, -0.6614 1.4703 0.0785, -0.6614 1.5663 0.1001, -0.6614 1.4724 0.0591, -0.6614 1.5709 0.0591, -0.6614 1.4724 -0.9134, -0.6614 1.5709 -0.9134, -0.6614 1.1044 0.3987, -0.6614 1.0984 0.4528, -0.6614 1.1969 1.2473, -0.6614 1.0984 1.2473, -0.6614 1.1848 1.3708, -0.6614 1.0882 1.3518, -0.6614 1.1492 1.4896, -0.6614 1.0581 1.4523, -0.6614 0.5515 2.9498, -0.6614 0.4594 2.915, -0.6614 0.5302 3.0445, -0.6614 0.4326 3.0318, -0.6614 0.5303 3.1416, -0.6614 0.4324 3.1517, -0.6614 0.5519 3.2362, -0.6614 0.459 3.2686, -0.6614 0.7189 3.7145, -0.6614 0.6249 3.7438, -0.6614 0.7296 3.7429, -0.6614 0.643 3.7898, -0.6614 0.7459 3.7685, -0.6614 0.67 3.8312, -0.6614 0.767 3.7902, -0.6614 0.7048 3.8664, -0.6614 0.7921 3.8071, -0.6614 0.7458 3.894, -0.6614 0.829 3.8322, -0.6614 0.7651 3.9071, -0.6614 0.8596 3.8646, -0.6614 0.7812 3.9241, -0.6614 0.8826 3.9029, -0.6614 0.7932 3.9441, -0.6614 0.8968 3.9452, -0.6614 0.8006 3.9663, -0.5197 1.1969 0.3937, -0.5197 1.1222 0.3473, -0.5197 1.1508 0.301, -0.5197 1.1044 0.3987, -0.5197 0.9016 3.9895, -0.5197 0.9016 4.2913, -0.5197 0.8031 4.2913, -0.5197 1.4724 -0.9134, -0.5197 1.5709 -0.9134, -0.5197 1.4724 0.0591, -0.5197 1.5709 0.0591, -0.5197 1.4703 0.0785, -0.5197 1.5663 0.1001, -0.5197 1.4639 0.097, -0.5197 1.5528 0.1392, -0.5197 1.4536 0.1137, -0.5197 1.5311 0.1744, -0.5197 1.4399 0.1277, -0.5197 1.5021 0.2039, -0.5197 1.4234 0.1383, -0.5197 1.4674 0.2264, -0.5197 1.2346 0.2326, -0.5197 1.1889 0.2621, -0.5197 0.8968 3.9452, -0.5197 0.8006 3.9663, -0.5197 0.8826 3.9029, -0.5197 0.7932 3.9441, -0.5197 0.8596 3.8646, -0.5197 0.7812 3.9241, -0.5197 0.829 3.8322, -0.5197 0.7651 3.9071, -0.5197 0.7921 3.8071, -0.5197 0.7458 3.894, -0.5197 0.767 3.7902, -0.5197 0.7048 3.8664, -0.5197 0.7459 3.7685, -0.5197 0.67 3.8312, -0.5197 0.7296 3.7429, -0.5197 0.643 3.7898, -0.5197 0.7189 3.7145, -0.5197 0.6249 3.7438, -0.5197 0.5519 3.2362, -0.5197 0.459 3.2686, -0.5197 0.5303 3.1416, -0.5197 0.4324 3.1517, -0.5197 0.5302 3.0445, -0.5197 0.4326 3.0318, -0.5197 0.5515 2.9498, -0.5197 0.4594 2.915, -0.5197 1.1492 1.4896, -0.5197 1.0581 1.4523, -0.5197 1.1848 1.3708, -0.5197 1.0882 1.3518, -0.5197 1.1969 1.2473, -0.5197 1.0984 1.2473, -0.5197 1.0984 0.4528, -0.5221 1.5709 -0.9317, -0.5292 1.5709 -0.9488, -0.5404 1.5709 -0.9635, -0.5551 1.5709 -0.9748, -0.6089 1.5709 -0.9818, -0.626 1.5709 -0.9748, -0.5906 1.5709 -0.9843, -0.6407 1.5709 -0.9635, -0.6519 1.5709 -0.9488, -0.5722 1.5709 -0.9818, -0.659 1.5709 -0.9317, -0.5221 1.4724 -0.9317, -0.5722 1.4724 -0.9818, -0.5551 1.4724 -0.9748, -0.6519 1.4724 -0.9488, -0.6407 1.4724 -0.9635, -0.5906 1.4724 -0.9843, -0.626 1.4724 -0.9748, -0.6089 1.4724 -0.9818, -0.5404 1.4724 -0.9635, -0.5292 1.4724 -0.9488, -0.659 1.4724 -0.9317, -0.6614 -0.7155 0.3207, -0.5197 -0.7155 0.3207, -0.6614 -0.6869 0.3394, -0.5197 -0.6869 0.3394, -0.6614 -0.6634 0.3642, -0.5197 -0.6634 0.3642, -0.6614 -0.6462 0.3937, -0.5197 -0.6462 0.3937, -0.5197 -0.2402 4.0712, -0.5197 -0.2402 3.9895, -0.6614 -0.2402 4.0712, -0.6614 -0.2402 3.9895, -0.6614 -0.6339 0.3937, -0.6614 -0.5592 0.3473, -0.6614 -0.5878 0.301, -0.6614 -0.5414 0.3987, -0.6614 -0.9094 -0.9134, -0.6614 -1.0079 -0.9134, -0.6614 -0.9094 0.0591, -0.6614 -1.0079 0.0591, -0.6614 -0.9073 0.0785, -0.6614 -1.0033 0.1001, -0.6614 -0.9009 0.097, -0.6614 -0.9898 0.1392, -0.6614 -0.8906 0.1137, -0.6614 -0.9681 0.1744, -0.6614 -0.8769 0.1277, -0.6614 -0.9391 0.2039, -0.6614 -0.8604 0.1383, -0.6614 -0.9044 0.2264, -0.6614 -0.6716 0.2326, -0.6614 -0.6259 0.2621, -0.6614 -0.3386 3.9895, -0.6614 -0.3386 4.2913, -0.6614 -0.2402 4.2913, -0.6614 -0.3338 3.9452, -0.6614 -0.2376 3.9663, -0.6614 -0.3196 3.9029, -0.6614 -0.2302 3.9441, -0.6614 -0.2966 3.8646, -0.6614 -0.2182 3.9241, -0.6614 -0.266 3.8322, -0.6614 -0.2021 3.9071, -0.6614 -0.2292 3.8071, -0.6614 -0.1828 3.894, -0.6614 -0.204 3.7902, -0.6614 -0.1418 3.8664, -0.6614 -0.1829 3.7685, -0.6614 -0.107 3.8312, -0.6614 -0.1666 3.7429, -0.6614 -0.08 3.7898, -0.6614 -0.1559 3.7145, -0.6614 -0.0619 3.7438, -0.6614 0.0111 3.2362, -0.6614 0.104 3.2686, -0.6614 0.0326 3.1416, -0.6614 0.1306 3.1517, -0.6614 0.0328 3.0445, -0.6614 0.1304 3.0318, -0.6614 0.0115 2.9498, -0.6614 0.1036 2.915, -0.6614 -0.5862 1.4896, -0.6614 -0.4951 1.4523, -0.6614 -0.6218 1.3708, -0.6614 -0.5253 1.3518, -0.6614 -0.6339 1.2473, -0.6614 -0.5354 1.2473, -0.6614 -0.5354 0.4528, -0.5197 -0.6339 0.3937, -0.5197 -0.5592 0.3473, -0.5197 -0.5878 0.301, -0.5197 -0.6259 0.2621, -0.5197 -0.6716 0.2326, -0.5197 -0.8604 0.1383, -0.5197 -0.9044 0.2264, -0.5197 -0.8769 0.1277, -0.5197 -0.9391 0.2039, -0.5197 -0.8906 0.1137, -0.5197 -0.9681 0.1744, -0.5197 -0.9009 0.097, -0.5197 -0.9898 0.1392, -0.5197 -0.9073 0.0785, -0.5197 -1.0033 0.1001, -0.5197 -0.9094 0.0591, -0.5197 -1.0079 0.0591, -0.5197 -0.9094 -0.9134, -0.5197 -1.0079 -0.9134, -0.5197 -0.2402 4.2913, -0.5197 -0.3386 4.2913, -0.5197 -0.3386 3.9895, -0.5197 -0.5414 0.3987, -0.5197 -0.5354 0.4528, -0.5197 -0.6339 1.2473, -0.5197 -0.5354 1.2473, -0.5197 -0.6218 1.3708, -0.5197 -0.5253 1.3518, -0.5197 -0.5862 1.4896, -0.5197 -0.4951 1.4523, -0.5197 0.0115 2.9498, -0.5197 0.1036 2.915, -0.5197 0.0328 3.0445, -0.5197 0.1304 3.0318, -0.5197 0.0326 3.1416, -0.5197 0.1306 3.1517, -0.5197 0.0111 3.2362, -0.5197 0.104 3.2686, -0.5197 -0.1559 3.7145, -0.5197 -0.0619 3.7438, -0.5197 -0.1666 3.7429, -0.5197 -0.08 3.7898, -0.5197 -0.1829 3.7685, -0.5197 -0.107 3.8312, -0.5197 -0.204 3.7902, -0.5197 -0.1418 3.8664, -0.5197 -0.2292 3.8071, -0.5197 -0.1828 3.894, -0.5197 -0.266 3.8322, -0.5197 -0.2021 3.9071, -0.5197 -0.2966 3.8646, -0.5197 -0.2182 3.9241, -0.5197 -0.3196 3.9029, -0.5197 -0.2302 3.9441, -0.5197 -0.3338 3.9452, -0.5197 -0.2376 3.9663, -0.5221 -0.9094 -0.9317, -0.5292 -0.9094 -0.9488, -0.5404 -0.9094 -0.9635, -0.5551 -0.9094 -0.9748, -0.6089 -0.9094 -0.9818, -0.626 -0.9094 -0.9748, -0.5906 -0.9094 -0.9843, -0.6407 -0.9094 -0.9635, -0.6519 -0.9094 -0.9488, -0.5722 -0.9094 -0.9818, -0.659 -0.9094 -0.9317, -0.5551 -1.0079 -0.9748, -0.5404 -1.0079 -0.9635, -0.659 -1.0079 -0.9317, -0.6519 -1.0079 -0.9488, -0.5906 -1.0079 -0.9843, -0.6407 -1.0079 -0.9635, -0.626 -1.0079 -0.9748, -0.6089 -1.0079 -0.9818, -0.5292 -1.0079 -0.9488, -0.5221 -1.0079 -0.9317, -0.5722 -1.0079 -0.9818, 0.126 0.8031 3.9895, 0.2677 0.8031 3.9895, 0.126 0.8031 4.0712, 0.2677 0.8031 4.0712, 0.126 1.2092 0.3937, 0.2677 1.2092 0.3937, 0.126 1.2264 0.3642, 0.2677 1.2264 0.3642, 0.126 1.2499 0.3394, 0.2677 1.2499 0.3394, 0.126 1.2785 0.3207, 0.2677 1.2785 0.3207, 0.126 1.1969 0.3937, 0.126 0.8031 4.2913, 0.126 0.9016 4.2913, 0.126 0.9016 3.9895, 0.126 1.1222 0.3473, 0.126 1.1508 0.301, 0.126 1.1889 0.2621, 0.126 1.2346 0.2326, 0.126 1.4234 0.1383, 0.126 1.4674 0.2264, 0.126 1.4399 0.1277, 0.126 1.5021 0.2039, 0.126 1.4536 0.1137, 0.126 1.5311 0.1744, 0.126 1.4639 0.097, 0.126 1.5528 0.1392, 0.126 1.4703 0.0785, 0.126 1.5663 0.1001, 0.126 1.4724 0.0591, 0.126 1.5709 0.0591, 0.126 1.4724 -0.9134, 0.126 1.5709 -0.9134, 0.126 1.1044 0.3987, 0.126 1.0984 0.4528, 0.126 1.1969 1.2473, 0.126 1.0984 1.2473, 0.126 1.1848 1.3708, 0.126 1.0882 1.3518, 0.126 1.1492 1.4896, 0.126 1.0581 1.4523, 0.126 0.5515 2.9498, 0.126 0.4594 2.915, 0.126 0.5302 3.0445, 0.126 0.4326 3.0318, 0.126 0.5303 3.1416, 0.126 0.4324 3.1517, 0.126 0.5519 3.2362, 0.126 0.459 3.2686, 0.126 0.7189 3.7145, 0.126 0.6249 3.7438, 0.126 0.7296 3.7429, 0.126 0.643 3.7898, 0.126 0.7459 3.7685, 0.126 0.67 3.8312, 0.126 0.767 3.7902, 0.126 0.7048 3.8664, 0.126 0.7921 3.8071, 0.126 0.7458 3.894, 0.126 0.829 3.8322, 0.126 0.7651 3.9071, 0.126 0.8596 3.8646, 0.126 0.7812 3.9241, 0.126 0.8826 3.9029, 0.126 0.7932 3.9441, 0.126 0.8968 3.9452, 0.126 0.8006 3.9663, 0.2677 1.1969 0.3937, 0.2677 1.1222 0.3473, 0.2677 1.1508 0.301, 0.2677 1.1044 0.3987, 0.2677 0.9016 3.9895, 0.2677 0.9016 4.2913, 0.2677 0.8031 4.2913, 0.2677 1.4724 -0.9134, 0.2677 1.5709 -0.9134, 0.2677 1.4724 0.0591, 0.2677 1.5709 0.0591, 0.2677 1.4703 0.0785, 0.2677 1.5663 0.1001, 0.2677 1.4639 0.097, 0.2677 1.5528 0.1392, 0.2677 1.4536 0.1137, 0.2677 1.5311 0.1744, 0.2677 1.4399 0.1277, 0.2677 1.5021 0.2039, 0.2677 1.4234 0.1383, 0.2677 1.4674 0.2264, 0.2677 1.2346 0.2326, 0.2677 1.1889 0.2621, 0.2677 0.8968 3.9452, 0.2677 0.8006 3.9663, 0.2677 0.8826 3.9029, 0.2677 0.7932 3.9441, 0.2677 0.8596 3.8646, 0.2677 0.7812 3.9241, 0.2677 0.829 3.8322, 0.2677 0.7651 3.9071, 0.2677 0.7921 3.8071, 0.2677 0.7458 3.894, 0.2677 0.767 3.7902, 0.2677 0.7048 3.8664, 0.2677 0.7459 3.7685, 0.2677 0.67 3.8312, 0.2677 0.7296 3.7429, 0.2677 0.643 3.7898, 0.2677 0.7189 3.7145, 0.2677 0.6249 3.7438, 0.2677 0.5519 3.2362, 0.2677 0.459 3.2686, 0.2677 0.5303 3.1416, 0.2677 0.4324 3.1517, 0.2677 0.5302 3.0445, 0.2677 0.4326 3.0318, 0.2677 0.5515 2.9498, 0.2677 0.4594 2.915, 0.2677 1.1492 1.4896, 0.2677 1.0581 1.4523, 0.2677 1.1848 1.3708, 0.2677 1.0882 1.3518, 0.2677 1.1969 1.2473, 0.2677 1.0984 1.2473, 0.2677 1.0984 0.4528, 0.2653 1.5709 -0.9317, 0.1785 1.5709 -0.9818, 0.1614 1.5709 -0.9748, 0.1969 1.5709 -0.9843, 0.1467 1.5709 -0.9635, 0.1355 1.5709 -0.9488, 0.2582 1.5709 -0.9488, 0.247 1.5709 -0.9635, 0.2323 1.5709 -0.9748, 0.2152 1.5709 -0.9818, 0.1284 1.5709 -0.9317, 0.2653 1.4724 -0.9317, 0.1284 1.4724 -0.9317, 0.1355 1.4724 -0.9488, 0.1969 1.4724 -0.9843, 0.1467 1.4724 -0.9635, 0.1614 1.4724 -0.9748, 0.1785 1.4724 -0.9818, 0.2152 1.4724 -0.9818, 0.2323 1.4724 -0.9748, 0.247 1.4724 -0.9635, 0.2582 1.4724 -0.9488, 0.126 -0.7155 0.3207, 0.2677 -0.7155 0.3207, 0.126 -0.6869 0.3394, 0.2677 -0.6869 0.3394, 0.126 -0.6634 0.3642, 0.2677 -0.6634 0.3642, 0.126 -0.6462 0.3937, 0.2677 -0.6462 0.3937, 0.2677 -0.2402 4.0712, 0.2677 -0.2402 3.9895, 0.126 -0.2402 4.0712, 0.126 -0.2402 3.9895, 0.126 -0.6339 0.3937, 0.126 -0.5592 0.3473, 0.126 -0.5878 0.301, 0.126 -0.5414 0.3987, 0.126 -0.9094 -0.9134, 0.126 -1.0079 -0.9134, 0.126 -0.9094 0.0591, 0.126 -1.0079 0.0591, 0.126 -0.9073 0.0785, 0.126 -1.0033 0.1001, 0.126 -0.9009 0.097, 0.126 -0.9898 0.1392, 0.126 -0.8906 0.1137, 0.126 -0.9681 0.1744, 0.126 -0.8769 0.1277, 0.126 -0.9391 0.2039, 0.126 -0.8604 0.1383, 0.126 -0.9044 0.2264, 0.126 -0.6716 0.2326, 0.126 -0.6259 0.2621, 0.126 -0.3386 3.9895, 0.126 -0.3386 4.2913, 0.126 -0.2402 4.2913, 0.126 -0.3338 3.9452, 0.126 -0.2376 3.9663, 0.126 -0.3196 3.9029, 0.126 -0.2302 3.9441, 0.126 -0.2966 3.8646, 0.126 -0.2182 3.9241, 0.126 -0.266 3.8322, 0.126 -0.2021 3.9071, 0.126 -0.2292 3.8071, 0.126 -0.1828 3.894, 0.126 -0.204 3.7902, 0.126 -0.1418 3.8664, 0.126 -0.1829 3.7685, 0.126 -0.107 3.8312, 0.126 -0.1666 3.7429, 0.126 -0.08 3.7898, 0.126 -0.1559 3.7145, 0.126 -0.0619 3.7438, 0.126 0.0111 3.2362, 0.126 0.104 3.2686, 0.126 0.0326 3.1416, 0.126 0.1306 3.1517, 0.126 0.0328 3.0445, 0.126 0.1304 3.0318, 0.126 0.0115 2.9498, 0.126 0.1036 2.915, 0.126 -0.5862 1.4896, 0.126 -0.4951 1.4523, 0.126 -0.6218 1.3708, 0.126 -0.5253 1.3518, 0.126 -0.6339 1.2473, 0.126 -0.5354 1.2473, 0.126 -0.5354 0.4528, 0.2677 -0.6339 0.3937, 0.2677 -0.5592 0.3473, 0.2677 -0.5878 0.301, 0.2677 -0.6259 0.2621, 0.2677 -0.6716 0.2326, 0.2677 -0.8604 0.1383, 0.2677 -0.9044 0.2264, 0.2677 -0.8769 0.1277, 0.2677 -0.9391 0.2039, 0.2677 -0.8906 0.1137, 0.2677 -0.9681 0.1744, 0.2677 -0.9009 0.097, 0.2677 -0.9898 0.1392, 0.2677 -0.9073 0.0785, 0.2677 -1.0033 0.1001, 0.2677 -0.9094 0.0591, 0.2677 -1.0079 0.0591, 0.2677 -0.9094 -0.9134, 0.2677 -1.0079 -0.9134, 0.2677 -0.2402 4.2913, 0.2677 -0.3386 4.2913, 0.2677 -0.3386 3.9895, 0.2677 -0.5414 0.3987, 0.2677 -0.5354 0.4528, 0.2677 -0.6339 1.2473, 0.2677 -0.5354 1.2473, 0.2677 -0.6218 1.3708, 0.2677 -0.5253 1.3518, 0.2677 -0.5862 1.4896, 0.2677 -0.4951 1.4523, 0.2677 0.0115 2.9498, 0.2677 0.1036 2.915, 0.2677 0.0328 3.0445, 0.2677 0.1304 3.0318, 0.2677 0.0326 3.1416, 0.2677 0.1306 3.1517, 0.2677 0.0111 3.2362, 0.2677 0.104 3.2686, 0.2677 -0.1559 3.7145, 0.2677 -0.0619 3.7438, 0.2677 -0.1666 3.7429, 0.2677 -0.08 3.7898, 0.2677 -0.1829 3.7685, 0.2677 -0.107 3.8312, 0.2677 -0.204 3.7902, 0.2677 -0.1418 3.8664, 0.2677 -0.2292 3.8071, 0.2677 -0.1828 3.894, 0.2677 -0.266 3.8322, 0.2677 -0.2021 3.9071, 0.2677 -0.2966 3.8646, 0.2677 -0.2182 3.9241, 0.2677 -0.3196 3.9029, 0.2677 -0.2302 3.9441, 0.2677 -0.3338 3.9452, 0.2677 -0.2376 3.9663, 0.2653 -0.9094 -0.9317, 0.1785 -0.9094 -0.9818, 0.1614 -0.9094 -0.9748, 0.1969 -0.9094 -0.9843, 0.1467 -0.9094 -0.9635, 0.1355 -0.9094 -0.9488, 0.2582 -0.9094 -0.9488, 0.247 -0.9094 -0.9635, 0.2323 -0.9094 -0.9748, 0.2152 -0.9094 -0.9818, 0.1284 -0.9094 -0.9317, 0.2653 -1.0079 -0.9317, 0.1284 -1.0079 -0.9317, 0.1355 -1.0079 -0.9488, 0.1969 -1.0079 -0.9843, 0.1467 -1.0079 -0.9635, 0.1614 -1.0079 -0.9748, 0.1785 -1.0079 -0.9818, 0.2152 -1.0079 -0.9818, 0.2323 -1.0079 -0.9748, 0.247 -1.0079 -0.9635, 0.2582 -1.0079 -0.9488, 0.9134 0.8031 3.9895, 1.0551 0.8031 3.9895, 0.9134 0.8031 4.0712, 1.0551 0.8031 4.0712, 0.9134 1.2092 0.3937, 1.0551 1.2092 0.3937, 0.9134 1.2264 0.3642, 1.0551 1.2264 0.3642, 0.9134 1.2499 0.3394, 1.0551 1.2499 0.3394, 0.9134 1.2785 0.3207, 1.0551 1.2785 0.3207, 0.9134 1.1969 0.3937, 0.9134 0.8031 4.2913, 0.9134 0.9016 4.2913, 0.9134 0.9016 3.9895, 0.9134 1.1222 0.3473, 0.9134 1.1508 0.301, 0.9134 1.1889 0.2621, 0.9134 1.2346 0.2326, 0.9134 1.4234 0.1383, 0.9134 1.4674 0.2264, 0.9134 1.4399 0.1277, 0.9134 1.5021 0.2039, 0.9134 1.4536 0.1137, 0.9134 1.5311 0.1744, 0.9134 1.4639 0.097, 0.9134 1.5528 0.1392, 0.9134 1.4703 0.0785, 0.9134 1.5663 0.1001, 0.9134 1.4724 0.0591, 0.9134 1.5709 0.0591, 0.9134 1.4724 -0.9134, 0.9134 1.5709 -0.9134, 0.9134 1.1044 0.3987, 0.9134 1.0984 0.4528, 0.9134 1.1969 1.2473, 0.9134 1.0984 1.2473, 0.9134 1.1848 1.3708, 0.9134 1.0882 1.3518, 0.9134 1.1492 1.4896, 0.9134 1.0581 1.4523, 0.9134 0.5515 2.9498, 0.9134 0.4594 2.915, 0.9134 0.5302 3.0445, 0.9134 0.4326 3.0318, 0.9134 0.5303 3.1416, 0.9134 0.4324 3.1517, 0.9134 0.5519 3.2362, 0.9134 0.459 3.2686, 0.9134 0.7189 3.7145, 0.9134 0.6249 3.7438, 0.9134 0.7296 3.7429, 0.9134 0.643 3.7898, 0.9134 0.7459 3.7685, 0.9134 0.67 3.8312, 0.9134 0.767 3.7902, 0.9134 0.7048 3.8664, 0.9134 0.7921 3.8071, 0.9134 0.7458 3.894, 0.9134 0.829 3.8322, 0.9134 0.7651 3.9071, 0.9134 0.8596 3.8646, 0.9134 0.7812 3.9241, 0.9134 0.8826 3.9029, 0.9134 0.7932 3.9441, 0.9134 0.8968 3.9452, 0.9134 0.8006 3.9663, 1.0551 1.1969 0.3937, 1.0551 1.1222 0.3473, 1.0551 1.1508 0.301, 1.0551 1.1044 0.3987, 1.0551 0.9016 3.9895, 1.0551 0.9016 4.2913, 1.0551 0.8031 4.2913, 1.0551 1.4724 -0.9134, 1.0551 1.5709 -0.9134, 1.0551 1.4724 0.0591, 1.0551 1.5709 0.0591, 1.0551 1.4703 0.0785, 1.0551 1.5663 0.1001, 1.0551 1.4639 0.097, 1.0551 1.5528 0.1392, 1.0551 1.4536 0.1137, 1.0551 1.5311 0.1744, 1.0551 1.4399 0.1277, 1.0551 1.5021 0.2039, 1.0551 1.4234 0.1383, 1.0551 1.4674 0.2264, 1.0551 1.2346 0.2326, 1.0551 1.1889 0.2621, 1.0551 0.8968 3.9452, 1.0551 0.8006 3.9663, 1.0551 0.8826 3.9029, 1.0551 0.7932 3.9441, 1.0551 0.8596 3.8646, 1.0551 0.7812 3.9241, 1.0551 0.829 3.8322, 1.0551 0.7651 3.9071, 1.0551 0.7921 3.8071, 1.0551 0.7458 3.894, 1.0551 0.767 3.7902, 1.0551 0.7048 3.8664, 1.0551 0.7459 3.7685, 1.0551 0.67 3.8312, 1.0551 0.7296 3.7429, 1.0551 0.643 3.7898, 1.0551 0.7189 3.7145, 1.0551 0.6249 3.7438, 1.0551 0.5519 3.2362, 1.0551 0.459 3.2686, 1.0551 0.5303 3.1416, 1.0551 0.4324 3.1517, 1.0551 0.5302 3.0445, 1.0551 0.4326 3.0318, 1.0551 0.5515 2.9498, 1.0551 0.4594 2.915, 1.0551 1.1492 1.4896, 1.0551 1.0581 1.4523, 1.0551 1.1848 1.3708, 1.0551 1.0882 1.3518, 1.0551 1.1969 1.2473, 1.0551 1.0984 1.2473, 1.0551 1.0984 0.4528, 0.9158 1.5709 -0.9317, 0.9229 1.5709 -0.9488, 1.0527 1.5709 -0.9317, 1.0456 1.5709 -0.9488, 1.0344 1.5709 -0.9635, 1.0197 1.5709 -0.9748, 0.9341 1.5709 -0.9635, 1.0026 1.5709 -0.9818, 0.9843 1.5709 -0.9843, 0.9659 1.5709 -0.9818, 0.9488 1.5709 -0.9748, 0.9158 1.4724 -0.9317, 0.9229 1.4724 -0.9488, 0.9341 1.4724 -0.9635, 1.0197 1.4724 -0.9748, 1.0344 1.4724 -0.9635, 1.0456 1.4724 -0.9488, 0.9488 1.4724 -0.9748, 0.9659 1.4724 -0.9818, 0.9843 1.4724 -0.9843, 1.0026 1.4724 -0.9818, 1.0527 1.4724 -0.9317, 0.9134 -0.7155 0.3207, 1.0551 -0.7155 0.3207, 0.9134 -0.6869 0.3394, 1.0551 -0.6869 0.3394, 0.9134 -0.6634 0.3642, 1.0551 -0.6634 0.3642, 0.9134 -0.6462 0.3937, 1.0551 -0.6462 0.3937, 1.0551 -0.2402 4.0712, 1.0551 -0.2402 3.9895, 0.9134 -0.2402 4.0712, 0.9134 -0.2402 3.9895, 0.9134 -0.6339 0.3937, 0.9134 -0.5592 0.3473, 0.9134 -0.5878 0.301, 0.9134 -0.5414 0.3987, 0.9134 -0.9094 -0.9134, 0.9134 -1.0079 -0.9134, 0.9134 -0.9094 0.0591, 0.9134 -1.0079 0.0591, 0.9134 -0.9073 0.0785, 0.9134 -1.0033 0.1001, 0.9134 -0.9009 0.097, 0.9134 -0.9898 0.1392, 0.9134 -0.8906 0.1137, 0.9134 -0.9681 0.1744, 0.9134 -0.8769 0.1277, 0.9134 -0.9391 0.2039, 0.9134 -0.8604 0.1383, 0.9134 -0.9044 0.2264, 0.9134 -0.6716 0.2326, 0.9134 -0.6259 0.2621, 0.9134 -0.3386 3.9895, 0.9134 -0.3386 4.2913, 0.9134 -0.2402 4.2913, 0.9134 -0.3338 3.9452, 0.9134 -0.2376 3.9663, 0.9134 -0.3196 3.9029, 0.9134 -0.2302 3.9441, 0.9134 -0.2966 3.8646, 0.9134 -0.2182 3.9241, 0.9134 -0.266 3.8322, 0.9134 -0.2021 3.9071, 0.9134 -0.2292 3.8071, 0.9134 -0.1828 3.894, 0.9134 -0.204 3.7902, 0.9134 -0.1418 3.8664, 0.9134 -0.1829 3.7685, 0.9134 -0.107 3.8312, 0.9134 -0.1666 3.7429, 0.9134 -0.08 3.7898, 0.9134 -0.1559 3.7145, 0.9134 -0.0619 3.7438, 0.9134 0.0111 3.2362, 0.9134 0.104 3.2686, 0.9134 0.0326 3.1416, 0.9134 0.1306 3.1517, 0.9134 0.0328 3.0445, 0.9134 0.1304 3.0318, 0.9134 0.0115 2.9498, 0.9134 0.1036 2.915, 0.9134 -0.5862 1.4896, 0.9134 -0.4951 1.4523, 0.9134 -0.6218 1.3708, 0.9134 -0.5253 1.3518, 0.9134 -0.6339 1.2473, 0.9134 -0.5354 1.2473, 0.9134 -0.5354 0.4528, 1.0551 -0.6339 0.3937, 1.0551 -0.5592 0.3473, 1.0551 -0.5878 0.301, 1.0551 -0.6259 0.2621, 1.0551 -0.6716 0.2326, 1.0551 -0.8604 0.1383, 1.0551 -0.9044 0.2264, 1.0551 -0.8769 0.1277, 1.0551 -0.9391 0.2039, 1.0551 -0.8906 0.1137, 1.0551 -0.9681 0.1744, 1.0551 -0.9009 0.097, 1.0551 -0.9898 0.1392, 1.0551 -0.9073 0.0785, 1.0551 -1.0033 0.1001, 1.0551 -0.9094 0.0591, 1.0551 -1.0079 0.0591, 1.0551 -0.9094 -0.9134, 1.0551 -1.0079 -0.9134, 1.0551 -0.2402 4.2913, 1.0551 -0.3386 4.2913, 1.0551 -0.3386 3.9895, 1.0551 -0.5414 0.3987, 1.0551 -0.5354 0.4528, 1.0551 -0.6339 1.2473, 1.0551 -0.5354 1.2473, 1.0551 -0.6218 1.3708, 1.0551 -0.5253 1.3518, 1.0551 -0.5862 1.4896, 1.0551 -0.4951 1.4523, 1.0551 0.0115 2.9498, 1.0551 0.1036 2.915, 1.0551 0.0328 3.0445, 1.0551 0.1304 3.0318, 1.0551 0.0326 3.1416, 1.0551 0.1306 3.1517, 1.0551 0.0111 3.2362, 1.0551 0.104 3.2686, 1.0551 -0.1559 3.7145, 1.0551 -0.0619 3.7438, 1.0551 -0.1666 3.7429, 1.0551 -0.08 3.7898, 1.0551 -0.1829 3.7685, 1.0551 -0.107 3.8312, 1.0551 -0.204 3.7902, 1.0551 -0.1418 3.8664, 1.0551 -0.2292 3.8071, 1.0551 -0.1828 3.894, 1.0551 -0.266 3.8322, 1.0551 -0.2021 3.9071, 1.0551 -0.2966 3.8646, 1.0551 -0.2182 3.9241, 1.0551 -0.3196 3.9029, 1.0551 -0.2302 3.9441, 1.0551 -0.3338 3.9452, 1.0551 -0.2376 3.9663, 0.9158 -0.9094 -0.9317, 0.9229 -0.9094 -0.9488, 1.0527 -0.9094 -0.9317, 1.0456 -0.9094 -0.9488, 1.0344 -0.9094 -0.9635, 1.0197 -0.9094 -0.9748, 0.9341 -0.9094 -0.9635, 1.0026 -0.9094 -0.9818, 0.9843 -0.9094 -0.9843, 0.9659 -0.9094 -0.9818, 0.9488 -0.9094 -0.9748, 0.9158 -1.0079 -0.9317, 0.9229 -1.0079 -0.9488, 0.9341 -1.0079 -0.9635, 1.0197 -1.0079 -0.9748, 1.0344 -1.0079 -0.9635, 1.0456 -1.0079 -0.9488, 0.9488 -1.0079 -0.9748, 0.9659 -1.0079 -0.9818, 0.9843 -1.0079 -0.9843, 1.0026 -1.0079 -0.9818, 1.0527 -1.0079 -0.9317, 1.7008 0.8031 3.9895, 1.8425 0.8031 3.9895, 1.7008 0.8031 4.0712, 1.8425 0.8031 4.0712, 1.7008 1.2092 0.3937, 1.8425 1.2092 0.3937, 1.7008 1.2264 0.3642, 1.8425 1.2264 0.3642, 1.7008 1.2499 0.3394, 1.8425 1.2499 0.3394, 1.7008 1.2785 0.3207, 1.8425 1.2785 0.3207, 1.7008 1.1969 0.3937, 1.7008 0.8031 4.2913, 1.7008 0.9016 4.2913, 1.7008 0.9016 3.9895, 1.7008 1.1222 0.3473, 1.7008 1.1508 0.301, 1.7008 1.1889 0.2621, 1.7008 1.2346 0.2326, 1.7008 1.4234 0.1383, 1.7008 1.4674 0.2264, 1.7008 1.4399 0.1277, 1.7008 1.5021 0.2039, 1.7008 1.4536 0.1137, 1.7008 1.5311 0.1744, 1.7008 1.4639 0.097, 1.7008 1.5528 0.1392, 1.7008 1.4703 0.0785, 1.7008 1.5663 0.1001, 1.7008 1.4724 0.0591, 1.7008 1.5709 0.0591, 1.7008 1.4724 -0.9134, 1.7008 1.5709 -0.9134, 1.7008 1.1044 0.3987, 1.7008 1.0984 0.4528, 1.7008 1.1969 1.2473, 1.7008 1.0984 1.2473, 1.7008 1.1848 1.3708, 1.7008 1.0882 1.3518, 1.7008 1.1492 1.4896, 1.7008 1.0581 1.4523, 1.7008 0.5515 2.9498, 1.7008 0.4594 2.915, 1.7008 0.5302 3.0445, 1.7008 0.4326 3.0318, 1.7008 0.5303 3.1416, 1.7008 0.4324 3.1517, 1.7008 0.5519 3.2362, 1.7008 0.459 3.2686, 1.7008 0.7189 3.7145, 1.7008 0.6249 3.7438, 1.7008 0.7296 3.7429, 1.7008 0.643 3.7898, 1.7008 0.7459 3.7685, 1.7008 0.67 3.8312, 1.7008 0.767 3.7902, 1.7008 0.7048 3.8664, 1.7008 0.7921 3.8071, 1.7008 0.7458 3.894, 1.7008 0.829 3.8322, 1.7008 0.7651 3.9071, 1.7008 0.8596 3.8646, 1.7008 0.7812 3.9241, 1.7008 0.8826 3.9029, 1.7008 0.7932 3.9441, 1.7008 0.8968 3.9452, 1.7008 0.8006 3.9663, 1.8425 1.1969 0.3937, 1.8425 1.1222 0.3473, 1.8425 1.1508 0.301, 1.8425 1.1044 0.3987, 1.8425 0.9016 3.9895, 1.8425 0.9016 4.2913, 1.8425 0.8031 4.2913, 1.8425 1.4724 -0.9134, 1.8425 1.5709 -0.9134, 1.8425 1.4724 0.0591, 1.8425 1.5709 0.0591, 1.8425 1.4703 0.0785, 1.8425 1.5663 0.1001, 1.8425 1.4639 0.097, 1.8425 1.5528 0.1392, 1.8425 1.4536 0.1137, 1.8425 1.5311 0.1744, 1.8425 1.4399 0.1277, 1.8425 1.5021 0.2039, 1.8425 1.4234 0.1383, 1.8425 1.4674 0.2264, 1.8425 1.2346 0.2326, 1.8425 1.1889 0.2621, 1.8425 0.8968 3.9452, 1.8425 0.8006 3.9663, 1.8425 0.8826 3.9029, 1.8425 0.7932 3.9441, 1.8425 0.8596 3.8646, 1.8425 0.7812 3.9241, 1.8425 0.829 3.8322, 1.8425 0.7651 3.9071, 1.8425 0.7921 3.8071, 1.8425 0.7458 3.894, 1.8425 0.767 3.7902, 1.8425 0.7048 3.8664, 1.8425 0.7459 3.7685, 1.8425 0.67 3.8312, 1.8425 0.7296 3.7429, 1.8425 0.643 3.7898, 1.8425 0.7189 3.7145, 1.8425 0.6249 3.7438, 1.8425 0.5519 3.2362, 1.8425 0.459 3.2686, 1.8425 0.5303 3.1416, 1.8425 0.4324 3.1517, 1.8425 0.5302 3.0445, 1.8425 0.4326 3.0318, 1.8425 0.5515 2.9498, 1.8425 0.4594 2.915, 1.8425 1.1492 1.4896, 1.8425 1.0581 1.4523, 1.8425 1.1848 1.3708, 1.8425 1.0882 1.3518, 1.8425 1.1969 1.2473, 1.8425 1.0984 1.2473, 1.8425 1.0984 0.4528, 1.7717 1.5709 -0.9843, 1.7559 1.5709 -0.9825, 1.833 1.5709 -0.9488, 1.8218 1.5709 -0.9635, 1.8071 1.5709 -0.9748, 1.7409 1.5709 -0.9772, 1.7275 1.5709 -0.9688, 1.7162 1.5709 -0.9576, 1.7078 1.5709 -0.9441, 1.7026 1.5709 -0.9292, 1.8401 1.5709 -0.9317, 1.79 1.5709 -0.9818, 1.8401 1.4724 -0.9317, 1.7717 1.4724 -0.9843, 1.7559 1.4724 -0.9825, 1.8071 1.4724 -0.9748, 1.8218 1.4724 -0.9635, 1.833 1.4724 -0.9488, 1.7026 1.4724 -0.9292, 1.7078 1.4724 -0.9441, 1.7162 1.4724 -0.9576, 1.7275 1.4724 -0.9688, 1.7409 1.4724 -0.9772, 1.79 1.4724 -0.9818, 1.7008 -0.7155 0.3207, 1.8425 -0.7155 0.3207, 1.7008 -0.6869 0.3394, 1.8425 -0.6869 0.3394, 1.7008 -0.6634 0.3642, 1.8425 -0.6634 0.3642, 1.7008 -0.6462 0.3937, 1.8425 -0.6462 0.3937, 1.8425 -0.2402 4.0712, 1.8425 -0.2402 3.9895, 1.7008 -0.2402 4.0712, 1.7008 -0.2402 3.9895, 1.7008 -0.6339 0.3937, 1.7008 -0.5592 0.3473, 1.7008 -0.5878 0.301, 1.7008 -0.5414 0.3987, 1.7008 -0.9094 -0.9134, 1.7008 -1.0079 -0.9134, 1.7008 -0.9094 0.0591, 1.7008 -1.0079 0.0591, 1.7008 -0.9073 0.0785, 1.7008 -1.0033 0.1001, 1.7008 -0.9009 0.097, 1.7008 -0.9898 0.1392, 1.7008 -0.8906 0.1137, 1.7008 -0.9681 0.1744, 1.7008 -0.8769 0.1277, 1.7008 -0.9391 0.2039, 1.7008 -0.8604 0.1383, 1.7008 -0.9044 0.2264, 1.7008 -0.6716 0.2326, 1.7008 -0.6259 0.2621, 1.7008 -0.3386 3.9895, 1.7008 -0.3386 4.2913, 1.7008 -0.2402 4.2913, 1.7008 -0.3338 3.9452, 1.7008 -0.2376 3.9663, 1.7008 -0.3196 3.9029, 1.7008 -0.2302 3.9441, 1.7008 -0.2966 3.8646, 1.7008 -0.2182 3.9241, 1.7008 -0.266 3.8322, 1.7008 -0.2021 3.9071, 1.7008 -0.2292 3.8071, 1.7008 -0.1828 3.894, 1.7008 -0.204 3.7902, 1.7008 -0.1418 3.8664, 1.7008 -0.1829 3.7685, 1.7008 -0.107 3.8312, 1.7008 -0.1666 3.7429, 1.7008 -0.08 3.7898, 1.7008 -0.1559 3.7145, 1.7008 -0.0619 3.7438, 1.7008 0.0111 3.2362, 1.7008 0.104 3.2686, 1.7008 0.0326 3.1416, 1.7008 0.1306 3.1517, 1.7008 0.0328 3.0445, 1.7008 0.1304 3.0318, 1.7008 0.0115 2.9498, 1.7008 0.1036 2.915, 1.7008 -0.5862 1.4896, 1.7008 -0.4951 1.4523, 1.7008 -0.6218 1.3708, 1.7008 -0.5253 1.3518, 1.7008 -0.6339 1.2473, 1.7008 -0.5354 1.2473, 1.7008 -0.5354 0.4528, 1.8425 -0.6339 0.3937, 1.8425 -0.5592 0.3473, 1.8425 -0.5878 0.301, 1.8425 -0.6259 0.2621, 1.8425 -0.6716 0.2326, 1.8425 -0.8604 0.1383, 1.8425 -0.9044 0.2264, 1.8425 -0.8769 0.1277, 1.8425 -0.9391 0.2039, 1.8425 -0.8906 0.1137, 1.8425 -0.9681 0.1744, 1.8425 -0.9009 0.097, 1.8425 -0.9898 0.1392, 1.8425 -0.9073 0.0785, 1.8425 -1.0033 0.1001, 1.8425 -0.9094 0.0591, 1.8425 -1.0079 0.0591, 1.8425 -0.9094 -0.9134, 1.8425 -1.0079 -0.9134, 1.8425 -0.2402 4.2913, 1.8425 -0.3386 4.2913, 1.8425 -0.3386 3.9895, 1.8425 -0.5414 0.3987, 1.8425 -0.5354 0.4528, 1.8425 -0.6339 1.2473, 1.8425 -0.5354 1.2473, 1.8425 -0.6218 1.3708, 1.8425 -0.5253 1.3518, 1.8425 -0.5862 1.4896, 1.8425 -0.4951 1.4523, 1.8425 0.0115 2.9498, 1.8425 0.1036 2.915, 1.8425 0.0328 3.0445, 1.8425 0.1304 3.0318, 1.8425 0.0326 3.1416, 1.8425 0.1306 3.1517, 1.8425 0.0111 3.2362, 1.8425 0.104 3.2686, 1.8425 -0.1559 3.7145, 1.8425 -0.0619 3.7438, 1.8425 -0.1666 3.7429, 1.8425 -0.08 3.7898, 1.8425 -0.1829 3.7685, 1.8425 -0.107 3.8312, 1.8425 -0.204 3.7902, 1.8425 -0.1418 3.8664, 1.8425 -0.2292 3.8071, 1.8425 -0.1828 3.894, 1.8425 -0.266 3.8322, 1.8425 -0.2021 3.9071, 1.8425 -0.2966 3.8646, 1.8425 -0.2182 3.9241, 1.8425 -0.3196 3.9029, 1.8425 -0.2302 3.9441, 1.8425 -0.3338 3.9452, 1.8425 -0.2376 3.9663, 1.7717 -0.9094 -0.9843, 1.7559 -0.9094 -0.9825, 1.833 -0.9094 -0.9488, 1.8218 -0.9094 -0.9635, 1.8071 -0.9094 -0.9748, 1.7409 -0.9094 -0.9772, 1.7275 -0.9094 -0.9688, 1.7162 -0.9094 -0.9576, 1.7078 -0.9094 -0.9441, 1.7026 -0.9094 -0.9292, 1.8401 -0.9094 -0.9317, 1.79 -0.9094 -0.9818, 1.8401 -1.0079 -0.9317, 1.7717 -1.0079 -0.9843, 1.7559 -1.0079 -0.9825, 1.8071 -1.0079 -0.9748, 1.8218 -1.0079 -0.9635, 1.833 -1.0079 -0.9488, 1.7026 -1.0079 -0.9292, 1.7078 -1.0079 -0.9441, 1.7162 -1.0079 -0.9576, 1.7275 -1.0079 -0.9688, 1.7409 -1.0079 -0.9772, 1.79 -1.0079 -0.9818, 2.4882 0.8031 3.9895, 2.6299 0.8031 3.9895, 2.4882 0.8031 4.0712, 2.6299 0.8031 4.0712, 2.4882 1.2092 0.3937, 2.6299 1.2092 0.3937, 2.4882 1.2264 0.3642, 2.6299 1.2264 0.3642, 2.4882 1.2499 0.3394, 2.6299 1.2499 0.3394, 2.4882 1.2785 0.3207, 2.6299 1.2785 0.3207, 2.4882 1.1969 0.3937, 2.4882 0.8031 4.2913, 2.4882 0.9016 4.2913, 2.4882 0.9016 3.9895, 2.4882 1.1222 0.3473, 2.4882 1.1508 0.301, 2.4882 1.1889 0.2621, 2.4882 1.2346 0.2326, 2.4882 1.4234 0.1383, 2.4882 1.4674 0.2264, 2.4882 1.4399 0.1277, 2.4882 1.5021 0.2039, 2.4882 1.4536 0.1137, 2.4882 1.5311 0.1744, 2.4882 1.4639 0.097, 2.4882 1.5528 0.1392, 2.4882 1.4703 0.0785, 2.4882 1.5663 0.1001, 2.4882 1.4724 0.0591, 2.4882 1.5709 0.0591, 2.4882 1.4724 -0.9134, 2.4882 1.5709 -0.9134, 2.4882 1.1044 0.3987, 2.4882 1.0984 0.4528, 2.4882 1.1969 1.2473, 2.4882 1.0984 1.2473, 2.4882 1.1848 1.3708, 2.4882 1.0882 1.3518, 2.4882 1.1492 1.4896, 2.4882 1.0581 1.4523, 2.4882 0.5515 2.9498, 2.4882 0.4594 2.915, 2.4882 0.5302 3.0445, 2.4882 0.4326 3.0318, 2.4882 0.5303 3.1416, 2.4882 0.4324 3.1517, 2.4882 0.5519 3.2362, 2.4882 0.459 3.2686, 2.4882 0.7189 3.7145, 2.4882 0.6249 3.7438, 2.4882 0.7296 3.7429, 2.4882 0.643 3.7898, 2.4882 0.7459 3.7685, 2.4882 0.67 3.8312, 2.4882 0.767 3.7902, 2.4882 0.7048 3.8664, 2.4882 0.7921 3.8071, 2.4882 0.7458 3.894, 2.4882 0.829 3.8322, 2.4882 0.7651 3.9071, 2.4882 0.8596 3.8646, 2.4882 0.7812 3.9241, 2.4882 0.8826 3.9029, 2.4882 0.7932 3.9441, 2.4882 0.8968 3.9452, 2.4882 0.8006 3.9663, 2.6299 1.1969 0.3937, 2.6299 1.1222 0.3473, 2.6299 1.1508 0.301, 2.6299 1.1044 0.3987, 2.6299 0.9016 3.9895, 2.6299 0.9016 4.2913, 2.6299 0.8031 4.2913, 2.6299 1.4724 -0.9134, 2.6299 1.5709 -0.9134, 2.6299 1.4724 0.0591, 2.6299 1.5709 0.0591, 2.6299 1.4703 0.0785, 2.6299 1.5663 0.1001, 2.6299 1.4639 0.097, 2.6299 1.5528 0.1392, 2.6299 1.4536 0.1137, 2.6299 1.5311 0.1744, 2.6299 1.4399 0.1277, 2.6299 1.5021 0.2039, 2.6299 1.4234 0.1383, 2.6299 1.4674 0.2264, 2.6299 1.2346 0.2326, 2.6299 1.1889 0.2621, 2.6299 0.8968 3.9452, 2.6299 0.8006 3.9663, 2.6299 0.8826 3.9029, 2.6299 0.7932 3.9441, 2.6299 0.8596 3.8646, 2.6299 0.7812 3.9241, 2.6299 0.829 3.8322, 2.6299 0.7651 3.9071, 2.6299 0.7921 3.8071, 2.6299 0.7458 3.894, 2.6299 0.767 3.7902, 2.6299 0.7048 3.8664, 2.6299 0.7459 3.7685, 2.6299 0.67 3.8312, 2.6299 0.7296 3.7429, 2.6299 0.643 3.7898, 2.6299 0.7189 3.7145, 2.6299 0.6249 3.7438, 2.6299 0.5519 3.2362, 2.6299 0.459 3.2686, 2.6299 0.5303 3.1416, 2.6299 0.4324 3.1517, 2.6299 0.5302 3.0445, 2.6299 0.4326 3.0318, 2.6299 0.5515 2.9498, 2.6299 0.4594 2.915, 2.6299 1.1492 1.4896, 2.6299 1.0581 1.4523, 2.6299 1.1848 1.3708, 2.6299 1.0882 1.3518, 2.6299 1.1969 1.2473, 2.6299 1.0984 1.2473, 2.6299 1.0984 0.4528, 2.5591 1.5709 -0.9843, 2.5433 1.5709 -0.9825, 2.6204 1.5709 -0.9488, 2.6092 1.5709 -0.9635, 2.5945 1.5709 -0.9748, 2.5283 1.5709 -0.9772, 2.5149 1.5709 -0.9688, 2.5036 1.5709 -0.9576, 2.4952 1.5709 -0.9441, 2.49 1.5709 -0.9292, 2.6275 1.5709 -0.9317, 2.5774 1.5709 -0.9818, 2.6275 1.4724 -0.9317, 2.5591 1.4724 -0.9843, 2.5433 1.4724 -0.9825, 2.5945 1.4724 -0.9748, 2.6092 1.4724 -0.9635, 2.6204 1.4724 -0.9488, 2.49 1.4724 -0.9292, 2.4952 1.4724 -0.9441, 2.5036 1.4724 -0.9576, 2.5149 1.4724 -0.9688, 2.5283 1.4724 -0.9772, 2.5774 1.4724 -0.9818, 2.4882 -0.7155 0.3207, 2.6299 -0.7155 0.3207, 2.4882 -0.6869 0.3394, 2.6299 -0.6869 0.3394, 2.4882 -0.6634 0.3642, 2.6299 -0.6634 0.3642, 2.4882 -0.6462 0.3937, 2.6299 -0.6462 0.3937, 2.6299 -0.2402 4.0712, 2.6299 -0.2402 3.9895, 2.4882 -0.2402 4.0712, 2.4882 -0.2402 3.9895, 2.4882 -0.6339 0.3937, 2.4882 -0.5592 0.3473, 2.4882 -0.5878 0.301, 2.4882 -0.5414 0.3987, 2.4882 -0.9094 -0.9134, 2.4882 -1.0079 -0.9134, 2.4882 -0.9094 0.0591, 2.4882 -1.0079 0.0591, 2.4882 -0.9073 0.0785, 2.4882 -1.0033 0.1001, 2.4882 -0.9009 0.097, 2.4882 -0.9898 0.1392, 2.4882 -0.8906 0.1137, 2.4882 -0.9681 0.1744, 2.4882 -0.8769 0.1277, 2.4882 -0.9391 0.2039, 2.4882 -0.8604 0.1383, 2.4882 -0.9044 0.2264, 2.4882 -0.6716 0.2326, 2.4882 -0.6259 0.2621, 2.4882 -0.3386 3.9895, 2.4882 -0.3386 4.2913, 2.4882 -0.2402 4.2913, 2.4882 -0.3338 3.9452, 2.4882 -0.2376 3.9663, 2.4882 -0.3196 3.9029, 2.4882 -0.2302 3.9441, 2.4882 -0.2966 3.8646, 2.4882 -0.2182 3.9241, 2.4882 -0.266 3.8322, 2.4882 -0.2021 3.9071, 2.4882 -0.2292 3.8071, 2.4882 -0.1828 3.894, 2.4882 -0.204 3.7902, 2.4882 -0.1418 3.8664, 2.4882 -0.1829 3.7685, 2.4882 -0.107 3.8312, 2.4882 -0.1666 3.7429, 2.4882 -0.08 3.7898, 2.4882 -0.1559 3.7145, 2.4882 -0.0619 3.7438, 2.4882 0.0111 3.2362, 2.4882 0.104 3.2686, 2.4882 0.0326 3.1416, 2.4882 0.1306 3.1517, 2.4882 0.0328 3.0445, 2.4882 0.1304 3.0318, 2.4882 0.0115 2.9498, 2.4882 0.1036 2.915, 2.4882 -0.5862 1.4896, 2.4882 -0.4951 1.4523, 2.4882 -0.6218 1.3708, 2.4882 -0.5253 1.3518, 2.4882 -0.6339 1.2473, 2.4882 -0.5354 1.2473, 2.4882 -0.5354 0.4528, 2.6299 -0.6339 0.3937, 2.6299 -0.5592 0.3473, 2.6299 -0.5878 0.301, 2.6299 -0.6259 0.2621, 2.6299 -0.6716 0.2326, 2.6299 -0.8604 0.1383, 2.6299 -0.9044 0.2264, 2.6299 -0.8769 0.1277, 2.6299 -0.9391 0.2039, 2.6299 -0.8906 0.1137, 2.6299 -0.9681 0.1744, 2.6299 -0.9009 0.097, 2.6299 -0.9898 0.1392, 2.6299 -0.9073 0.0785, 2.6299 -1.0033 0.1001, 2.6299 -0.9094 0.0591, 2.6299 -1.0079 0.0591, 2.6299 -0.9094 -0.9134, 2.6299 -1.0079 -0.9134, 2.6299 -0.2402 4.2913, 2.6299 -0.3386 4.2913, 2.6299 -0.3386 3.9895, 2.6299 -0.5414 0.3987, 2.6299 -0.5354 0.4528, 2.6299 -0.6339 1.2473, 2.6299 -0.5354 1.2473, 2.6299 -0.6218 1.3708, 2.6299 -0.5253 1.3518, 2.6299 -0.5862 1.4896, 2.6299 -0.4951 1.4523, 2.6299 0.0115 2.9498, 2.6299 0.1036 2.915, 2.6299 0.0328 3.0445, 2.6299 0.1304 3.0318, 2.6299 0.0326 3.1416, 2.6299 0.1306 3.1517, 2.6299 0.0111 3.2362, 2.6299 0.104 3.2686, 2.6299 -0.1559 3.7145, 2.6299 -0.0619 3.7438, 2.6299 -0.1666 3.7429, 2.6299 -0.08 3.7898, 2.6299 -0.1829 3.7685, 2.6299 -0.107 3.8312, 2.6299 -0.204 3.7902, 2.6299 -0.1418 3.8664, 2.6299 -0.2292 3.8071, 2.6299 -0.1828 3.894, 2.6299 -0.266 3.8322, 2.6299 -0.2021 3.9071, 2.6299 -0.2966 3.8646, 2.6299 -0.2182 3.9241, 2.6299 -0.3196 3.9029, 2.6299 -0.2302 3.9441, 2.6299 -0.3338 3.9452, 2.6299 -0.2376 3.9663, 2.5591 -0.9094 -0.9843, 2.5433 -0.9094 -0.9825, 2.6204 -0.9094 -0.9488, 2.6092 -0.9094 -0.9635, 2.5945 -0.9094 -0.9748, 2.5283 -0.9094 -0.9772, 2.5149 -0.9094 -0.9688, 2.5036 -0.9094 -0.9576, 2.4952 -0.9094 -0.9441, 2.49 -0.9094 -0.9292, 2.6275 -0.9094 -0.9317, 2.5774 -0.9094 -0.9818, 2.6275 -1.0079 -0.9317, 2.5591 -1.0079 -0.9843, 2.5433 -1.0079 -0.9825, 2.5945 -1.0079 -0.9748, 2.6092 -1.0079 -0.9635, 2.6204 -1.0079 -0.9488, 2.49 -1.0079 -0.9292, 2.4952 -1.0079 -0.9441, 2.5036 -1.0079 -0.9576, 2.5149 -1.0079 -0.9688, 2.5283 -1.0079 -0.9772, 2.5774 -1.0079 -0.9818, 3.2756 0.8031 3.9895, 3.4173 0.8031 3.9895, 3.2756 0.8031 4.0712, 3.4173 0.8031 4.0712, 3.2756 1.2092 0.3937, 3.4173 1.2092 0.3937, 3.2756 1.2264 0.3642, 3.4173 1.2264 0.3642, 3.2756 1.2499 0.3394, 3.4173 1.2499 0.3394, 3.2756 1.2785 0.3207, 3.4173 1.2785 0.3207, 3.2756 1.1969 0.3937, 3.2756 0.8031 4.2913, 3.2756 0.9016 4.2913, 3.2756 0.9016 3.9895, 3.2756 1.1222 0.3473, 3.2756 1.1508 0.301, 3.2756 1.1889 0.2621, 3.2756 1.2346 0.2326, 3.2756 1.4234 0.1383, 3.2756 1.4674 0.2264, 3.2756 1.4399 0.1277, 3.2756 1.5021 0.2039, 3.2756 1.4536 0.1137, 3.2756 1.5311 0.1744, 3.2756 1.4639 0.097, 3.2756 1.5528 0.1392, 3.2756 1.4703 0.0785, 3.2756 1.5663 0.1001, 3.2756 1.4724 0.0591, 3.2756 1.5709 0.0591, 3.2756 1.4724 -0.9134, 3.2756 1.5709 -0.9134, 3.2756 1.1044 0.3987, 3.2756 1.0984 0.4528, 3.2756 1.1969 1.2473, 3.2756 1.0984 1.2473, 3.2756 1.1848 1.3708, 3.2756 1.0882 1.3518, 3.2756 1.1492 1.4896, 3.2756 1.0581 1.4523, 3.2756 0.5515 2.9498, 3.2756 0.4594 2.915, 3.2756 0.5302 3.0445, 3.2756 0.4326 3.0318, 3.2756 0.5303 3.1416, 3.2756 0.4324 3.1517, 3.2756 0.5519 3.2362, 3.2756 0.459 3.2686, 3.2756 0.7189 3.7145, 3.2756 0.6249 3.7438, 3.2756 0.7296 3.7429, 3.2756 0.643 3.7898, 3.2756 0.7459 3.7685, 3.2756 0.67 3.8312, 3.2756 0.767 3.7902, 3.2756 0.7048 3.8664, 3.2756 0.7921 3.8071, 3.2756 0.7458 3.894, 3.2756 0.829 3.8322, 3.2756 0.7651 3.9071, 3.2756 0.8596 3.8646, 3.2756 0.7812 3.9241, 3.2756 0.8826 3.9029, 3.2756 0.7932 3.9441, 3.2756 0.8968 3.9452, 3.2756 0.8006 3.9663, 3.4173 1.1969 0.3937, 3.4173 1.1222 0.3473, 3.4173 1.1508 0.301, 3.4173 1.1044 0.3987, 3.4173 0.9016 3.9895, 3.4173 0.9016 4.2913, 3.4173 0.8031 4.2913, 3.4173 1.4724 -0.9134, 3.4173 1.5709 -0.9134, 3.4173 1.4724 0.0591, 3.4173 1.5709 0.0591, 3.4173 1.4703 0.0785, 3.4173 1.5663 0.1001, 3.4173 1.4639 0.097, 3.4173 1.5528 0.1392, 3.4173 1.4536 0.1137, 3.4173 1.5311 0.1744, 3.4173 1.4399 0.1277, 3.4173 1.5021 0.2039, 3.4173 1.4234 0.1383, 3.4173 1.4674 0.2264, 3.4173 1.2346 0.2326, 3.4173 1.1889 0.2621, 3.4173 0.8968 3.9452, 3.4173 0.8006 3.9663, 3.4173 0.8826 3.9029, 3.4173 0.7932 3.9441, 3.4173 0.8596 3.8646, 3.4173 0.7812 3.9241, 3.4173 0.829 3.8322, 3.4173 0.7651 3.9071, 3.4173 0.7921 3.8071, 3.4173 0.7458 3.894, 3.4173 0.767 3.7902, 3.4173 0.7048 3.8664, 3.4173 0.7459 3.7685, 3.4173 0.67 3.8312, 3.4173 0.7296 3.7429, 3.4173 0.643 3.7898, 3.4173 0.7189 3.7145, 3.4173 0.6249 3.7438, 3.4173 0.5519 3.2362, 3.4173 0.459 3.2686, 3.4173 0.5303 3.1416, 3.4173 0.4324 3.1517, 3.4173 0.5302 3.0445, 3.4173 0.4326 3.0318, 3.4173 0.5515 2.9498, 3.4173 0.4594 2.915, 3.4173 1.1492 1.4896, 3.4173 1.0581 1.4523, 3.4173 1.1848 1.3708, 3.4173 1.0882 1.3518, 3.4173 1.1969 1.2473, 3.4173 1.0984 1.2473, 3.4173 1.0984 0.4528, 3.3966 1.5709 -0.9635, 3.3819 1.5709 -0.9748, 3.278 1.5709 -0.9317, 3.3648 1.5709 -0.9818, 3.3465 1.5709 -0.9843, 3.3281 1.5709 -0.9818, 3.4149 1.5709 -0.9317, 3.4078 1.5709 -0.9488, 3.311 1.5709 -0.9748, 3.2963 1.5709 -0.9635, 3.2851 1.5709 -0.9488, 3.2963 1.4724 -0.9635, 3.311 1.4724 -0.9748, 3.4149 1.4724 -0.9317, 3.2851 1.4724 -0.9488, 3.3281 1.4724 -0.9818, 3.3465 1.4724 -0.9843, 3.3648 1.4724 -0.9818, 3.278 1.4724 -0.9317, 3.3819 1.4724 -0.9748, 3.3966 1.4724 -0.9635, 3.4078 1.4724 -0.9488, 3.2756 -0.7155 0.3207, 3.4173 -0.7155 0.3207, 3.2756 -0.6869 0.3394, 3.4173 -0.6869 0.3394, 3.2756 -0.6634 0.3642, 3.4173 -0.6634 0.3642, 3.2756 -0.6462 0.3937, 3.4173 -0.6462 0.3937, 3.4173 -0.2402 4.0712, 3.4173 -0.2402 3.9895, 3.2756 -0.2402 4.0712, 3.2756 -0.2402 3.9895, 3.2756 -0.6339 0.3937, 3.2756 -0.5592 0.3473, 3.2756 -0.5878 0.301, 3.2756 -0.5414 0.3987, 3.2756 -0.9094 -0.9134, 3.2756 -1.0079 -0.9134, 3.2756 -0.9094 0.0591, 3.2756 -1.0079 0.0591, 3.2756 -0.9073 0.0785, 3.2756 -1.0033 0.1001, 3.2756 -0.9009 0.097, 3.2756 -0.9898 0.1392, 3.2756 -0.8906 0.1137, 3.2756 -0.9681 0.1744, 3.2756 -0.8769 0.1277, 3.2756 -0.9391 0.2039, 3.2756 -0.8604 0.1383, 3.2756 -0.9044 0.2264, 3.2756 -0.6716 0.2326, 3.2756 -0.6259 0.2621, 3.2756 -0.3386 3.9895, 3.2756 -0.3386 4.2913, 3.2756 -0.2402 4.2913, 3.2756 -0.3338 3.9452, 3.2756 -0.2376 3.9663, 3.2756 -0.3196 3.9029, 3.2756 -0.2302 3.9441, 3.2756 -0.2966 3.8646, 3.2756 -0.2182 3.9241, 3.2756 -0.266 3.8322, 3.2756 -0.2021 3.9071, 3.2756 -0.2292 3.8071, 3.2756 -0.1828 3.894, 3.2756 -0.204 3.7902, 3.2756 -0.1418 3.8664, 3.2756 -0.1829 3.7685, 3.2756 -0.107 3.8312, 3.2756 -0.1666 3.7429, 3.2756 -0.08 3.7898, 3.2756 -0.1559 3.7145, 3.2756 -0.0619 3.7438, 3.2756 0.0111 3.2362, 3.2756 0.104 3.2686, 3.2756 0.0326 3.1416, 3.2756 0.1306 3.1517, 3.2756 0.0328 3.0445, 3.2756 0.1304 3.0318, 3.2756 0.0115 2.9498, 3.2756 0.1036 2.915, 3.2756 -0.5862 1.4896, 3.2756 -0.4951 1.4523, 3.2756 -0.6218 1.3708, 3.2756 -0.5253 1.3518, 3.2756 -0.6339 1.2473, 3.2756 -0.5354 1.2473, 3.2756 -0.5354 0.4528, 3.4173 -0.6339 0.3937, 3.4173 -0.5592 0.3473, 3.4173 -0.5878 0.301, 3.4173 -0.6259 0.2621, 3.4173 -0.6716 0.2326, 3.4173 -0.8604 0.1383, 3.4173 -0.9044 0.2264, 3.4173 -0.8769 0.1277, 3.4173 -0.9391 0.2039, 3.4173 -0.8906 0.1137, 3.4173 -0.9681 0.1744, 3.4173 -0.9009 0.097, 3.4173 -0.9898 0.1392, 3.4173 -0.9073 0.0785, 3.4173 -1.0033 0.1001, 3.4173 -0.9094 0.0591, 3.4173 -1.0079 0.0591, 3.4173 -0.9094 -0.9134, 3.4173 -1.0079 -0.9134, 3.4173 -0.2402 4.2913, 3.4173 -0.3386 4.2913, 3.4173 -0.3386 3.9895, 3.4173 -0.5414 0.3987, 3.4173 -0.5354 0.4528, 3.4173 -0.6339 1.2473, 3.4173 -0.5354 1.2473, 3.4173 -0.6218 1.3708, 3.4173 -0.5253 1.3518, 3.4173 -0.5862 1.4896, 3.4173 -0.4951 1.4523, 3.4173 0.0115 2.9498, 3.4173 0.1036 2.915, 3.4173 0.0328 3.0445, 3.4173 0.1304 3.0318, 3.4173 0.0326 3.1416, 3.4173 0.1306 3.1517, 3.4173 0.0111 3.2362, 3.4173 0.104 3.2686, 3.4173 -0.1559 3.7145, 3.4173 -0.0619 3.7438, 3.4173 -0.1666 3.7429, 3.4173 -0.08 3.7898, 3.4173 -0.1829 3.7685, 3.4173 -0.107 3.8312, 3.4173 -0.204 3.7902, 3.4173 -0.1418 3.8664, 3.4173 -0.2292 3.8071, 3.4173 -0.1828 3.894, 3.4173 -0.266 3.8322, 3.4173 -0.2021 3.9071, 3.4173 -0.2966 3.8646, 3.4173 -0.2182 3.9241, 3.4173 -0.3196 3.9029, 3.4173 -0.2302 3.9441, 3.4173 -0.3338 3.9452, 3.4173 -0.2376 3.9663, 3.3966 -0.9094 -0.9635, 3.3819 -0.9094 -0.9748, 3.278 -0.9094 -0.9317, 3.3648 -0.9094 -0.9818, 3.3465 -0.9094 -0.9843, 3.3281 -0.9094 -0.9818, 3.4149 -0.9094 -0.9317, 3.4078 -0.9094 -0.9488, 3.311 -0.9094 -0.9748, 3.2963 -0.9094 -0.9635, 3.2851 -0.9094 -0.9488, 3.2963 -1.0079 -0.9635, 3.311 -1.0079 -0.9748, 3.4149 -1.0079 -0.9317, 3.2851 -1.0079 -0.9488, 3.3281 -1.0079 -0.9818, 3.3465 -1.0079 -0.9843, 3.3648 -1.0079 -0.9818, 3.278 -1.0079 -0.9317, 3.3819 -1.0079 -0.9748, 3.3966 -1.0079 -0.9635, 3.4078 -1.0079 -0.9488, 4.063 0.8031 3.9895, 4.2047 0.8031 3.9895, 4.063 0.8031 4.0712, 4.2047 0.8031 4.0712, 4.063 1.2092 0.3937, 4.2047 1.2092 0.3937, 4.063 1.2264 0.3642, 4.2047 1.2264 0.3642, 4.063 1.2499 0.3394, 4.2047 1.2499 0.3394, 4.063 1.2785 0.3207, 4.2047 1.2785 0.3207, 4.063 1.1969 0.3937, 4.063 0.8031 4.2913, 4.063 0.9016 4.2913, 4.063 0.9016 3.9895, 4.063 1.1222 0.3473, 4.063 1.1508 0.301, 4.063 1.1889 0.2621, 4.063 1.2346 0.2326, 4.063 1.4234 0.1383, 4.063 1.4674 0.2264, 4.063 1.4399 0.1277, 4.063 1.5021 0.2039, 4.063 1.4536 0.1137, 4.063 1.5311 0.1744, 4.063 1.4639 0.097, 4.063 1.5528 0.1392, 4.063 1.4703 0.0785, 4.063 1.5663 0.1001, 4.063 1.4724 0.0591, 4.063 1.5709 0.0591, 4.063 1.4724 -0.9134, 4.063 1.5709 -0.9134, 4.063 1.1044 0.3987, 4.063 1.0984 0.4528, 4.063 1.1969 1.2473, 4.063 1.0984 1.2473, 4.063 1.1848 1.3708, 4.063 1.0882 1.3518, 4.063 1.1492 1.4896, 4.063 1.0581 1.4523, 4.063 0.5515 2.9498, 4.063 0.4594 2.915, 4.063 0.5302 3.0445, 4.063 0.4326 3.0318, 4.063 0.5303 3.1416, 4.063 0.4324 3.1517, 4.063 0.5519 3.2362, 4.063 0.459 3.2686, 4.063 0.7189 3.7145, 4.063 0.6249 3.7438, 4.063 0.7296 3.7429, 4.063 0.643 3.7898, 4.063 0.7459 3.7685, 4.063 0.67 3.8312, 4.063 0.767 3.7902, 4.063 0.7048 3.8664, 4.063 0.7921 3.8071, 4.063 0.7458 3.894, 4.063 0.829 3.8322, 4.063 0.7651 3.9071, 4.063 0.8596 3.8646, 4.063 0.7812 3.9241, 4.063 0.8826 3.9029, 4.063 0.7932 3.9441, 4.063 0.8968 3.9452, 4.063 0.8006 3.9663, 4.2047 1.1969 0.3937, 4.2047 1.1222 0.3473, 4.2047 1.1508 0.301, 4.2047 1.1044 0.3987, 4.2047 0.9016 3.9895, 4.2047 0.9016 4.2913, 4.2047 0.8031 4.2913, 4.2047 1.4724 -0.9134, 4.2047 1.5709 -0.9134, 4.2047 1.4724 0.0591, 4.2047 1.5709 0.0591, 4.2047 1.4703 0.0785, 4.2047 1.5663 0.1001, 4.2047 1.4639 0.097, 4.2047 1.5528 0.1392, 4.2047 1.4536 0.1137, 4.2047 1.5311 0.1744, 4.2047 1.4399 0.1277, 4.2047 1.5021 0.2039, 4.2047 1.4234 0.1383, 4.2047 1.4674 0.2264, 4.2047 1.2346 0.2326, 4.2047 1.1889 0.2621, 4.2047 0.8968 3.9452, 4.2047 0.8006 3.9663, 4.2047 0.8826 3.9029, 4.2047 0.7932 3.9441, 4.2047 0.8596 3.8646, 4.2047 0.7812 3.9241, 4.2047 0.829 3.8322, 4.2047 0.7651 3.9071, 4.2047 0.7921 3.8071, 4.2047 0.7458 3.894, 4.2047 0.767 3.7902, 4.2047 0.7048 3.8664, 4.2047 0.7459 3.7685, 4.2047 0.67 3.8312, 4.2047 0.7296 3.7429, 4.2047 0.643 3.7898, 4.2047 0.7189 3.7145, 4.2047 0.6249 3.7438, 4.2047 0.5519 3.2362, 4.2047 0.459 3.2686, 4.2047 0.5303 3.1416, 4.2047 0.4324 3.1517, 4.2047 0.5302 3.0445, 4.2047 0.4326 3.0318, 4.2047 0.5515 2.9498, 4.2047 0.4594 2.915, 4.2047 1.1492 1.4896, 4.2047 1.0581 1.4523, 4.2047 1.1848 1.3708, 4.2047 1.0882 1.3518, 4.2047 1.1969 1.2473, 4.2047 1.0984 1.2473, 4.2047 1.0984 0.4528, 4.184 1.5709 -0.9635, 4.1693 1.5709 -0.9748, 4.0654 1.5709 -0.9317, 4.1522 1.5709 -0.9818, 4.1339 1.5709 -0.9843, 4.1155 1.5709 -0.9818, 4.2023 1.5709 -0.9317, 4.1952 1.5709 -0.9488, 4.0984 1.5709 -0.9748, 4.0837 1.5709 -0.9635, 4.0725 1.5709 -0.9488, 4.0837 1.4724 -0.9635, 4.0984 1.4724 -0.9748, 4.2023 1.4724 -0.9317, 4.0725 1.4724 -0.9488, 4.1155 1.4724 -0.9818, 4.1339 1.4724 -0.9843, 4.1522 1.4724 -0.9818, 4.0654 1.4724 -0.9317, 4.1693 1.4724 -0.9748, 4.184 1.4724 -0.9635, 4.1952 1.4724 -0.9488, 4.063 -0.7155 0.3207, 4.2047 -0.7155 0.3207, 4.063 -0.6869 0.3394, 4.2047 -0.6869 0.3394, 4.063 -0.6634 0.3642, 4.2047 -0.6634 0.3642, 4.063 -0.6462 0.3937, 4.2047 -0.6462 0.3937, 4.2047 -0.2402 4.0712, 4.2047 -0.2402 3.9895, 4.063 -0.2402 4.0712, 4.063 -0.2402 3.9895, 4.063 -0.6339 0.3937, 4.063 -0.5592 0.3473, 4.063 -0.5878 0.301, 4.063 -0.5414 0.3987, 4.063 -0.9094 -0.9134, 4.063 -1.0079 -0.9134, 4.063 -0.9094 0.0591, 4.063 -1.0079 0.0591, 4.063 -0.9073 0.0785, 4.063 -1.0033 0.1001, 4.063 -0.9009 0.097, 4.063 -0.9898 0.1392, 4.063 -0.8906 0.1137, 4.063 -0.9681 0.1744, 4.063 -0.8769 0.1277, 4.063 -0.9391 0.2039, 4.063 -0.8604 0.1383, 4.063 -0.9044 0.2264, 4.063 -0.6716 0.2326, 4.063 -0.6259 0.2621, 4.063 -0.3386 3.9895, 4.063 -0.3386 4.2913, 4.063 -0.2402 4.2913, 4.063 -0.3338 3.9452, 4.063 -0.2376 3.9663, 4.063 -0.3196 3.9029, 4.063 -0.2302 3.9441, 4.063 -0.2966 3.8646, 4.063 -0.2182 3.9241, 4.063 -0.266 3.8322, 4.063 -0.2021 3.9071, 4.063 -0.2292 3.8071, 4.063 -0.1828 3.894, 4.063 -0.204 3.7902, 4.063 -0.1418 3.8664, 4.063 -0.1829 3.7685, 4.063 -0.107 3.8312, 4.063 -0.1666 3.7429, 4.063 -0.08 3.7898, 4.063 -0.1559 3.7145, 4.063 -0.0619 3.7438, 4.063 0.0111 3.2362, 4.063 0.104 3.2686, 4.063 0.0326 3.1416, 4.063 0.1306 3.1517, 4.063 0.0328 3.0445, 4.063 0.1304 3.0318, 4.063 0.0115 2.9498, 4.063 0.1036 2.915, 4.063 -0.5862 1.4896, 4.063 -0.4951 1.4523, 4.063 -0.6218 1.3708, 4.063 -0.5253 1.3518, 4.063 -0.6339 1.2473, 4.063 -0.5354 1.2473, 4.063 -0.5354 0.4528, 4.2047 -0.6339 0.3937, 4.2047 -0.5592 0.3473, 4.2047 -0.5878 0.301, 4.2047 -0.6259 0.2621, 4.2047 -0.6716 0.2326, 4.2047 -0.8604 0.1383, 4.2047 -0.9044 0.2264, 4.2047 -0.8769 0.1277, 4.2047 -0.9391 0.2039, 4.2047 -0.8906 0.1137, 4.2047 -0.9681 0.1744, 4.2047 -0.9009 0.097, 4.2047 -0.9898 0.1392, 4.2047 -0.9073 0.0785, 4.2047 -1.0033 0.1001, 4.2047 -0.9094 0.0591, 4.2047 -1.0079 0.0591, 4.2047 -0.9094 -0.9134, 4.2047 -1.0079 -0.9134, 4.2047 -0.2402 4.2913, 4.2047 -0.3386 4.2913, 4.2047 -0.3386 3.9895, 4.2047 -0.5414 0.3987, 4.2047 -0.5354 0.4528, 4.2047 -0.6339 1.2473, 4.2047 -0.5354 1.2473, 4.2047 -0.6218 1.3708, 4.2047 -0.5253 1.3518, 4.2047 -0.5862 1.4896, 4.2047 -0.4951 1.4523, 4.2047 0.0115 2.9498, 4.2047 0.1036 2.915, 4.2047 0.0328 3.0445, 4.2047 0.1304 3.0318, 4.2047 0.0326 3.1416, 4.2047 0.1306 3.1517, 4.2047 0.0111 3.2362, 4.2047 0.104 3.2686, 4.2047 -0.1559 3.7145, 4.2047 -0.0619 3.7438, 4.2047 -0.1666 3.7429, 4.2047 -0.08 3.7898, 4.2047 -0.1829 3.7685, 4.2047 -0.107 3.8312, 4.2047 -0.204 3.7902, 4.2047 -0.1418 3.8664, 4.2047 -0.2292 3.8071, 4.2047 -0.1828 3.894, 4.2047 -0.266 3.8322, 4.2047 -0.2021 3.9071, 4.2047 -0.2966 3.8646, 4.2047 -0.2182 3.9241, 4.2047 -0.3196 3.9029, 4.2047 -0.2302 3.9441, 4.2047 -0.3338 3.9452, 4.2047 -0.2376 3.9663, 4.184 -0.9094 -0.9635, 4.1693 -0.9094 -0.9748, 4.0654 -0.9094 -0.9317, 4.1522 -0.9094 -0.9818, 4.1339 -0.9094 -0.9843, 4.1155 -0.9094 -0.9818, 4.2023 -0.9094 -0.9317, 4.1952 -0.9094 -0.9488, 4.0984 -0.9094 -0.9748, 4.0837 -0.9094 -0.9635, 4.0725 -0.9094 -0.9488, 4.0837 -1.0079 -0.9635, 4.0984 -1.0079 -0.9748, 4.2023 -1.0079 -0.9317, 4.0725 -1.0079 -0.9488, 4.1155 -1.0079 -0.9818, 4.1339 -1.0079 -0.9843, 4.1522 -1.0079 -0.9818, 4.0654 -1.0079 -0.9317, 4.1693 -1.0079 -0.9748, 4.184 -1.0079 -0.9635, 4.1952 -1.0079 -0.9488, 4.8504 0.8031 3.9895, 4.9921 0.8031 3.9895, 4.8504 0.8031 4.0712, 4.9921 0.8031 4.0712, 4.8504 1.2092 0.3937, 4.9921 1.2092 0.3937, 4.8504 1.2264 0.3642, 4.9921 1.2264 0.3642, 4.8504 1.2499 0.3394, 4.9921 1.2499 0.3394, 4.8504 1.2785 0.3207, 4.9921 1.2785 0.3207, 4.8504 1.1969 0.3937, 4.8504 0.8031 4.2913, 4.8504 0.9016 4.2913, 4.8504 0.9016 3.9895, 4.8504 1.1222 0.3473, 4.8504 1.1508 0.301, 4.8504 1.1889 0.2621, 4.8504 1.2346 0.2326, 4.8504 1.4234 0.1383, 4.8504 1.4674 0.2264, 4.8504 1.4399 0.1277, 4.8504 1.5021 0.2039, 4.8504 1.4536 0.1137, 4.8504 1.5311 0.1744, 4.8504 1.4639 0.097, 4.8504 1.5528 0.1392, 4.8504 1.4703 0.0785, 4.8504 1.5663 0.1001, 4.8504 1.4724 0.0591, 4.8504 1.5709 0.0591, 4.8504 1.4724 -0.9134, 4.8504 1.5709 -0.9134, 4.8504 1.1044 0.3987, 4.8504 1.0984 0.4528, 4.8504 1.1969 1.2473, 4.8504 1.0984 1.2473, 4.8504 1.1848 1.3708, 4.8504 1.0882 1.3518, 4.8504 1.1492 1.4896, 4.8504 1.0581 1.4523, 4.8504 0.5515 2.9498, 4.8504 0.4594 2.915, 4.8504 0.5302 3.0445, 4.8504 0.4326 3.0318, 4.8504 0.5303 3.1416, 4.8504 0.4324 3.1517, 4.8504 0.5519 3.2362, 4.8504 0.459 3.2686, 4.8504 0.7189 3.7145, 4.8504 0.6249 3.7438, 4.8504 0.7296 3.7429, 4.8504 0.643 3.7898, 4.8504 0.7459 3.7685, 4.8504 0.67 3.8312, 4.8504 0.767 3.7902, 4.8504 0.7048 3.8664, 4.8504 0.7921 3.8071, 4.8504 0.7458 3.894, 4.8504 0.829 3.8322, 4.8504 0.7651 3.9071, 4.8504 0.8596 3.8646, 4.8504 0.7812 3.9241, 4.8504 0.8826 3.9029, 4.8504 0.7932 3.9441, 4.8504 0.8968 3.9452, 4.8504 0.8006 3.9663, 4.9921 1.1969 0.3937, 4.9921 1.1222 0.3473, 4.9921 1.1508 0.301, 4.9921 1.1044 0.3987, 4.9921 0.9016 3.9895, 4.9921 0.9016 4.2913, 4.9921 0.8031 4.2913, 4.9921 1.4724 -0.9134, 4.9921 1.5709 -0.9134, 4.9921 1.4724 0.0591, 4.9921 1.5709 0.0591, 4.9921 1.4703 0.0785, 4.9921 1.5663 0.1001, 4.9921 1.4639 0.097, 4.9921 1.5528 0.1392, 4.9921 1.4536 0.1137, 4.9921 1.5311 0.1744, 4.9921 1.4399 0.1277, 4.9921 1.5021 0.2039, 4.9921 1.4234 0.1383, 4.9921 1.4674 0.2264, 4.9921 1.2346 0.2326, 4.9921 1.1889 0.2621, 4.9921 0.8968 3.9452, 4.9921 0.8006 3.9663, 4.9921 0.8826 3.9029, 4.9921 0.7932 3.9441, 4.9921 0.8596 3.8646, 4.9921 0.7812 3.9241, 4.9921 0.829 3.8322, 4.9921 0.7651 3.9071, 4.9921 0.7921 3.8071, 4.9921 0.7458 3.894, 4.9921 0.767 3.7902, 4.9921 0.7048 3.8664, 4.9921 0.7459 3.7685, 4.9921 0.67 3.8312, 4.9921 0.7296 3.7429, 4.9921 0.643 3.7898, 4.9921 0.7189 3.7145, 4.9921 0.6249 3.7438, 4.9921 0.5519 3.2362, 4.9921 0.459 3.2686, 4.9921 0.5303 3.1416, 4.9921 0.4324 3.1517, 4.9921 0.5302 3.0445, 4.9921 0.4326 3.0318, 4.9921 0.5515 2.9498, 4.9921 0.4594 2.915, 4.9921 1.1492 1.4896, 4.9921 1.0581 1.4523, 4.9921 1.1848 1.3708, 4.9921 1.0882 1.3518, 4.9921 1.1969 1.2473, 4.9921 1.0984 1.2473, 4.9921 1.0984 0.4528, 4.9714 1.5709 -0.9635, 4.9567 1.5709 -0.9748, 4.8528 1.5709 -0.9317, 4.9396 1.5709 -0.9818, 4.9213 1.5709 -0.9843, 4.9029 1.5709 -0.9818, 4.9897 1.5709 -0.9317, 4.9826 1.5709 -0.9488, 4.8858 1.5709 -0.9748, 4.8712 1.5709 -0.9635, 4.8599 1.5709 -0.9488, 4.8712 1.4724 -0.9635, 4.8858 1.4724 -0.9748, 4.9897 1.4724 -0.9317, 4.8599 1.4724 -0.9488, 4.9029 1.4724 -0.9818, 4.9213 1.4724 -0.9843, 4.9396 1.4724 -0.9818, 4.8528 1.4724 -0.9317, 4.9567 1.4724 -0.9748, 4.9714 1.4724 -0.9635, 4.9826 1.4724 -0.9488, 4.8504 -0.7155 0.3207, 4.9921 -0.7155 0.3207, 4.8504 -0.6869 0.3394, 4.9921 -0.6869 0.3394, 4.8504 -0.6634 0.3642, 4.9921 -0.6634 0.3642, 4.8504 -0.6462 0.3937, 4.9921 -0.6462 0.3937, 4.9921 -0.2402 4.0712, 4.9921 -0.2402 3.9895, 4.8504 -0.2402 4.0712, 4.8504 -0.2402 3.9895, 4.8504 -0.6339 0.3937, 4.8504 -0.5592 0.3473, 4.8504 -0.5878 0.301, 4.8504 -0.5414 0.3987, 4.8504 -0.9094 -0.9134, 4.8504 -1.0079 -0.9134, 4.8504 -0.9094 0.0591, 4.8504 -1.0079 0.0591, 4.8504 -0.9073 0.0785, 4.8504 -1.0033 0.1001, 4.8504 -0.9009 0.097, 4.8504 -0.9898 0.1392, 4.8504 -0.8906 0.1137, 4.8504 -0.9681 0.1744, 4.8504 -0.8769 0.1277, 4.8504 -0.9391 0.2039, 4.8504 -0.8604 0.1383, 4.8504 -0.9044 0.2264, 4.8504 -0.6716 0.2326, 4.8504 -0.6259 0.2621, 4.8504 -0.3386 3.9895, 4.8504 -0.3386 4.2913, 4.8504 -0.2402 4.2913, 4.8504 -0.3338 3.9452, 4.8504 -0.2376 3.9663, 4.8504 -0.3196 3.9029, 4.8504 -0.2302 3.9441, 4.8504 -0.2966 3.8646, 4.8504 -0.2182 3.9241, 4.8504 -0.266 3.8322, 4.8504 -0.2021 3.9071, 4.8504 -0.2292 3.8071, 4.8504 -0.1828 3.894, 4.8504 -0.204 3.7902, 4.8504 -0.1418 3.8664, 4.8504 -0.1829 3.7685, 4.8504 -0.107 3.8312, 4.8504 -0.1666 3.7429, 4.8504 -0.08 3.7898, 4.8504 -0.1559 3.7145, 4.8504 -0.0619 3.7438, 4.8504 0.0111 3.2362, 4.8504 0.104 3.2686, 4.8504 0.0326 3.1416, 4.8504 0.1306 3.1517, 4.8504 0.0328 3.0445, 4.8504 0.1304 3.0318, 4.8504 0.0115 2.9498, 4.8504 0.1036 2.915, 4.8504 -0.5862 1.4896, 4.8504 -0.4951 1.4523, 4.8504 -0.6218 1.3708, 4.8504 -0.5253 1.3518, 4.8504 -0.6339 1.2473, 4.8504 -0.5354 1.2473, 4.8504 -0.5354 0.4528, 4.9921 -0.6339 0.3937, 4.9921 -0.5592 0.3473, 4.9921 -0.5878 0.301, 4.9921 -0.6259 0.2621, 4.9921 -0.6716 0.2326, 4.9921 -0.8604 0.1383, 4.9921 -0.9044 0.2264, 4.9921 -0.8769 0.1277, 4.9921 -0.9391 0.2039, 4.9921 -0.8906 0.1137, 4.9921 -0.9681 0.1744, 4.9921 -0.9009 0.097, 4.9921 -0.9898 0.1392, 4.9921 -0.9073 0.0785, 4.9921 -1.0033 0.1001, 4.9921 -0.9094 0.0591, 4.9921 -1.0079 0.0591, 4.9921 -0.9094 -0.9134, 4.9921 -1.0079 -0.9134, 4.9921 -0.2402 4.2913, 4.9921 -0.3386 4.2913, 4.9921 -0.3386 3.9895, 4.9921 -0.5414 0.3987, 4.9921 -0.5354 0.4528, 4.9921 -0.6339 1.2473, 4.9921 -0.5354 1.2473, 4.9921 -0.6218 1.3708, 4.9921 -0.5253 1.3518, 4.9921 -0.5862 1.4896, 4.9921 -0.4951 1.4523, 4.9921 0.0115 2.9498, 4.9921 0.1036 2.915, 4.9921 0.0328 3.0445, 4.9921 0.1304 3.0318, 4.9921 0.0326 3.1416, 4.9921 0.1306 3.1517, 4.9921 0.0111 3.2362, 4.9921 0.104 3.2686, 4.9921 -0.1559 3.7145, 4.9921 -0.0619 3.7438, 4.9921 -0.1666 3.7429, 4.9921 -0.08 3.7898, 4.9921 -0.1829 3.7685, 4.9921 -0.107 3.8312, 4.9921 -0.204 3.7902, 4.9921 -0.1418 3.8664, 4.9921 -0.2292 3.8071, 4.9921 -0.1828 3.894, 4.9921 -0.266 3.8322, 4.9921 -0.2021 3.9071, 4.9921 -0.2966 3.8646, 4.9921 -0.2182 3.9241, 4.9921 -0.3196 3.9029, 4.9921 -0.2302 3.9441, 4.9921 -0.3338 3.9452, 4.9921 -0.2376 3.9663, 4.9714 -0.9094 -0.9635, 4.9567 -0.9094 -0.9748, 4.8528 -0.9094 -0.9317, 4.9396 -0.9094 -0.9818, 4.9213 -0.9094 -0.9843, 4.9029 -0.9094 -0.9818, 4.9897 -0.9094 -0.9317, 4.9826 -0.9094 -0.9488, 4.8858 -0.9094 -0.9748, 4.8712 -0.9094 -0.9635, 4.8599 -0.9094 -0.9488, 4.8712 -1.0079 -0.9635, 4.8858 -1.0079 -0.9748, 4.9897 -1.0079 -0.9317, 4.8599 -1.0079 -0.9488, 4.9029 -1.0079 -0.9818, 4.9213 -1.0079 -0.9843, 4.9396 -1.0079 -0.9818, 4.8528 -1.0079 -0.9317, 4.9567 -1.0079 -0.9748, 4.9714 -1.0079 -0.9635, 4.9826 -1.0079 -0.9488, 5.6378 0.8031 3.9895, 5.7795 0.8031 3.9895, 5.6378 0.8031 4.0712, 5.7795 0.8031 4.0712, 5.6378 1.2092 0.3937, 5.7795 1.2092 0.3937, 5.6378 1.2264 0.3642, 5.7795 1.2264 0.3642, 5.6378 1.2499 0.3394, 5.7795 1.2499 0.3394, 5.6378 1.2785 0.3207, 5.7795 1.2785 0.3207, 5.6378 1.1969 0.3937, 5.6378 0.8031 4.2913, 5.6378 0.9016 4.2913, 5.6378 0.9016 3.9895, 5.6378 1.1222 0.3473, 5.6378 1.1508 0.301, 5.6378 1.1889 0.2621, 5.6378 1.2346 0.2326, 5.6378 1.4234 0.1383, 5.6378 1.4674 0.2264, 5.6378 1.4399 0.1277, 5.6378 1.5021 0.2039, 5.6378 1.4536 0.1137, 5.6378 1.5311 0.1744, 5.6378 1.4639 0.097, 5.6378 1.5528 0.1392, 5.6378 1.4703 0.0785, 5.6378 1.5663 0.1001, 5.6378 1.4724 0.0591, 5.6378 1.5709 0.0591, 5.6378 1.4724 -0.9134, 5.6378 1.5709 -0.9134, 5.6378 1.1044 0.3987, 5.6378 1.0984 0.4528, 5.6378 1.1969 1.2473, 5.6378 1.0984 1.2473, 5.6378 1.1848 1.3708, 5.6378 1.0882 1.3518, 5.6378 1.1492 1.4896, 5.6378 1.0581 1.4523, 5.6378 0.5515 2.9498, 5.6378 0.4594 2.915, 5.6378 0.5302 3.0445, 5.6378 0.4326 3.0318, 5.6378 0.5303 3.1416, 5.6378 0.4324 3.1517, 5.6378 0.5519 3.2362, 5.6378 0.459 3.2686, 5.6378 0.7189 3.7145, 5.6378 0.6249 3.7438, 5.6378 0.7296 3.7429, 5.6378 0.643 3.7898, 5.6378 0.7459 3.7685, 5.6378 0.67 3.8312, 5.6378 0.767 3.7902, 5.6378 0.7048 3.8664, 5.6378 0.7921 3.8071, 5.6378 0.7458 3.894, 5.6378 0.829 3.8322, 5.6378 0.7651 3.9071, 5.6378 0.8596 3.8646, 5.6378 0.7812 3.9241, 5.6378 0.8826 3.9029, 5.6378 0.7932 3.9441, 5.6378 0.8968 3.9452, 5.6378 0.8006 3.9663, 5.7795 1.1969 0.3937, 5.7795 1.1222 0.3473, 5.7795 1.1508 0.301, 5.7795 1.1044 0.3987, 5.7795 0.9016 3.9895, 5.7795 0.9016 4.2913, 5.7795 0.8031 4.2913, 5.7795 1.4724 -0.9134, 5.7795 1.5709 -0.9134, 5.7795 1.4724 0.0591, 5.7795 1.5709 0.0591, 5.7795 1.4703 0.0785, 5.7795 1.5663 0.1001, 5.7795 1.4639 0.097, 5.7795 1.5528 0.1392, 5.7795 1.4536 0.1137, 5.7795 1.5311 0.1744, 5.7795 1.4399 0.1277, 5.7795 1.5021 0.2039, 5.7795 1.4234 0.1383, 5.7795 1.4674 0.2264, 5.7795 1.2346 0.2326, 5.7795 1.1889 0.2621, 5.7795 0.8968 3.9452, 5.7795 0.8006 3.9663, 5.7795 0.8826 3.9029, 5.7795 0.7932 3.9441, 5.7795 0.8596 3.8646, 5.7795 0.7812 3.9241, 5.7795 0.829 3.8322, 5.7795 0.7651 3.9071, 5.7795 0.7921 3.8071, 5.7795 0.7458 3.894, 5.7795 0.767 3.7902, 5.7795 0.7048 3.8664, 5.7795 0.7459 3.7685, 5.7795 0.67 3.8312, 5.7795 0.7296 3.7429, 5.7795 0.643 3.7898, 5.7795 0.7189 3.7145, 5.7795 0.6249 3.7438, 5.7795 0.5519 3.2362, 5.7795 0.459 3.2686, 5.7795 0.5303 3.1416, 5.7795 0.4324 3.1517, 5.7795 0.5302 3.0445, 5.7795 0.4326 3.0318, 5.7795 0.5515 2.9498, 5.7795 0.4594 2.915, 5.7795 1.1492 1.4896, 5.7795 1.0581 1.4523, 5.7795 1.1848 1.3708, 5.7795 1.0882 1.3518, 5.7795 1.1969 1.2473, 5.7795 1.0984 1.2473, 5.7795 1.0984 0.4528, 5.7588 1.5709 -0.9635, 5.7441 1.5709 -0.9748, 5.6402 1.5709 -0.9317, 5.727 1.5709 -0.9818, 5.7087 1.5709 -0.9843, 5.6903 1.5709 -0.9818, 5.7771 1.5709 -0.9317, 5.77 1.5709 -0.9488, 5.6732 1.5709 -0.9748, 5.6586 1.5709 -0.9635, 5.6473 1.5709 -0.9488, 5.6586 1.4724 -0.9635, 5.6732 1.4724 -0.9748, 5.7771 1.4724 -0.9317, 5.6473 1.4724 -0.9488, 5.6903 1.4724 -0.9818, 5.7087 1.4724 -0.9843, 5.727 1.4724 -0.9818, 5.6402 1.4724 -0.9317, 5.7441 1.4724 -0.9748, 5.7588 1.4724 -0.9635, 5.77 1.4724 -0.9488, 5.6378 -0.7155 0.3207, 5.7795 -0.7155 0.3207, 5.6378 -0.6869 0.3394, 5.7795 -0.6869 0.3394, 5.6378 -0.6634 0.3642, 5.7795 -0.6634 0.3642, 5.6378 -0.6462 0.3937, 5.7795 -0.6462 0.3937, 5.7795 -0.2402 4.0712, 5.7795 -0.2402 3.9895, 5.6378 -0.2402 4.0712, 5.6378 -0.2402 3.9895, 5.6378 -0.6339 0.3937, 5.6378 -0.5592 0.3473, 5.6378 -0.5878 0.301, 5.6378 -0.5414 0.3987, 5.6378 -0.9094 -0.9134, 5.6378 -1.0079 -0.9134, 5.6378 -0.9094 0.0591, 5.6378 -1.0079 0.0591, 5.6378 -0.9073 0.0785, 5.6378 -1.0033 0.1001, 5.6378 -0.9009 0.097, 5.6378 -0.9898 0.1392, 5.6378 -0.8906 0.1137, 5.6378 -0.9681 0.1744, 5.6378 -0.8769 0.1277, 5.6378 -0.9391 0.2039, 5.6378 -0.8604 0.1383, 5.6378 -0.9044 0.2264, 5.6378 -0.6716 0.2326, 5.6378 -0.6259 0.2621, 5.6378 -0.3386 3.9895, 5.6378 -0.3386 4.2913, 5.6378 -0.2402 4.2913, 5.6378 -0.3338 3.9452, 5.6378 -0.2376 3.9663, 5.6378 -0.3196 3.9029, 5.6378 -0.2302 3.9441, 5.6378 -0.2966 3.8646, 5.6378 -0.2182 3.9241, 5.6378 -0.266 3.8322, 5.6378 -0.2021 3.9071, 5.6378 -0.2292 3.8071, 5.6378 -0.1828 3.894, 5.6378 -0.204 3.7902, 5.6378 -0.1418 3.8664, 5.6378 -0.1829 3.7685, 5.6378 -0.107 3.8312, 5.6378 -0.1666 3.7429, 5.6378 -0.08 3.7898, 5.6378 -0.1559 3.7145, 5.6378 -0.0619 3.7438, 5.6378 0.0111 3.2362, 5.6378 0.104 3.2686, 5.6378 0.0326 3.1416, 5.6378 0.1306 3.1517, 5.6378 0.0328 3.0445, 5.6378 0.1304 3.0318, 5.6378 0.0115 2.9498, 5.6378 0.1036 2.915, 5.6378 -0.5862 1.4896, 5.6378 -0.4951 1.4523, 5.6378 -0.6218 1.3708, 5.6378 -0.5253 1.3518, 5.6378 -0.6339 1.2473, 5.6378 -0.5354 1.2473, 5.6378 -0.5354 0.4528, 5.7795 -0.6339 0.3937, 5.7795 -0.5592 0.3473, 5.7795 -0.5878 0.301, 5.7795 -0.6259 0.2621, 5.7795 -0.6716 0.2326, 5.7795 -0.8604 0.1383, 5.7795 -0.9044 0.2264, 5.7795 -0.8769 0.1277, 5.7795 -0.9391 0.2039, 5.7795 -0.8906 0.1137, 5.7795 -0.9681 0.1744, 5.7795 -0.9009 0.097, 5.7795 -0.9898 0.1392, 5.7795 -0.9073 0.0785, 5.7795 -1.0033 0.1001, 5.7795 -0.9094 0.0591, 5.7795 -1.0079 0.0591, 5.7795 -0.9094 -0.9134, 5.7795 -1.0079 -0.9134, 5.7795 -0.2402 4.2913, 5.7795 -0.3386 4.2913, 5.7795 -0.3386 3.9895, 5.7795 -0.5414 0.3987, 5.7795 -0.5354 0.4528, 5.7795 -0.6339 1.2473, 5.7795 -0.5354 1.2473, 5.7795 -0.6218 1.3708, 5.7795 -0.5253 1.3518, 5.7795 -0.5862 1.4896, 5.7795 -0.4951 1.4523, 5.7795 0.0115 2.9498, 5.7795 0.1036 2.915, 5.7795 0.0328 3.0445, 5.7795 0.1304 3.0318, 5.7795 0.0326 3.1416, 5.7795 0.1306 3.1517, 5.7795 0.0111 3.2362, 5.7795 0.104 3.2686, 5.7795 -0.1559 3.7145, 5.7795 -0.0619 3.7438, 5.7795 -0.1666 3.7429, 5.7795 -0.08 3.7898, 5.7795 -0.1829 3.7685, 5.7795 -0.107 3.8312, 5.7795 -0.204 3.7902, 5.7795 -0.1418 3.8664, 5.7795 -0.2292 3.8071, 5.7795 -0.1828 3.894, 5.7795 -0.266 3.8322, 5.7795 -0.2021 3.9071, 5.7795 -0.2966 3.8646, 5.7795 -0.2182 3.9241, 5.7795 -0.3196 3.9029, 5.7795 -0.2302 3.9441, 5.7795 -0.3338 3.9452, 5.7795 -0.2376 3.9663, 5.7588 -0.9094 -0.9635, 5.7441 -0.9094 -0.9748, 5.6402 -0.9094 -0.9317, 5.727 -0.9094 -0.9818, 5.7087 -0.9094 -0.9843, 5.6903 -0.9094 -0.9818, 5.7771 -0.9094 -0.9317, 5.77 -0.9094 -0.9488, 5.6732 -0.9094 -0.9748, 5.6586 -0.9094 -0.9635, 5.6473 -0.9094 -0.9488, 5.6586 -1.0079 -0.9635, 5.6732 -1.0079 -0.9748, 5.7771 -1.0079 -0.9317, 5.6473 -1.0079 -0.9488, 5.6903 -1.0079 -0.9818, 5.7087 -1.0079 -0.9843, 5.727 -1.0079 -0.9818, 5.6402 -1.0079 -0.9317, 5.7441 -1.0079 -0.9748, 5.7588 -1.0079 -0.9635, 5.77 -1.0079 -0.9488, 6.4252 0.8031 3.9895, 6.5669 0.8031 3.9895, 6.4252 0.8031 4.0712, 6.5669 0.8031 4.0712, 6.4252 1.2092 0.3937, 6.5669 1.2092 0.3937, 6.4252 1.2264 0.3642, 6.5669 1.2264 0.3642, 6.4252 1.2499 0.3394, 6.5669 1.2499 0.3394, 6.4252 1.2785 0.3207, 6.5669 1.2785 0.3207, 6.4252 1.1969 0.3937, 6.4252 0.8031 4.2913, 6.4252 0.9016 4.2913, 6.4252 0.9016 3.9895, 6.4252 1.1222 0.3473, 6.4252 1.1508 0.301, 6.4252 1.1889 0.2621, 6.4252 1.2346 0.2326, 6.4252 1.4234 0.1383, 6.4252 1.4674 0.2264, 6.4252 1.4399 0.1277, 6.4252 1.5021 0.2039, 6.4252 1.4536 0.1137, 6.4252 1.5311 0.1744, 6.4252 1.4639 0.097, 6.4252 1.5528 0.1392, 6.4252 1.4703 0.0785, 6.4252 1.5663 0.1001, 6.4252 1.4724 0.0591, 6.4252 1.5709 0.0591, 6.4252 1.4724 -0.9134, 6.4252 1.5709 -0.9134, 6.4252 1.1044 0.3987, 6.4252 1.0984 0.4528, 6.4252 1.1969 1.2473, 6.4252 1.0984 1.2473, 6.4252 1.1848 1.3708, 6.4252 1.0882 1.3518, 6.4252 1.1492 1.4896, 6.4252 1.0581 1.4523, 6.4252 0.5515 2.9498, 6.4252 0.4594 2.915, 6.4252 0.5302 3.0445, 6.4252 0.4326 3.0318, 6.4252 0.5303 3.1416, 6.4252 0.4324 3.1517, 6.4252 0.5519 3.2362, 6.4252 0.459 3.2686, 6.4252 0.7189 3.7145, 6.4252 0.6249 3.7438, 6.4252 0.7296 3.7429, 6.4252 0.643 3.7898, 6.4252 0.7459 3.7685, 6.4252 0.67 3.8312, 6.4252 0.767 3.7902, 6.4252 0.7048 3.8664, 6.4252 0.7921 3.8071, 6.4252 0.7458 3.894, 6.4252 0.829 3.8322, 6.4252 0.7651 3.9071, 6.4252 0.8596 3.8646, 6.4252 0.7812 3.9241, 6.4252 0.8826 3.9029, 6.4252 0.7932 3.9441, 6.4252 0.8968 3.9452, 6.4252 0.8006 3.9663, 6.5669 1.1969 0.3937, 6.5669 1.1222 0.3473, 6.5669 1.1508 0.301, 6.5669 1.1044 0.3987, 6.5669 0.9016 3.9895, 6.5669 0.9016 4.2913, 6.5669 0.8031 4.2913, 6.5669 1.4724 -0.9134, 6.5669 1.5709 -0.9134, 6.5669 1.4724 0.0591, 6.5669 1.5709 0.0591, 6.5669 1.4703 0.0785, 6.5669 1.5663 0.1001, 6.5669 1.4639 0.097, 6.5669 1.5528 0.1392, 6.5669 1.4536 0.1137, 6.5669 1.5311 0.1744, 6.5669 1.4399 0.1277, 6.5669 1.5021 0.2039, 6.5669 1.4234 0.1383, 6.5669 1.4674 0.2264, 6.5669 1.2346 0.2326, 6.5669 1.1889 0.2621, 6.5669 0.8968 3.9452, 6.5669 0.8006 3.9663, 6.5669 0.8826 3.9029, 6.5669 0.7932 3.9441, 6.5669 0.8596 3.8646, 6.5669 0.7812 3.9241, 6.5669 0.829 3.8322, 6.5669 0.7651 3.9071, 6.5669 0.7921 3.8071, 6.5669 0.7458 3.894, 6.5669 0.767 3.7902, 6.5669 0.7048 3.8664, 6.5669 0.7459 3.7685, 6.5669 0.67 3.8312, 6.5669 0.7296 3.7429, 6.5669 0.643 3.7898, 6.5669 0.7189 3.7145, 6.5669 0.6249 3.7438, 6.5669 0.5519 3.2362, 6.5669 0.459 3.2686, 6.5669 0.5303 3.1416, 6.5669 0.4324 3.1517, 6.5669 0.5302 3.0445, 6.5669 0.4326 3.0318, 6.5669 0.5515 2.9498, 6.5669 0.4594 2.915, 6.5669 1.1492 1.4896, 6.5669 1.0581 1.4523, 6.5669 1.1848 1.3708, 6.5669 1.0882 1.3518, 6.5669 1.1969 1.2473, 6.5669 1.0984 1.2473, 6.5669 1.0984 0.4528, 6.4276 1.5709 -0.9317, 6.5645 1.5709 -0.9317, 6.5574 1.5709 -0.9488, 6.5462 1.5709 -0.9635, 6.4347 1.5709 -0.9488, 6.446 1.5709 -0.9635, 6.5144 1.5709 -0.9818, 6.4961 1.5709 -0.9843, 6.4777 1.5709 -0.9818, 6.5315 1.5709 -0.9748, 6.4606 1.5709 -0.9748, 6.5645 1.4724 -0.9317, 6.4276 1.4724 -0.9317, 6.4347 1.4724 -0.9488, 6.446 1.4724 -0.9635, 6.5574 1.4724 -0.9488, 6.5462 1.4724 -0.9635, 6.4777 1.4724 -0.9818, 6.4961 1.4724 -0.9843, 6.5144 1.4724 -0.9818, 6.4606 1.4724 -0.9748, 6.5315 1.4724 -0.9748, 6.4252 -0.7155 0.3207, 6.5669 -0.7155 0.3207, 6.4252 -0.6869 0.3394, 6.5669 -0.6869 0.3394, 6.4252 -0.6634 0.3642, 6.5669 -0.6634 0.3642, 6.4252 -0.6462 0.3937, 6.5669 -0.6462 0.3937, 6.5669 -0.2402 4.0712, 6.5669 -0.2402 3.9895, 6.4252 -0.2402 4.0712, 6.4252 -0.2402 3.9895, 6.4252 -0.6339 0.3937, 6.4252 -0.5592 0.3473, 6.4252 -0.5878 0.301, 6.4252 -0.5414 0.3987, 6.4252 -0.9094 -0.9134, 6.4252 -1.0079 -0.9134, 6.4252 -0.9094 0.0591, 6.4252 -1.0079 0.0591, 6.4252 -0.9073 0.0785, 6.4252 -1.0033 0.1001, 6.4252 -0.9009 0.097, 6.4252 -0.9898 0.1392, 6.4252 -0.8906 0.1137, 6.4252 -0.9681 0.1744, 6.4252 -0.8769 0.1277, 6.4252 -0.9391 0.2039, 6.4252 -0.8604 0.1383, 6.4252 -0.9044 0.2264, 6.4252 -0.6716 0.2326, 6.4252 -0.6259 0.2621, 6.4252 -0.3386 3.9895, 6.4252 -0.3386 4.2913, 6.4252 -0.2402 4.2913, 6.4252 -0.3338 3.9452, 6.4252 -0.2376 3.9663, 6.4252 -0.3196 3.9029, 6.4252 -0.2302 3.9441, 6.4252 -0.2966 3.8646, 6.4252 -0.2182 3.9241, 6.4252 -0.266 3.8322, 6.4252 -0.2021 3.9071, 6.4252 -0.2292 3.8071, 6.4252 -0.1828 3.894, 6.4252 -0.204 3.7902, 6.4252 -0.1418 3.8664, 6.4252 -0.1829 3.7685, 6.4252 -0.107 3.8312, 6.4252 -0.1666 3.7429, 6.4252 -0.08 3.7898, 6.4252 -0.1559 3.7145, 6.4252 -0.0619 3.7438, 6.4252 0.0111 3.2362, 6.4252 0.104 3.2686, 6.4252 0.0326 3.1416, 6.4252 0.1306 3.1517, 6.4252 0.0328 3.0445, 6.4252 0.1304 3.0318, 6.4252 0.0115 2.9498, 6.4252 0.1036 2.915, 6.4252 -0.5862 1.4896, 6.4252 -0.4951 1.4523, 6.4252 -0.6218 1.3708, 6.4252 -0.5253 1.3518, 6.4252 -0.6339 1.2473, 6.4252 -0.5354 1.2473, 6.4252 -0.5354 0.4528, 6.5669 -0.6339 0.3937, 6.5669 -0.5592 0.3473, 6.5669 -0.5878 0.301, 6.5669 -0.6259 0.2621, 6.5669 -0.6716 0.2326, 6.5669 -0.8604 0.1383, 6.5669 -0.9044 0.2264, 6.5669 -0.8769 0.1277, 6.5669 -0.9391 0.2039, 6.5669 -0.8906 0.1137, 6.5669 -0.9681 0.1744, 6.5669 -0.9009 0.097, 6.5669 -0.9898 0.1392, 6.5669 -0.9073 0.0785, 6.5669 -1.0033 0.1001, 6.5669 -0.9094 0.0591, 6.5669 -1.0079 0.0591, 6.5669 -0.9094 -0.9134, 6.5669 -1.0079 -0.9134, 6.5669 -0.2402 4.2913, 6.5669 -0.3386 4.2913, 6.5669 -0.3386 3.9895, 6.5669 -0.5414 0.3987, 6.5669 -0.5354 0.4528, 6.5669 -0.6339 1.2473, 6.5669 -0.5354 1.2473, 6.5669 -0.6218 1.3708, 6.5669 -0.5253 1.3518, 6.5669 -0.5862 1.4896, 6.5669 -0.4951 1.4523, 6.5669 0.0115 2.9498, 6.5669 0.1036 2.915, 6.5669 0.0328 3.0445, 6.5669 0.1304 3.0318, 6.5669 0.0326 3.1416, 6.5669 0.1306 3.1517, 6.5669 0.0111 3.2362, 6.5669 0.104 3.2686, 6.5669 -0.1559 3.7145, 6.5669 -0.0619 3.7438, 6.5669 -0.1666 3.7429, 6.5669 -0.08 3.7898, 6.5669 -0.1829 3.7685, 6.5669 -0.107 3.8312, 6.5669 -0.204 3.7902, 6.5669 -0.1418 3.8664, 6.5669 -0.2292 3.8071, 6.5669 -0.1828 3.894, 6.5669 -0.266 3.8322, 6.5669 -0.2021 3.9071, 6.5669 -0.2966 3.8646, 6.5669 -0.2182 3.9241, 6.5669 -0.3196 3.9029, 6.5669 -0.2302 3.9441, 6.5669 -0.3338 3.9452, 6.5669 -0.2376 3.9663, 6.4276 -0.9094 -0.9317, 6.5645 -0.9094 -0.9317, 6.5574 -0.9094 -0.9488, 6.5462 -0.9094 -0.9635, 6.4347 -0.9094 -0.9488, 6.446 -0.9094 -0.9635, 6.5144 -0.9094 -0.9818, 6.4961 -0.9094 -0.9843, 6.4777 -0.9094 -0.9818, 6.5315 -0.9094 -0.9748, 6.4606 -0.9094 -0.9748, 6.5645 -1.0079 -0.9317, 6.4276 -1.0079 -0.9317, 6.4347 -1.0079 -0.9488, 6.446 -1.0079 -0.9635, 6.5574 -1.0079 -0.9488, 6.5462 -1.0079 -0.9635, 6.4777 -1.0079 -0.9818, 6.4961 -1.0079 -0.9843, 6.5144 -1.0079 -0.9818, 6.4606 -1.0079 -0.9748, 6.5315 -1.0079 -0.9748, 6.5315 -1.0079 -0.9748
            ]
        }
        coordIndex [
            0,1,2,-1,2,1,3,-1,4,5,6,-1,7,8,5,-1,5,8,9,-1,5,9,6,-1,6,10,4,-1,4,10,11,-1,4,11,12,-1,12,11,13,-1,14,15,16,-1,11,17,13,-1,13,17,14,-1,13,14,18,-1,18,14,16,-1,19,20,21,-1,21,20,22,-1,21,22,23,-1,23,22,24,-1,24,25,23,-1,23,25,26,-1,23,26,27,-1,27,26,28,-1,29,30,31,-1,26,32,28,-1,28,32,29,-1,28,29,33,-1,33,29,31,-1,20,19,34,-1,20,34,35,-1,35,34,36,-1,35,36,37,-1,37,36,38,-1,37,38,39,-1,39,38,40,-1,39,40,41,-1,41,40,42,-1,41,42,43,-1,44,43,45,-1,45,43,42,-1,44,45,46,-1,46,45,47,-1,46,47,48,-1,48,47,49,-1,48,49,50,-1,50,49,51,-1,50,51,52,-1,52,51,53,-1,52,53,54,-1,54,53,55,-1,56,54,57,-1,57,54,55,-1,56,57,58,-1,58,57,59,-1,58,59,60,-1,60,59,61,-1,62,60,63,-1,63,60,61,-1,62,63,64,-1,62,64,65,-1,65,64,66,-1,65,66,67,-1,67,66,68,-1,67,68,69,-1,70,69,71,-1,71,69,68,-1,70,71,72,-1,70,72,73,-1,73,72,74,-1,73,74,75,-1,75,74,76,-1,75,76,77,-1,77,76,78,-1,77,78,79,-1,79,78,80,-1,80,78,81,-1,80,81,82,-1,82,81,83,-1,82,83,84,-1,84,83,85,-1,84,85,86,-1,86,85,87,-1,86,87,0,-1,0,87,1,-1,88,89,90,-1,90,89,91,-1,92,88,93,-1,93,88,90,-1,92,93,94,-1,92,94,95,-1,95,94,96,-1,95,96,97,-1,97,96,98,-1,97,98,99,-1,99,98,100,-1,99,100,101,-1,101,100,102,-1,101,102,103,-1,103,102,104,-1,104,102,105,-1,104,105,106,-1,106,105,107,-1,106,107,108,-1,108,107,109,-1,108,109,110,-1,110,109,111,-1,112,110,113,-1,113,110,111,-1,112,113,114,-1,114,113,115,-1,114,115,116,-1,116,115,117,-1,116,117,118,-1,118,117,119,-1,120,118,121,-1,121,118,119,-1,120,121,122,-1,120,122,123,-1,123,122,124,-1,123,124,125,-1,126,127,128,-1,126,128,129,-1,129,128,130,-1,129,130,131,-1,131,130,132,-1,131,132,133,-1,133,132,134,-1,133,134,135,-1,135,134,136,-1,135,136,137,-1,138,137,139,-1,139,137,136,-1,138,139,140,-1,140,139,141,-1,140,141,142,-1,142,141,143,-1,142,143,144,-1,144,143,145,-1,144,145,146,-1,146,145,147,-1,146,147,7,-1,7,147,8,-1,89,88,2,-1,2,88,92,-1,5,22,7,-1,7,22,20,-1,7,20,146,-1,146,20,35,-1,146,35,144,-1,144,35,37,-1,144,37,142,-1,142,37,39,-1,142,39,140,-1,140,39,41,-1,140,41,138,-1,138,41,43,-1,138,43,137,-1,137,43,44,-1,137,44,135,-1,135,44,46,-1,135,46,133,-1,133,46,48,-1,133,48,131,-1,131,48,50,-1,131,50,129,-1,129,50,52,-1,129,52,126,-1,126,52,54,-1,126,54,125,-1,125,54,56,-1,125,56,123,-1,123,56,58,-1,123,58,120,-1,120,58,60,-1,120,60,118,-1,118,60,62,-1,118,62,116,-1,116,62,65,-1,116,65,114,-1,114,65,67,-1,114,67,112,-1,112,67,69,-1,112,69,110,-1,110,69,70,-1,110,70,108,-1,108,70,73,-1,108,73,106,-1,106,73,75,-1,106,75,104,-1,104,75,77,-1,104,77,103,-1,103,77,79,-1,103,79,101,-1,101,79,80,-1,101,80,99,-1,99,80,82,-1,99,82,97,-1,97,82,84,-1,97,84,95,-1,95,84,86,-1,95,86,92,-1,92,86,0,-1,92,0,2,-1,93,90,91,-1,91,3,93,-1,93,3,1,-1,93,1,94,-1,94,1,87,-1,94,87,96,-1,96,87,85,-1,96,85,98,-1,98,85,83,-1,98,83,100,-1,100,83,81,-1,100,81,102,-1,102,81,78,-1,102,78,105,-1,105,78,76,-1,105,76,107,-1,107,76,74,-1,107,74,109,-1,109,74,72,-1,109,72,111,-1,111,72,71,-1,111,71,113,-1,113,71,68,-1,113,68,115,-1,115,68,66,-1,115,66,117,-1,117,66,64,-1,117,64,119,-1,119,64,63,-1,119,63,121,-1,121,63,61,-1,121,61,122,-1,122,61,59,-1,122,59,124,-1,124,59,57,-1,124,57,127,-1,127,57,55,-1,127,55,128,-1,128,55,53,-1,128,53,130,-1,130,53,51,-1,130,51,132,-1,132,51,49,-1,132,49,134,-1,134,49,47,-1,134,47,136,-1,136,47,45,-1,136,45,139,-1,139,45,42,-1,139,42,141,-1,141,42,40,-1,141,40,143,-1,143,40,38,-1,143,38,145,-1,145,38,36,-1,145,36,147,-1,147,36,34,-1,147,34,8,-1,8,34,19,-1,8,19,9,-1,9,19,21,-1,148,149,150,-1,150,149,151,-1,152,153,154,-1,155,156,153,-1,153,156,157,-1,153,157,154,-1,154,158,152,-1,152,158,159,-1,152,159,160,-1,160,159,161,-1,162,163,164,-1,159,165,161,-1,161,165,162,-1,161,162,166,-1,166,162,164,-1,167,168,169,-1,169,168,170,-1,169,170,171,-1,171,170,172,-1,172,173,171,-1,171,173,174,-1,171,174,175,-1,175,174,176,-1,177,178,179,-1,174,180,176,-1,176,180,177,-1,176,177,181,-1,181,177,179,-1,168,167,182,-1,182,167,183,-1,182,183,184,-1,184,183,185,-1,184,185,186,-1,186,185,187,-1,186,187,188,-1,188,187,189,-1,188,189,190,-1,190,189,191,-1,192,190,193,-1,193,190,191,-1,192,193,194,-1,192,194,195,-1,195,194,196,-1,195,196,197,-1,197,196,198,-1,197,198,199,-1,199,198,200,-1,199,200,201,-1,201,200,202,-1,201,202,203,-1,204,205,206,-1,204,206,207,-1,207,206,208,-1,207,208,209,-1,210,209,211,-1,211,209,208,-1,210,211,212,-1,212,211,213,-1,212,213,214,-1,214,213,215,-1,214,215,216,-1,216,215,217,-1,218,216,219,-1,219,216,217,-1,218,219,220,-1,220,219,221,-1,220,221,222,-1,222,221,223,-1,222,223,224,-1,224,223,225,-1,224,225,226,-1,226,225,227,-1,226,227,228,-1,226,228,229,-1,229,228,230,-1,229,230,231,-1,231,230,232,-1,231,232,233,-1,233,232,234,-1,233,234,235,-1,235,234,236,-1,235,236,237,-1,238,237,239,-1,239,237,236,-1,240,238,241,-1,241,238,239,-1,151,149,242,-1,242,149,243,-1,242,243,244,-1,244,243,245,-1,244,245,246,-1,246,245,247,-1,246,247,248,-1,248,247,249,-1,248,249,250,-1,250,249,251,-1,250,251,252,-1,250,252,253,-1,253,252,254,-1,253,254,255,-1,255,254,256,-1,255,256,257,-1,257,256,258,-1,257,258,259,-1,260,259,261,-1,261,259,258,-1,260,261,262,-1,260,262,263,-1,263,262,264,-1,263,264,265,-1,265,264,266,-1,265,266,267,-1,268,267,269,-1,269,267,266,-1,268,269,270,-1,270,269,271,-1,270,271,272,-1,272,271,273,-1,274,272,275,-1,275,272,273,-1,274,275,276,-1,276,275,277,-1,276,277,278,-1,278,277,279,-1,278,279,280,-1,280,279,281,-1,280,281,282,-1,282,281,283,-1,282,283,284,-1,284,283,285,-1,286,284,287,-1,287,284,285,-1,286,287,288,-1,286,288,289,-1,289,288,290,-1,289,290,291,-1,291,290,292,-1,291,292,293,-1,293,292,294,-1,293,294,295,-1,295,294,156,-1,295,156,155,-1,237,238,240,-1,153,170,155,-1,155,170,168,-1,155,168,295,-1,295,168,182,-1,295,182,293,-1,293,182,184,-1,293,184,291,-1,291,184,186,-1,291,186,289,-1,289,186,188,-1,289,188,286,-1,286,188,190,-1,286,190,284,-1,284,190,192,-1,284,192,282,-1,282,192,195,-1,282,195,280,-1,280,195,197,-1,280,197,278,-1,278,197,199,-1,278,199,276,-1,276,199,201,-1,276,201,274,-1,274,201,203,-1,274,203,272,-1,272,203,204,-1,272,204,270,-1,270,204,207,-1,270,207,268,-1,268,207,209,-1,268,209,267,-1,267,209,210,-1,267,210,265,-1,265,210,212,-1,265,212,263,-1,263,212,214,-1,263,214,260,-1,260,214,216,-1,260,216,259,-1,259,216,218,-1,259,218,257,-1,257,218,220,-1,257,220,255,-1,255,220,222,-1,255,222,253,-1,253,222,224,-1,253,224,250,-1,250,224,226,-1,250,226,248,-1,248,226,229,-1,248,229,246,-1,246,229,231,-1,246,231,244,-1,244,231,233,-1,244,233,242,-1,242,233,235,-1,242,235,151,-1,151,235,237,-1,151,237,150,-1,150,237,240,-1,241,239,148,-1,148,239,236,-1,169,157,167,-1,167,157,156,-1,167,156,183,-1,183,156,294,-1,183,294,185,-1,185,294,292,-1,185,292,187,-1,187,292,290,-1,187,290,189,-1,189,290,288,-1,189,288,191,-1,191,288,287,-1,191,287,193,-1,193,287,285,-1,193,285,194,-1,194,285,283,-1,194,283,196,-1,196,283,281,-1,196,281,198,-1,198,281,279,-1,198,279,200,-1,200,279,277,-1,200,277,202,-1,202,277,275,-1,202,275,205,-1,205,275,273,-1,205,273,206,-1,206,273,271,-1,206,271,208,-1,208,271,269,-1,208,269,211,-1,211,269,266,-1,211,266,213,-1,213,266,264,-1,213,264,215,-1,215,264,262,-1,215,262,217,-1,217,262,261,-1,217,261,219,-1,219,261,258,-1,219,258,221,-1,221,258,256,-1,221,256,223,-1,223,256,254,-1,223,254,225,-1,225,254,252,-1,225,252,227,-1,227,252,251,-1,227,251,228,-1,228,251,249,-1,228,249,230,-1,230,249,247,-1,230,247,232,-1,232,247,245,-1,232,245,234,-1,234,245,243,-1,234,243,236,-1,236,243,149,-1,236,149,148,-1,9,21,23,-1,9,23,6,-1,6,23,27,-1,6,27,10,-1,10,27,28,-1,10,28,11,-1,11,28,33,-1,11,33,17,-1,17,33,31,-1,17,31,14,-1,14,31,30,-1,14,30,15,-1,22,5,4,-1,22,4,24,-1,24,4,12,-1,24,12,25,-1,25,12,13,-1,25,13,26,-1,26,13,18,-1,26,18,32,-1,32,18,16,-1,32,16,29,-1,29,16,15,-1,29,15,30,-1,157,169,171,-1,157,171,154,-1,154,171,175,-1,154,175,158,-1,158,175,176,-1,158,176,159,-1,159,176,181,-1,159,181,165,-1,165,181,179,-1,165,179,162,-1,162,179,178,-1,162,178,163,-1,170,153,152,-1,170,152,172,-1,172,152,160,-1,172,160,173,-1,173,160,161,-1,173,161,174,-1,174,161,166,-1,174,166,180,-1,180,166,164,-1,180,164,177,-1,177,164,163,-1,177,163,178,-1,296,297,298,-1,298,297,299,-1,300,301,302,-1,302,301,303,-1,302,303,304,-1,304,303,305,-1,304,305,306,-1,306,305,307,-1,308,300,302,-1,309,310,298,-1,298,310,311,-1,312,308,313,-1,313,308,302,-1,313,302,314,-1,314,302,304,-1,314,304,315,-1,315,304,306,-1,315,306,316,-1,316,306,317,-1,316,317,318,-1,318,317,319,-1,318,319,320,-1,320,319,321,-1,320,321,322,-1,322,321,323,-1,322,323,324,-1,324,323,325,-1,324,325,326,-1,326,325,327,-1,326,327,328,-1,328,327,329,-1,312,330,308,-1,308,330,331,-1,308,331,332,-1,332,331,333,-1,332,333,334,-1,334,333,335,-1,334,335,336,-1,336,335,337,-1,336,337,338,-1,338,337,339,-1,338,339,340,-1,340,339,341,-1,340,341,342,-1,342,341,343,-1,342,343,344,-1,344,343,345,-1,344,345,346,-1,346,345,347,-1,346,347,348,-1,348,347,349,-1,348,349,350,-1,350,349,351,-1,350,351,352,-1,352,351,353,-1,352,353,354,-1,354,353,355,-1,354,355,356,-1,356,355,357,-1,356,357,358,-1,358,357,359,-1,358,359,360,-1,360,359,361,-1,360,361,362,-1,362,361,363,-1,362,363,311,-1,311,363,296,-1,311,296,298,-1,364,365,366,-1,365,364,367,-1,368,369,370,-1,371,372,373,-1,373,372,374,-1,373,374,375,-1,375,374,376,-1,375,376,377,-1,377,376,378,-1,377,378,379,-1,379,378,380,-1,379,380,381,-1,381,380,382,-1,381,382,383,-1,383,382,384,-1,383,384,385,-1,385,384,307,-1,385,307,386,-1,386,307,305,-1,386,305,366,-1,366,305,303,-1,366,303,364,-1,364,303,301,-1,370,299,368,-1,368,299,297,-1,368,297,387,-1,387,297,388,-1,387,388,389,-1,389,388,390,-1,389,390,391,-1,391,390,392,-1,391,392,393,-1,393,392,394,-1,393,394,395,-1,395,394,396,-1,395,396,397,-1,397,396,398,-1,397,398,399,-1,399,398,400,-1,399,400,401,-1,401,400,402,-1,401,402,403,-1,403,402,404,-1,403,404,405,-1,405,404,406,-1,405,406,407,-1,407,406,408,-1,407,408,409,-1,409,408,410,-1,409,410,411,-1,411,410,412,-1,411,412,413,-1,413,412,414,-1,413,414,415,-1,415,414,416,-1,415,416,417,-1,417,416,418,-1,417,418,364,-1,364,418,419,-1,364,419,367,-1,327,374,329,-1,329,374,372,-1,329,372,420,-1,421,422,420,-1,422,423,420,-1,420,423,424,-1,420,424,329,-1,425,426,420,-1,420,426,427,-1,420,427,428,-1,428,429,420,-1,420,429,430,-1,420,430,421,-1,373,326,371,-1,371,326,328,-1,371,328,431,-1,431,328,432,-1,432,433,431,-1,431,433,434,-1,431,434,435,-1,435,436,431,-1,431,436,437,-1,431,437,438,-1,438,439,431,-1,431,439,440,-1,431,440,441,-1,326,373,324,-1,324,373,375,-1,324,375,322,-1,322,375,377,-1,322,377,320,-1,320,377,379,-1,320,379,318,-1,318,379,381,-1,318,381,316,-1,316,381,383,-1,315,316,385,-1,385,316,383,-1,315,385,386,-1,315,386,314,-1,314,386,366,-1,314,366,313,-1,313,366,365,-1,313,365,312,-1,312,365,367,-1,312,367,330,-1,330,367,419,-1,330,419,331,-1,333,331,418,-1,418,331,419,-1,333,418,335,-1,335,418,416,-1,335,416,337,-1,337,416,414,-1,339,337,412,-1,412,337,414,-1,339,412,410,-1,339,410,341,-1,341,410,408,-1,341,408,343,-1,343,408,406,-1,343,406,345,-1,347,345,404,-1,404,345,406,-1,347,404,402,-1,347,402,349,-1,349,402,400,-1,349,400,351,-1,351,400,398,-1,351,398,353,-1,353,398,396,-1,353,396,355,-1,355,396,357,-1,357,396,394,-1,357,394,359,-1,359,394,392,-1,359,392,361,-1,361,392,390,-1,361,390,363,-1,363,390,388,-1,363,388,296,-1,296,388,297,-1,310,309,369,-1,369,309,370,-1,311,310,368,-1,368,310,369,-1,311,368,387,-1,311,387,362,-1,362,387,389,-1,362,389,360,-1,360,389,391,-1,360,391,358,-1,358,391,393,-1,358,393,356,-1,356,393,395,-1,356,395,354,-1,354,395,352,-1,352,395,397,-1,352,397,350,-1,350,397,399,-1,350,399,348,-1,348,399,401,-1,348,401,346,-1,346,401,403,-1,344,346,405,-1,405,346,403,-1,344,405,342,-1,342,405,407,-1,342,407,340,-1,340,407,409,-1,340,409,338,-1,338,409,411,-1,336,338,413,-1,413,338,411,-1,336,413,415,-1,336,415,334,-1,334,415,417,-1,334,417,332,-1,317,306,384,-1,384,306,307,-1,317,384,382,-1,317,382,319,-1,319,382,380,-1,319,380,321,-1,321,380,378,-1,321,378,323,-1,323,378,376,-1,323,376,325,-1,325,376,374,-1,325,374,327,-1,442,443,444,-1,444,443,445,-1,444,445,446,-1,446,445,447,-1,446,447,448,-1,448,447,449,-1,450,451,452,-1,452,451,453,-1,454,455,456,-1,455,454,457,-1,458,459,460,-1,460,459,461,-1,460,461,462,-1,462,461,463,-1,462,463,464,-1,464,463,465,-1,464,465,466,-1,466,465,467,-1,466,467,468,-1,468,467,469,-1,468,469,470,-1,470,469,471,-1,470,471,472,-1,472,471,442,-1,472,442,473,-1,473,442,444,-1,473,444,456,-1,456,444,446,-1,456,446,454,-1,454,446,448,-1,474,475,476,-1,476,452,474,-1,474,452,453,-1,474,453,477,-1,477,453,478,-1,477,478,479,-1,479,478,480,-1,479,480,481,-1,481,480,482,-1,481,482,483,-1,483,482,484,-1,483,484,485,-1,485,484,486,-1,485,486,487,-1,487,486,488,-1,487,488,489,-1,489,488,490,-1,489,490,491,-1,491,490,492,-1,491,492,493,-1,493,492,494,-1,493,494,495,-1,495,494,496,-1,495,496,497,-1,497,496,498,-1,497,498,499,-1,499,498,500,-1,499,500,501,-1,501,500,502,-1,501,502,503,-1,503,502,504,-1,503,504,505,-1,505,504,506,-1,505,506,507,-1,507,506,508,-1,507,508,454,-1,454,508,509,-1,454,509,457,-1,510,449,447,-1,511,510,512,-1,512,510,447,-1,512,447,513,-1,513,447,445,-1,513,445,514,-1,514,445,443,-1,514,443,515,-1,515,443,516,-1,515,516,517,-1,517,516,518,-1,517,518,519,-1,519,518,520,-1,519,520,521,-1,521,520,522,-1,521,522,523,-1,523,522,524,-1,523,524,525,-1,525,524,526,-1,525,526,527,-1,527,526,528,-1,529,530,450,-1,450,530,531,-1,511,532,510,-1,510,532,533,-1,510,533,534,-1,534,533,535,-1,534,535,536,-1,536,535,537,-1,536,537,538,-1,538,537,539,-1,538,539,540,-1,540,539,541,-1,540,541,542,-1,542,541,543,-1,542,543,544,-1,544,543,545,-1,544,545,546,-1,546,545,547,-1,546,547,548,-1,548,547,549,-1,548,549,550,-1,550,549,551,-1,550,551,552,-1,552,551,553,-1,552,553,554,-1,554,553,555,-1,554,555,556,-1,556,555,557,-1,556,557,558,-1,558,557,559,-1,558,559,560,-1,560,559,561,-1,560,561,562,-1,562,561,563,-1,562,563,564,-1,564,563,565,-1,564,565,531,-1,531,565,451,-1,531,451,450,-1,460,525,458,-1,458,525,527,-1,458,527,566,-1,567,568,566,-1,568,569,566,-1,566,569,570,-1,566,570,458,-1,571,572,566,-1,566,572,573,-1,566,573,574,-1,574,575,566,-1,566,575,576,-1,566,576,567,-1,526,461,528,-1,528,461,459,-1,528,459,577,-1,577,459,578,-1,578,579,577,-1,577,579,580,-1,577,580,581,-1,581,582,577,-1,577,582,583,-1,577,583,584,-1,584,585,577,-1,577,585,586,-1,577,586,587,-1,461,526,524,-1,461,524,463,-1,463,524,522,-1,463,522,465,-1,465,522,520,-1,465,520,467,-1,467,520,518,-1,467,518,469,-1,469,518,516,-1,469,516,471,-1,442,471,443,-1,443,471,516,-1,507,534,536,-1,507,536,505,-1,505,536,538,-1,505,538,503,-1,501,503,540,-1,540,503,538,-1,501,540,499,-1,499,540,542,-1,499,542,497,-1,497,542,544,-1,497,544,495,-1,495,544,546,-1,493,495,548,-1,548,495,546,-1,493,548,491,-1,491,548,550,-1,491,550,489,-1,489,550,552,-1,489,552,487,-1,487,552,554,-1,487,554,485,-1,485,554,556,-1,485,556,558,-1,485,558,483,-1,483,558,560,-1,483,560,481,-1,481,560,562,-1,481,562,479,-1,479,562,564,-1,479,564,477,-1,477,564,531,-1,477,531,474,-1,475,474,530,-1,530,474,531,-1,476,475,529,-1,529,475,530,-1,453,451,478,-1,478,451,565,-1,478,565,480,-1,480,565,563,-1,480,563,482,-1,482,563,561,-1,482,561,484,-1,484,561,559,-1,484,559,486,-1,486,559,557,-1,486,557,555,-1,486,555,488,-1,488,555,553,-1,488,553,490,-1,490,553,551,-1,490,551,492,-1,492,551,549,-1,492,549,494,-1,496,494,547,-1,547,494,549,-1,496,547,545,-1,496,545,498,-1,498,545,543,-1,498,543,500,-1,500,543,541,-1,500,541,502,-1,504,502,539,-1,539,502,541,-1,504,539,506,-1,506,539,537,-1,506,537,508,-1,508,537,535,-1,509,508,533,-1,533,508,535,-1,509,533,532,-1,509,532,457,-1,457,532,511,-1,457,511,455,-1,455,511,512,-1,455,512,456,-1,456,512,513,-1,456,513,473,-1,473,513,514,-1,473,514,472,-1,470,472,515,-1,515,472,514,-1,470,515,468,-1,468,515,517,-1,468,517,466,-1,466,517,519,-1,466,519,464,-1,464,519,521,-1,464,521,462,-1,462,521,523,-1,462,523,460,-1,460,523,525,-1,527,528,577,-1,527,577,566,-1,566,577,587,-1,566,587,571,-1,571,587,586,-1,571,586,572,-1,572,586,585,-1,572,585,573,-1,573,585,584,-1,573,584,574,-1,574,584,583,-1,574,583,575,-1,459,458,570,-1,459,570,578,-1,578,570,569,-1,578,569,579,-1,579,569,568,-1,579,568,580,-1,580,568,567,-1,580,567,581,-1,581,567,576,-1,581,576,582,-1,582,576,575,-1,582,575,583,-1,372,371,431,-1,372,431,420,-1,420,431,441,-1,420,441,425,-1,425,441,440,-1,425,440,426,-1,426,440,439,-1,426,439,427,-1,427,439,438,-1,427,438,428,-1,428,438,437,-1,428,437,429,-1,328,329,424,-1,328,424,432,-1,432,424,423,-1,432,423,433,-1,433,423,422,-1,433,422,434,-1,434,422,421,-1,434,421,435,-1,435,421,430,-1,435,430,436,-1,436,430,429,-1,436,429,437,-1,588,589,590,-1,590,589,591,-1,592,593,594,-1,594,593,595,-1,594,595,596,-1,597,598,596,-1,596,598,599,-1,596,599,600,-1,596,601,602,-1,600,603,596,-1,596,603,604,-1,596,604,601,-1,602,605,596,-1,596,605,606,-1,596,606,594,-1,607,608,609,-1,607,609,610,-1,608,611,609,-1,609,611,612,-1,609,612,613,-1,614,615,616,-1,616,615,617,-1,616,617,609,-1,609,617,618,-1,609,618,610,-1,613,619,609,-1,609,619,620,-1,609,620,621,-1,615,614,622,-1,615,622,623,-1,623,622,624,-1,623,624,625,-1,625,624,626,-1,625,626,627,-1,627,626,628,-1,627,628,629,-1,629,628,630,-1,629,630,631,-1,632,631,633,-1,633,631,630,-1,632,633,634,-1,634,633,635,-1,634,635,636,-1,636,635,637,-1,636,637,638,-1,638,637,639,-1,638,639,640,-1,640,639,641,-1,640,641,642,-1,642,641,643,-1,644,642,645,-1,645,642,643,-1,644,645,646,-1,646,645,647,-1,646,647,648,-1,648,647,649,-1,650,648,651,-1,651,648,649,-1,650,651,652,-1,650,652,653,-1,653,652,654,-1,653,654,655,-1,655,654,656,-1,655,656,657,-1,658,657,659,-1,659,657,656,-1,658,659,660,-1,658,660,661,-1,661,660,662,-1,661,662,663,-1,663,662,664,-1,663,664,665,-1,665,664,666,-1,665,666,667,-1,667,666,668,-1,668,666,669,-1,668,669,670,-1,670,669,671,-1,670,671,672,-1,672,671,673,-1,672,673,674,-1,674,673,675,-1,674,675,588,-1,588,675,589,-1,676,677,678,-1,678,677,679,-1,680,676,681,-1,681,676,678,-1,680,681,682,-1,680,682,683,-1,683,682,684,-1,683,684,685,-1,685,684,686,-1,685,686,687,-1,687,686,688,-1,687,688,689,-1,689,688,690,-1,689,690,691,-1,691,690,692,-1,692,690,693,-1,692,693,694,-1,694,693,695,-1,694,695,696,-1,696,695,697,-1,696,697,698,-1,698,697,699,-1,700,698,701,-1,701,698,699,-1,700,701,702,-1,702,701,703,-1,702,703,704,-1,704,703,705,-1,704,705,706,-1,706,705,707,-1,708,706,709,-1,709,706,707,-1,708,709,710,-1,708,710,711,-1,711,710,712,-1,711,712,713,-1,714,715,716,-1,714,716,717,-1,717,716,718,-1,717,718,719,-1,719,718,720,-1,719,720,721,-1,721,720,722,-1,721,722,723,-1,723,722,724,-1,723,724,725,-1,726,725,727,-1,727,725,724,-1,726,727,728,-1,728,727,729,-1,728,729,730,-1,730,729,731,-1,730,731,732,-1,732,731,733,-1,732,733,734,-1,734,733,735,-1,734,735,592,-1,592,735,593,-1,677,676,590,-1,590,676,680,-1,594,617,592,-1,592,617,615,-1,592,615,734,-1,734,615,623,-1,734,623,732,-1,732,623,625,-1,732,625,730,-1,730,625,627,-1,730,627,728,-1,728,627,629,-1,728,629,726,-1,726,629,631,-1,726,631,725,-1,725,631,632,-1,725,632,723,-1,723,632,634,-1,723,634,721,-1,721,634,636,-1,721,636,719,-1,719,636,638,-1,719,638,717,-1,717,638,640,-1,717,640,714,-1,714,640,642,-1,714,642,713,-1,713,642,644,-1,713,644,711,-1,711,644,646,-1,711,646,708,-1,708,646,648,-1,708,648,706,-1,706,648,650,-1,706,650,704,-1,704,650,653,-1,704,653,702,-1,702,653,655,-1,702,655,700,-1,700,655,657,-1,700,657,698,-1,698,657,658,-1,698,658,696,-1,696,658,661,-1,696,661,694,-1,694,661,663,-1,694,663,692,-1,692,663,665,-1,692,665,691,-1,691,665,667,-1,691,667,689,-1,689,667,668,-1,689,668,687,-1,687,668,670,-1,687,670,685,-1,685,670,672,-1,685,672,683,-1,683,672,674,-1,683,674,680,-1,680,674,588,-1,680,588,590,-1,681,678,679,-1,679,591,681,-1,681,591,589,-1,681,589,682,-1,682,589,675,-1,682,675,684,-1,684,675,673,-1,684,673,686,-1,686,673,671,-1,686,671,688,-1,688,671,669,-1,688,669,690,-1,690,669,666,-1,690,666,693,-1,693,666,664,-1,693,664,695,-1,695,664,662,-1,695,662,697,-1,697,662,660,-1,697,660,699,-1,699,660,659,-1,699,659,701,-1,701,659,656,-1,701,656,703,-1,703,656,654,-1,703,654,705,-1,705,654,652,-1,705,652,707,-1,707,652,651,-1,707,651,709,-1,709,651,649,-1,709,649,710,-1,710,649,647,-1,710,647,712,-1,712,647,645,-1,712,645,715,-1,715,645,643,-1,715,643,716,-1,716,643,641,-1,716,641,718,-1,718,641,639,-1,718,639,720,-1,720,639,637,-1,720,637,722,-1,722,637,635,-1,722,635,724,-1,724,635,633,-1,724,633,727,-1,727,633,630,-1,727,630,729,-1,729,630,628,-1,729,628,731,-1,731,628,626,-1,731,626,733,-1,733,626,624,-1,733,624,735,-1,735,624,622,-1,735,622,593,-1,593,622,614,-1,593,614,595,-1,595,614,616,-1,736,737,738,-1,738,737,739,-1,740,741,742,-1,742,741,743,-1,742,743,744,-1,745,746,744,-1,744,746,747,-1,744,747,748,-1,744,749,750,-1,748,751,744,-1,744,751,752,-1,744,752,749,-1,750,753,744,-1,744,753,754,-1,744,754,742,-1,755,756,757,-1,755,757,758,-1,756,759,757,-1,757,759,760,-1,757,760,761,-1,762,763,764,-1,764,763,765,-1,764,765,757,-1,757,765,766,-1,757,766,758,-1,761,767,757,-1,757,767,768,-1,757,768,769,-1,763,762,770,-1,770,762,771,-1,770,771,772,-1,772,771,773,-1,772,773,774,-1,774,773,775,-1,774,775,776,-1,776,775,777,-1,776,777,778,-1,778,777,779,-1,780,778,781,-1,781,778,779,-1,780,781,782,-1,780,782,783,-1,783,782,784,-1,783,784,785,-1,785,784,786,-1,785,786,787,-1,787,786,788,-1,787,788,789,-1,789,788,790,-1,789,790,791,-1,792,793,794,-1,792,794,795,-1,795,794,796,-1,795,796,797,-1,798,797,799,-1,799,797,796,-1,798,799,800,-1,800,799,801,-1,800,801,802,-1,802,801,803,-1,802,803,804,-1,804,803,805,-1,806,804,807,-1,807,804,805,-1,806,807,808,-1,808,807,809,-1,808,809,810,-1,810,809,811,-1,810,811,812,-1,812,811,813,-1,812,813,814,-1,814,813,815,-1,814,815,816,-1,814,816,817,-1,817,816,818,-1,817,818,819,-1,819,818,820,-1,819,820,821,-1,821,820,822,-1,821,822,823,-1,823,822,824,-1,823,824,825,-1,826,825,827,-1,827,825,824,-1,828,826,829,-1,829,826,827,-1,739,737,830,-1,830,737,831,-1,830,831,832,-1,832,831,833,-1,832,833,834,-1,834,833,835,-1,834,835,836,-1,836,835,837,-1,836,837,838,-1,838,837,839,-1,838,839,840,-1,838,840,841,-1,841,840,842,-1,841,842,843,-1,843,842,844,-1,843,844,845,-1,845,844,846,-1,845,846,847,-1,848,847,849,-1,849,847,846,-1,848,849,850,-1,848,850,851,-1,851,850,852,-1,851,852,853,-1,853,852,854,-1,853,854,855,-1,856,855,857,-1,857,855,854,-1,856,857,858,-1,858,857,859,-1,858,859,860,-1,860,859,861,-1,862,860,863,-1,863,860,861,-1,862,863,864,-1,864,863,865,-1,864,865,866,-1,866,865,867,-1,866,867,868,-1,868,867,869,-1,868,869,870,-1,870,869,871,-1,870,871,872,-1,872,871,873,-1,874,872,875,-1,875,872,873,-1,874,875,876,-1,874,876,877,-1,877,876,878,-1,877,878,879,-1,879,878,880,-1,879,880,881,-1,881,880,882,-1,881,882,883,-1,883,882,741,-1,883,741,740,-1,825,826,828,-1,742,765,740,-1,740,765,763,-1,740,763,883,-1,883,763,770,-1,883,770,881,-1,881,770,772,-1,881,772,879,-1,879,772,774,-1,879,774,877,-1,877,774,776,-1,877,776,874,-1,874,776,778,-1,874,778,872,-1,872,778,780,-1,872,780,870,-1,870,780,783,-1,870,783,868,-1,868,783,785,-1,868,785,866,-1,866,785,787,-1,866,787,864,-1,864,787,789,-1,864,789,862,-1,862,789,791,-1,862,791,860,-1,860,791,792,-1,860,792,858,-1,858,792,795,-1,858,795,856,-1,856,795,797,-1,856,797,855,-1,855,797,798,-1,855,798,853,-1,853,798,800,-1,853,800,851,-1,851,800,802,-1,851,802,848,-1,848,802,804,-1,848,804,847,-1,847,804,806,-1,847,806,845,-1,845,806,808,-1,845,808,843,-1,843,808,810,-1,843,810,841,-1,841,810,812,-1,841,812,838,-1,838,812,814,-1,838,814,836,-1,836,814,817,-1,836,817,834,-1,834,817,819,-1,834,819,832,-1,832,819,821,-1,832,821,830,-1,830,821,823,-1,830,823,739,-1,739,823,825,-1,739,825,738,-1,738,825,828,-1,829,827,736,-1,736,827,824,-1,764,743,762,-1,762,743,741,-1,762,741,771,-1,771,741,882,-1,771,882,773,-1,773,882,880,-1,773,880,775,-1,775,880,878,-1,775,878,777,-1,777,878,876,-1,777,876,779,-1,779,876,875,-1,779,875,781,-1,781,875,873,-1,781,873,782,-1,782,873,871,-1,782,871,784,-1,784,871,869,-1,784,869,786,-1,786,869,867,-1,786,867,788,-1,788,867,865,-1,788,865,790,-1,790,865,863,-1,790,863,793,-1,793,863,861,-1,793,861,794,-1,794,861,859,-1,794,859,796,-1,796,859,857,-1,796,857,799,-1,799,857,854,-1,799,854,801,-1,801,854,852,-1,801,852,803,-1,803,852,850,-1,803,850,805,-1,805,850,849,-1,805,849,807,-1,807,849,846,-1,807,846,809,-1,809,846,844,-1,809,844,811,-1,811,844,842,-1,811,842,813,-1,813,842,840,-1,813,840,815,-1,815,840,839,-1,815,839,816,-1,816,839,837,-1,816,837,818,-1,818,837,835,-1,818,835,820,-1,820,835,833,-1,820,833,822,-1,822,833,831,-1,822,831,824,-1,824,831,737,-1,824,737,736,-1,884,885,886,-1,886,885,887,-1,888,889,890,-1,891,892,893,-1,892,894,893,-1,893,894,895,-1,893,895,896,-1,890,897,888,-1,888,897,898,-1,888,898,893,-1,893,898,899,-1,893,899,891,-1,896,900,893,-1,893,900,901,-1,893,901,902,-1,903,904,905,-1,903,905,906,-1,904,907,905,-1,905,907,908,-1,905,908,909,-1,910,911,912,-1,912,911,913,-1,912,913,905,-1,905,913,914,-1,905,914,906,-1,909,915,905,-1,905,915,916,-1,905,916,917,-1,911,910,918,-1,911,918,919,-1,919,918,920,-1,919,920,921,-1,921,920,922,-1,921,922,923,-1,923,922,924,-1,923,924,925,-1,925,924,926,-1,925,926,927,-1,928,927,929,-1,929,927,926,-1,928,929,930,-1,930,929,931,-1,930,931,932,-1,932,931,933,-1,932,933,934,-1,934,933,935,-1,934,935,936,-1,936,935,937,-1,936,937,938,-1,938,937,939,-1,940,938,941,-1,941,938,939,-1,940,941,942,-1,942,941,943,-1,942,943,944,-1,944,943,945,-1,946,944,947,-1,947,944,945,-1,946,947,948,-1,946,948,949,-1,949,948,950,-1,949,950,951,-1,951,950,952,-1,951,952,953,-1,954,953,955,-1,955,953,952,-1,954,955,956,-1,954,956,957,-1,957,956,958,-1,957,958,959,-1,959,958,960,-1,959,960,961,-1,961,960,962,-1,961,962,963,-1,963,962,964,-1,964,962,965,-1,964,965,966,-1,966,965,967,-1,966,967,968,-1,968,967,969,-1,968,969,970,-1,970,969,971,-1,970,971,884,-1,884,971,885,-1,972,973,974,-1,974,973,975,-1,976,972,977,-1,977,972,974,-1,976,977,978,-1,976,978,979,-1,979,978,980,-1,979,980,981,-1,981,980,982,-1,981,982,983,-1,983,982,984,-1,983,984,985,-1,985,984,986,-1,985,986,987,-1,987,986,988,-1,988,986,989,-1,988,989,990,-1,990,989,991,-1,990,991,992,-1,992,991,993,-1,992,993,994,-1,994,993,995,-1,996,994,997,-1,997,994,995,-1,996,997,998,-1,998,997,999,-1,998,999,1000,-1,1000,999,1001,-1,1000,1001,1002,-1,1002,1001,1003,-1,1004,1002,1005,-1,1005,1002,1003,-1,1004,1005,1006,-1,1004,1006,1007,-1,1007,1006,1008,-1,1007,1008,1009,-1,1010,1011,1012,-1,1010,1012,1013,-1,1013,1012,1014,-1,1013,1014,1015,-1,1015,1014,1016,-1,1015,1016,1017,-1,1017,1016,1018,-1,1017,1018,1019,-1,1019,1018,1020,-1,1019,1020,1021,-1,1022,1021,1023,-1,1023,1021,1020,-1,1022,1023,1024,-1,1024,1023,1025,-1,1024,1025,1026,-1,1026,1025,1027,-1,1026,1027,1028,-1,1028,1027,1029,-1,1028,1029,1030,-1,1030,1029,1031,-1,1030,1031,889,-1,889,1031,890,-1,973,972,886,-1,886,972,976,-1,888,913,889,-1,889,913,911,-1,889,911,1030,-1,1030,911,919,-1,1030,919,1028,-1,1028,919,921,-1,1028,921,1026,-1,1026,921,923,-1,1026,923,1024,-1,1024,923,925,-1,1024,925,1022,-1,1022,925,927,-1,1022,927,1021,-1,1021,927,928,-1,1021,928,1019,-1,1019,928,930,-1,1019,930,1017,-1,1017,930,932,-1,1017,932,1015,-1,1015,932,934,-1,1015,934,1013,-1,1013,934,936,-1,1013,936,1010,-1,1010,936,938,-1,1010,938,1009,-1,1009,938,940,-1,1009,940,1007,-1,1007,940,942,-1,1007,942,1004,-1,1004,942,944,-1,1004,944,1002,-1,1002,944,946,-1,1002,946,1000,-1,1000,946,949,-1,1000,949,998,-1,998,949,951,-1,998,951,996,-1,996,951,953,-1,996,953,994,-1,994,953,954,-1,994,954,992,-1,992,954,957,-1,992,957,990,-1,990,957,959,-1,990,959,988,-1,988,959,961,-1,988,961,987,-1,987,961,963,-1,987,963,985,-1,985,963,964,-1,985,964,983,-1,983,964,966,-1,983,966,981,-1,981,966,968,-1,981,968,979,-1,979,968,970,-1,979,970,976,-1,976,970,884,-1,976,884,886,-1,977,974,975,-1,975,887,977,-1,977,887,885,-1,977,885,978,-1,978,885,971,-1,978,971,980,-1,980,971,969,-1,980,969,982,-1,982,969,967,-1,982,967,984,-1,984,967,965,-1,984,965,986,-1,986,965,962,-1,986,962,989,-1,989,962,960,-1,989,960,991,-1,991,960,958,-1,991,958,993,-1,993,958,956,-1,993,956,995,-1,995,956,955,-1,995,955,997,-1,997,955,952,-1,997,952,999,-1,999,952,950,-1,999,950,1001,-1,1001,950,948,-1,1001,948,1003,-1,1003,948,947,-1,1003,947,1005,-1,1005,947,945,-1,1005,945,1006,-1,1006,945,943,-1,1006,943,1008,-1,1008,943,941,-1,1008,941,1011,-1,1011,941,939,-1,1011,939,1012,-1,1012,939,937,-1,1012,937,1014,-1,1014,937,935,-1,1014,935,1016,-1,1016,935,933,-1,1016,933,1018,-1,1018,933,931,-1,1018,931,1020,-1,1020,931,929,-1,1020,929,1023,-1,1023,929,926,-1,1023,926,1025,-1,1025,926,924,-1,1025,924,1027,-1,1027,924,922,-1,1027,922,1029,-1,1029,922,920,-1,1029,920,1031,-1,1031,920,918,-1,1031,918,890,-1,890,918,910,-1,890,910,897,-1,897,910,912,-1,1032,1033,1034,-1,1034,1033,1035,-1,1036,1037,1038,-1,1039,1040,1041,-1,1040,1042,1041,-1,1041,1042,1043,-1,1041,1043,1044,-1,1038,1045,1036,-1,1036,1045,1046,-1,1036,1046,1041,-1,1041,1046,1047,-1,1041,1047,1039,-1,1044,1048,1041,-1,1041,1048,1049,-1,1041,1049,1050,-1,1051,1052,1053,-1,1051,1053,1054,-1,1052,1055,1053,-1,1053,1055,1056,-1,1053,1056,1057,-1,1058,1059,1060,-1,1060,1059,1061,-1,1060,1061,1053,-1,1053,1061,1062,-1,1053,1062,1054,-1,1057,1063,1053,-1,1053,1063,1064,-1,1053,1064,1065,-1,1059,1058,1066,-1,1066,1058,1067,-1,1066,1067,1068,-1,1068,1067,1069,-1,1068,1069,1070,-1,1070,1069,1071,-1,1070,1071,1072,-1,1072,1071,1073,-1,1072,1073,1074,-1,1074,1073,1075,-1,1076,1074,1077,-1,1077,1074,1075,-1,1076,1077,1078,-1,1076,1078,1079,-1,1079,1078,1080,-1,1079,1080,1081,-1,1081,1080,1082,-1,1081,1082,1083,-1,1083,1082,1084,-1,1083,1084,1085,-1,1085,1084,1086,-1,1085,1086,1087,-1,1088,1089,1090,-1,1088,1090,1091,-1,1091,1090,1092,-1,1091,1092,1093,-1,1094,1093,1095,-1,1095,1093,1092,-1,1094,1095,1096,-1,1096,1095,1097,-1,1096,1097,1098,-1,1098,1097,1099,-1,1098,1099,1100,-1,1100,1099,1101,-1,1102,1100,1103,-1,1103,1100,1101,-1,1102,1103,1104,-1,1104,1103,1105,-1,1104,1105,1106,-1,1106,1105,1107,-1,1106,1107,1108,-1,1108,1107,1109,-1,1108,1109,1110,-1,1110,1109,1111,-1,1110,1111,1112,-1,1110,1112,1113,-1,1113,1112,1114,-1,1113,1114,1115,-1,1115,1114,1116,-1,1115,1116,1117,-1,1117,1116,1118,-1,1117,1118,1119,-1,1119,1118,1120,-1,1119,1120,1121,-1,1122,1121,1123,-1,1123,1121,1120,-1,1124,1122,1125,-1,1125,1122,1123,-1,1035,1033,1126,-1,1126,1033,1127,-1,1126,1127,1128,-1,1128,1127,1129,-1,1128,1129,1130,-1,1130,1129,1131,-1,1130,1131,1132,-1,1132,1131,1133,-1,1132,1133,1134,-1,1134,1133,1135,-1,1134,1135,1136,-1,1134,1136,1137,-1,1137,1136,1138,-1,1137,1138,1139,-1,1139,1138,1140,-1,1139,1140,1141,-1,1141,1140,1142,-1,1141,1142,1143,-1,1144,1143,1145,-1,1145,1143,1142,-1,1144,1145,1146,-1,1144,1146,1147,-1,1147,1146,1148,-1,1147,1148,1149,-1,1149,1148,1150,-1,1149,1150,1151,-1,1152,1151,1153,-1,1153,1151,1150,-1,1152,1153,1154,-1,1154,1153,1155,-1,1154,1155,1156,-1,1156,1155,1157,-1,1158,1156,1159,-1,1159,1156,1157,-1,1158,1159,1160,-1,1160,1159,1161,-1,1160,1161,1162,-1,1162,1161,1163,-1,1162,1163,1164,-1,1164,1163,1165,-1,1164,1165,1166,-1,1166,1165,1167,-1,1166,1167,1168,-1,1168,1167,1169,-1,1170,1168,1171,-1,1171,1168,1169,-1,1170,1171,1172,-1,1170,1172,1173,-1,1173,1172,1174,-1,1173,1174,1175,-1,1175,1174,1176,-1,1175,1176,1177,-1,1177,1176,1178,-1,1177,1178,1179,-1,1179,1178,1038,-1,1179,1038,1037,-1,1121,1122,1124,-1,1036,1061,1037,-1,1037,1061,1059,-1,1037,1059,1179,-1,1179,1059,1066,-1,1179,1066,1177,-1,1177,1066,1068,-1,1177,1068,1175,-1,1175,1068,1070,-1,1175,1070,1173,-1,1173,1070,1072,-1,1173,1072,1170,-1,1170,1072,1074,-1,1170,1074,1168,-1,1168,1074,1076,-1,1168,1076,1166,-1,1166,1076,1079,-1,1166,1079,1164,-1,1164,1079,1081,-1,1164,1081,1162,-1,1162,1081,1083,-1,1162,1083,1160,-1,1160,1083,1085,-1,1160,1085,1158,-1,1158,1085,1087,-1,1158,1087,1156,-1,1156,1087,1088,-1,1156,1088,1154,-1,1154,1088,1091,-1,1154,1091,1152,-1,1152,1091,1093,-1,1152,1093,1151,-1,1151,1093,1094,-1,1151,1094,1149,-1,1149,1094,1096,-1,1149,1096,1147,-1,1147,1096,1098,-1,1147,1098,1144,-1,1144,1098,1100,-1,1144,1100,1143,-1,1143,1100,1102,-1,1143,1102,1141,-1,1141,1102,1104,-1,1141,1104,1139,-1,1139,1104,1106,-1,1139,1106,1137,-1,1137,1106,1108,-1,1137,1108,1134,-1,1134,1108,1110,-1,1134,1110,1132,-1,1132,1110,1113,-1,1132,1113,1130,-1,1130,1113,1115,-1,1130,1115,1128,-1,1128,1115,1117,-1,1128,1117,1126,-1,1126,1117,1119,-1,1126,1119,1035,-1,1035,1119,1121,-1,1035,1121,1034,-1,1034,1121,1124,-1,1125,1123,1032,-1,1032,1123,1120,-1,1060,1045,1058,-1,1058,1045,1038,-1,1058,1038,1067,-1,1067,1038,1178,-1,1067,1178,1069,-1,1069,1178,1176,-1,1069,1176,1071,-1,1071,1176,1174,-1,1071,1174,1073,-1,1073,1174,1172,-1,1073,1172,1075,-1,1075,1172,1171,-1,1075,1171,1077,-1,1077,1171,1169,-1,1077,1169,1078,-1,1078,1169,1167,-1,1078,1167,1080,-1,1080,1167,1165,-1,1080,1165,1082,-1,1082,1165,1163,-1,1082,1163,1084,-1,1084,1163,1161,-1,1084,1161,1086,-1,1086,1161,1159,-1,1086,1159,1089,-1,1089,1159,1157,-1,1089,1157,1090,-1,1090,1157,1155,-1,1090,1155,1092,-1,1092,1155,1153,-1,1092,1153,1095,-1,1095,1153,1150,-1,1095,1150,1097,-1,1097,1150,1148,-1,1097,1148,1099,-1,1099,1148,1146,-1,1099,1146,1101,-1,1101,1146,1145,-1,1101,1145,1103,-1,1103,1145,1142,-1,1103,1142,1105,-1,1105,1142,1140,-1,1105,1140,1107,-1,1107,1140,1138,-1,1107,1138,1109,-1,1109,1138,1136,-1,1109,1136,1111,-1,1111,1136,1135,-1,1111,1135,1112,-1,1112,1135,1133,-1,1112,1133,1114,-1,1114,1133,1131,-1,1114,1131,1116,-1,1116,1131,1129,-1,1116,1129,1118,-1,1118,1129,1127,-1,1118,1127,1120,-1,1120,1127,1033,-1,1120,1033,1032,-1,1180,1181,1182,-1,1182,1181,1183,-1,1184,1185,1186,-1,1186,1185,1187,-1,1186,1187,1188,-1,1189,1190,1188,-1,1188,1190,1191,-1,1188,1191,1192,-1,1188,1193,1194,-1,1192,1195,1188,-1,1188,1195,1196,-1,1188,1196,1193,-1,1194,1197,1188,-1,1188,1197,1198,-1,1188,1198,1186,-1,1199,1200,1201,-1,1199,1201,1202,-1,1200,1203,1201,-1,1201,1203,1204,-1,1201,1204,1205,-1,1206,1207,1208,-1,1208,1207,1209,-1,1208,1209,1201,-1,1201,1209,1210,-1,1201,1210,1202,-1,1205,1211,1201,-1,1201,1211,1212,-1,1201,1212,1213,-1,1207,1206,1214,-1,1207,1214,1215,-1,1215,1214,1216,-1,1215,1216,1217,-1,1217,1216,1218,-1,1217,1218,1219,-1,1219,1218,1220,-1,1219,1220,1221,-1,1221,1220,1222,-1,1221,1222,1223,-1,1224,1223,1225,-1,1225,1223,1222,-1,1224,1225,1226,-1,1226,1225,1227,-1,1226,1227,1228,-1,1228,1227,1229,-1,1228,1229,1230,-1,1230,1229,1231,-1,1230,1231,1232,-1,1232,1231,1233,-1,1232,1233,1234,-1,1234,1233,1235,-1,1236,1234,1237,-1,1237,1234,1235,-1,1236,1237,1238,-1,1238,1237,1239,-1,1238,1239,1240,-1,1240,1239,1241,-1,1242,1240,1243,-1,1243,1240,1241,-1,1242,1243,1244,-1,1242,1244,1245,-1,1245,1244,1246,-1,1245,1246,1247,-1,1247,1246,1248,-1,1247,1248,1249,-1,1250,1249,1251,-1,1251,1249,1248,-1,1250,1251,1252,-1,1250,1252,1253,-1,1253,1252,1254,-1,1253,1254,1255,-1,1255,1254,1256,-1,1255,1256,1257,-1,1257,1256,1258,-1,1257,1258,1259,-1,1259,1258,1260,-1,1260,1258,1261,-1,1260,1261,1262,-1,1262,1261,1263,-1,1262,1263,1264,-1,1264,1263,1265,-1,1264,1265,1266,-1,1266,1265,1267,-1,1266,1267,1180,-1,1180,1267,1181,-1,1268,1269,1270,-1,1270,1269,1271,-1,1272,1268,1273,-1,1273,1268,1270,-1,1272,1273,1274,-1,1272,1274,1275,-1,1275,1274,1276,-1,1275,1276,1277,-1,1277,1276,1278,-1,1277,1278,1279,-1,1279,1278,1280,-1,1279,1280,1281,-1,1281,1280,1282,-1,1281,1282,1283,-1,1283,1282,1284,-1,1284,1282,1285,-1,1284,1285,1286,-1,1286,1285,1287,-1,1286,1287,1288,-1,1288,1287,1289,-1,1288,1289,1290,-1,1290,1289,1291,-1,1292,1290,1293,-1,1293,1290,1291,-1,1292,1293,1294,-1,1294,1293,1295,-1,1294,1295,1296,-1,1296,1295,1297,-1,1296,1297,1298,-1,1298,1297,1299,-1,1300,1298,1301,-1,1301,1298,1299,-1,1300,1301,1302,-1,1300,1302,1303,-1,1303,1302,1304,-1,1303,1304,1305,-1,1306,1307,1308,-1,1306,1308,1309,-1,1309,1308,1310,-1,1309,1310,1311,-1,1311,1310,1312,-1,1311,1312,1313,-1,1313,1312,1314,-1,1313,1314,1315,-1,1315,1314,1316,-1,1315,1316,1317,-1,1318,1317,1319,-1,1319,1317,1316,-1,1318,1319,1320,-1,1320,1319,1321,-1,1320,1321,1322,-1,1322,1321,1323,-1,1322,1323,1324,-1,1324,1323,1325,-1,1324,1325,1326,-1,1326,1325,1327,-1,1326,1327,1184,-1,1184,1327,1185,-1,1269,1268,1182,-1,1182,1268,1272,-1,1186,1209,1184,-1,1184,1209,1207,-1,1184,1207,1326,-1,1326,1207,1215,-1,1326,1215,1324,-1,1324,1215,1217,-1,1324,1217,1322,-1,1322,1217,1219,-1,1322,1219,1320,-1,1320,1219,1221,-1,1320,1221,1318,-1,1318,1221,1223,-1,1318,1223,1317,-1,1317,1223,1224,-1,1317,1224,1315,-1,1315,1224,1226,-1,1315,1226,1313,-1,1313,1226,1228,-1,1313,1228,1311,-1,1311,1228,1230,-1,1311,1230,1309,-1,1309,1230,1232,-1,1309,1232,1306,-1,1306,1232,1234,-1,1306,1234,1305,-1,1305,1234,1236,-1,1305,1236,1303,-1,1303,1236,1238,-1,1303,1238,1300,-1,1300,1238,1240,-1,1300,1240,1298,-1,1298,1240,1242,-1,1298,1242,1296,-1,1296,1242,1245,-1,1296,1245,1294,-1,1294,1245,1247,-1,1294,1247,1292,-1,1292,1247,1249,-1,1292,1249,1290,-1,1290,1249,1250,-1,1290,1250,1288,-1,1288,1250,1253,-1,1288,1253,1286,-1,1286,1253,1255,-1,1286,1255,1284,-1,1284,1255,1257,-1,1284,1257,1283,-1,1283,1257,1259,-1,1283,1259,1281,-1,1281,1259,1260,-1,1281,1260,1279,-1,1279,1260,1262,-1,1279,1262,1277,-1,1277,1262,1264,-1,1277,1264,1275,-1,1275,1264,1266,-1,1275,1266,1272,-1,1272,1266,1180,-1,1272,1180,1182,-1,1273,1270,1271,-1,1271,1183,1273,-1,1273,1183,1181,-1,1273,1181,1274,-1,1274,1181,1267,-1,1274,1267,1276,-1,1276,1267,1265,-1,1276,1265,1278,-1,1278,1265,1263,-1,1278,1263,1280,-1,1280,1263,1261,-1,1280,1261,1282,-1,1282,1261,1258,-1,1282,1258,1285,-1,1285,1258,1256,-1,1285,1256,1287,-1,1287,1256,1254,-1,1287,1254,1289,-1,1289,1254,1252,-1,1289,1252,1291,-1,1291,1252,1251,-1,1291,1251,1293,-1,1293,1251,1248,-1,1293,1248,1295,-1,1295,1248,1246,-1,1295,1246,1297,-1,1297,1246,1244,-1,1297,1244,1299,-1,1299,1244,1243,-1,1299,1243,1301,-1,1301,1243,1241,-1,1301,1241,1302,-1,1302,1241,1239,-1,1302,1239,1304,-1,1304,1239,1237,-1,1304,1237,1307,-1,1307,1237,1235,-1,1307,1235,1308,-1,1308,1235,1233,-1,1308,1233,1310,-1,1310,1233,1231,-1,1310,1231,1312,-1,1312,1231,1229,-1,1312,1229,1314,-1,1314,1229,1227,-1,1314,1227,1316,-1,1316,1227,1225,-1,1316,1225,1319,-1,1319,1225,1222,-1,1319,1222,1321,-1,1321,1222,1220,-1,1321,1220,1323,-1,1323,1220,1218,-1,1323,1218,1325,-1,1325,1218,1216,-1,1325,1216,1327,-1,1327,1216,1214,-1,1327,1214,1185,-1,1185,1214,1206,-1,1185,1206,1187,-1,1187,1206,1208,-1,1328,1329,1330,-1,1330,1329,1331,-1,1332,1333,1334,-1,1334,1333,1335,-1,1334,1335,1336,-1,1337,1338,1336,-1,1336,1338,1339,-1,1336,1339,1340,-1,1336,1341,1342,-1,1340,1343,1336,-1,1336,1343,1344,-1,1336,1344,1341,-1,1342,1345,1336,-1,1336,1345,1346,-1,1336,1346,1334,-1,1347,1348,1349,-1,1347,1349,1350,-1,1348,1351,1349,-1,1349,1351,1352,-1,1349,1352,1353,-1,1354,1355,1356,-1,1356,1355,1357,-1,1356,1357,1349,-1,1349,1357,1358,-1,1349,1358,1350,-1,1353,1359,1349,-1,1349,1359,1360,-1,1349,1360,1361,-1,1355,1354,1362,-1,1362,1354,1363,-1,1362,1363,1364,-1,1364,1363,1365,-1,1364,1365,1366,-1,1366,1365,1367,-1,1366,1367,1368,-1,1368,1367,1369,-1,1368,1369,1370,-1,1370,1369,1371,-1,1372,1370,1373,-1,1373,1370,1371,-1,1372,1373,1374,-1,1372,1374,1375,-1,1375,1374,1376,-1,1375,1376,1377,-1,1377,1376,1378,-1,1377,1378,1379,-1,1379,1378,1380,-1,1379,1380,1381,-1,1381,1380,1382,-1,1381,1382,1383,-1,1384,1385,1386,-1,1384,1386,1387,-1,1387,1386,1388,-1,1387,1388,1389,-1,1390,1389,1391,-1,1391,1389,1388,-1,1390,1391,1392,-1,1392,1391,1393,-1,1392,1393,1394,-1,1394,1393,1395,-1,1394,1395,1396,-1,1396,1395,1397,-1,1398,1396,1399,-1,1399,1396,1397,-1,1398,1399,1400,-1,1400,1399,1401,-1,1400,1401,1402,-1,1402,1401,1403,-1,1402,1403,1404,-1,1404,1403,1405,-1,1404,1405,1406,-1,1406,1405,1407,-1,1406,1407,1408,-1,1406,1408,1409,-1,1409,1408,1410,-1,1409,1410,1411,-1,1411,1410,1412,-1,1411,1412,1413,-1,1413,1412,1414,-1,1413,1414,1415,-1,1415,1414,1416,-1,1415,1416,1417,-1,1418,1417,1419,-1,1419,1417,1416,-1,1420,1418,1421,-1,1421,1418,1419,-1,1331,1329,1422,-1,1422,1329,1423,-1,1422,1423,1424,-1,1424,1423,1425,-1,1424,1425,1426,-1,1426,1425,1427,-1,1426,1427,1428,-1,1428,1427,1429,-1,1428,1429,1430,-1,1430,1429,1431,-1,1430,1431,1432,-1,1430,1432,1433,-1,1433,1432,1434,-1,1433,1434,1435,-1,1435,1434,1436,-1,1435,1436,1437,-1,1437,1436,1438,-1,1437,1438,1439,-1,1440,1439,1441,-1,1441,1439,1438,-1,1440,1441,1442,-1,1440,1442,1443,-1,1443,1442,1444,-1,1443,1444,1445,-1,1445,1444,1446,-1,1445,1446,1447,-1,1448,1447,1449,-1,1449,1447,1446,-1,1448,1449,1450,-1,1450,1449,1451,-1,1450,1451,1452,-1,1452,1451,1453,-1,1454,1452,1455,-1,1455,1452,1453,-1,1454,1455,1456,-1,1456,1455,1457,-1,1456,1457,1458,-1,1458,1457,1459,-1,1458,1459,1460,-1,1460,1459,1461,-1,1460,1461,1462,-1,1462,1461,1463,-1,1462,1463,1464,-1,1464,1463,1465,-1,1466,1464,1467,-1,1467,1464,1465,-1,1466,1467,1468,-1,1466,1468,1469,-1,1469,1468,1470,-1,1469,1470,1471,-1,1471,1470,1472,-1,1471,1472,1473,-1,1473,1472,1474,-1,1473,1474,1475,-1,1475,1474,1333,-1,1475,1333,1332,-1,1417,1418,1420,-1,1334,1357,1332,-1,1332,1357,1355,-1,1332,1355,1475,-1,1475,1355,1362,-1,1475,1362,1473,-1,1473,1362,1364,-1,1473,1364,1471,-1,1471,1364,1366,-1,1471,1366,1469,-1,1469,1366,1368,-1,1469,1368,1466,-1,1466,1368,1370,-1,1466,1370,1464,-1,1464,1370,1372,-1,1464,1372,1462,-1,1462,1372,1375,-1,1462,1375,1460,-1,1460,1375,1377,-1,1460,1377,1458,-1,1458,1377,1379,-1,1458,1379,1456,-1,1456,1379,1381,-1,1456,1381,1454,-1,1454,1381,1383,-1,1454,1383,1452,-1,1452,1383,1384,-1,1452,1384,1450,-1,1450,1384,1387,-1,1450,1387,1448,-1,1448,1387,1389,-1,1448,1389,1447,-1,1447,1389,1390,-1,1447,1390,1445,-1,1445,1390,1392,-1,1445,1392,1443,-1,1443,1392,1394,-1,1443,1394,1440,-1,1440,1394,1396,-1,1440,1396,1439,-1,1439,1396,1398,-1,1439,1398,1437,-1,1437,1398,1400,-1,1437,1400,1435,-1,1435,1400,1402,-1,1435,1402,1433,-1,1433,1402,1404,-1,1433,1404,1430,-1,1430,1404,1406,-1,1430,1406,1428,-1,1428,1406,1409,-1,1428,1409,1426,-1,1426,1409,1411,-1,1426,1411,1424,-1,1424,1411,1413,-1,1424,1413,1422,-1,1422,1413,1415,-1,1422,1415,1331,-1,1331,1415,1417,-1,1331,1417,1330,-1,1330,1417,1420,-1,1421,1419,1328,-1,1328,1419,1416,-1,1356,1335,1354,-1,1354,1335,1333,-1,1354,1333,1363,-1,1363,1333,1474,-1,1363,1474,1365,-1,1365,1474,1472,-1,1365,1472,1367,-1,1367,1472,1470,-1,1367,1470,1369,-1,1369,1470,1468,-1,1369,1468,1371,-1,1371,1468,1467,-1,1371,1467,1373,-1,1373,1467,1465,-1,1373,1465,1374,-1,1374,1465,1463,-1,1374,1463,1376,-1,1376,1463,1461,-1,1376,1461,1378,-1,1378,1461,1459,-1,1378,1459,1380,-1,1380,1459,1457,-1,1380,1457,1382,-1,1382,1457,1455,-1,1382,1455,1385,-1,1385,1455,1453,-1,1385,1453,1386,-1,1386,1453,1451,-1,1386,1451,1388,-1,1388,1451,1449,-1,1388,1449,1391,-1,1391,1449,1446,-1,1391,1446,1393,-1,1393,1446,1444,-1,1393,1444,1395,-1,1395,1444,1442,-1,1395,1442,1397,-1,1397,1442,1441,-1,1397,1441,1399,-1,1399,1441,1438,-1,1399,1438,1401,-1,1401,1438,1436,-1,1401,1436,1403,-1,1403,1436,1434,-1,1403,1434,1405,-1,1405,1434,1432,-1,1405,1432,1407,-1,1407,1432,1431,-1,1407,1431,1408,-1,1408,1431,1429,-1,1408,1429,1410,-1,1410,1429,1427,-1,1410,1427,1412,-1,1412,1427,1425,-1,1412,1425,1414,-1,1414,1425,1423,-1,1414,1423,1416,-1,1416,1423,1329,-1,1416,1329,1328,-1,1476,1477,1478,-1,1478,1477,1479,-1,1480,1481,1482,-1,1483,1484,1485,-1,1484,1486,1485,-1,1485,1486,1487,-1,1485,1487,1488,-1,1482,1489,1480,-1,1480,1489,1490,-1,1480,1490,1485,-1,1485,1490,1491,-1,1485,1491,1483,-1,1488,1492,1485,-1,1485,1492,1493,-1,1485,1493,1494,-1,1495,1496,1497,-1,1495,1497,1498,-1,1496,1499,1497,-1,1497,1499,1500,-1,1497,1500,1501,-1,1502,1503,1504,-1,1504,1503,1505,-1,1504,1505,1497,-1,1497,1505,1506,-1,1497,1506,1498,-1,1501,1507,1497,-1,1497,1507,1508,-1,1497,1508,1509,-1,1503,1502,1510,-1,1503,1510,1511,-1,1511,1510,1512,-1,1511,1512,1513,-1,1513,1512,1514,-1,1513,1514,1515,-1,1515,1514,1516,-1,1515,1516,1517,-1,1517,1516,1518,-1,1517,1518,1519,-1,1520,1519,1521,-1,1521,1519,1518,-1,1520,1521,1522,-1,1522,1521,1523,-1,1522,1523,1524,-1,1524,1523,1525,-1,1524,1525,1526,-1,1526,1525,1527,-1,1526,1527,1528,-1,1528,1527,1529,-1,1528,1529,1530,-1,1530,1529,1531,-1,1532,1530,1533,-1,1533,1530,1531,-1,1532,1533,1534,-1,1534,1533,1535,-1,1534,1535,1536,-1,1536,1535,1537,-1,1538,1536,1539,-1,1539,1536,1537,-1,1538,1539,1540,-1,1538,1540,1541,-1,1541,1540,1542,-1,1541,1542,1543,-1,1543,1542,1544,-1,1543,1544,1545,-1,1546,1545,1547,-1,1547,1545,1544,-1,1546,1547,1548,-1,1546,1548,1549,-1,1549,1548,1550,-1,1549,1550,1551,-1,1551,1550,1552,-1,1551,1552,1553,-1,1553,1552,1554,-1,1553,1554,1555,-1,1555,1554,1556,-1,1556,1554,1557,-1,1556,1557,1558,-1,1558,1557,1559,-1,1558,1559,1560,-1,1560,1559,1561,-1,1560,1561,1562,-1,1562,1561,1563,-1,1562,1563,1476,-1,1476,1563,1477,-1,1564,1565,1566,-1,1566,1565,1567,-1,1568,1564,1569,-1,1569,1564,1566,-1,1568,1569,1570,-1,1568,1570,1571,-1,1571,1570,1572,-1,1571,1572,1573,-1,1573,1572,1574,-1,1573,1574,1575,-1,1575,1574,1576,-1,1575,1576,1577,-1,1577,1576,1578,-1,1577,1578,1579,-1,1579,1578,1580,-1,1580,1578,1581,-1,1580,1581,1582,-1,1582,1581,1583,-1,1582,1583,1584,-1,1584,1583,1585,-1,1584,1585,1586,-1,1586,1585,1587,-1,1588,1586,1589,-1,1589,1586,1587,-1,1588,1589,1590,-1,1590,1589,1591,-1,1590,1591,1592,-1,1592,1591,1593,-1,1592,1593,1594,-1,1594,1593,1595,-1,1596,1594,1597,-1,1597,1594,1595,-1,1596,1597,1598,-1,1596,1598,1599,-1,1599,1598,1600,-1,1599,1600,1601,-1,1602,1603,1604,-1,1602,1604,1605,-1,1605,1604,1606,-1,1605,1606,1607,-1,1607,1606,1608,-1,1607,1608,1609,-1,1609,1608,1610,-1,1609,1610,1611,-1,1611,1610,1612,-1,1611,1612,1613,-1,1614,1613,1615,-1,1615,1613,1612,-1,1614,1615,1616,-1,1616,1615,1617,-1,1616,1617,1618,-1,1618,1617,1619,-1,1618,1619,1620,-1,1620,1619,1621,-1,1620,1621,1622,-1,1622,1621,1623,-1,1622,1623,1481,-1,1481,1623,1482,-1,1565,1564,1478,-1,1478,1564,1568,-1,1480,1505,1481,-1,1481,1505,1503,-1,1481,1503,1622,-1,1622,1503,1511,-1,1622,1511,1620,-1,1620,1511,1513,-1,1620,1513,1618,-1,1618,1513,1515,-1,1618,1515,1616,-1,1616,1515,1517,-1,1616,1517,1614,-1,1614,1517,1519,-1,1614,1519,1613,-1,1613,1519,1520,-1,1613,1520,1611,-1,1611,1520,1522,-1,1611,1522,1609,-1,1609,1522,1524,-1,1609,1524,1607,-1,1607,1524,1526,-1,1607,1526,1605,-1,1605,1526,1528,-1,1605,1528,1602,-1,1602,1528,1530,-1,1602,1530,1601,-1,1601,1530,1532,-1,1601,1532,1599,-1,1599,1532,1534,-1,1599,1534,1596,-1,1596,1534,1536,-1,1596,1536,1594,-1,1594,1536,1538,-1,1594,1538,1592,-1,1592,1538,1541,-1,1592,1541,1590,-1,1590,1541,1543,-1,1590,1543,1588,-1,1588,1543,1545,-1,1588,1545,1586,-1,1586,1545,1546,-1,1586,1546,1584,-1,1584,1546,1549,-1,1584,1549,1582,-1,1582,1549,1551,-1,1582,1551,1580,-1,1580,1551,1553,-1,1580,1553,1579,-1,1579,1553,1555,-1,1579,1555,1577,-1,1577,1555,1556,-1,1577,1556,1575,-1,1575,1556,1558,-1,1575,1558,1573,-1,1573,1558,1560,-1,1573,1560,1571,-1,1571,1560,1562,-1,1571,1562,1568,-1,1568,1562,1476,-1,1568,1476,1478,-1,1569,1566,1567,-1,1567,1479,1569,-1,1569,1479,1477,-1,1569,1477,1570,-1,1570,1477,1563,-1,1570,1563,1572,-1,1572,1563,1561,-1,1572,1561,1574,-1,1574,1561,1559,-1,1574,1559,1576,-1,1576,1559,1557,-1,1576,1557,1578,-1,1578,1557,1554,-1,1578,1554,1581,-1,1581,1554,1552,-1,1581,1552,1583,-1,1583,1552,1550,-1,1583,1550,1585,-1,1585,1550,1548,-1,1585,1548,1587,-1,1587,1548,1547,-1,1587,1547,1589,-1,1589,1547,1544,-1,1589,1544,1591,-1,1591,1544,1542,-1,1591,1542,1593,-1,1593,1542,1540,-1,1593,1540,1595,-1,1595,1540,1539,-1,1595,1539,1597,-1,1597,1539,1537,-1,1597,1537,1598,-1,1598,1537,1535,-1,1598,1535,1600,-1,1600,1535,1533,-1,1600,1533,1603,-1,1603,1533,1531,-1,1603,1531,1604,-1,1604,1531,1529,-1,1604,1529,1606,-1,1606,1529,1527,-1,1606,1527,1608,-1,1608,1527,1525,-1,1608,1525,1610,-1,1610,1525,1523,-1,1610,1523,1612,-1,1612,1523,1521,-1,1612,1521,1615,-1,1615,1521,1518,-1,1615,1518,1617,-1,1617,1518,1516,-1,1617,1516,1619,-1,1619,1516,1514,-1,1619,1514,1621,-1,1621,1514,1512,-1,1621,1512,1623,-1,1623,1512,1510,-1,1623,1510,1482,-1,1482,1510,1502,-1,1482,1502,1489,-1,1489,1502,1504,-1,1624,1625,1626,-1,1626,1625,1627,-1,1628,1629,1630,-1,1631,1632,1633,-1,1632,1634,1633,-1,1633,1634,1635,-1,1633,1635,1636,-1,1630,1637,1628,-1,1628,1637,1638,-1,1628,1638,1633,-1,1633,1638,1639,-1,1633,1639,1631,-1,1636,1640,1633,-1,1633,1640,1641,-1,1633,1641,1642,-1,1643,1644,1645,-1,1643,1645,1646,-1,1644,1647,1645,-1,1645,1647,1648,-1,1645,1648,1649,-1,1650,1651,1652,-1,1652,1651,1653,-1,1652,1653,1645,-1,1645,1653,1654,-1,1645,1654,1646,-1,1649,1655,1645,-1,1645,1655,1656,-1,1645,1656,1657,-1,1651,1650,1658,-1,1658,1650,1659,-1,1658,1659,1660,-1,1660,1659,1661,-1,1660,1661,1662,-1,1662,1661,1663,-1,1662,1663,1664,-1,1664,1663,1665,-1,1664,1665,1666,-1,1666,1665,1667,-1,1668,1666,1669,-1,1669,1666,1667,-1,1668,1669,1670,-1,1668,1670,1671,-1,1671,1670,1672,-1,1671,1672,1673,-1,1673,1672,1674,-1,1673,1674,1675,-1,1675,1674,1676,-1,1675,1676,1677,-1,1677,1676,1678,-1,1677,1678,1679,-1,1680,1681,1682,-1,1680,1682,1683,-1,1683,1682,1684,-1,1683,1684,1685,-1,1686,1685,1687,-1,1687,1685,1684,-1,1686,1687,1688,-1,1688,1687,1689,-1,1688,1689,1690,-1,1690,1689,1691,-1,1690,1691,1692,-1,1692,1691,1693,-1,1694,1692,1695,-1,1695,1692,1693,-1,1694,1695,1696,-1,1696,1695,1697,-1,1696,1697,1698,-1,1698,1697,1699,-1,1698,1699,1700,-1,1700,1699,1701,-1,1700,1701,1702,-1,1702,1701,1703,-1,1702,1703,1704,-1,1702,1704,1705,-1,1705,1704,1706,-1,1705,1706,1707,-1,1707,1706,1708,-1,1707,1708,1709,-1,1709,1708,1710,-1,1709,1710,1711,-1,1711,1710,1712,-1,1711,1712,1713,-1,1714,1713,1715,-1,1715,1713,1712,-1,1716,1714,1717,-1,1717,1714,1715,-1,1627,1625,1718,-1,1718,1625,1719,-1,1718,1719,1720,-1,1720,1719,1721,-1,1720,1721,1722,-1,1722,1721,1723,-1,1722,1723,1724,-1,1724,1723,1725,-1,1724,1725,1726,-1,1726,1725,1727,-1,1726,1727,1728,-1,1726,1728,1729,-1,1729,1728,1730,-1,1729,1730,1731,-1,1731,1730,1732,-1,1731,1732,1733,-1,1733,1732,1734,-1,1733,1734,1735,-1,1736,1735,1737,-1,1737,1735,1734,-1,1736,1737,1738,-1,1736,1738,1739,-1,1739,1738,1740,-1,1739,1740,1741,-1,1741,1740,1742,-1,1741,1742,1743,-1,1744,1743,1745,-1,1745,1743,1742,-1,1744,1745,1746,-1,1746,1745,1747,-1,1746,1747,1748,-1,1748,1747,1749,-1,1750,1748,1751,-1,1751,1748,1749,-1,1750,1751,1752,-1,1752,1751,1753,-1,1752,1753,1754,-1,1754,1753,1755,-1,1754,1755,1756,-1,1756,1755,1757,-1,1756,1757,1758,-1,1758,1757,1759,-1,1758,1759,1760,-1,1760,1759,1761,-1,1762,1760,1763,-1,1763,1760,1761,-1,1762,1763,1764,-1,1762,1764,1765,-1,1765,1764,1766,-1,1765,1766,1767,-1,1767,1766,1768,-1,1767,1768,1769,-1,1769,1768,1770,-1,1769,1770,1771,-1,1771,1770,1630,-1,1771,1630,1629,-1,1713,1714,1716,-1,1628,1653,1629,-1,1629,1653,1651,-1,1629,1651,1771,-1,1771,1651,1658,-1,1771,1658,1769,-1,1769,1658,1660,-1,1769,1660,1767,-1,1767,1660,1662,-1,1767,1662,1765,-1,1765,1662,1664,-1,1765,1664,1762,-1,1762,1664,1666,-1,1762,1666,1760,-1,1760,1666,1668,-1,1760,1668,1758,-1,1758,1668,1671,-1,1758,1671,1756,-1,1756,1671,1673,-1,1756,1673,1754,-1,1754,1673,1675,-1,1754,1675,1752,-1,1752,1675,1677,-1,1752,1677,1750,-1,1750,1677,1679,-1,1750,1679,1748,-1,1748,1679,1680,-1,1748,1680,1746,-1,1746,1680,1683,-1,1746,1683,1744,-1,1744,1683,1685,-1,1744,1685,1743,-1,1743,1685,1686,-1,1743,1686,1741,-1,1741,1686,1688,-1,1741,1688,1739,-1,1739,1688,1690,-1,1739,1690,1736,-1,1736,1690,1692,-1,1736,1692,1735,-1,1735,1692,1694,-1,1735,1694,1733,-1,1733,1694,1696,-1,1733,1696,1731,-1,1731,1696,1698,-1,1731,1698,1729,-1,1729,1698,1700,-1,1729,1700,1726,-1,1726,1700,1702,-1,1726,1702,1724,-1,1724,1702,1705,-1,1724,1705,1722,-1,1722,1705,1707,-1,1722,1707,1720,-1,1720,1707,1709,-1,1720,1709,1718,-1,1718,1709,1711,-1,1718,1711,1627,-1,1627,1711,1713,-1,1627,1713,1626,-1,1626,1713,1716,-1,1717,1715,1624,-1,1624,1715,1712,-1,1652,1637,1650,-1,1650,1637,1630,-1,1650,1630,1659,-1,1659,1630,1770,-1,1659,1770,1661,-1,1661,1770,1768,-1,1661,1768,1663,-1,1663,1768,1766,-1,1663,1766,1665,-1,1665,1766,1764,-1,1665,1764,1667,-1,1667,1764,1763,-1,1667,1763,1669,-1,1669,1763,1761,-1,1669,1761,1670,-1,1670,1761,1759,-1,1670,1759,1672,-1,1672,1759,1757,-1,1672,1757,1674,-1,1674,1757,1755,-1,1674,1755,1676,-1,1676,1755,1753,-1,1676,1753,1678,-1,1678,1753,1751,-1,1678,1751,1681,-1,1681,1751,1749,-1,1681,1749,1682,-1,1682,1749,1747,-1,1682,1747,1684,-1,1684,1747,1745,-1,1684,1745,1687,-1,1687,1745,1742,-1,1687,1742,1689,-1,1689,1742,1740,-1,1689,1740,1691,-1,1691,1740,1738,-1,1691,1738,1693,-1,1693,1738,1737,-1,1693,1737,1695,-1,1695,1737,1734,-1,1695,1734,1697,-1,1697,1734,1732,-1,1697,1732,1699,-1,1699,1732,1730,-1,1699,1730,1701,-1,1701,1730,1728,-1,1701,1728,1703,-1,1703,1728,1727,-1,1703,1727,1704,-1,1704,1727,1725,-1,1704,1725,1706,-1,1706,1725,1723,-1,1706,1723,1708,-1,1708,1723,1721,-1,1708,1721,1710,-1,1710,1721,1719,-1,1710,1719,1712,-1,1712,1719,1625,-1,1712,1625,1624,-1,1772,1773,1774,-1,1774,1773,1775,-1,1776,1777,1778,-1,1779,1780,1781,-1,1781,1780,1778,-1,1782,1783,1784,-1,1777,1785,1778,-1,1778,1785,1786,-1,1778,1786,1787,-1,1787,1788,1778,-1,1778,1788,1789,-1,1778,1789,1781,-1,1778,1790,1776,-1,1776,1790,1782,-1,1776,1782,1791,-1,1791,1782,1784,-1,1792,1793,1794,-1,1794,1793,1795,-1,1796,1794,1797,-1,1797,1794,1798,-1,1799,1800,1801,-1,1795,1802,1794,-1,1794,1802,1803,-1,1794,1803,1804,-1,1804,1805,1794,-1,1794,1805,1806,-1,1794,1806,1798,-1,1796,1797,1801,-1,1801,1797,1807,-1,1801,1807,1799,-1,1793,1792,1808,-1,1793,1808,1809,-1,1809,1808,1810,-1,1809,1810,1811,-1,1811,1810,1812,-1,1811,1812,1813,-1,1813,1812,1814,-1,1813,1814,1815,-1,1815,1814,1816,-1,1815,1816,1817,-1,1818,1817,1819,-1,1819,1817,1816,-1,1818,1819,1820,-1,1820,1819,1821,-1,1820,1821,1822,-1,1822,1821,1823,-1,1822,1823,1824,-1,1824,1823,1825,-1,1824,1825,1826,-1,1826,1825,1827,-1,1826,1827,1828,-1,1828,1827,1829,-1,1830,1828,1831,-1,1831,1828,1829,-1,1830,1831,1832,-1,1832,1831,1833,-1,1832,1833,1834,-1,1834,1833,1835,-1,1836,1834,1837,-1,1837,1834,1835,-1,1836,1837,1838,-1,1836,1838,1839,-1,1839,1838,1840,-1,1839,1840,1841,-1,1841,1840,1842,-1,1841,1842,1843,-1,1844,1843,1845,-1,1845,1843,1842,-1,1844,1845,1846,-1,1844,1846,1847,-1,1847,1846,1848,-1,1847,1848,1849,-1,1849,1848,1850,-1,1849,1850,1851,-1,1851,1850,1852,-1,1851,1852,1853,-1,1853,1852,1854,-1,1854,1852,1855,-1,1854,1855,1856,-1,1856,1855,1857,-1,1856,1857,1858,-1,1858,1857,1859,-1,1858,1859,1860,-1,1860,1859,1861,-1,1860,1861,1772,-1,1772,1861,1773,-1,1862,1863,1864,-1,1864,1863,1865,-1,1866,1862,1867,-1,1867,1862,1864,-1,1866,1867,1868,-1,1866,1868,1869,-1,1869,1868,1870,-1,1869,1870,1871,-1,1871,1870,1872,-1,1871,1872,1873,-1,1873,1872,1874,-1,1873,1874,1875,-1,1875,1874,1876,-1,1875,1876,1877,-1,1877,1876,1878,-1,1878,1876,1879,-1,1878,1879,1880,-1,1880,1879,1881,-1,1880,1881,1882,-1,1882,1881,1883,-1,1882,1883,1884,-1,1884,1883,1885,-1,1886,1884,1887,-1,1887,1884,1885,-1,1886,1887,1888,-1,1888,1887,1889,-1,1888,1889,1890,-1,1890,1889,1891,-1,1890,1891,1892,-1,1892,1891,1893,-1,1894,1892,1895,-1,1895,1892,1893,-1,1894,1895,1896,-1,1894,1896,1897,-1,1897,1896,1898,-1,1897,1898,1899,-1,1900,1901,1902,-1,1900,1902,1903,-1,1903,1902,1904,-1,1903,1904,1905,-1,1905,1904,1906,-1,1905,1906,1907,-1,1907,1906,1908,-1,1907,1908,1909,-1,1909,1908,1910,-1,1909,1910,1911,-1,1912,1911,1913,-1,1913,1911,1910,-1,1912,1913,1914,-1,1914,1913,1915,-1,1914,1915,1916,-1,1916,1915,1917,-1,1916,1917,1918,-1,1918,1917,1919,-1,1918,1919,1920,-1,1920,1919,1921,-1,1920,1921,1779,-1,1779,1921,1780,-1,1863,1862,1774,-1,1774,1862,1866,-1,1781,1795,1779,-1,1779,1795,1793,-1,1779,1793,1920,-1,1920,1793,1809,-1,1920,1809,1918,-1,1918,1809,1811,-1,1918,1811,1916,-1,1916,1811,1813,-1,1916,1813,1914,-1,1914,1813,1815,-1,1914,1815,1912,-1,1912,1815,1817,-1,1912,1817,1911,-1,1911,1817,1818,-1,1911,1818,1909,-1,1909,1818,1820,-1,1909,1820,1907,-1,1907,1820,1822,-1,1907,1822,1905,-1,1905,1822,1824,-1,1905,1824,1903,-1,1903,1824,1826,-1,1903,1826,1900,-1,1900,1826,1828,-1,1900,1828,1899,-1,1899,1828,1830,-1,1899,1830,1897,-1,1897,1830,1832,-1,1897,1832,1894,-1,1894,1832,1834,-1,1894,1834,1892,-1,1892,1834,1836,-1,1892,1836,1890,-1,1890,1836,1839,-1,1890,1839,1888,-1,1888,1839,1841,-1,1888,1841,1886,-1,1886,1841,1843,-1,1886,1843,1884,-1,1884,1843,1844,-1,1884,1844,1882,-1,1882,1844,1847,-1,1882,1847,1880,-1,1880,1847,1849,-1,1880,1849,1878,-1,1878,1849,1851,-1,1878,1851,1877,-1,1877,1851,1853,-1,1877,1853,1875,-1,1875,1853,1854,-1,1875,1854,1873,-1,1873,1854,1856,-1,1873,1856,1871,-1,1871,1856,1858,-1,1871,1858,1869,-1,1869,1858,1860,-1,1869,1860,1866,-1,1866,1860,1772,-1,1866,1772,1774,-1,1867,1864,1865,-1,1865,1775,1867,-1,1867,1775,1773,-1,1867,1773,1868,-1,1868,1773,1861,-1,1868,1861,1870,-1,1870,1861,1859,-1,1870,1859,1872,-1,1872,1859,1857,-1,1872,1857,1874,-1,1874,1857,1855,-1,1874,1855,1876,-1,1876,1855,1852,-1,1876,1852,1879,-1,1879,1852,1850,-1,1879,1850,1881,-1,1881,1850,1848,-1,1881,1848,1883,-1,1883,1848,1846,-1,1883,1846,1885,-1,1885,1846,1845,-1,1885,1845,1887,-1,1887,1845,1842,-1,1887,1842,1889,-1,1889,1842,1840,-1,1889,1840,1891,-1,1891,1840,1838,-1,1891,1838,1893,-1,1893,1838,1837,-1,1893,1837,1895,-1,1895,1837,1835,-1,1895,1835,1896,-1,1896,1835,1833,-1,1896,1833,1898,-1,1898,1833,1831,-1,1898,1831,1901,-1,1901,1831,1829,-1,1901,1829,1902,-1,1902,1829,1827,-1,1902,1827,1904,-1,1904,1827,1825,-1,1904,1825,1906,-1,1906,1825,1823,-1,1906,1823,1908,-1,1908,1823,1821,-1,1908,1821,1910,-1,1910,1821,1819,-1,1910,1819,1913,-1,1913,1819,1816,-1,1913,1816,1915,-1,1915,1816,1814,-1,1915,1814,1917,-1,1917,1814,1812,-1,1917,1812,1919,-1,1919,1812,1810,-1,1919,1810,1921,-1,1921,1810,1808,-1,1921,1808,1780,-1,1780,1808,1792,-1,1780,1792,1778,-1,1778,1792,1794,-1,1922,1923,1924,-1,1924,1923,1925,-1,1926,1927,1928,-1,1929,1930,1931,-1,1931,1930,1928,-1,1932,1933,1934,-1,1927,1935,1928,-1,1928,1935,1936,-1,1928,1936,1937,-1,1937,1938,1928,-1,1928,1938,1939,-1,1928,1939,1931,-1,1928,1940,1926,-1,1926,1940,1932,-1,1926,1932,1941,-1,1941,1932,1934,-1,1942,1943,1944,-1,1944,1943,1945,-1,1946,1944,1947,-1,1947,1944,1948,-1,1949,1950,1951,-1,1945,1952,1944,-1,1944,1952,1953,-1,1944,1953,1954,-1,1954,1955,1944,-1,1944,1955,1956,-1,1944,1956,1948,-1,1946,1947,1951,-1,1951,1947,1957,-1,1951,1957,1949,-1,1943,1942,1958,-1,1958,1942,1959,-1,1958,1959,1960,-1,1960,1959,1961,-1,1960,1961,1962,-1,1962,1961,1963,-1,1962,1963,1964,-1,1964,1963,1965,-1,1964,1965,1966,-1,1966,1965,1967,-1,1968,1966,1969,-1,1969,1966,1967,-1,1968,1969,1970,-1,1968,1970,1971,-1,1971,1970,1972,-1,1971,1972,1973,-1,1973,1972,1974,-1,1973,1974,1975,-1,1975,1974,1976,-1,1975,1976,1977,-1,1977,1976,1978,-1,1977,1978,1979,-1,1980,1981,1982,-1,1980,1982,1983,-1,1983,1982,1984,-1,1983,1984,1985,-1,1986,1985,1987,-1,1987,1985,1984,-1,1986,1987,1988,-1,1988,1987,1989,-1,1988,1989,1990,-1,1990,1989,1991,-1,1990,1991,1992,-1,1992,1991,1993,-1,1994,1992,1995,-1,1995,1992,1993,-1,1994,1995,1996,-1,1996,1995,1997,-1,1996,1997,1998,-1,1998,1997,1999,-1,1998,1999,2000,-1,2000,1999,2001,-1,2000,2001,2002,-1,2002,2001,2003,-1,2002,2003,2004,-1,2002,2004,2005,-1,2005,2004,2006,-1,2005,2006,2007,-1,2007,2006,2008,-1,2007,2008,2009,-1,2009,2008,2010,-1,2009,2010,2011,-1,2011,2010,2012,-1,2011,2012,2013,-1,2014,2013,2015,-1,2015,2013,2012,-1,2016,2014,2017,-1,2017,2014,2015,-1,1925,1923,2018,-1,2018,1923,2019,-1,2018,2019,2020,-1,2020,2019,2021,-1,2020,2021,2022,-1,2022,2021,2023,-1,2022,2023,2024,-1,2024,2023,2025,-1,2024,2025,2026,-1,2026,2025,2027,-1,2026,2027,2028,-1,2026,2028,2029,-1,2029,2028,2030,-1,2029,2030,2031,-1,2031,2030,2032,-1,2031,2032,2033,-1,2033,2032,2034,-1,2033,2034,2035,-1,2036,2035,2037,-1,2037,2035,2034,-1,2036,2037,2038,-1,2036,2038,2039,-1,2039,2038,2040,-1,2039,2040,2041,-1,2041,2040,2042,-1,2041,2042,2043,-1,2044,2043,2045,-1,2045,2043,2042,-1,2044,2045,2046,-1,2046,2045,2047,-1,2046,2047,2048,-1,2048,2047,2049,-1,2050,2048,2051,-1,2051,2048,2049,-1,2050,2051,2052,-1,2052,2051,2053,-1,2052,2053,2054,-1,2054,2053,2055,-1,2054,2055,2056,-1,2056,2055,2057,-1,2056,2057,2058,-1,2058,2057,2059,-1,2058,2059,2060,-1,2060,2059,2061,-1,2062,2060,2063,-1,2063,2060,2061,-1,2062,2063,2064,-1,2062,2064,2065,-1,2065,2064,2066,-1,2065,2066,2067,-1,2067,2066,2068,-1,2067,2068,2069,-1,2069,2068,2070,-1,2069,2070,2071,-1,2071,2070,1930,-1,2071,1930,1929,-1,2013,2014,2016,-1,1931,1945,1929,-1,1929,1945,1943,-1,1929,1943,2071,-1,2071,1943,1958,-1,2071,1958,2069,-1,2069,1958,1960,-1,2069,1960,2067,-1,2067,1960,1962,-1,2067,1962,2065,-1,2065,1962,1964,-1,2065,1964,2062,-1,2062,1964,1966,-1,2062,1966,2060,-1,2060,1966,1968,-1,2060,1968,2058,-1,2058,1968,1971,-1,2058,1971,2056,-1,2056,1971,1973,-1,2056,1973,2054,-1,2054,1973,1975,-1,2054,1975,2052,-1,2052,1975,1977,-1,2052,1977,2050,-1,2050,1977,1979,-1,2050,1979,2048,-1,2048,1979,1980,-1,2048,1980,2046,-1,2046,1980,1983,-1,2046,1983,2044,-1,2044,1983,1985,-1,2044,1985,2043,-1,2043,1985,1986,-1,2043,1986,2041,-1,2041,1986,1988,-1,2041,1988,2039,-1,2039,1988,1990,-1,2039,1990,2036,-1,2036,1990,1992,-1,2036,1992,2035,-1,2035,1992,1994,-1,2035,1994,2033,-1,2033,1994,1996,-1,2033,1996,2031,-1,2031,1996,1998,-1,2031,1998,2029,-1,2029,1998,2000,-1,2029,2000,2026,-1,2026,2000,2002,-1,2026,2002,2024,-1,2024,2002,2005,-1,2024,2005,2022,-1,2022,2005,2007,-1,2022,2007,2020,-1,2020,2007,2009,-1,2020,2009,2018,-1,2018,2009,2011,-1,2018,2011,1925,-1,1925,2011,2013,-1,1925,2013,1924,-1,1924,2013,2016,-1,2017,2015,1922,-1,1922,2015,2012,-1,1944,1928,1942,-1,1942,1928,1930,-1,1942,1930,1959,-1,1959,1930,2070,-1,1959,2070,1961,-1,1961,2070,2068,-1,1961,2068,1963,-1,1963,2068,2066,-1,1963,2066,1965,-1,1965,2066,2064,-1,1965,2064,1967,-1,1967,2064,2063,-1,1967,2063,1969,-1,1969,2063,2061,-1,1969,2061,1970,-1,1970,2061,2059,-1,1970,2059,1972,-1,1972,2059,2057,-1,1972,2057,1974,-1,1974,2057,2055,-1,1974,2055,1976,-1,1976,2055,2053,-1,1976,2053,1978,-1,1978,2053,2051,-1,1978,2051,1981,-1,1981,2051,2049,-1,1981,2049,1982,-1,1982,2049,2047,-1,1982,2047,1984,-1,1984,2047,2045,-1,1984,2045,1987,-1,1987,2045,2042,-1,1987,2042,1989,-1,1989,2042,2040,-1,1989,2040,1991,-1,1991,2040,2038,-1,1991,2038,1993,-1,1993,2038,2037,-1,1993,2037,1995,-1,1995,2037,2034,-1,1995,2034,1997,-1,1997,2034,2032,-1,1997,2032,1999,-1,1999,2032,2030,-1,1999,2030,2001,-1,2001,2030,2028,-1,2001,2028,2003,-1,2003,2028,2027,-1,2003,2027,2004,-1,2004,2027,2025,-1,2004,2025,2006,-1,2006,2025,2023,-1,2006,2023,2008,-1,2008,2023,2021,-1,2008,2021,2010,-1,2010,2021,2019,-1,2010,2019,2012,-1,2012,2019,1923,-1,2012,1923,1922,-1,2072,2073,2074,-1,2074,2073,2075,-1,2076,2077,2078,-1,2078,2077,2079,-1,2078,2079,2080,-1,2080,2079,2081,-1,2081,2079,2082,-1,2081,2082,2083,-1,2083,2084,2081,-1,2081,2084,2085,-1,2081,2085,2086,-1,2085,2087,2088,-1,2088,2089,2085,-1,2085,2089,2090,-1,2085,2090,2086,-1,2091,2092,2093,-1,2093,2092,2094,-1,2094,2095,2093,-1,2093,2095,2096,-1,2093,2096,2097,-1,2098,2099,2100,-1,2097,2101,2093,-1,2093,2101,2102,-1,2093,2102,2103,-1,2103,2104,2093,-1,2093,2104,2098,-1,2093,2098,2105,-1,2105,2098,2100,-1,2092,2091,2106,-1,2092,2106,2107,-1,2107,2106,2108,-1,2107,2108,2109,-1,2109,2108,2110,-1,2109,2110,2111,-1,2111,2110,2112,-1,2111,2112,2113,-1,2113,2112,2114,-1,2113,2114,2115,-1,2116,2115,2117,-1,2117,2115,2114,-1,2116,2117,2118,-1,2118,2117,2119,-1,2118,2119,2120,-1,2120,2119,2121,-1,2120,2121,2122,-1,2122,2121,2123,-1,2122,2123,2124,-1,2124,2123,2125,-1,2124,2125,2126,-1,2126,2125,2127,-1,2128,2126,2129,-1,2129,2126,2127,-1,2128,2129,2130,-1,2130,2129,2131,-1,2130,2131,2132,-1,2132,2131,2133,-1,2134,2132,2135,-1,2135,2132,2133,-1,2134,2135,2136,-1,2134,2136,2137,-1,2137,2136,2138,-1,2137,2138,2139,-1,2139,2138,2140,-1,2139,2140,2141,-1,2142,2141,2143,-1,2143,2141,2140,-1,2142,2143,2144,-1,2142,2144,2145,-1,2145,2144,2146,-1,2145,2146,2147,-1,2147,2146,2148,-1,2147,2148,2149,-1,2149,2148,2150,-1,2149,2150,2151,-1,2151,2150,2152,-1,2152,2150,2153,-1,2152,2153,2154,-1,2154,2153,2155,-1,2154,2155,2156,-1,2156,2155,2157,-1,2156,2157,2158,-1,2158,2157,2159,-1,2158,2159,2072,-1,2072,2159,2073,-1,2160,2161,2162,-1,2162,2161,2163,-1,2164,2160,2165,-1,2165,2160,2162,-1,2164,2165,2166,-1,2164,2166,2167,-1,2167,2166,2168,-1,2167,2168,2169,-1,2169,2168,2170,-1,2169,2170,2171,-1,2171,2170,2172,-1,2171,2172,2173,-1,2173,2172,2174,-1,2173,2174,2175,-1,2175,2174,2176,-1,2176,2174,2177,-1,2176,2177,2178,-1,2178,2177,2179,-1,2178,2179,2180,-1,2180,2179,2181,-1,2180,2181,2182,-1,2182,2181,2183,-1,2184,2182,2185,-1,2185,2182,2183,-1,2184,2185,2186,-1,2186,2185,2187,-1,2186,2187,2188,-1,2188,2187,2189,-1,2188,2189,2190,-1,2190,2189,2191,-1,2192,2190,2193,-1,2193,2190,2191,-1,2192,2193,2194,-1,2192,2194,2195,-1,2195,2194,2196,-1,2195,2196,2197,-1,2198,2199,2200,-1,2198,2200,2201,-1,2201,2200,2202,-1,2201,2202,2203,-1,2203,2202,2204,-1,2203,2204,2205,-1,2205,2204,2206,-1,2205,2206,2207,-1,2207,2206,2208,-1,2207,2208,2209,-1,2210,2209,2211,-1,2211,2209,2208,-1,2210,2211,2212,-1,2212,2211,2213,-1,2212,2213,2214,-1,2214,2213,2215,-1,2214,2215,2216,-1,2216,2215,2217,-1,2216,2217,2218,-1,2218,2217,2219,-1,2218,2219,2076,-1,2076,2219,2077,-1,2161,2160,2074,-1,2074,2160,2164,-1,2078,2094,2076,-1,2076,2094,2092,-1,2076,2092,2218,-1,2218,2092,2107,-1,2218,2107,2216,-1,2216,2107,2109,-1,2216,2109,2214,-1,2214,2109,2111,-1,2214,2111,2212,-1,2212,2111,2113,-1,2212,2113,2210,-1,2210,2113,2115,-1,2210,2115,2209,-1,2209,2115,2116,-1,2209,2116,2207,-1,2207,2116,2118,-1,2207,2118,2205,-1,2205,2118,2120,-1,2205,2120,2203,-1,2203,2120,2122,-1,2203,2122,2201,-1,2201,2122,2124,-1,2201,2124,2198,-1,2198,2124,2126,-1,2198,2126,2197,-1,2197,2126,2128,-1,2197,2128,2195,-1,2195,2128,2130,-1,2195,2130,2192,-1,2192,2130,2132,-1,2192,2132,2190,-1,2190,2132,2134,-1,2190,2134,2188,-1,2188,2134,2137,-1,2188,2137,2186,-1,2186,2137,2139,-1,2186,2139,2184,-1,2184,2139,2141,-1,2184,2141,2182,-1,2182,2141,2142,-1,2182,2142,2180,-1,2180,2142,2145,-1,2180,2145,2178,-1,2178,2145,2147,-1,2178,2147,2176,-1,2176,2147,2149,-1,2176,2149,2175,-1,2175,2149,2151,-1,2175,2151,2173,-1,2173,2151,2152,-1,2173,2152,2171,-1,2171,2152,2154,-1,2171,2154,2169,-1,2169,2154,2156,-1,2169,2156,2167,-1,2167,2156,2158,-1,2167,2158,2164,-1,2164,2158,2072,-1,2164,2072,2074,-1,2165,2162,2163,-1,2163,2075,2165,-1,2165,2075,2073,-1,2165,2073,2166,-1,2166,2073,2159,-1,2166,2159,2168,-1,2168,2159,2157,-1,2168,2157,2170,-1,2170,2157,2155,-1,2170,2155,2172,-1,2172,2155,2153,-1,2172,2153,2174,-1,2174,2153,2150,-1,2174,2150,2177,-1,2177,2150,2148,-1,2177,2148,2179,-1,2179,2148,2146,-1,2179,2146,2181,-1,2181,2146,2144,-1,2181,2144,2183,-1,2183,2144,2143,-1,2183,2143,2185,-1,2185,2143,2140,-1,2185,2140,2187,-1,2187,2140,2138,-1,2187,2138,2189,-1,2189,2138,2136,-1,2189,2136,2191,-1,2191,2136,2135,-1,2191,2135,2193,-1,2193,2135,2133,-1,2193,2133,2194,-1,2194,2133,2131,-1,2194,2131,2196,-1,2196,2131,2129,-1,2196,2129,2199,-1,2199,2129,2127,-1,2199,2127,2200,-1,2200,2127,2125,-1,2200,2125,2202,-1,2202,2125,2123,-1,2202,2123,2204,-1,2204,2123,2121,-1,2204,2121,2206,-1,2206,2121,2119,-1,2206,2119,2208,-1,2208,2119,2117,-1,2208,2117,2211,-1,2211,2117,2114,-1,2211,2114,2213,-1,2213,2114,2112,-1,2213,2112,2215,-1,2215,2112,2110,-1,2215,2110,2217,-1,2217,2110,2108,-1,2217,2108,2219,-1,2219,2108,2106,-1,2219,2106,2077,-1,2077,2106,2091,-1,2077,2091,2079,-1,2079,2091,2093,-1,2220,2221,2222,-1,2222,2221,2223,-1,2224,2225,2226,-1,2226,2225,2227,-1,2226,2227,2228,-1,2228,2227,2229,-1,2229,2227,2230,-1,2229,2230,2231,-1,2231,2232,2229,-1,2229,2232,2233,-1,2229,2233,2234,-1,2233,2235,2236,-1,2236,2237,2233,-1,2233,2237,2238,-1,2233,2238,2234,-1,2239,2240,2241,-1,2241,2240,2242,-1,2242,2243,2241,-1,2241,2243,2244,-1,2241,2244,2245,-1,2246,2247,2248,-1,2245,2249,2241,-1,2241,2249,2250,-1,2241,2250,2251,-1,2251,2252,2241,-1,2241,2252,2246,-1,2241,2246,2253,-1,2253,2246,2248,-1,2240,2239,2254,-1,2254,2239,2255,-1,2254,2255,2256,-1,2256,2255,2257,-1,2256,2257,2258,-1,2258,2257,2259,-1,2258,2259,2260,-1,2260,2259,2261,-1,2260,2261,2262,-1,2262,2261,2263,-1,2264,2262,2265,-1,2265,2262,2263,-1,2264,2265,2266,-1,2264,2266,2267,-1,2267,2266,2268,-1,2267,2268,2269,-1,2269,2268,2270,-1,2269,2270,2271,-1,2271,2270,2272,-1,2271,2272,2273,-1,2273,2272,2274,-1,2273,2274,2275,-1,2276,2277,2278,-1,2276,2278,2279,-1,2279,2278,2280,-1,2279,2280,2281,-1,2282,2281,2283,-1,2283,2281,2280,-1,2282,2283,2284,-1,2284,2283,2285,-1,2284,2285,2286,-1,2286,2285,2287,-1,2286,2287,2288,-1,2288,2287,2289,-1,2290,2288,2291,-1,2291,2288,2289,-1,2290,2291,2292,-1,2292,2291,2293,-1,2292,2293,2294,-1,2294,2293,2295,-1,2294,2295,2296,-1,2296,2295,2297,-1,2296,2297,2298,-1,2298,2297,2299,-1,2298,2299,2300,-1,2298,2300,2301,-1,2301,2300,2302,-1,2301,2302,2303,-1,2303,2302,2304,-1,2303,2304,2305,-1,2305,2304,2306,-1,2305,2306,2307,-1,2307,2306,2308,-1,2307,2308,2309,-1,2310,2309,2311,-1,2311,2309,2308,-1,2312,2310,2313,-1,2313,2310,2311,-1,2223,2221,2314,-1,2314,2221,2315,-1,2314,2315,2316,-1,2316,2315,2317,-1,2316,2317,2318,-1,2318,2317,2319,-1,2318,2319,2320,-1,2320,2319,2321,-1,2320,2321,2322,-1,2322,2321,2323,-1,2322,2323,2324,-1,2322,2324,2325,-1,2325,2324,2326,-1,2325,2326,2327,-1,2327,2326,2328,-1,2327,2328,2329,-1,2329,2328,2330,-1,2329,2330,2331,-1,2332,2331,2333,-1,2333,2331,2330,-1,2332,2333,2334,-1,2332,2334,2335,-1,2335,2334,2336,-1,2335,2336,2337,-1,2337,2336,2338,-1,2337,2338,2339,-1,2340,2339,2341,-1,2341,2339,2338,-1,2340,2341,2342,-1,2342,2341,2343,-1,2342,2343,2344,-1,2344,2343,2345,-1,2346,2344,2347,-1,2347,2344,2345,-1,2346,2347,2348,-1,2348,2347,2349,-1,2348,2349,2350,-1,2350,2349,2351,-1,2350,2351,2352,-1,2352,2351,2353,-1,2352,2353,2354,-1,2354,2353,2355,-1,2354,2355,2356,-1,2356,2355,2357,-1,2358,2356,2359,-1,2359,2356,2357,-1,2358,2359,2360,-1,2358,2360,2361,-1,2361,2360,2362,-1,2361,2362,2363,-1,2363,2362,2364,-1,2363,2364,2365,-1,2365,2364,2366,-1,2365,2366,2367,-1,2367,2366,2225,-1,2367,2225,2224,-1,2309,2310,2312,-1,2226,2242,2224,-1,2224,2242,2240,-1,2224,2240,2367,-1,2367,2240,2254,-1,2367,2254,2365,-1,2365,2254,2256,-1,2365,2256,2363,-1,2363,2256,2258,-1,2363,2258,2361,-1,2361,2258,2260,-1,2361,2260,2358,-1,2358,2260,2262,-1,2358,2262,2356,-1,2356,2262,2264,-1,2356,2264,2354,-1,2354,2264,2267,-1,2354,2267,2352,-1,2352,2267,2269,-1,2352,2269,2350,-1,2350,2269,2271,-1,2350,2271,2348,-1,2348,2271,2273,-1,2348,2273,2346,-1,2346,2273,2275,-1,2346,2275,2344,-1,2344,2275,2276,-1,2344,2276,2342,-1,2342,2276,2279,-1,2342,2279,2340,-1,2340,2279,2281,-1,2340,2281,2339,-1,2339,2281,2282,-1,2339,2282,2337,-1,2337,2282,2284,-1,2337,2284,2335,-1,2335,2284,2286,-1,2335,2286,2332,-1,2332,2286,2288,-1,2332,2288,2331,-1,2331,2288,2290,-1,2331,2290,2329,-1,2329,2290,2292,-1,2329,2292,2327,-1,2327,2292,2294,-1,2327,2294,2325,-1,2325,2294,2296,-1,2325,2296,2322,-1,2322,2296,2298,-1,2322,2298,2320,-1,2320,2298,2301,-1,2320,2301,2318,-1,2318,2301,2303,-1,2318,2303,2316,-1,2316,2303,2305,-1,2316,2305,2314,-1,2314,2305,2307,-1,2314,2307,2223,-1,2223,2307,2309,-1,2223,2309,2222,-1,2222,2309,2312,-1,2313,2311,2220,-1,2220,2311,2308,-1,2241,2227,2239,-1,2239,2227,2225,-1,2239,2225,2255,-1,2255,2225,2366,-1,2255,2366,2257,-1,2257,2366,2364,-1,2257,2364,2259,-1,2259,2364,2362,-1,2259,2362,2261,-1,2261,2362,2360,-1,2261,2360,2263,-1,2263,2360,2359,-1,2263,2359,2265,-1,2265,2359,2357,-1,2265,2357,2266,-1,2266,2357,2355,-1,2266,2355,2268,-1,2268,2355,2353,-1,2268,2353,2270,-1,2270,2353,2351,-1,2270,2351,2272,-1,2272,2351,2349,-1,2272,2349,2274,-1,2274,2349,2347,-1,2274,2347,2277,-1,2277,2347,2345,-1,2277,2345,2278,-1,2278,2345,2343,-1,2278,2343,2280,-1,2280,2343,2341,-1,2280,2341,2283,-1,2283,2341,2338,-1,2283,2338,2285,-1,2285,2338,2336,-1,2285,2336,2287,-1,2287,2336,2334,-1,2287,2334,2289,-1,2289,2334,2333,-1,2289,2333,2291,-1,2291,2333,2330,-1,2291,2330,2293,-1,2293,2330,2328,-1,2293,2328,2295,-1,2295,2328,2326,-1,2295,2326,2297,-1,2297,2326,2324,-1,2297,2324,2299,-1,2299,2324,2323,-1,2299,2323,2300,-1,2300,2323,2321,-1,2300,2321,2302,-1,2302,2321,2319,-1,2302,2319,2304,-1,2304,2319,2317,-1,2304,2317,2306,-1,2306,2317,2315,-1,2306,2315,2308,-1,2308,2315,2221,-1,2308,2221,2220,-1,2368,2369,2370,-1,2370,2369,2371,-1,2372,2373,2374,-1,2374,2373,2375,-1,2374,2375,2376,-1,2377,2378,2379,-1,2379,2378,2380,-1,2379,2380,2381,-1,2376,2382,2374,-1,2374,2382,2383,-1,2374,2383,2384,-1,2381,2385,2379,-1,2379,2385,2374,-1,2379,2374,2386,-1,2386,2374,2384,-1,2387,2388,2389,-1,2389,2388,2390,-1,2389,2390,2391,-1,2392,2393,2394,-1,2394,2395,2392,-1,2392,2395,2396,-1,2392,2396,2397,-1,2398,2399,2390,-1,2390,2399,2400,-1,2390,2400,2391,-1,2393,2392,2390,-1,2390,2392,2401,-1,2390,2401,2398,-1,2388,2387,2402,-1,2388,2402,2403,-1,2403,2402,2404,-1,2403,2404,2405,-1,2405,2404,2406,-1,2405,2406,2407,-1,2407,2406,2408,-1,2407,2408,2409,-1,2409,2408,2410,-1,2409,2410,2411,-1,2412,2411,2413,-1,2413,2411,2410,-1,2412,2413,2414,-1,2414,2413,2415,-1,2414,2415,2416,-1,2416,2415,2417,-1,2416,2417,2418,-1,2418,2417,2419,-1,2418,2419,2420,-1,2420,2419,2421,-1,2420,2421,2422,-1,2422,2421,2423,-1,2424,2422,2425,-1,2425,2422,2423,-1,2424,2425,2426,-1,2426,2425,2427,-1,2426,2427,2428,-1,2428,2427,2429,-1,2430,2428,2431,-1,2431,2428,2429,-1,2430,2431,2432,-1,2430,2432,2433,-1,2433,2432,2434,-1,2433,2434,2435,-1,2435,2434,2436,-1,2435,2436,2437,-1,2438,2437,2439,-1,2439,2437,2436,-1,2438,2439,2440,-1,2438,2440,2441,-1,2441,2440,2442,-1,2441,2442,2443,-1,2443,2442,2444,-1,2443,2444,2445,-1,2445,2444,2446,-1,2445,2446,2447,-1,2447,2446,2448,-1,2448,2446,2449,-1,2448,2449,2450,-1,2450,2449,2451,-1,2450,2451,2452,-1,2452,2451,2453,-1,2452,2453,2454,-1,2454,2453,2455,-1,2454,2455,2368,-1,2368,2455,2369,-1,2456,2457,2458,-1,2458,2457,2459,-1,2460,2456,2461,-1,2461,2456,2458,-1,2460,2461,2462,-1,2460,2462,2463,-1,2463,2462,2464,-1,2463,2464,2465,-1,2465,2464,2466,-1,2465,2466,2467,-1,2467,2466,2468,-1,2467,2468,2469,-1,2469,2468,2470,-1,2469,2470,2471,-1,2471,2470,2472,-1,2472,2470,2473,-1,2472,2473,2474,-1,2474,2473,2475,-1,2474,2475,2476,-1,2476,2475,2477,-1,2476,2477,2478,-1,2478,2477,2479,-1,2480,2478,2481,-1,2481,2478,2479,-1,2480,2481,2482,-1,2482,2481,2483,-1,2482,2483,2484,-1,2484,2483,2485,-1,2484,2485,2486,-1,2486,2485,2487,-1,2488,2486,2489,-1,2489,2486,2487,-1,2488,2489,2490,-1,2488,2490,2491,-1,2491,2490,2492,-1,2491,2492,2493,-1,2494,2495,2496,-1,2494,2496,2497,-1,2497,2496,2498,-1,2497,2498,2499,-1,2499,2498,2500,-1,2499,2500,2501,-1,2501,2500,2502,-1,2501,2502,2503,-1,2503,2502,2504,-1,2503,2504,2505,-1,2506,2505,2507,-1,2507,2505,2504,-1,2506,2507,2508,-1,2508,2507,2509,-1,2508,2509,2510,-1,2510,2509,2511,-1,2510,2511,2512,-1,2512,2511,2513,-1,2512,2513,2514,-1,2514,2513,2515,-1,2514,2515,2372,-1,2372,2515,2373,-1,2457,2456,2370,-1,2370,2456,2460,-1,2374,2390,2372,-1,2372,2390,2388,-1,2372,2388,2514,-1,2514,2388,2403,-1,2514,2403,2512,-1,2512,2403,2405,-1,2512,2405,2510,-1,2510,2405,2407,-1,2510,2407,2508,-1,2508,2407,2409,-1,2508,2409,2506,-1,2506,2409,2411,-1,2506,2411,2505,-1,2505,2411,2412,-1,2505,2412,2503,-1,2503,2412,2414,-1,2503,2414,2501,-1,2501,2414,2416,-1,2501,2416,2499,-1,2499,2416,2418,-1,2499,2418,2497,-1,2497,2418,2420,-1,2497,2420,2494,-1,2494,2420,2422,-1,2494,2422,2493,-1,2493,2422,2424,-1,2493,2424,2491,-1,2491,2424,2426,-1,2491,2426,2488,-1,2488,2426,2428,-1,2488,2428,2486,-1,2486,2428,2430,-1,2486,2430,2484,-1,2484,2430,2433,-1,2484,2433,2482,-1,2482,2433,2435,-1,2482,2435,2480,-1,2480,2435,2437,-1,2480,2437,2478,-1,2478,2437,2438,-1,2478,2438,2476,-1,2476,2438,2441,-1,2476,2441,2474,-1,2474,2441,2443,-1,2474,2443,2472,-1,2472,2443,2445,-1,2472,2445,2471,-1,2471,2445,2447,-1,2471,2447,2469,-1,2469,2447,2448,-1,2469,2448,2467,-1,2467,2448,2450,-1,2467,2450,2465,-1,2465,2450,2452,-1,2465,2452,2463,-1,2463,2452,2454,-1,2463,2454,2460,-1,2460,2454,2368,-1,2460,2368,2370,-1,2461,2458,2459,-1,2459,2371,2461,-1,2461,2371,2369,-1,2461,2369,2462,-1,2462,2369,2455,-1,2462,2455,2464,-1,2464,2455,2453,-1,2464,2453,2466,-1,2466,2453,2451,-1,2466,2451,2468,-1,2468,2451,2449,-1,2468,2449,2470,-1,2470,2449,2446,-1,2470,2446,2473,-1,2473,2446,2444,-1,2473,2444,2475,-1,2475,2444,2442,-1,2475,2442,2477,-1,2477,2442,2440,-1,2477,2440,2479,-1,2479,2440,2439,-1,2479,2439,2481,-1,2481,2439,2436,-1,2481,2436,2483,-1,2483,2436,2434,-1,2483,2434,2485,-1,2485,2434,2432,-1,2485,2432,2487,-1,2487,2432,2431,-1,2487,2431,2489,-1,2489,2431,2429,-1,2489,2429,2490,-1,2490,2429,2427,-1,2490,2427,2492,-1,2492,2427,2425,-1,2492,2425,2495,-1,2495,2425,2423,-1,2495,2423,2496,-1,2496,2423,2421,-1,2496,2421,2498,-1,2498,2421,2419,-1,2498,2419,2500,-1,2500,2419,2417,-1,2500,2417,2502,-1,2502,2417,2415,-1,2502,2415,2504,-1,2504,2415,2413,-1,2504,2413,2507,-1,2507,2413,2410,-1,2507,2410,2509,-1,2509,2410,2408,-1,2509,2408,2511,-1,2511,2408,2406,-1,2511,2406,2513,-1,2513,2406,2404,-1,2513,2404,2515,-1,2515,2404,2402,-1,2515,2402,2373,-1,2373,2402,2387,-1,2373,2387,2375,-1,2375,2387,2389,-1,2516,2517,2518,-1,2518,2517,2519,-1,2520,2521,2522,-1,2522,2521,2523,-1,2522,2523,2524,-1,2525,2526,2527,-1,2527,2526,2528,-1,2527,2528,2529,-1,2524,2530,2522,-1,2522,2530,2531,-1,2522,2531,2532,-1,2529,2533,2527,-1,2527,2533,2522,-1,2527,2522,2534,-1,2534,2522,2532,-1,2535,2536,2537,-1,2537,2536,2538,-1,2537,2538,2539,-1,2540,2541,2542,-1,2542,2543,2540,-1,2540,2543,2544,-1,2540,2544,2545,-1,2546,2547,2538,-1,2538,2547,2548,-1,2538,2548,2539,-1,2541,2540,2538,-1,2538,2540,2549,-1,2538,2549,2546,-1,2536,2535,2550,-1,2550,2535,2551,-1,2550,2551,2552,-1,2552,2551,2553,-1,2552,2553,2554,-1,2554,2553,2555,-1,2554,2555,2556,-1,2556,2555,2557,-1,2556,2557,2558,-1,2558,2557,2559,-1,2560,2558,2561,-1,2561,2558,2559,-1,2560,2561,2562,-1,2560,2562,2563,-1,2563,2562,2564,-1,2563,2564,2565,-1,2565,2564,2566,-1,2565,2566,2567,-1,2567,2566,2568,-1,2567,2568,2569,-1,2569,2568,2570,-1,2569,2570,2571,-1,2572,2573,2574,-1,2572,2574,2575,-1,2575,2574,2576,-1,2575,2576,2577,-1,2578,2577,2579,-1,2579,2577,2576,-1,2578,2579,2580,-1,2580,2579,2581,-1,2580,2581,2582,-1,2582,2581,2583,-1,2582,2583,2584,-1,2584,2583,2585,-1,2586,2584,2587,-1,2587,2584,2585,-1,2586,2587,2588,-1,2588,2587,2589,-1,2588,2589,2590,-1,2590,2589,2591,-1,2590,2591,2592,-1,2592,2591,2593,-1,2592,2593,2594,-1,2594,2593,2595,-1,2594,2595,2596,-1,2594,2596,2597,-1,2597,2596,2598,-1,2597,2598,2599,-1,2599,2598,2600,-1,2599,2600,2601,-1,2601,2600,2602,-1,2601,2602,2603,-1,2603,2602,2604,-1,2603,2604,2605,-1,2606,2605,2607,-1,2607,2605,2604,-1,2608,2606,2609,-1,2609,2606,2607,-1,2519,2517,2610,-1,2610,2517,2611,-1,2610,2611,2612,-1,2612,2611,2613,-1,2612,2613,2614,-1,2614,2613,2615,-1,2614,2615,2616,-1,2616,2615,2617,-1,2616,2617,2618,-1,2618,2617,2619,-1,2618,2619,2620,-1,2618,2620,2621,-1,2621,2620,2622,-1,2621,2622,2623,-1,2623,2622,2624,-1,2623,2624,2625,-1,2625,2624,2626,-1,2625,2626,2627,-1,2628,2627,2629,-1,2629,2627,2626,-1,2628,2629,2630,-1,2628,2630,2631,-1,2631,2630,2632,-1,2631,2632,2633,-1,2633,2632,2634,-1,2633,2634,2635,-1,2636,2635,2637,-1,2637,2635,2634,-1,2636,2637,2638,-1,2638,2637,2639,-1,2638,2639,2640,-1,2640,2639,2641,-1,2642,2640,2643,-1,2643,2640,2641,-1,2642,2643,2644,-1,2644,2643,2645,-1,2644,2645,2646,-1,2646,2645,2647,-1,2646,2647,2648,-1,2648,2647,2649,-1,2648,2649,2650,-1,2650,2649,2651,-1,2650,2651,2652,-1,2652,2651,2653,-1,2654,2652,2655,-1,2655,2652,2653,-1,2654,2655,2656,-1,2654,2656,2657,-1,2657,2656,2658,-1,2657,2658,2659,-1,2659,2658,2660,-1,2659,2660,2661,-1,2661,2660,2662,-1,2661,2662,2663,-1,2663,2662,2521,-1,2663,2521,2520,-1,2605,2606,2608,-1,2522,2538,2520,-1,2520,2538,2536,-1,2520,2536,2663,-1,2663,2536,2550,-1,2663,2550,2661,-1,2661,2550,2552,-1,2661,2552,2659,-1,2659,2552,2554,-1,2659,2554,2657,-1,2657,2554,2556,-1,2657,2556,2654,-1,2654,2556,2558,-1,2654,2558,2652,-1,2652,2558,2560,-1,2652,2560,2650,-1,2650,2560,2563,-1,2650,2563,2648,-1,2648,2563,2565,-1,2648,2565,2646,-1,2646,2565,2567,-1,2646,2567,2644,-1,2644,2567,2569,-1,2644,2569,2642,-1,2642,2569,2571,-1,2642,2571,2640,-1,2640,2571,2572,-1,2640,2572,2638,-1,2638,2572,2575,-1,2638,2575,2636,-1,2636,2575,2577,-1,2636,2577,2635,-1,2635,2577,2578,-1,2635,2578,2633,-1,2633,2578,2580,-1,2633,2580,2631,-1,2631,2580,2582,-1,2631,2582,2628,-1,2628,2582,2584,-1,2628,2584,2627,-1,2627,2584,2586,-1,2627,2586,2625,-1,2625,2586,2588,-1,2625,2588,2623,-1,2623,2588,2590,-1,2623,2590,2621,-1,2621,2590,2592,-1,2621,2592,2618,-1,2618,2592,2594,-1,2618,2594,2616,-1,2616,2594,2597,-1,2616,2597,2614,-1,2614,2597,2599,-1,2614,2599,2612,-1,2612,2599,2601,-1,2612,2601,2610,-1,2610,2601,2603,-1,2610,2603,2519,-1,2519,2603,2605,-1,2519,2605,2518,-1,2518,2605,2608,-1,2609,2607,2516,-1,2516,2607,2604,-1,2537,2523,2535,-1,2535,2523,2521,-1,2535,2521,2551,-1,2551,2521,2662,-1,2551,2662,2553,-1,2553,2662,2660,-1,2553,2660,2555,-1,2555,2660,2658,-1,2555,2658,2557,-1,2557,2658,2656,-1,2557,2656,2559,-1,2559,2656,2655,-1,2559,2655,2561,-1,2561,2655,2653,-1,2561,2653,2562,-1,2562,2653,2651,-1,2562,2651,2564,-1,2564,2651,2649,-1,2564,2649,2566,-1,2566,2649,2647,-1,2566,2647,2568,-1,2568,2647,2645,-1,2568,2645,2570,-1,2570,2645,2643,-1,2570,2643,2573,-1,2573,2643,2641,-1,2573,2641,2574,-1,2574,2641,2639,-1,2574,2639,2576,-1,2576,2639,2637,-1,2576,2637,2579,-1,2579,2637,2634,-1,2579,2634,2581,-1,2581,2634,2632,-1,2581,2632,2583,-1,2583,2632,2630,-1,2583,2630,2585,-1,2585,2630,2629,-1,2585,2629,2587,-1,2587,2629,2626,-1,2587,2626,2589,-1,2589,2626,2624,-1,2589,2624,2591,-1,2591,2624,2622,-1,2591,2622,2593,-1,2593,2622,2620,-1,2593,2620,2595,-1,2595,2620,2619,-1,2595,2619,2596,-1,2596,2619,2617,-1,2596,2617,2598,-1,2598,2617,2615,-1,2598,2615,2600,-1,2600,2615,2613,-1,2600,2613,2602,-1,2602,2613,2611,-1,2602,2611,2604,-1,2604,2611,2517,-1,2604,2517,2516,-1,2664,2665,2666,-1,2666,2665,2667,-1,2668,2669,2670,-1,2670,2669,2671,-1,2670,2671,2672,-1,2672,2673,2670,-1,2670,2673,2674,-1,2670,2674,2675,-1,2676,2677,2678,-1,2678,2677,2679,-1,2678,2679,2680,-1,2675,2681,2670,-1,2670,2681,2678,-1,2670,2678,2682,-1,2682,2678,2680,-1,2683,2684,2685,-1,2685,2684,2686,-1,2687,2688,2686,-1,2689,2690,2691,-1,2690,2692,2691,-1,2691,2692,2693,-1,2691,2693,2694,-1,2688,2695,2686,-1,2686,2695,2696,-1,2686,2696,2685,-1,2689,2691,2686,-1,2686,2691,2697,-1,2686,2697,2687,-1,2684,2683,2698,-1,2684,2698,2699,-1,2699,2698,2700,-1,2699,2700,2701,-1,2701,2700,2702,-1,2701,2702,2703,-1,2703,2702,2704,-1,2703,2704,2705,-1,2705,2704,2706,-1,2705,2706,2707,-1,2708,2707,2709,-1,2709,2707,2706,-1,2708,2709,2710,-1,2710,2709,2711,-1,2710,2711,2712,-1,2712,2711,2713,-1,2712,2713,2714,-1,2714,2713,2715,-1,2714,2715,2716,-1,2716,2715,2717,-1,2716,2717,2718,-1,2718,2717,2719,-1,2720,2718,2721,-1,2721,2718,2719,-1,2720,2721,2722,-1,2722,2721,2723,-1,2722,2723,2724,-1,2724,2723,2725,-1,2726,2724,2727,-1,2727,2724,2725,-1,2726,2727,2728,-1,2726,2728,2729,-1,2729,2728,2730,-1,2729,2730,2731,-1,2731,2730,2732,-1,2731,2732,2733,-1,2734,2733,2735,-1,2735,2733,2732,-1,2734,2735,2736,-1,2734,2736,2737,-1,2737,2736,2738,-1,2737,2738,2739,-1,2739,2738,2740,-1,2739,2740,2741,-1,2741,2740,2742,-1,2741,2742,2743,-1,2743,2742,2744,-1,2744,2742,2745,-1,2744,2745,2746,-1,2746,2745,2747,-1,2746,2747,2748,-1,2748,2747,2749,-1,2748,2749,2750,-1,2750,2749,2751,-1,2750,2751,2664,-1,2664,2751,2665,-1,2752,2753,2754,-1,2754,2753,2755,-1,2756,2752,2757,-1,2757,2752,2754,-1,2756,2757,2758,-1,2756,2758,2759,-1,2759,2758,2760,-1,2759,2760,2761,-1,2761,2760,2762,-1,2761,2762,2763,-1,2763,2762,2764,-1,2763,2764,2765,-1,2765,2764,2766,-1,2765,2766,2767,-1,2767,2766,2768,-1,2768,2766,2769,-1,2768,2769,2770,-1,2770,2769,2771,-1,2770,2771,2772,-1,2772,2771,2773,-1,2772,2773,2774,-1,2774,2773,2775,-1,2776,2774,2777,-1,2777,2774,2775,-1,2776,2777,2778,-1,2778,2777,2779,-1,2778,2779,2780,-1,2780,2779,2781,-1,2780,2781,2782,-1,2782,2781,2783,-1,2784,2782,2785,-1,2785,2782,2783,-1,2784,2785,2786,-1,2784,2786,2787,-1,2787,2786,2788,-1,2787,2788,2789,-1,2790,2791,2792,-1,2790,2792,2793,-1,2793,2792,2794,-1,2793,2794,2795,-1,2795,2794,2796,-1,2795,2796,2797,-1,2797,2796,2798,-1,2797,2798,2799,-1,2799,2798,2800,-1,2799,2800,2801,-1,2802,2801,2803,-1,2803,2801,2800,-1,2802,2803,2804,-1,2804,2803,2805,-1,2804,2805,2806,-1,2806,2805,2807,-1,2806,2807,2808,-1,2808,2807,2809,-1,2808,2809,2810,-1,2810,2809,2811,-1,2810,2811,2668,-1,2668,2811,2669,-1,2753,2752,2666,-1,2666,2752,2756,-1,2670,2686,2668,-1,2668,2686,2684,-1,2668,2684,2810,-1,2810,2684,2699,-1,2810,2699,2808,-1,2808,2699,2701,-1,2808,2701,2806,-1,2806,2701,2703,-1,2806,2703,2804,-1,2804,2703,2705,-1,2804,2705,2802,-1,2802,2705,2707,-1,2802,2707,2801,-1,2801,2707,2708,-1,2801,2708,2799,-1,2799,2708,2710,-1,2799,2710,2797,-1,2797,2710,2712,-1,2797,2712,2795,-1,2795,2712,2714,-1,2795,2714,2793,-1,2793,2714,2716,-1,2793,2716,2790,-1,2790,2716,2718,-1,2790,2718,2789,-1,2789,2718,2720,-1,2789,2720,2787,-1,2787,2720,2722,-1,2787,2722,2784,-1,2784,2722,2724,-1,2784,2724,2782,-1,2782,2724,2726,-1,2782,2726,2780,-1,2780,2726,2729,-1,2780,2729,2778,-1,2778,2729,2731,-1,2778,2731,2776,-1,2776,2731,2733,-1,2776,2733,2774,-1,2774,2733,2734,-1,2774,2734,2772,-1,2772,2734,2737,-1,2772,2737,2770,-1,2770,2737,2739,-1,2770,2739,2768,-1,2768,2739,2741,-1,2768,2741,2767,-1,2767,2741,2743,-1,2767,2743,2765,-1,2765,2743,2744,-1,2765,2744,2763,-1,2763,2744,2746,-1,2763,2746,2761,-1,2761,2746,2748,-1,2761,2748,2759,-1,2759,2748,2750,-1,2759,2750,2756,-1,2756,2750,2664,-1,2756,2664,2666,-1,2757,2754,2755,-1,2755,2667,2757,-1,2757,2667,2665,-1,2757,2665,2758,-1,2758,2665,2751,-1,2758,2751,2760,-1,2760,2751,2749,-1,2760,2749,2762,-1,2762,2749,2747,-1,2762,2747,2764,-1,2764,2747,2745,-1,2764,2745,2766,-1,2766,2745,2742,-1,2766,2742,2769,-1,2769,2742,2740,-1,2769,2740,2771,-1,2771,2740,2738,-1,2771,2738,2773,-1,2773,2738,2736,-1,2773,2736,2775,-1,2775,2736,2735,-1,2775,2735,2777,-1,2777,2735,2732,-1,2777,2732,2779,-1,2779,2732,2730,-1,2779,2730,2781,-1,2781,2730,2728,-1,2781,2728,2783,-1,2783,2728,2727,-1,2783,2727,2785,-1,2785,2727,2725,-1,2785,2725,2786,-1,2786,2725,2723,-1,2786,2723,2788,-1,2788,2723,2721,-1,2788,2721,2791,-1,2791,2721,2719,-1,2791,2719,2792,-1,2792,2719,2717,-1,2792,2717,2794,-1,2794,2717,2715,-1,2794,2715,2796,-1,2796,2715,2713,-1,2796,2713,2798,-1,2798,2713,2711,-1,2798,2711,2800,-1,2800,2711,2709,-1,2800,2709,2803,-1,2803,2709,2706,-1,2803,2706,2805,-1,2805,2706,2704,-1,2805,2704,2807,-1,2807,2704,2702,-1,2807,2702,2809,-1,2809,2702,2700,-1,2809,2700,2811,-1,2811,2700,2698,-1,2811,2698,2669,-1,2669,2698,2683,-1,2669,2683,2671,-1,2671,2683,2685,-1,2812,2813,2814,-1,2814,2813,2815,-1,2816,2817,2818,-1,2818,2817,2819,-1,2818,2819,2820,-1,2820,2821,2818,-1,2818,2821,2822,-1,2818,2822,2823,-1,2824,2825,2826,-1,2826,2825,2827,-1,2826,2827,2828,-1,2823,2829,2818,-1,2818,2829,2826,-1,2818,2826,2830,-1,2830,2826,2828,-1,2831,2832,2833,-1,2833,2832,2834,-1,2835,2836,2834,-1,2837,2838,2839,-1,2838,2840,2839,-1,2839,2840,2841,-1,2839,2841,2842,-1,2836,2843,2834,-1,2834,2843,2844,-1,2834,2844,2833,-1,2837,2839,2834,-1,2834,2839,2845,-1,2834,2845,2835,-1,2832,2831,2846,-1,2846,2831,2847,-1,2846,2847,2848,-1,2848,2847,2849,-1,2848,2849,2850,-1,2850,2849,2851,-1,2850,2851,2852,-1,2852,2851,2853,-1,2852,2853,2854,-1,2854,2853,2855,-1,2856,2854,2857,-1,2857,2854,2855,-1,2856,2857,2858,-1,2856,2858,2859,-1,2859,2858,2860,-1,2859,2860,2861,-1,2861,2860,2862,-1,2861,2862,2863,-1,2863,2862,2864,-1,2863,2864,2865,-1,2865,2864,2866,-1,2865,2866,2867,-1,2868,2869,2870,-1,2868,2870,2871,-1,2871,2870,2872,-1,2871,2872,2873,-1,2874,2873,2875,-1,2875,2873,2872,-1,2874,2875,2876,-1,2876,2875,2877,-1,2876,2877,2878,-1,2878,2877,2879,-1,2878,2879,2880,-1,2880,2879,2881,-1,2882,2880,2883,-1,2883,2880,2881,-1,2882,2883,2884,-1,2884,2883,2885,-1,2884,2885,2886,-1,2886,2885,2887,-1,2886,2887,2888,-1,2888,2887,2889,-1,2888,2889,2890,-1,2890,2889,2891,-1,2890,2891,2892,-1,2890,2892,2893,-1,2893,2892,2894,-1,2893,2894,2895,-1,2895,2894,2896,-1,2895,2896,2897,-1,2897,2896,2898,-1,2897,2898,2899,-1,2899,2898,2900,-1,2899,2900,2901,-1,2902,2901,2903,-1,2903,2901,2900,-1,2904,2902,2905,-1,2905,2902,2903,-1,2815,2813,2906,-1,2906,2813,2907,-1,2906,2907,2908,-1,2908,2907,2909,-1,2908,2909,2910,-1,2910,2909,2911,-1,2910,2911,2912,-1,2912,2911,2913,-1,2912,2913,2914,-1,2914,2913,2915,-1,2914,2915,2916,-1,2914,2916,2917,-1,2917,2916,2918,-1,2917,2918,2919,-1,2919,2918,2920,-1,2919,2920,2921,-1,2921,2920,2922,-1,2921,2922,2923,-1,2924,2923,2925,-1,2925,2923,2922,-1,2924,2925,2926,-1,2924,2926,2927,-1,2927,2926,2928,-1,2927,2928,2929,-1,2929,2928,2930,-1,2929,2930,2931,-1,2932,2931,2933,-1,2933,2931,2930,-1,2932,2933,2934,-1,2934,2933,2935,-1,2934,2935,2936,-1,2936,2935,2937,-1,2938,2936,2939,-1,2939,2936,2937,-1,2938,2939,2940,-1,2940,2939,2941,-1,2940,2941,2942,-1,2942,2941,2943,-1,2942,2943,2944,-1,2944,2943,2945,-1,2944,2945,2946,-1,2946,2945,2947,-1,2946,2947,2948,-1,2948,2947,2949,-1,2950,2948,2951,-1,2951,2948,2949,-1,2950,2951,2952,-1,2950,2952,2953,-1,2953,2952,2954,-1,2953,2954,2955,-1,2955,2954,2956,-1,2955,2956,2957,-1,2957,2956,2958,-1,2957,2958,2959,-1,2959,2958,2817,-1,2959,2817,2816,-1,2901,2902,2904,-1,2818,2834,2816,-1,2816,2834,2832,-1,2816,2832,2959,-1,2959,2832,2846,-1,2959,2846,2957,-1,2957,2846,2848,-1,2957,2848,2955,-1,2955,2848,2850,-1,2955,2850,2953,-1,2953,2850,2852,-1,2953,2852,2950,-1,2950,2852,2854,-1,2950,2854,2948,-1,2948,2854,2856,-1,2948,2856,2946,-1,2946,2856,2859,-1,2946,2859,2944,-1,2944,2859,2861,-1,2944,2861,2942,-1,2942,2861,2863,-1,2942,2863,2940,-1,2940,2863,2865,-1,2940,2865,2938,-1,2938,2865,2867,-1,2938,2867,2936,-1,2936,2867,2868,-1,2936,2868,2934,-1,2934,2868,2871,-1,2934,2871,2932,-1,2932,2871,2873,-1,2932,2873,2931,-1,2931,2873,2874,-1,2931,2874,2929,-1,2929,2874,2876,-1,2929,2876,2927,-1,2927,2876,2878,-1,2927,2878,2924,-1,2924,2878,2880,-1,2924,2880,2923,-1,2923,2880,2882,-1,2923,2882,2921,-1,2921,2882,2884,-1,2921,2884,2919,-1,2919,2884,2886,-1,2919,2886,2917,-1,2917,2886,2888,-1,2917,2888,2914,-1,2914,2888,2890,-1,2914,2890,2912,-1,2912,2890,2893,-1,2912,2893,2910,-1,2910,2893,2895,-1,2910,2895,2908,-1,2908,2895,2897,-1,2908,2897,2906,-1,2906,2897,2899,-1,2906,2899,2815,-1,2815,2899,2901,-1,2815,2901,2814,-1,2814,2901,2904,-1,2905,2903,2812,-1,2812,2903,2900,-1,2833,2819,2831,-1,2831,2819,2817,-1,2831,2817,2847,-1,2847,2817,2958,-1,2847,2958,2849,-1,2849,2958,2956,-1,2849,2956,2851,-1,2851,2956,2954,-1,2851,2954,2853,-1,2853,2954,2952,-1,2853,2952,2855,-1,2855,2952,2951,-1,2855,2951,2857,-1,2857,2951,2949,-1,2857,2949,2858,-1,2858,2949,2947,-1,2858,2947,2860,-1,2860,2947,2945,-1,2860,2945,2862,-1,2862,2945,2943,-1,2862,2943,2864,-1,2864,2943,2941,-1,2864,2941,2866,-1,2866,2941,2939,-1,2866,2939,2869,-1,2869,2939,2937,-1,2869,2937,2870,-1,2870,2937,2935,-1,2870,2935,2872,-1,2872,2935,2933,-1,2872,2933,2875,-1,2875,2933,2930,-1,2875,2930,2877,-1,2877,2930,2928,-1,2877,2928,2879,-1,2879,2928,2926,-1,2879,2926,2881,-1,2881,2926,2925,-1,2881,2925,2883,-1,2883,2925,2922,-1,2883,2922,2885,-1,2885,2922,2920,-1,2885,2920,2887,-1,2887,2920,2918,-1,2887,2918,2889,-1,2889,2918,2916,-1,2889,2916,2891,-1,2891,2916,2915,-1,2891,2915,2892,-1,2892,2915,2913,-1,2892,2913,2894,-1,2894,2913,2911,-1,2894,2911,2896,-1,2896,2911,2909,-1,2896,2909,2898,-1,2898,2909,2907,-1,2898,2907,2900,-1,2900,2907,2813,-1,2900,2813,2812,-1,2960,2961,2962,-1,2962,2961,2963,-1,2964,2965,2966,-1,2966,2965,2967,-1,2966,2967,2968,-1,2968,2967,2969,-1,2969,2967,2970,-1,2969,2970,2971,-1,2971,2972,2969,-1,2969,2972,2973,-1,2969,2973,2974,-1,2973,2975,2976,-1,2976,2977,2973,-1,2973,2977,2978,-1,2973,2978,2974,-1,2979,2980,2981,-1,2981,2980,2982,-1,2982,2983,2981,-1,2981,2983,2984,-1,2981,2984,2985,-1,2986,2987,2988,-1,2985,2989,2981,-1,2981,2989,2990,-1,2981,2990,2991,-1,2991,2992,2981,-1,2981,2992,2986,-1,2981,2986,2993,-1,2993,2986,2988,-1,2980,2979,2994,-1,2980,2994,2995,-1,2995,2994,2996,-1,2995,2996,2997,-1,2997,2996,2998,-1,2997,2998,2999,-1,2999,2998,3000,-1,2999,3000,3001,-1,3001,3000,3002,-1,3001,3002,3003,-1,3004,3003,3005,-1,3005,3003,3002,-1,3004,3005,3006,-1,3006,3005,3007,-1,3006,3007,3008,-1,3008,3007,3009,-1,3008,3009,3010,-1,3010,3009,3011,-1,3010,3011,3012,-1,3012,3011,3013,-1,3012,3013,3014,-1,3014,3013,3015,-1,3016,3014,3017,-1,3017,3014,3015,-1,3016,3017,3018,-1,3018,3017,3019,-1,3018,3019,3020,-1,3020,3019,3021,-1,3022,3020,3023,-1,3023,3020,3021,-1,3022,3023,3024,-1,3022,3024,3025,-1,3025,3024,3026,-1,3025,3026,3027,-1,3027,3026,3028,-1,3027,3028,3029,-1,3030,3029,3031,-1,3031,3029,3028,-1,3030,3031,3032,-1,3030,3032,3033,-1,3033,3032,3034,-1,3033,3034,3035,-1,3035,3034,3036,-1,3035,3036,3037,-1,3037,3036,3038,-1,3037,3038,3039,-1,3039,3038,3040,-1,3040,3038,3041,-1,3040,3041,3042,-1,3042,3041,3043,-1,3042,3043,3044,-1,3044,3043,3045,-1,3044,3045,3046,-1,3046,3045,3047,-1,3046,3047,2960,-1,2960,3047,2961,-1,3048,3049,3050,-1,3050,3049,3051,-1,3052,3048,3053,-1,3053,3048,3050,-1,3052,3053,3054,-1,3052,3054,3055,-1,3055,3054,3056,-1,3055,3056,3057,-1,3057,3056,3058,-1,3057,3058,3059,-1,3059,3058,3060,-1,3059,3060,3061,-1,3061,3060,3062,-1,3061,3062,3063,-1,3063,3062,3064,-1,3064,3062,3065,-1,3064,3065,3066,-1,3066,3065,3067,-1,3066,3067,3068,-1,3068,3067,3069,-1,3068,3069,3070,-1,3070,3069,3071,-1,3072,3070,3073,-1,3073,3070,3071,-1,3072,3073,3074,-1,3074,3073,3075,-1,3074,3075,3076,-1,3076,3075,3077,-1,3076,3077,3078,-1,3078,3077,3079,-1,3080,3078,3081,-1,3081,3078,3079,-1,3080,3081,3082,-1,3080,3082,3083,-1,3083,3082,3084,-1,3083,3084,3085,-1,3086,3087,3088,-1,3086,3088,3089,-1,3089,3088,3090,-1,3089,3090,3091,-1,3091,3090,3092,-1,3091,3092,3093,-1,3093,3092,3094,-1,3093,3094,3095,-1,3095,3094,3096,-1,3095,3096,3097,-1,3098,3097,3099,-1,3099,3097,3096,-1,3098,3099,3100,-1,3100,3099,3101,-1,3100,3101,3102,-1,3102,3101,3103,-1,3102,3103,3104,-1,3104,3103,3105,-1,3104,3105,3106,-1,3106,3105,3107,-1,3106,3107,2964,-1,2964,3107,2965,-1,3049,3048,2962,-1,2962,3048,3052,-1,2966,2982,2964,-1,2964,2982,2980,-1,2964,2980,3106,-1,3106,2980,2995,-1,3106,2995,3104,-1,3104,2995,2997,-1,3104,2997,3102,-1,3102,2997,2999,-1,3102,2999,3100,-1,3100,2999,3001,-1,3100,3001,3098,-1,3098,3001,3003,-1,3098,3003,3097,-1,3097,3003,3004,-1,3097,3004,3095,-1,3095,3004,3006,-1,3095,3006,3093,-1,3093,3006,3008,-1,3093,3008,3091,-1,3091,3008,3010,-1,3091,3010,3089,-1,3089,3010,3012,-1,3089,3012,3086,-1,3086,3012,3014,-1,3086,3014,3085,-1,3085,3014,3016,-1,3085,3016,3083,-1,3083,3016,3018,-1,3083,3018,3080,-1,3080,3018,3020,-1,3080,3020,3078,-1,3078,3020,3022,-1,3078,3022,3076,-1,3076,3022,3025,-1,3076,3025,3074,-1,3074,3025,3027,-1,3074,3027,3072,-1,3072,3027,3029,-1,3072,3029,3070,-1,3070,3029,3030,-1,3070,3030,3068,-1,3068,3030,3033,-1,3068,3033,3066,-1,3066,3033,3035,-1,3066,3035,3064,-1,3064,3035,3037,-1,3064,3037,3063,-1,3063,3037,3039,-1,3063,3039,3061,-1,3061,3039,3040,-1,3061,3040,3059,-1,3059,3040,3042,-1,3059,3042,3057,-1,3057,3042,3044,-1,3057,3044,3055,-1,3055,3044,3046,-1,3055,3046,3052,-1,3052,3046,2960,-1,3052,2960,2962,-1,3053,3050,3051,-1,3051,2963,3053,-1,3053,2963,2961,-1,3053,2961,3054,-1,3054,2961,3047,-1,3054,3047,3056,-1,3056,3047,3045,-1,3056,3045,3058,-1,3058,3045,3043,-1,3058,3043,3060,-1,3060,3043,3041,-1,3060,3041,3062,-1,3062,3041,3038,-1,3062,3038,3065,-1,3065,3038,3036,-1,3065,3036,3067,-1,3067,3036,3034,-1,3067,3034,3069,-1,3069,3034,3032,-1,3069,3032,3071,-1,3071,3032,3031,-1,3071,3031,3073,-1,3073,3031,3028,-1,3073,3028,3075,-1,3075,3028,3026,-1,3075,3026,3077,-1,3077,3026,3024,-1,3077,3024,3079,-1,3079,3024,3023,-1,3079,3023,3081,-1,3081,3023,3021,-1,3081,3021,3082,-1,3082,3021,3019,-1,3082,3019,3084,-1,3084,3019,3017,-1,3084,3017,3087,-1,3087,3017,3015,-1,3087,3015,3088,-1,3088,3015,3013,-1,3088,3013,3090,-1,3090,3013,3011,-1,3090,3011,3092,-1,3092,3011,3009,-1,3092,3009,3094,-1,3094,3009,3007,-1,3094,3007,3096,-1,3096,3007,3005,-1,3096,3005,3099,-1,3099,3005,3002,-1,3099,3002,3101,-1,3101,3002,3000,-1,3101,3000,3103,-1,3103,3000,2998,-1,3103,2998,3105,-1,3105,2998,2996,-1,3105,2996,3107,-1,3107,2996,2994,-1,3107,2994,2965,-1,2965,2994,2979,-1,2965,2979,2967,-1,2967,2979,2981,-1,3108,3109,3110,-1,3110,3109,3111,-1,3112,3113,3114,-1,3114,3113,3115,-1,3114,3115,3116,-1,3116,3115,3117,-1,3117,3115,3118,-1,3117,3118,3119,-1,3119,3120,3117,-1,3117,3120,3121,-1,3117,3121,3122,-1,3121,3123,3124,-1,3124,3125,3121,-1,3121,3125,3126,-1,3121,3126,3122,-1,3127,3128,3129,-1,3129,3128,3130,-1,3130,3131,3129,-1,3129,3131,3132,-1,3129,3132,3133,-1,3134,3135,3136,-1,3133,3137,3129,-1,3129,3137,3138,-1,3129,3138,3139,-1,3139,3140,3129,-1,3129,3140,3134,-1,3129,3134,3141,-1,3141,3134,3136,-1,3128,3127,3142,-1,3142,3127,3143,-1,3142,3143,3144,-1,3144,3143,3145,-1,3144,3145,3146,-1,3146,3145,3147,-1,3146,3147,3148,-1,3148,3147,3149,-1,3148,3149,3150,-1,3150,3149,3151,-1,3152,3150,3153,-1,3153,3150,3151,-1,3152,3153,3154,-1,3152,3154,3155,-1,3155,3154,3156,-1,3155,3156,3157,-1,3157,3156,3158,-1,3157,3158,3159,-1,3159,3158,3160,-1,3159,3160,3161,-1,3161,3160,3162,-1,3161,3162,3163,-1,3164,3165,3166,-1,3164,3166,3167,-1,3167,3166,3168,-1,3167,3168,3169,-1,3170,3169,3171,-1,3171,3169,3168,-1,3170,3171,3172,-1,3172,3171,3173,-1,3172,3173,3174,-1,3174,3173,3175,-1,3174,3175,3176,-1,3176,3175,3177,-1,3178,3176,3179,-1,3179,3176,3177,-1,3178,3179,3180,-1,3180,3179,3181,-1,3180,3181,3182,-1,3182,3181,3183,-1,3182,3183,3184,-1,3184,3183,3185,-1,3184,3185,3186,-1,3186,3185,3187,-1,3186,3187,3188,-1,3186,3188,3189,-1,3189,3188,3190,-1,3189,3190,3191,-1,3191,3190,3192,-1,3191,3192,3193,-1,3193,3192,3194,-1,3193,3194,3195,-1,3195,3194,3196,-1,3195,3196,3197,-1,3198,3197,3199,-1,3199,3197,3196,-1,3200,3198,3201,-1,3201,3198,3199,-1,3111,3109,3202,-1,3202,3109,3203,-1,3202,3203,3204,-1,3204,3203,3205,-1,3204,3205,3206,-1,3206,3205,3207,-1,3206,3207,3208,-1,3208,3207,3209,-1,3208,3209,3210,-1,3210,3209,3211,-1,3210,3211,3212,-1,3210,3212,3213,-1,3213,3212,3214,-1,3213,3214,3215,-1,3215,3214,3216,-1,3215,3216,3217,-1,3217,3216,3218,-1,3217,3218,3219,-1,3220,3219,3221,-1,3221,3219,3218,-1,3220,3221,3222,-1,3220,3222,3223,-1,3223,3222,3224,-1,3223,3224,3225,-1,3225,3224,3226,-1,3225,3226,3227,-1,3228,3227,3229,-1,3229,3227,3226,-1,3228,3229,3230,-1,3230,3229,3231,-1,3230,3231,3232,-1,3232,3231,3233,-1,3234,3232,3235,-1,3235,3232,3233,-1,3234,3235,3236,-1,3236,3235,3237,-1,3236,3237,3238,-1,3238,3237,3239,-1,3238,3239,3240,-1,3240,3239,3241,-1,3240,3241,3242,-1,3242,3241,3243,-1,3242,3243,3244,-1,3244,3243,3245,-1,3246,3244,3247,-1,3247,3244,3245,-1,3246,3247,3248,-1,3246,3248,3249,-1,3249,3248,3250,-1,3249,3250,3251,-1,3251,3250,3252,-1,3251,3252,3253,-1,3253,3252,3254,-1,3253,3254,3255,-1,3255,3254,3113,-1,3255,3113,3112,-1,3197,3198,3200,-1,3114,3130,3112,-1,3112,3130,3128,-1,3112,3128,3255,-1,3255,3128,3142,-1,3255,3142,3253,-1,3253,3142,3144,-1,3253,3144,3251,-1,3251,3144,3146,-1,3251,3146,3249,-1,3249,3146,3148,-1,3249,3148,3246,-1,3246,3148,3150,-1,3246,3150,3244,-1,3244,3150,3152,-1,3244,3152,3242,-1,3242,3152,3155,-1,3242,3155,3240,-1,3240,3155,3157,-1,3240,3157,3238,-1,3238,3157,3159,-1,3238,3159,3236,-1,3236,3159,3161,-1,3236,3161,3234,-1,3234,3161,3163,-1,3234,3163,3232,-1,3232,3163,3164,-1,3232,3164,3230,-1,3230,3164,3167,-1,3230,3167,3228,-1,3228,3167,3169,-1,3228,3169,3227,-1,3227,3169,3170,-1,3227,3170,3225,-1,3225,3170,3172,-1,3225,3172,3223,-1,3223,3172,3174,-1,3223,3174,3220,-1,3220,3174,3176,-1,3220,3176,3219,-1,3219,3176,3178,-1,3219,3178,3217,-1,3217,3178,3180,-1,3217,3180,3215,-1,3215,3180,3182,-1,3215,3182,3213,-1,3213,3182,3184,-1,3213,3184,3210,-1,3210,3184,3186,-1,3210,3186,3208,-1,3208,3186,3189,-1,3208,3189,3206,-1,3206,3189,3191,-1,3206,3191,3204,-1,3204,3191,3193,-1,3204,3193,3202,-1,3202,3193,3195,-1,3202,3195,3111,-1,3111,3195,3197,-1,3111,3197,3110,-1,3110,3197,3200,-1,3201,3199,3108,-1,3108,3199,3196,-1,3129,3115,3127,-1,3127,3115,3113,-1,3127,3113,3143,-1,3143,3113,3254,-1,3143,3254,3145,-1,3145,3254,3252,-1,3145,3252,3147,-1,3147,3252,3250,-1,3147,3250,3149,-1,3149,3250,3248,-1,3149,3248,3151,-1,3151,3248,3247,-1,3151,3247,3153,-1,3153,3247,3245,-1,3153,3245,3154,-1,3154,3245,3243,-1,3154,3243,3156,-1,3156,3243,3241,-1,3156,3241,3158,-1,3158,3241,3239,-1,3158,3239,3160,-1,3160,3239,3237,-1,3160,3237,3162,-1,3162,3237,3235,-1,3162,3235,3165,-1,3165,3235,3233,-1,3165,3233,3166,-1,3166,3233,3231,-1,3166,3231,3168,-1,3168,3231,3229,-1,3168,3229,3171,-1,3171,3229,3226,-1,3171,3226,3173,-1,3173,3226,3224,-1,3173,3224,3175,-1,3175,3224,3222,-1,3175,3222,3177,-1,3177,3222,3221,-1,3177,3221,3179,-1,3179,3221,3218,-1,3179,3218,3181,-1,3181,3218,3216,-1,3181,3216,3183,-1,3183,3216,3214,-1,3183,3214,3185,-1,3185,3214,3212,-1,3185,3212,3187,-1,3187,3212,3211,-1,3187,3211,3188,-1,3188,3211,3209,-1,3188,3209,3190,-1,3190,3209,3207,-1,3190,3207,3192,-1,3192,3207,3205,-1,3192,3205,3194,-1,3194,3205,3203,-1,3194,3203,3196,-1,3196,3203,3109,-1,3196,3109,3108,-1,3256,3257,3258,-1,3258,3257,3259,-1,3260,3261,3262,-1,3263,3264,3265,-1,3265,3264,3262,-1,3266,3267,3268,-1,3261,3269,3262,-1,3262,3269,3270,-1,3262,3270,3271,-1,3271,3272,3262,-1,3262,3272,3273,-1,3262,3273,3265,-1,3262,3274,3260,-1,3260,3274,3266,-1,3260,3266,3275,-1,3275,3266,3268,-1,3276,3277,3278,-1,3278,3277,3279,-1,3280,3278,3281,-1,3281,3278,3282,-1,3283,3284,3285,-1,3279,3286,3278,-1,3278,3286,3287,-1,3278,3287,3288,-1,3288,3289,3278,-1,3278,3289,3290,-1,3278,3290,3282,-1,3280,3281,3285,-1,3285,3281,3291,-1,3285,3291,3283,-1,3277,3276,3292,-1,3277,3292,3293,-1,3293,3292,3294,-1,3293,3294,3295,-1,3295,3294,3296,-1,3295,3296,3297,-1,3297,3296,3298,-1,3297,3298,3299,-1,3299,3298,3300,-1,3299,3300,3301,-1,3302,3301,3303,-1,3303,3301,3300,-1,3302,3303,3304,-1,3304,3303,3305,-1,3304,3305,3306,-1,3306,3305,3307,-1,3306,3307,3308,-1,3308,3307,3309,-1,3308,3309,3310,-1,3310,3309,3311,-1,3310,3311,3312,-1,3312,3311,3313,-1,3314,3312,3315,-1,3315,3312,3313,-1,3314,3315,3316,-1,3316,3315,3317,-1,3316,3317,3318,-1,3318,3317,3319,-1,3320,3318,3321,-1,3321,3318,3319,-1,3320,3321,3322,-1,3320,3322,3323,-1,3323,3322,3324,-1,3323,3324,3325,-1,3325,3324,3326,-1,3325,3326,3327,-1,3328,3327,3329,-1,3329,3327,3326,-1,3328,3329,3330,-1,3328,3330,3331,-1,3331,3330,3332,-1,3331,3332,3333,-1,3333,3332,3334,-1,3333,3334,3335,-1,3335,3334,3336,-1,3335,3336,3337,-1,3337,3336,3338,-1,3338,3336,3339,-1,3338,3339,3340,-1,3340,3339,3341,-1,3340,3341,3342,-1,3342,3341,3343,-1,3342,3343,3344,-1,3344,3343,3345,-1,3344,3345,3256,-1,3256,3345,3257,-1,3346,3347,3348,-1,3348,3347,3349,-1,3350,3346,3351,-1,3351,3346,3348,-1,3350,3351,3352,-1,3350,3352,3353,-1,3353,3352,3354,-1,3353,3354,3355,-1,3355,3354,3356,-1,3355,3356,3357,-1,3357,3356,3358,-1,3357,3358,3359,-1,3359,3358,3360,-1,3359,3360,3361,-1,3361,3360,3362,-1,3362,3360,3363,-1,3362,3363,3364,-1,3364,3363,3365,-1,3364,3365,3366,-1,3366,3365,3367,-1,3366,3367,3368,-1,3368,3367,3369,-1,3370,3368,3371,-1,3371,3368,3369,-1,3370,3371,3372,-1,3372,3371,3373,-1,3372,3373,3374,-1,3374,3373,3375,-1,3374,3375,3376,-1,3376,3375,3377,-1,3378,3376,3379,-1,3379,3376,3377,-1,3378,3379,3380,-1,3378,3380,3381,-1,3381,3380,3382,-1,3381,3382,3383,-1,3384,3385,3386,-1,3384,3386,3387,-1,3387,3386,3388,-1,3387,3388,3389,-1,3389,3388,3390,-1,3389,3390,3391,-1,3391,3390,3392,-1,3391,3392,3393,-1,3393,3392,3394,-1,3393,3394,3395,-1,3396,3395,3397,-1,3397,3395,3394,-1,3396,3397,3398,-1,3398,3397,3399,-1,3398,3399,3400,-1,3400,3399,3401,-1,3400,3401,3402,-1,3402,3401,3403,-1,3402,3403,3404,-1,3404,3403,3405,-1,3404,3405,3263,-1,3263,3405,3264,-1,3347,3346,3258,-1,3258,3346,3350,-1,3265,3279,3263,-1,3263,3279,3277,-1,3263,3277,3404,-1,3404,3277,3293,-1,3404,3293,3402,-1,3402,3293,3295,-1,3402,3295,3400,-1,3400,3295,3297,-1,3400,3297,3398,-1,3398,3297,3299,-1,3398,3299,3396,-1,3396,3299,3301,-1,3396,3301,3395,-1,3395,3301,3302,-1,3395,3302,3393,-1,3393,3302,3304,-1,3393,3304,3391,-1,3391,3304,3306,-1,3391,3306,3389,-1,3389,3306,3308,-1,3389,3308,3387,-1,3387,3308,3310,-1,3387,3310,3384,-1,3384,3310,3312,-1,3384,3312,3383,-1,3383,3312,3314,-1,3383,3314,3381,-1,3381,3314,3316,-1,3381,3316,3378,-1,3378,3316,3318,-1,3378,3318,3376,-1,3376,3318,3320,-1,3376,3320,3374,-1,3374,3320,3323,-1,3374,3323,3372,-1,3372,3323,3325,-1,3372,3325,3370,-1,3370,3325,3327,-1,3370,3327,3368,-1,3368,3327,3328,-1,3368,3328,3366,-1,3366,3328,3331,-1,3366,3331,3364,-1,3364,3331,3333,-1,3364,3333,3362,-1,3362,3333,3335,-1,3362,3335,3361,-1,3361,3335,3337,-1,3361,3337,3359,-1,3359,3337,3338,-1,3359,3338,3357,-1,3357,3338,3340,-1,3357,3340,3355,-1,3355,3340,3342,-1,3355,3342,3353,-1,3353,3342,3344,-1,3353,3344,3350,-1,3350,3344,3256,-1,3350,3256,3258,-1,3351,3348,3349,-1,3349,3259,3351,-1,3351,3259,3257,-1,3351,3257,3352,-1,3352,3257,3345,-1,3352,3345,3354,-1,3354,3345,3343,-1,3354,3343,3356,-1,3356,3343,3341,-1,3356,3341,3358,-1,3358,3341,3339,-1,3358,3339,3360,-1,3360,3339,3336,-1,3360,3336,3363,-1,3363,3336,3334,-1,3363,3334,3365,-1,3365,3334,3332,-1,3365,3332,3367,-1,3367,3332,3330,-1,3367,3330,3369,-1,3369,3330,3329,-1,3369,3329,3371,-1,3371,3329,3326,-1,3371,3326,3373,-1,3373,3326,3324,-1,3373,3324,3375,-1,3375,3324,3322,-1,3375,3322,3377,-1,3377,3322,3321,-1,3377,3321,3379,-1,3379,3321,3319,-1,3379,3319,3380,-1,3380,3319,3317,-1,3380,3317,3382,-1,3382,3317,3315,-1,3382,3315,3385,-1,3385,3315,3313,-1,3385,3313,3386,-1,3386,3313,3311,-1,3386,3311,3388,-1,3388,3311,3309,-1,3388,3309,3390,-1,3390,3309,3307,-1,3390,3307,3392,-1,3392,3307,3305,-1,3392,3305,3394,-1,3394,3305,3303,-1,3394,3303,3397,-1,3397,3303,3300,-1,3397,3300,3399,-1,3399,3300,3298,-1,3399,3298,3401,-1,3401,3298,3296,-1,3401,3296,3403,-1,3403,3296,3294,-1,3403,3294,3405,-1,3405,3294,3292,-1,3405,3292,3264,-1,3264,3292,3276,-1,3264,3276,3262,-1,3262,3276,3278,-1,3406,3407,3408,-1,3408,3407,3409,-1,3410,3411,3412,-1,3413,3414,3415,-1,3415,3414,3412,-1,3416,3417,3418,-1,3411,3419,3412,-1,3412,3419,3420,-1,3412,3420,3421,-1,3421,3422,3412,-1,3412,3422,3423,-1,3412,3423,3415,-1,3412,3424,3410,-1,3410,3424,3416,-1,3410,3416,3425,-1,3425,3416,3418,-1,3426,3427,3428,-1,3428,3427,3429,-1,3430,3428,3431,-1,3431,3428,3432,-1,3433,3434,3435,-1,3429,3436,3428,-1,3428,3436,3437,-1,3428,3437,3438,-1,3438,3439,3428,-1,3428,3439,3440,-1,3428,3440,3432,-1,3430,3431,3435,-1,3435,3431,3441,-1,3435,3441,3433,-1,3427,3426,3442,-1,3442,3426,3443,-1,3442,3443,3444,-1,3444,3443,3445,-1,3444,3445,3446,-1,3446,3445,3447,-1,3446,3447,3448,-1,3448,3447,3449,-1,3448,3449,3450,-1,3450,3449,3451,-1,3452,3450,3453,-1,3453,3450,3451,-1,3452,3453,3454,-1,3452,3454,3455,-1,3455,3454,3456,-1,3455,3456,3457,-1,3457,3456,3458,-1,3457,3458,3459,-1,3459,3458,3460,-1,3459,3460,3461,-1,3461,3460,3462,-1,3461,3462,3463,-1,3464,3465,3466,-1,3464,3466,3467,-1,3467,3466,3468,-1,3467,3468,3469,-1,3470,3469,3471,-1,3471,3469,3468,-1,3470,3471,3472,-1,3472,3471,3473,-1,3472,3473,3474,-1,3474,3473,3475,-1,3474,3475,3476,-1,3476,3475,3477,-1,3478,3476,3479,-1,3479,3476,3477,-1,3478,3479,3480,-1,3480,3479,3481,-1,3480,3481,3482,-1,3482,3481,3483,-1,3482,3483,3484,-1,3484,3483,3485,-1,3484,3485,3486,-1,3486,3485,3487,-1,3486,3487,3488,-1,3486,3488,3489,-1,3489,3488,3490,-1,3489,3490,3491,-1,3491,3490,3492,-1,3491,3492,3493,-1,3493,3492,3494,-1,3493,3494,3495,-1,3495,3494,3496,-1,3495,3496,3497,-1,3498,3497,3499,-1,3499,3497,3496,-1,3500,3498,3501,-1,3501,3498,3499,-1,3409,3407,3502,-1,3502,3407,3503,-1,3502,3503,3504,-1,3504,3503,3505,-1,3504,3505,3506,-1,3506,3505,3507,-1,3506,3507,3508,-1,3508,3507,3509,-1,3508,3509,3510,-1,3510,3509,3511,-1,3510,3511,3512,-1,3510,3512,3513,-1,3513,3512,3514,-1,3513,3514,3515,-1,3515,3514,3516,-1,3515,3516,3517,-1,3517,3516,3518,-1,3517,3518,3519,-1,3520,3519,3521,-1,3521,3519,3518,-1,3520,3521,3522,-1,3520,3522,3523,-1,3523,3522,3524,-1,3523,3524,3525,-1,3525,3524,3526,-1,3525,3526,3527,-1,3528,3527,3529,-1,3529,3527,3526,-1,3528,3529,3530,-1,3530,3529,3531,-1,3530,3531,3532,-1,3532,3531,3533,-1,3534,3532,3535,-1,3535,3532,3533,-1,3534,3535,3536,-1,3536,3535,3537,-1,3536,3537,3538,-1,3538,3537,3539,-1,3538,3539,3540,-1,3540,3539,3541,-1,3540,3541,3542,-1,3542,3541,3543,-1,3542,3543,3544,-1,3544,3543,3545,-1,3546,3544,3547,-1,3547,3544,3545,-1,3546,3547,3548,-1,3546,3548,3549,-1,3549,3548,3550,-1,3549,3550,3551,-1,3551,3550,3552,-1,3551,3552,3553,-1,3553,3552,3554,-1,3553,3554,3555,-1,3555,3554,3414,-1,3555,3414,3413,-1,3497,3498,3500,-1,3415,3429,3413,-1,3413,3429,3427,-1,3413,3427,3555,-1,3555,3427,3442,-1,3555,3442,3553,-1,3553,3442,3444,-1,3553,3444,3551,-1,3551,3444,3446,-1,3551,3446,3549,-1,3549,3446,3448,-1,3549,3448,3546,-1,3546,3448,3450,-1,3546,3450,3544,-1,3544,3450,3452,-1,3544,3452,3542,-1,3542,3452,3455,-1,3542,3455,3540,-1,3540,3455,3457,-1,3540,3457,3538,-1,3538,3457,3459,-1,3538,3459,3536,-1,3536,3459,3461,-1,3536,3461,3534,-1,3534,3461,3463,-1,3534,3463,3532,-1,3532,3463,3464,-1,3532,3464,3530,-1,3530,3464,3467,-1,3530,3467,3528,-1,3528,3467,3469,-1,3528,3469,3527,-1,3527,3469,3470,-1,3527,3470,3525,-1,3525,3470,3472,-1,3525,3472,3523,-1,3523,3472,3474,-1,3523,3474,3520,-1,3520,3474,3476,-1,3520,3476,3519,-1,3519,3476,3478,-1,3519,3478,3517,-1,3517,3478,3480,-1,3517,3480,3515,-1,3515,3480,3482,-1,3515,3482,3513,-1,3513,3482,3484,-1,3513,3484,3510,-1,3510,3484,3486,-1,3510,3486,3508,-1,3508,3486,3489,-1,3508,3489,3506,-1,3506,3489,3491,-1,3506,3491,3504,-1,3504,3491,3493,-1,3504,3493,3502,-1,3502,3493,3495,-1,3502,3495,3409,-1,3409,3495,3497,-1,3409,3497,3408,-1,3408,3497,3500,-1,3501,3499,3406,-1,3406,3499,3496,-1,3428,3412,3426,-1,3426,3412,3414,-1,3426,3414,3443,-1,3443,3414,3554,-1,3443,3554,3445,-1,3445,3554,3552,-1,3445,3552,3447,-1,3447,3552,3550,-1,3447,3550,3449,-1,3449,3550,3548,-1,3449,3548,3451,-1,3451,3548,3547,-1,3451,3547,3453,-1,3453,3547,3545,-1,3453,3545,3454,-1,3454,3545,3543,-1,3454,3543,3456,-1,3456,3543,3541,-1,3456,3541,3458,-1,3458,3541,3539,-1,3458,3539,3460,-1,3460,3539,3537,-1,3460,3537,3462,-1,3462,3537,3535,-1,3462,3535,3465,-1,3465,3535,3533,-1,3465,3533,3466,-1,3466,3533,3531,-1,3466,3531,3468,-1,3468,3531,3529,-1,3468,3529,3471,-1,3471,3529,3526,-1,3471,3526,3473,-1,3473,3526,3524,-1,3473,3524,3475,-1,3475,3524,3522,-1,3475,3522,3477,-1,3477,3522,3521,-1,3477,3521,3479,-1,3479,3521,3518,-1,3479,3518,3481,-1,3481,3518,3516,-1,3481,3516,3483,-1,3483,3516,3514,-1,3483,3514,3485,-1,3485,3514,3512,-1,3485,3512,3487,-1,3487,3512,3511,-1,3487,3511,3488,-1,3488,3511,3509,-1,3488,3509,3490,-1,3490,3509,3507,-1,3490,3507,3492,-1,3492,3507,3505,-1,3492,3505,3494,-1,3494,3505,3503,-1,3494,3503,3496,-1,3496,3503,3407,-1,3496,3407,3406,-1,3556,3557,3558,-1,3558,3557,3559,-1,3560,3561,3562,-1,3563,3564,3565,-1,3565,3564,3562,-1,3566,3567,3568,-1,3561,3569,3562,-1,3562,3569,3570,-1,3562,3570,3571,-1,3571,3572,3562,-1,3562,3572,3573,-1,3562,3573,3565,-1,3562,3574,3560,-1,3560,3574,3566,-1,3560,3566,3575,-1,3575,3566,3568,-1,3576,3577,3578,-1,3578,3577,3579,-1,3580,3578,3581,-1,3581,3578,3582,-1,3583,3584,3585,-1,3579,3586,3578,-1,3578,3586,3587,-1,3578,3587,3588,-1,3588,3589,3578,-1,3578,3589,3590,-1,3578,3590,3582,-1,3580,3581,3585,-1,3585,3581,3591,-1,3585,3591,3583,-1,3577,3576,3592,-1,3577,3592,3593,-1,3593,3592,3594,-1,3593,3594,3595,-1,3595,3594,3596,-1,3595,3596,3597,-1,3597,3596,3598,-1,3597,3598,3599,-1,3599,3598,3600,-1,3599,3600,3601,-1,3602,3601,3603,-1,3603,3601,3600,-1,3602,3603,3604,-1,3604,3603,3605,-1,3604,3605,3606,-1,3606,3605,3607,-1,3606,3607,3608,-1,3608,3607,3609,-1,3608,3609,3610,-1,3610,3609,3611,-1,3610,3611,3612,-1,3612,3611,3613,-1,3614,3612,3615,-1,3615,3612,3613,-1,3614,3615,3616,-1,3616,3615,3617,-1,3616,3617,3618,-1,3618,3617,3619,-1,3620,3618,3621,-1,3621,3618,3619,-1,3620,3621,3622,-1,3620,3622,3623,-1,3623,3622,3624,-1,3623,3624,3625,-1,3625,3624,3626,-1,3625,3626,3627,-1,3628,3627,3629,-1,3629,3627,3626,-1,3628,3629,3630,-1,3628,3630,3631,-1,3631,3630,3632,-1,3631,3632,3633,-1,3633,3632,3634,-1,3633,3634,3635,-1,3635,3634,3636,-1,3635,3636,3637,-1,3637,3636,3638,-1,3638,3636,3639,-1,3638,3639,3640,-1,3640,3639,3641,-1,3640,3641,3642,-1,3642,3641,3643,-1,3642,3643,3644,-1,3644,3643,3645,-1,3644,3645,3556,-1,3556,3645,3557,-1,3646,3647,3648,-1,3648,3647,3649,-1,3650,3646,3651,-1,3651,3646,3648,-1,3650,3651,3652,-1,3650,3652,3653,-1,3653,3652,3654,-1,3653,3654,3655,-1,3655,3654,3656,-1,3655,3656,3657,-1,3657,3656,3658,-1,3657,3658,3659,-1,3659,3658,3660,-1,3659,3660,3661,-1,3661,3660,3662,-1,3662,3660,3663,-1,3662,3663,3664,-1,3664,3663,3665,-1,3664,3665,3666,-1,3666,3665,3667,-1,3666,3667,3668,-1,3668,3667,3669,-1,3670,3668,3671,-1,3671,3668,3669,-1,3670,3671,3672,-1,3672,3671,3673,-1,3672,3673,3674,-1,3674,3673,3675,-1,3674,3675,3676,-1,3676,3675,3677,-1,3678,3676,3679,-1,3679,3676,3677,-1,3678,3679,3680,-1,3678,3680,3681,-1,3681,3680,3682,-1,3681,3682,3683,-1,3684,3685,3686,-1,3684,3686,3687,-1,3687,3686,3688,-1,3687,3688,3689,-1,3689,3688,3690,-1,3689,3690,3691,-1,3691,3690,3692,-1,3691,3692,3693,-1,3693,3692,3694,-1,3693,3694,3695,-1,3696,3695,3697,-1,3697,3695,3694,-1,3696,3697,3698,-1,3698,3697,3699,-1,3698,3699,3700,-1,3700,3699,3701,-1,3700,3701,3702,-1,3702,3701,3703,-1,3702,3703,3704,-1,3704,3703,3705,-1,3704,3705,3563,-1,3563,3705,3564,-1,3647,3646,3558,-1,3558,3646,3650,-1,3565,3579,3563,-1,3563,3579,3577,-1,3563,3577,3704,-1,3704,3577,3593,-1,3704,3593,3702,-1,3702,3593,3595,-1,3702,3595,3700,-1,3700,3595,3597,-1,3700,3597,3698,-1,3698,3597,3599,-1,3698,3599,3696,-1,3696,3599,3601,-1,3696,3601,3695,-1,3695,3601,3602,-1,3695,3602,3693,-1,3693,3602,3604,-1,3693,3604,3691,-1,3691,3604,3606,-1,3691,3606,3689,-1,3689,3606,3608,-1,3689,3608,3687,-1,3687,3608,3610,-1,3687,3610,3684,-1,3684,3610,3612,-1,3684,3612,3683,-1,3683,3612,3614,-1,3683,3614,3681,-1,3681,3614,3616,-1,3681,3616,3678,-1,3678,3616,3618,-1,3678,3618,3676,-1,3676,3618,3620,-1,3676,3620,3674,-1,3674,3620,3623,-1,3674,3623,3672,-1,3672,3623,3625,-1,3672,3625,3670,-1,3670,3625,3627,-1,3670,3627,3668,-1,3668,3627,3628,-1,3668,3628,3666,-1,3666,3628,3631,-1,3666,3631,3664,-1,3664,3631,3633,-1,3664,3633,3662,-1,3662,3633,3635,-1,3662,3635,3661,-1,3661,3635,3637,-1,3661,3637,3659,-1,3659,3637,3638,-1,3659,3638,3657,-1,3657,3638,3640,-1,3657,3640,3655,-1,3655,3640,3642,-1,3655,3642,3653,-1,3653,3642,3644,-1,3653,3644,3650,-1,3650,3644,3556,-1,3650,3556,3558,-1,3651,3648,3649,-1,3649,3559,3651,-1,3651,3559,3557,-1,3651,3557,3652,-1,3652,3557,3645,-1,3652,3645,3654,-1,3654,3645,3643,-1,3654,3643,3656,-1,3656,3643,3641,-1,3656,3641,3658,-1,3658,3641,3639,-1,3658,3639,3660,-1,3660,3639,3636,-1,3660,3636,3663,-1,3663,3636,3634,-1,3663,3634,3665,-1,3665,3634,3632,-1,3665,3632,3667,-1,3667,3632,3630,-1,3667,3630,3669,-1,3669,3630,3629,-1,3669,3629,3671,-1,3671,3629,3626,-1,3671,3626,3673,-1,3673,3626,3624,-1,3673,3624,3675,-1,3675,3624,3622,-1,3675,3622,3677,-1,3677,3622,3621,-1,3677,3621,3679,-1,3679,3621,3619,-1,3679,3619,3680,-1,3680,3619,3617,-1,3680,3617,3682,-1,3682,3617,3615,-1,3682,3615,3685,-1,3685,3615,3613,-1,3685,3613,3686,-1,3686,3613,3611,-1,3686,3611,3688,-1,3688,3611,3609,-1,3688,3609,3690,-1,3690,3609,3607,-1,3690,3607,3692,-1,3692,3607,3605,-1,3692,3605,3694,-1,3694,3605,3603,-1,3694,3603,3697,-1,3697,3603,3600,-1,3697,3600,3699,-1,3699,3600,3598,-1,3699,3598,3701,-1,3701,3598,3596,-1,3701,3596,3703,-1,3703,3596,3594,-1,3703,3594,3705,-1,3705,3594,3592,-1,3705,3592,3564,-1,3564,3592,3576,-1,3564,3576,3562,-1,3562,3576,3578,-1,3706,3707,3708,-1,3708,3707,3709,-1,3710,3711,3712,-1,3713,3714,3715,-1,3715,3714,3712,-1,3716,3717,3718,-1,3711,3719,3712,-1,3712,3719,3720,-1,3712,3720,3721,-1,3721,3722,3712,-1,3712,3722,3723,-1,3712,3723,3715,-1,3712,3724,3710,-1,3710,3724,3716,-1,3710,3716,3725,-1,3725,3716,3718,-1,3726,3727,3728,-1,3728,3727,3729,-1,3730,3728,3731,-1,3731,3728,3732,-1,3733,3734,3735,-1,3729,3736,3728,-1,3728,3736,3737,-1,3728,3737,3738,-1,3738,3739,3728,-1,3728,3739,3740,-1,3728,3740,3732,-1,3730,3731,3735,-1,3735,3731,3741,-1,3735,3741,3733,-1,3727,3726,3742,-1,3742,3726,3743,-1,3742,3743,3744,-1,3744,3743,3745,-1,3744,3745,3746,-1,3746,3745,3747,-1,3746,3747,3748,-1,3748,3747,3749,-1,3748,3749,3750,-1,3750,3749,3751,-1,3752,3750,3753,-1,3753,3750,3751,-1,3752,3753,3754,-1,3752,3754,3755,-1,3755,3754,3756,-1,3755,3756,3757,-1,3757,3756,3758,-1,3757,3758,3759,-1,3759,3758,3760,-1,3759,3760,3761,-1,3761,3760,3762,-1,3761,3762,3763,-1,3764,3765,3766,-1,3764,3766,3767,-1,3767,3766,3768,-1,3767,3768,3769,-1,3770,3769,3771,-1,3771,3769,3768,-1,3770,3771,3772,-1,3772,3771,3773,-1,3772,3773,3774,-1,3774,3773,3775,-1,3774,3775,3776,-1,3776,3775,3777,-1,3778,3776,3779,-1,3779,3776,3777,-1,3778,3779,3780,-1,3780,3779,3781,-1,3780,3781,3782,-1,3782,3781,3783,-1,3782,3783,3784,-1,3784,3783,3785,-1,3784,3785,3786,-1,3786,3785,3787,-1,3786,3787,3788,-1,3786,3788,3789,-1,3789,3788,3790,-1,3789,3790,3791,-1,3791,3790,3792,-1,3791,3792,3793,-1,3793,3792,3794,-1,3793,3794,3795,-1,3795,3794,3796,-1,3795,3796,3797,-1,3798,3797,3799,-1,3799,3797,3796,-1,3800,3798,3801,-1,3801,3798,3799,-1,3709,3707,3802,-1,3802,3707,3803,-1,3802,3803,3804,-1,3804,3803,3805,-1,3804,3805,3806,-1,3806,3805,3807,-1,3806,3807,3808,-1,3808,3807,3809,-1,3808,3809,3810,-1,3810,3809,3811,-1,3810,3811,3812,-1,3810,3812,3813,-1,3813,3812,3814,-1,3813,3814,3815,-1,3815,3814,3816,-1,3815,3816,3817,-1,3817,3816,3818,-1,3817,3818,3819,-1,3820,3819,3821,-1,3821,3819,3818,-1,3820,3821,3822,-1,3820,3822,3823,-1,3823,3822,3824,-1,3823,3824,3825,-1,3825,3824,3826,-1,3825,3826,3827,-1,3828,3827,3829,-1,3829,3827,3826,-1,3828,3829,3830,-1,3830,3829,3831,-1,3830,3831,3832,-1,3832,3831,3833,-1,3834,3832,3835,-1,3835,3832,3833,-1,3834,3835,3836,-1,3836,3835,3837,-1,3836,3837,3838,-1,3838,3837,3839,-1,3838,3839,3840,-1,3840,3839,3841,-1,3840,3841,3842,-1,3842,3841,3843,-1,3842,3843,3844,-1,3844,3843,3845,-1,3846,3844,3847,-1,3847,3844,3845,-1,3846,3847,3848,-1,3846,3848,3849,-1,3849,3848,3850,-1,3849,3850,3851,-1,3851,3850,3852,-1,3851,3852,3853,-1,3853,3852,3854,-1,3853,3854,3855,-1,3855,3854,3714,-1,3855,3714,3713,-1,3797,3798,3800,-1,3715,3729,3713,-1,3713,3729,3727,-1,3713,3727,3855,-1,3855,3727,3742,-1,3855,3742,3853,-1,3853,3742,3744,-1,3853,3744,3851,-1,3851,3744,3746,-1,3851,3746,3849,-1,3849,3746,3748,-1,3849,3748,3846,-1,3846,3748,3750,-1,3846,3750,3844,-1,3844,3750,3752,-1,3844,3752,3842,-1,3842,3752,3755,-1,3842,3755,3840,-1,3840,3755,3757,-1,3840,3757,3838,-1,3838,3757,3759,-1,3838,3759,3836,-1,3836,3759,3761,-1,3836,3761,3834,-1,3834,3761,3763,-1,3834,3763,3832,-1,3832,3763,3764,-1,3832,3764,3830,-1,3830,3764,3767,-1,3830,3767,3828,-1,3828,3767,3769,-1,3828,3769,3827,-1,3827,3769,3770,-1,3827,3770,3825,-1,3825,3770,3772,-1,3825,3772,3823,-1,3823,3772,3774,-1,3823,3774,3820,-1,3820,3774,3776,-1,3820,3776,3819,-1,3819,3776,3778,-1,3819,3778,3817,-1,3817,3778,3780,-1,3817,3780,3815,-1,3815,3780,3782,-1,3815,3782,3813,-1,3813,3782,3784,-1,3813,3784,3810,-1,3810,3784,3786,-1,3810,3786,3808,-1,3808,3786,3789,-1,3808,3789,3806,-1,3806,3789,3791,-1,3806,3791,3804,-1,3804,3791,3793,-1,3804,3793,3802,-1,3802,3793,3795,-1,3802,3795,3709,-1,3709,3795,3797,-1,3709,3797,3708,-1,3708,3797,3800,-1,3801,3799,3706,-1,3706,3799,3796,-1,3728,3712,3726,-1,3726,3712,3714,-1,3726,3714,3743,-1,3743,3714,3854,-1,3743,3854,3745,-1,3745,3854,3852,-1,3745,3852,3747,-1,3747,3852,3850,-1,3747,3850,3749,-1,3749,3850,3848,-1,3749,3848,3751,-1,3751,3848,3847,-1,3751,3847,3753,-1,3753,3847,3845,-1,3753,3845,3754,-1,3754,3845,3843,-1,3754,3843,3756,-1,3756,3843,3841,-1,3756,3841,3758,-1,3758,3841,3839,-1,3758,3839,3760,-1,3760,3839,3837,-1,3760,3837,3762,-1,3762,3837,3835,-1,3762,3835,3765,-1,3765,3835,3833,-1,3765,3833,3766,-1,3766,3833,3831,-1,3766,3831,3768,-1,3768,3831,3829,-1,3768,3829,3771,-1,3771,3829,3826,-1,3771,3826,3773,-1,3773,3826,3824,-1,3773,3824,3775,-1,3775,3824,3822,-1,3775,3822,3777,-1,3777,3822,3821,-1,3777,3821,3779,-1,3779,3821,3818,-1,3779,3818,3781,-1,3781,3818,3816,-1,3781,3816,3783,-1,3783,3816,3814,-1,3783,3814,3785,-1,3785,3814,3812,-1,3785,3812,3787,-1,3787,3812,3811,-1,3787,3811,3788,-1,3788,3811,3809,-1,3788,3809,3790,-1,3790,3809,3807,-1,3790,3807,3792,-1,3792,3807,3805,-1,3792,3805,3794,-1,3794,3805,3803,-1,3794,3803,3796,-1,3796,3803,3707,-1,3796,3707,3706,-1,3856,3857,3858,-1,3858,3857,3859,-1,3860,3861,3862,-1,3862,3861,3863,-1,3862,3863,3864,-1,3865,3866,3864,-1,3864,3866,3867,-1,3864,3867,3868,-1,3864,3869,3870,-1,3868,3871,3864,-1,3864,3871,3872,-1,3864,3872,3869,-1,3870,3873,3864,-1,3864,3873,3874,-1,3864,3874,3862,-1,3875,3876,3877,-1,3875,3877,3878,-1,3876,3879,3877,-1,3877,3879,3880,-1,3877,3880,3881,-1,3882,3883,3884,-1,3884,3883,3885,-1,3884,3885,3877,-1,3877,3885,3886,-1,3877,3886,3878,-1,3881,3887,3877,-1,3877,3887,3888,-1,3877,3888,3889,-1,3883,3882,3890,-1,3883,3890,3891,-1,3891,3890,3892,-1,3891,3892,3893,-1,3893,3892,3894,-1,3893,3894,3895,-1,3895,3894,3896,-1,3895,3896,3897,-1,3897,3896,3898,-1,3897,3898,3899,-1,3900,3899,3901,-1,3901,3899,3898,-1,3900,3901,3902,-1,3902,3901,3903,-1,3902,3903,3904,-1,3904,3903,3905,-1,3904,3905,3906,-1,3906,3905,3907,-1,3906,3907,3908,-1,3908,3907,3909,-1,3908,3909,3910,-1,3910,3909,3911,-1,3912,3910,3913,-1,3913,3910,3911,-1,3912,3913,3914,-1,3914,3913,3915,-1,3914,3915,3916,-1,3916,3915,3917,-1,3918,3916,3919,-1,3919,3916,3917,-1,3918,3919,3920,-1,3918,3920,3921,-1,3921,3920,3922,-1,3921,3922,3923,-1,3923,3922,3924,-1,3923,3924,3925,-1,3926,3925,3927,-1,3927,3925,3924,-1,3926,3927,3928,-1,3926,3928,3929,-1,3929,3928,3930,-1,3929,3930,3931,-1,3931,3930,3932,-1,3931,3932,3933,-1,3933,3932,3934,-1,3933,3934,3935,-1,3935,3934,3936,-1,3936,3934,3937,-1,3936,3937,3938,-1,3938,3937,3939,-1,3938,3939,3940,-1,3940,3939,3941,-1,3940,3941,3942,-1,3942,3941,3943,-1,3942,3943,3856,-1,3856,3943,3857,-1,3944,3945,3946,-1,3946,3945,3947,-1,3948,3944,3949,-1,3949,3944,3946,-1,3948,3949,3950,-1,3948,3950,3951,-1,3951,3950,3952,-1,3951,3952,3953,-1,3953,3952,3954,-1,3953,3954,3955,-1,3955,3954,3956,-1,3955,3956,3957,-1,3957,3956,3958,-1,3957,3958,3959,-1,3959,3958,3960,-1,3960,3958,3961,-1,3960,3961,3962,-1,3962,3961,3963,-1,3962,3963,3964,-1,3964,3963,3965,-1,3964,3965,3966,-1,3966,3965,3967,-1,3968,3966,3969,-1,3969,3966,3967,-1,3968,3969,3970,-1,3970,3969,3971,-1,3970,3971,3972,-1,3972,3971,3973,-1,3972,3973,3974,-1,3974,3973,3975,-1,3976,3974,3977,-1,3977,3974,3975,-1,3976,3977,3978,-1,3976,3978,3979,-1,3979,3978,3980,-1,3979,3980,3981,-1,3982,3983,3984,-1,3982,3984,3985,-1,3985,3984,3986,-1,3985,3986,3987,-1,3987,3986,3988,-1,3987,3988,3989,-1,3989,3988,3990,-1,3989,3990,3991,-1,3991,3990,3992,-1,3991,3992,3993,-1,3994,3993,3995,-1,3995,3993,3992,-1,3994,3995,3996,-1,3996,3995,3997,-1,3996,3997,3998,-1,3998,3997,3999,-1,3998,3999,4000,-1,4000,3999,4001,-1,4000,4001,4002,-1,4002,4001,4003,-1,4002,4003,3860,-1,3860,4003,3861,-1,3945,3944,3858,-1,3858,3944,3948,-1,3862,3885,3860,-1,3860,3885,3883,-1,3860,3883,4002,-1,4002,3883,3891,-1,4002,3891,4000,-1,4000,3891,3893,-1,4000,3893,3998,-1,3998,3893,3895,-1,3998,3895,3996,-1,3996,3895,3897,-1,3996,3897,3994,-1,3994,3897,3899,-1,3994,3899,3993,-1,3993,3899,3900,-1,3993,3900,3991,-1,3991,3900,3902,-1,3991,3902,3989,-1,3989,3902,3904,-1,3989,3904,3987,-1,3987,3904,3906,-1,3987,3906,3985,-1,3985,3906,3908,-1,3985,3908,3982,-1,3982,3908,3910,-1,3982,3910,3981,-1,3981,3910,3912,-1,3981,3912,3979,-1,3979,3912,3914,-1,3979,3914,3976,-1,3976,3914,3916,-1,3976,3916,3974,-1,3974,3916,3918,-1,3974,3918,3972,-1,3972,3918,3921,-1,3972,3921,3970,-1,3970,3921,3923,-1,3970,3923,3968,-1,3968,3923,3925,-1,3968,3925,3966,-1,3966,3925,3926,-1,3966,3926,3964,-1,3964,3926,3929,-1,3964,3929,3962,-1,3962,3929,3931,-1,3962,3931,3960,-1,3960,3931,3933,-1,3960,3933,3959,-1,3959,3933,3935,-1,3959,3935,3957,-1,3957,3935,3936,-1,3957,3936,3955,-1,3955,3936,3938,-1,3955,3938,3953,-1,3953,3938,3940,-1,3953,3940,3951,-1,3951,3940,3942,-1,3951,3942,3948,-1,3948,3942,3856,-1,3948,3856,3858,-1,3949,3946,3947,-1,3947,3859,3949,-1,3949,3859,3857,-1,3949,3857,3950,-1,3950,3857,3943,-1,3950,3943,3952,-1,3952,3943,3941,-1,3952,3941,3954,-1,3954,3941,3939,-1,3954,3939,3956,-1,3956,3939,3937,-1,3956,3937,3958,-1,3958,3937,3934,-1,3958,3934,3961,-1,3961,3934,3932,-1,3961,3932,3963,-1,3963,3932,3930,-1,3963,3930,3965,-1,3965,3930,3928,-1,3965,3928,3967,-1,3967,3928,3927,-1,3967,3927,3969,-1,3969,3927,3924,-1,3969,3924,3971,-1,3971,3924,3922,-1,3971,3922,3973,-1,3973,3922,3920,-1,3973,3920,3975,-1,3975,3920,3919,-1,3975,3919,3977,-1,3977,3919,3917,-1,3977,3917,3978,-1,3978,3917,3915,-1,3978,3915,3980,-1,3980,3915,3913,-1,3980,3913,3983,-1,3983,3913,3911,-1,3983,3911,3984,-1,3984,3911,3909,-1,3984,3909,3986,-1,3986,3909,3907,-1,3986,3907,3988,-1,3988,3907,3905,-1,3988,3905,3990,-1,3990,3905,3903,-1,3990,3903,3992,-1,3992,3903,3901,-1,3992,3901,3995,-1,3995,3901,3898,-1,3995,3898,3997,-1,3997,3898,3896,-1,3997,3896,3999,-1,3999,3896,3894,-1,3999,3894,4001,-1,4001,3894,3892,-1,4001,3892,4003,-1,4003,3892,3890,-1,4003,3890,3861,-1,3861,3890,3882,-1,3861,3882,3863,-1,3863,3882,3884,-1,4004,4005,4006,-1,4006,4005,4007,-1,4008,4009,4010,-1,4010,4009,4011,-1,4010,4011,4012,-1,4013,4014,4012,-1,4012,4014,4015,-1,4012,4015,4016,-1,4012,4017,4018,-1,4016,4019,4012,-1,4012,4019,4020,-1,4012,4020,4017,-1,4018,4021,4012,-1,4012,4021,4022,-1,4012,4022,4010,-1,4023,4024,4025,-1,4023,4025,4026,-1,4024,4027,4025,-1,4025,4027,4028,-1,4025,4028,4029,-1,4030,4031,4032,-1,4032,4031,4033,-1,4032,4033,4025,-1,4025,4033,4034,-1,4025,4034,4026,-1,4029,4035,4025,-1,4025,4035,4036,-1,4025,4036,4037,-1,4031,4030,4038,-1,4038,4030,4039,-1,4038,4039,4040,-1,4040,4039,4041,-1,4040,4041,4042,-1,4042,4041,4043,-1,4042,4043,4044,-1,4044,4043,4045,-1,4044,4045,4046,-1,4046,4045,4047,-1,4048,4046,4049,-1,4049,4046,4047,-1,4048,4049,4050,-1,4048,4050,4051,-1,4051,4050,4052,-1,4051,4052,4053,-1,4053,4052,4054,-1,4053,4054,4055,-1,4055,4054,4056,-1,4055,4056,4057,-1,4057,4056,4058,-1,4057,4058,4059,-1,4060,4061,4062,-1,4060,4062,4063,-1,4063,4062,4064,-1,4063,4064,4065,-1,4066,4065,4067,-1,4067,4065,4064,-1,4066,4067,4068,-1,4068,4067,4069,-1,4068,4069,4070,-1,4070,4069,4071,-1,4070,4071,4072,-1,4072,4071,4073,-1,4074,4072,4075,-1,4075,4072,4073,-1,4074,4075,4076,-1,4076,4075,4077,-1,4076,4077,4078,-1,4078,4077,4079,-1,4078,4079,4080,-1,4080,4079,4081,-1,4080,4081,4082,-1,4082,4081,4083,-1,4082,4083,4084,-1,4082,4084,4085,-1,4085,4084,4086,-1,4085,4086,4087,-1,4087,4086,4088,-1,4087,4088,4089,-1,4089,4088,4090,-1,4089,4090,4091,-1,4091,4090,4092,-1,4091,4092,4093,-1,4094,4093,4095,-1,4095,4093,4092,-1,4096,4094,4097,-1,4097,4094,4095,-1,4007,4005,4098,-1,4098,4005,4099,-1,4098,4099,4100,-1,4100,4099,4101,-1,4100,4101,4102,-1,4102,4101,4103,-1,4102,4103,4104,-1,4104,4103,4105,-1,4104,4105,4106,-1,4106,4105,4107,-1,4106,4107,4108,-1,4106,4108,4109,-1,4109,4108,4110,-1,4109,4110,4111,-1,4111,4110,4112,-1,4111,4112,4113,-1,4113,4112,4114,-1,4113,4114,4115,-1,4116,4115,4117,-1,4117,4115,4114,-1,4116,4117,4118,-1,4116,4118,4119,-1,4119,4118,4120,-1,4119,4120,4121,-1,4121,4120,4122,-1,4121,4122,4123,-1,4124,4123,4125,-1,4125,4123,4122,-1,4124,4125,4126,-1,4126,4125,4127,-1,4126,4127,4128,-1,4128,4127,4129,-1,4130,4128,4131,-1,4131,4128,4129,-1,4130,4131,4132,-1,4132,4131,4133,-1,4132,4133,4134,-1,4134,4133,4135,-1,4134,4135,4136,-1,4136,4135,4137,-1,4136,4137,4138,-1,4138,4137,4139,-1,4138,4139,4140,-1,4140,4139,4141,-1,4142,4140,4143,-1,4143,4140,4141,-1,4142,4143,4144,-1,4142,4144,4145,-1,4145,4144,4146,-1,4145,4146,4147,-1,4147,4146,4148,-1,4147,4148,4149,-1,4149,4148,4150,-1,4149,4150,4151,-1,4151,4150,4009,-1,4151,4009,4008,-1,4093,4094,4096,-1,4010,4033,4008,-1,4008,4033,4031,-1,4008,4031,4151,-1,4151,4031,4038,-1,4151,4038,4149,-1,4149,4038,4040,-1,4149,4040,4147,-1,4147,4040,4042,-1,4147,4042,4145,-1,4145,4042,4044,-1,4145,4044,4142,-1,4142,4044,4046,-1,4142,4046,4140,-1,4140,4046,4048,-1,4140,4048,4138,-1,4138,4048,4051,-1,4138,4051,4136,-1,4136,4051,4053,-1,4136,4053,4134,-1,4134,4053,4055,-1,4134,4055,4132,-1,4132,4055,4057,-1,4132,4057,4130,-1,4130,4057,4059,-1,4130,4059,4128,-1,4128,4059,4060,-1,4128,4060,4126,-1,4126,4060,4063,-1,4126,4063,4124,-1,4124,4063,4065,-1,4124,4065,4123,-1,4123,4065,4066,-1,4123,4066,4121,-1,4121,4066,4068,-1,4121,4068,4119,-1,4119,4068,4070,-1,4119,4070,4116,-1,4116,4070,4072,-1,4116,4072,4115,-1,4115,4072,4074,-1,4115,4074,4113,-1,4113,4074,4076,-1,4113,4076,4111,-1,4111,4076,4078,-1,4111,4078,4109,-1,4109,4078,4080,-1,4109,4080,4106,-1,4106,4080,4082,-1,4106,4082,4104,-1,4104,4082,4085,-1,4104,4085,4102,-1,4102,4085,4087,-1,4102,4087,4100,-1,4100,4087,4089,-1,4100,4089,4098,-1,4098,4089,4091,-1,4098,4091,4007,-1,4007,4091,4093,-1,4007,4093,4006,-1,4006,4093,4096,-1,4097,4095,4004,-1,4004,4095,4092,-1,4032,4011,4030,-1,4030,4011,4009,-1,4030,4009,4039,-1,4039,4009,4150,-1,4039,4150,4041,-1,4041,4150,4148,-1,4041,4148,4043,-1,4043,4148,4146,-1,4043,4146,4045,-1,4045,4146,4144,-1,4045,4144,4047,-1,4047,4144,4143,-1,4047,4143,4049,-1,4049,4143,4141,-1,4049,4141,4050,-1,4050,4141,4139,-1,4050,4139,4052,-1,4052,4139,4137,-1,4052,4137,4054,-1,4054,4137,4135,-1,4054,4135,4056,-1,4056,4135,4133,-1,4056,4133,4058,-1,4058,4133,4131,-1,4058,4131,4061,-1,4061,4131,4129,-1,4061,4129,4062,-1,4062,4129,4127,-1,4062,4127,4064,-1,4064,4127,4125,-1,4064,4125,4067,-1,4067,4125,4122,-1,4067,4122,4069,-1,4069,4122,4120,-1,4069,4120,4071,-1,4071,4120,4118,-1,4071,4118,4073,-1,4073,4118,4117,-1,4073,4117,4075,-1,4075,4117,4114,-1,4075,4114,4077,-1,4077,4114,4112,-1,4077,4112,4079,-1,4079,4112,4110,-1,4079,4110,4081,-1,4081,4110,4108,-1,4081,4108,4083,-1,4083,4108,4107,-1,4083,4107,4084,-1,4084,4107,4105,-1,4084,4105,4086,-1,4086,4105,4103,-1,4086,4103,4088,-1,4088,4103,4101,-1,4088,4101,4090,-1,4090,4101,4099,-1,4090,4099,4092,-1,4092,4099,4005,-1,4092,4005,4004,-1,4152,4153,4154,-1,4154,4153,4155,-1,4156,4157,4158,-1,4158,4157,4159,-1,4158,4159,4160,-1,4161,4162,4160,-1,4160,4162,4163,-1,4160,4163,4164,-1,4160,4165,4166,-1,4164,4167,4160,-1,4160,4167,4168,-1,4160,4168,4165,-1,4166,4169,4160,-1,4160,4169,4170,-1,4160,4170,4158,-1,4171,4172,4173,-1,4171,4173,4174,-1,4172,4175,4173,-1,4173,4175,4176,-1,4173,4176,4177,-1,4178,4179,4180,-1,4180,4179,4181,-1,4180,4181,4173,-1,4173,4181,4182,-1,4173,4182,4174,-1,4177,4183,4173,-1,4173,4183,4184,-1,4173,4184,4185,-1,4179,4178,4186,-1,4179,4186,4187,-1,4187,4186,4188,-1,4187,4188,4189,-1,4189,4188,4190,-1,4189,4190,4191,-1,4191,4190,4192,-1,4191,4192,4193,-1,4193,4192,4194,-1,4193,4194,4195,-1,4196,4195,4197,-1,4197,4195,4194,-1,4196,4197,4198,-1,4198,4197,4199,-1,4198,4199,4200,-1,4200,4199,4201,-1,4200,4201,4202,-1,4202,4201,4203,-1,4202,4203,4204,-1,4204,4203,4205,-1,4204,4205,4206,-1,4206,4205,4207,-1,4208,4206,4209,-1,4209,4206,4207,-1,4208,4209,4210,-1,4210,4209,4211,-1,4210,4211,4212,-1,4212,4211,4213,-1,4214,4212,4215,-1,4215,4212,4213,-1,4214,4215,4216,-1,4214,4216,4217,-1,4217,4216,4218,-1,4217,4218,4219,-1,4219,4218,4220,-1,4219,4220,4221,-1,4222,4221,4223,-1,4223,4221,4220,-1,4222,4223,4224,-1,4222,4224,4225,-1,4225,4224,4226,-1,4225,4226,4227,-1,4227,4226,4228,-1,4227,4228,4229,-1,4229,4228,4230,-1,4229,4230,4231,-1,4231,4230,4232,-1,4232,4230,4233,-1,4232,4233,4234,-1,4234,4233,4235,-1,4234,4235,4236,-1,4236,4235,4237,-1,4236,4237,4238,-1,4238,4237,4239,-1,4238,4239,4152,-1,4152,4239,4153,-1,4240,4241,4242,-1,4242,4241,4243,-1,4244,4240,4245,-1,4245,4240,4242,-1,4244,4245,4246,-1,4244,4246,4247,-1,4247,4246,4248,-1,4247,4248,4249,-1,4249,4248,4250,-1,4249,4250,4251,-1,4251,4250,4252,-1,4251,4252,4253,-1,4253,4252,4254,-1,4253,4254,4255,-1,4255,4254,4256,-1,4256,4254,4257,-1,4256,4257,4258,-1,4258,4257,4259,-1,4258,4259,4260,-1,4260,4259,4261,-1,4260,4261,4262,-1,4262,4261,4263,-1,4264,4262,4265,-1,4265,4262,4263,-1,4264,4265,4266,-1,4266,4265,4267,-1,4266,4267,4268,-1,4268,4267,4269,-1,4268,4269,4270,-1,4270,4269,4271,-1,4272,4270,4273,-1,4273,4270,4271,-1,4272,4273,4274,-1,4272,4274,4275,-1,4275,4274,4276,-1,4275,4276,4277,-1,4278,4279,4280,-1,4278,4280,4281,-1,4281,4280,4282,-1,4281,4282,4283,-1,4283,4282,4284,-1,4283,4284,4285,-1,4285,4284,4286,-1,4285,4286,4287,-1,4287,4286,4288,-1,4287,4288,4289,-1,4290,4289,4291,-1,4291,4289,4288,-1,4290,4291,4292,-1,4292,4291,4293,-1,4292,4293,4294,-1,4294,4293,4295,-1,4294,4295,4296,-1,4296,4295,4297,-1,4296,4297,4298,-1,4298,4297,4299,-1,4298,4299,4156,-1,4156,4299,4157,-1,4241,4240,4154,-1,4154,4240,4244,-1,4158,4181,4156,-1,4156,4181,4179,-1,4156,4179,4298,-1,4298,4179,4187,-1,4298,4187,4296,-1,4296,4187,4189,-1,4296,4189,4294,-1,4294,4189,4191,-1,4294,4191,4292,-1,4292,4191,4193,-1,4292,4193,4290,-1,4290,4193,4195,-1,4290,4195,4289,-1,4289,4195,4196,-1,4289,4196,4287,-1,4287,4196,4198,-1,4287,4198,4285,-1,4285,4198,4200,-1,4285,4200,4283,-1,4283,4200,4202,-1,4283,4202,4281,-1,4281,4202,4204,-1,4281,4204,4278,-1,4278,4204,4206,-1,4278,4206,4277,-1,4277,4206,4208,-1,4277,4208,4275,-1,4275,4208,4210,-1,4275,4210,4272,-1,4272,4210,4212,-1,4272,4212,4270,-1,4270,4212,4214,-1,4270,4214,4268,-1,4268,4214,4217,-1,4268,4217,4266,-1,4266,4217,4219,-1,4266,4219,4264,-1,4264,4219,4221,-1,4264,4221,4262,-1,4262,4221,4222,-1,4262,4222,4260,-1,4260,4222,4225,-1,4260,4225,4258,-1,4258,4225,4227,-1,4258,4227,4256,-1,4256,4227,4229,-1,4256,4229,4255,-1,4255,4229,4231,-1,4255,4231,4253,-1,4253,4231,4232,-1,4253,4232,4251,-1,4251,4232,4234,-1,4251,4234,4249,-1,4249,4234,4236,-1,4249,4236,4247,-1,4247,4236,4238,-1,4247,4238,4244,-1,4244,4238,4152,-1,4244,4152,4154,-1,4245,4242,4243,-1,4243,4155,4245,-1,4245,4155,4153,-1,4245,4153,4246,-1,4246,4153,4239,-1,4246,4239,4248,-1,4248,4239,4237,-1,4248,4237,4250,-1,4250,4237,4235,-1,4250,4235,4252,-1,4252,4235,4233,-1,4252,4233,4254,-1,4254,4233,4230,-1,4254,4230,4257,-1,4257,4230,4228,-1,4257,4228,4259,-1,4259,4228,4226,-1,4259,4226,4261,-1,4261,4226,4224,-1,4261,4224,4263,-1,4263,4224,4223,-1,4263,4223,4265,-1,4265,4223,4220,-1,4265,4220,4267,-1,4267,4220,4218,-1,4267,4218,4269,-1,4269,4218,4216,-1,4269,4216,4271,-1,4271,4216,4215,-1,4271,4215,4273,-1,4273,4215,4213,-1,4273,4213,4274,-1,4274,4213,4211,-1,4274,4211,4276,-1,4276,4211,4209,-1,4276,4209,4279,-1,4279,4209,4207,-1,4279,4207,4280,-1,4280,4207,4205,-1,4280,4205,4282,-1,4282,4205,4203,-1,4282,4203,4284,-1,4284,4203,4201,-1,4284,4201,4286,-1,4286,4201,4199,-1,4286,4199,4288,-1,4288,4199,4197,-1,4288,4197,4291,-1,4291,4197,4194,-1,4291,4194,4293,-1,4293,4194,4192,-1,4293,4192,4295,-1,4295,4192,4190,-1,4295,4190,4297,-1,4297,4190,4188,-1,4297,4188,4299,-1,4299,4188,4186,-1,4299,4186,4157,-1,4157,4186,4178,-1,4157,4178,4159,-1,4159,4178,4180,-1,4300,4301,4302,-1,4302,4301,4303,-1,4304,4305,4306,-1,4306,4305,4307,-1,4306,4307,4308,-1,4309,4310,4308,-1,4308,4310,4311,-1,4308,4311,4312,-1,4308,4313,4314,-1,4312,4315,4308,-1,4308,4315,4316,-1,4308,4316,4313,-1,4314,4317,4308,-1,4308,4317,4318,-1,4308,4318,4306,-1,4319,4320,4321,-1,4319,4321,4322,-1,4320,4323,4321,-1,4321,4323,4324,-1,4321,4324,4325,-1,4326,4327,4328,-1,4328,4327,4329,-1,4328,4329,4321,-1,4321,4329,4330,-1,4321,4330,4322,-1,4325,4331,4321,-1,4321,4331,4332,-1,4321,4332,4333,-1,4327,4326,4334,-1,4334,4326,4335,-1,4334,4335,4336,-1,4336,4335,4337,-1,4336,4337,4338,-1,4338,4337,4339,-1,4338,4339,4340,-1,4340,4339,4341,-1,4340,4341,4342,-1,4342,4341,4343,-1,4344,4342,4345,-1,4345,4342,4343,-1,4344,4345,4346,-1,4344,4346,4347,-1,4347,4346,4348,-1,4347,4348,4349,-1,4349,4348,4350,-1,4349,4350,4351,-1,4351,4350,4352,-1,4351,4352,4353,-1,4353,4352,4354,-1,4353,4354,4355,-1,4356,4357,4358,-1,4356,4358,4359,-1,4359,4358,4360,-1,4359,4360,4361,-1,4362,4361,4363,-1,4363,4361,4360,-1,4362,4363,4364,-1,4364,4363,4365,-1,4364,4365,4366,-1,4366,4365,4367,-1,4366,4367,4368,-1,4368,4367,4369,-1,4370,4368,4371,-1,4371,4368,4369,-1,4370,4371,4372,-1,4372,4371,4373,-1,4372,4373,4374,-1,4374,4373,4375,-1,4374,4375,4376,-1,4376,4375,4377,-1,4376,4377,4378,-1,4378,4377,4379,-1,4378,4379,4380,-1,4378,4380,4381,-1,4381,4380,4382,-1,4381,4382,4383,-1,4383,4382,4384,-1,4383,4384,4385,-1,4385,4384,4386,-1,4385,4386,4387,-1,4387,4386,4388,-1,4387,4388,4389,-1,4390,4389,4391,-1,4391,4389,4388,-1,4392,4390,4393,-1,4393,4390,4391,-1,4303,4301,4394,-1,4394,4301,4395,-1,4394,4395,4396,-1,4396,4395,4397,-1,4396,4397,4398,-1,4398,4397,4399,-1,4398,4399,4400,-1,4400,4399,4401,-1,4400,4401,4402,-1,4402,4401,4403,-1,4402,4403,4404,-1,4402,4404,4405,-1,4405,4404,4406,-1,4405,4406,4407,-1,4407,4406,4408,-1,4407,4408,4409,-1,4409,4408,4410,-1,4409,4410,4411,-1,4412,4411,4413,-1,4413,4411,4410,-1,4412,4413,4414,-1,4412,4414,4415,-1,4415,4414,4416,-1,4415,4416,4417,-1,4417,4416,4418,-1,4417,4418,4419,-1,4420,4419,4421,-1,4421,4419,4418,-1,4420,4421,4422,-1,4422,4421,4423,-1,4422,4423,4424,-1,4424,4423,4425,-1,4426,4424,4427,-1,4427,4424,4425,-1,4426,4427,4428,-1,4428,4427,4429,-1,4428,4429,4430,-1,4430,4429,4431,-1,4430,4431,4432,-1,4432,4431,4433,-1,4432,4433,4434,-1,4434,4433,4435,-1,4434,4435,4436,-1,4436,4435,4437,-1,4438,4436,4439,-1,4439,4436,4437,-1,4438,4439,4440,-1,4438,4440,4441,-1,4441,4440,4442,-1,4441,4442,4443,-1,4443,4442,4444,-1,4443,4444,4445,-1,4445,4444,4446,-1,4445,4446,4447,-1,4447,4446,4305,-1,4447,4305,4304,-1,4389,4390,4392,-1,4306,4329,4304,-1,4304,4329,4327,-1,4304,4327,4447,-1,4447,4327,4334,-1,4447,4334,4445,-1,4445,4334,4336,-1,4445,4336,4443,-1,4443,4336,4338,-1,4443,4338,4441,-1,4441,4338,4340,-1,4441,4340,4438,-1,4438,4340,4342,-1,4438,4342,4436,-1,4436,4342,4344,-1,4436,4344,4434,-1,4434,4344,4347,-1,4434,4347,4432,-1,4432,4347,4349,-1,4432,4349,4430,-1,4430,4349,4351,-1,4430,4351,4428,-1,4428,4351,4353,-1,4428,4353,4426,-1,4426,4353,4355,-1,4426,4355,4424,-1,4424,4355,4356,-1,4424,4356,4422,-1,4422,4356,4359,-1,4422,4359,4420,-1,4420,4359,4361,-1,4420,4361,4419,-1,4419,4361,4362,-1,4419,4362,4417,-1,4417,4362,4364,-1,4417,4364,4415,-1,4415,4364,4366,-1,4415,4366,4412,-1,4412,4366,4368,-1,4412,4368,4411,-1,4411,4368,4370,-1,4411,4370,4409,-1,4409,4370,4372,-1,4409,4372,4407,-1,4407,4372,4374,-1,4407,4374,4405,-1,4405,4374,4376,-1,4405,4376,4402,-1,4402,4376,4378,-1,4402,4378,4400,-1,4400,4378,4381,-1,4400,4381,4398,-1,4398,4381,4383,-1,4398,4383,4396,-1,4396,4383,4385,-1,4396,4385,4394,-1,4394,4385,4387,-1,4394,4387,4303,-1,4303,4387,4389,-1,4303,4389,4302,-1,4302,4389,4392,-1,4393,4391,4300,-1,4300,4391,4388,-1,4328,4307,4326,-1,4326,4307,4305,-1,4326,4305,4335,-1,4335,4305,4446,-1,4335,4446,4337,-1,4337,4446,4444,-1,4337,4444,4339,-1,4339,4444,4442,-1,4339,4442,4341,-1,4341,4442,4440,-1,4341,4440,4343,-1,4343,4440,4439,-1,4343,4439,4345,-1,4345,4439,4437,-1,4345,4437,4346,-1,4346,4437,4435,-1,4346,4435,4348,-1,4348,4435,4433,-1,4348,4433,4350,-1,4350,4433,4431,-1,4350,4431,4352,-1,4352,4431,4429,-1,4352,4429,4354,-1,4354,4429,4427,-1,4354,4427,4357,-1,4357,4427,4425,-1,4357,4425,4358,-1,4358,4425,4423,-1,4358,4423,4360,-1,4360,4423,4421,-1,4360,4421,4363,-1,4363,4421,4418,-1,4363,4418,4365,-1,4365,4418,4416,-1,4365,4416,4367,-1,4367,4416,4414,-1,4367,4414,4369,-1,4369,4414,4413,-1,4369,4413,4371,-1,4371,4413,4410,-1,4371,4410,4373,-1,4373,4410,4408,-1,4373,4408,4375,-1,4375,4408,4406,-1,4375,4406,4377,-1,4377,4406,4404,-1,4377,4404,4379,-1,4379,4404,4403,-1,4379,4403,4380,-1,4380,4403,4401,-1,4380,4401,4382,-1,4382,4401,4399,-1,4382,4399,4384,-1,4384,4399,4397,-1,4384,4397,4386,-1,4386,4397,4395,-1,4386,4395,4388,-1,4388,4395,4301,-1,4388,4301,4300,-1,4448,4449,4450,-1,4450,4449,4451,-1,4452,4453,4454,-1,4454,4453,4455,-1,4454,4455,4456,-1,4457,4458,4456,-1,4456,4458,4459,-1,4456,4459,4460,-1,4456,4461,4462,-1,4460,4463,4456,-1,4456,4463,4464,-1,4456,4464,4461,-1,4462,4465,4456,-1,4456,4465,4466,-1,4456,4466,4454,-1,4467,4468,4469,-1,4467,4469,4470,-1,4468,4471,4469,-1,4469,4471,4472,-1,4469,4472,4473,-1,4474,4475,4476,-1,4476,4475,4477,-1,4476,4477,4469,-1,4469,4477,4478,-1,4469,4478,4470,-1,4473,4479,4469,-1,4469,4479,4480,-1,4469,4480,4481,-1,4475,4474,4482,-1,4475,4482,4483,-1,4483,4482,4484,-1,4483,4484,4485,-1,4485,4484,4486,-1,4485,4486,4487,-1,4487,4486,4488,-1,4487,4488,4489,-1,4489,4488,4490,-1,4489,4490,4491,-1,4492,4491,4493,-1,4493,4491,4490,-1,4492,4493,4494,-1,4494,4493,4495,-1,4494,4495,4496,-1,4496,4495,4497,-1,4496,4497,4498,-1,4498,4497,4499,-1,4498,4499,4500,-1,4500,4499,4501,-1,4500,4501,4502,-1,4502,4501,4503,-1,4504,4502,4505,-1,4505,4502,4503,-1,4504,4505,4506,-1,4506,4505,4507,-1,4506,4507,4508,-1,4508,4507,4509,-1,4510,4508,4511,-1,4511,4508,4509,-1,4510,4511,4512,-1,4510,4512,4513,-1,4513,4512,4514,-1,4513,4514,4515,-1,4515,4514,4516,-1,4515,4516,4517,-1,4518,4517,4519,-1,4519,4517,4516,-1,4518,4519,4520,-1,4518,4520,4521,-1,4521,4520,4522,-1,4521,4522,4523,-1,4523,4522,4524,-1,4523,4524,4525,-1,4525,4524,4526,-1,4525,4526,4527,-1,4527,4526,4528,-1,4528,4526,4529,-1,4528,4529,4530,-1,4530,4529,4531,-1,4530,4531,4532,-1,4532,4531,4533,-1,4532,4533,4534,-1,4534,4533,4535,-1,4534,4535,4448,-1,4448,4535,4449,-1,4536,4537,4538,-1,4538,4537,4539,-1,4540,4536,4541,-1,4541,4536,4538,-1,4540,4541,4542,-1,4540,4542,4543,-1,4543,4542,4544,-1,4543,4544,4545,-1,4545,4544,4546,-1,4545,4546,4547,-1,4547,4546,4548,-1,4547,4548,4549,-1,4549,4548,4550,-1,4549,4550,4551,-1,4551,4550,4552,-1,4552,4550,4553,-1,4552,4553,4554,-1,4554,4553,4555,-1,4554,4555,4556,-1,4556,4555,4557,-1,4556,4557,4558,-1,4558,4557,4559,-1,4560,4558,4561,-1,4561,4558,4559,-1,4560,4561,4562,-1,4562,4561,4563,-1,4562,4563,4564,-1,4564,4563,4565,-1,4564,4565,4566,-1,4566,4565,4567,-1,4568,4566,4569,-1,4569,4566,4567,-1,4568,4569,4570,-1,4568,4570,4571,-1,4571,4570,4572,-1,4571,4572,4573,-1,4574,4575,4576,-1,4574,4576,4577,-1,4577,4576,4578,-1,4577,4578,4579,-1,4579,4578,4580,-1,4579,4580,4581,-1,4581,4580,4582,-1,4581,4582,4583,-1,4583,4582,4584,-1,4583,4584,4585,-1,4586,4585,4587,-1,4587,4585,4584,-1,4586,4587,4588,-1,4588,4587,4589,-1,4588,4589,4590,-1,4590,4589,4591,-1,4590,4591,4592,-1,4592,4591,4593,-1,4592,4593,4594,-1,4594,4593,4595,-1,4594,4595,4452,-1,4452,4595,4453,-1,4537,4536,4450,-1,4450,4536,4540,-1,4454,4477,4452,-1,4452,4477,4475,-1,4452,4475,4594,-1,4594,4475,4483,-1,4594,4483,4592,-1,4592,4483,4485,-1,4592,4485,4590,-1,4590,4485,4487,-1,4590,4487,4588,-1,4588,4487,4489,-1,4588,4489,4586,-1,4586,4489,4491,-1,4586,4491,4585,-1,4585,4491,4492,-1,4585,4492,4583,-1,4583,4492,4494,-1,4583,4494,4581,-1,4581,4494,4496,-1,4581,4496,4579,-1,4579,4496,4498,-1,4579,4498,4577,-1,4577,4498,4500,-1,4577,4500,4574,-1,4574,4500,4502,-1,4574,4502,4573,-1,4573,4502,4504,-1,4573,4504,4571,-1,4571,4504,4506,-1,4571,4506,4568,-1,4568,4506,4508,-1,4568,4508,4566,-1,4566,4508,4510,-1,4566,4510,4564,-1,4564,4510,4513,-1,4564,4513,4562,-1,4562,4513,4515,-1,4562,4515,4560,-1,4560,4515,4517,-1,4560,4517,4558,-1,4558,4517,4518,-1,4558,4518,4556,-1,4556,4518,4521,-1,4556,4521,4554,-1,4554,4521,4523,-1,4554,4523,4552,-1,4552,4523,4525,-1,4552,4525,4551,-1,4551,4525,4527,-1,4551,4527,4549,-1,4549,4527,4528,-1,4549,4528,4547,-1,4547,4528,4530,-1,4547,4530,4545,-1,4545,4530,4532,-1,4545,4532,4543,-1,4543,4532,4534,-1,4543,4534,4540,-1,4540,4534,4448,-1,4540,4448,4450,-1,4541,4538,4539,-1,4539,4451,4541,-1,4541,4451,4449,-1,4541,4449,4542,-1,4542,4449,4535,-1,4542,4535,4544,-1,4544,4535,4533,-1,4544,4533,4546,-1,4546,4533,4531,-1,4546,4531,4548,-1,4548,4531,4529,-1,4548,4529,4550,-1,4550,4529,4526,-1,4550,4526,4553,-1,4553,4526,4524,-1,4553,4524,4555,-1,4555,4524,4522,-1,4555,4522,4557,-1,4557,4522,4520,-1,4557,4520,4559,-1,4559,4520,4519,-1,4559,4519,4561,-1,4561,4519,4516,-1,4561,4516,4563,-1,4563,4516,4514,-1,4563,4514,4565,-1,4565,4514,4512,-1,4565,4512,4567,-1,4567,4512,4511,-1,4567,4511,4569,-1,4569,4511,4509,-1,4569,4509,4570,-1,4570,4509,4507,-1,4570,4507,4572,-1,4572,4507,4505,-1,4572,4505,4575,-1,4575,4505,4503,-1,4575,4503,4576,-1,4576,4503,4501,-1,4576,4501,4578,-1,4578,4501,4499,-1,4578,4499,4580,-1,4580,4499,4497,-1,4580,4497,4582,-1,4582,4497,4495,-1,4582,4495,4584,-1,4584,4495,4493,-1,4584,4493,4587,-1,4587,4493,4490,-1,4587,4490,4589,-1,4589,4490,4488,-1,4589,4488,4591,-1,4591,4488,4486,-1,4591,4486,4593,-1,4593,4486,4484,-1,4593,4484,4595,-1,4595,4484,4482,-1,4595,4482,4453,-1,4453,4482,4474,-1,4453,4474,4455,-1,4455,4474,4476,-1,4596,4597,4598,-1,4598,4597,4599,-1,4600,4601,4602,-1,4602,4601,4603,-1,4602,4603,4604,-1,4605,4606,4604,-1,4604,4606,4607,-1,4604,4607,4608,-1,4604,4609,4610,-1,4608,4611,4604,-1,4604,4611,4612,-1,4604,4612,4609,-1,4610,4613,4604,-1,4604,4613,4614,-1,4604,4614,4602,-1,4615,4616,4617,-1,4615,4617,4618,-1,4616,4619,4617,-1,4617,4619,4620,-1,4617,4620,4621,-1,4622,4623,4624,-1,4624,4623,4625,-1,4624,4625,4617,-1,4617,4625,4626,-1,4617,4626,4618,-1,4621,4627,4617,-1,4617,4627,4628,-1,4617,4628,4629,-1,4623,4622,4630,-1,4630,4622,4631,-1,4630,4631,4632,-1,4632,4631,4633,-1,4632,4633,4634,-1,4634,4633,4635,-1,4634,4635,4636,-1,4636,4635,4637,-1,4636,4637,4638,-1,4638,4637,4639,-1,4640,4638,4641,-1,4641,4638,4639,-1,4640,4641,4642,-1,4640,4642,4643,-1,4643,4642,4644,-1,4643,4644,4645,-1,4645,4644,4646,-1,4645,4646,4647,-1,4647,4646,4648,-1,4647,4648,4649,-1,4649,4648,4650,-1,4649,4650,4651,-1,4652,4653,4654,-1,4652,4654,4655,-1,4655,4654,4656,-1,4655,4656,4657,-1,4658,4657,4659,-1,4659,4657,4656,-1,4658,4659,4660,-1,4660,4659,4661,-1,4660,4661,4662,-1,4662,4661,4663,-1,4662,4663,4664,-1,4664,4663,4665,-1,4666,4664,4667,-1,4667,4664,4665,-1,4666,4667,4668,-1,4668,4667,4669,-1,4668,4669,4670,-1,4670,4669,4671,-1,4670,4671,4672,-1,4672,4671,4673,-1,4672,4673,4674,-1,4674,4673,4675,-1,4674,4675,4676,-1,4674,4676,4677,-1,4677,4676,4678,-1,4677,4678,4679,-1,4679,4678,4680,-1,4679,4680,4681,-1,4681,4680,4682,-1,4681,4682,4683,-1,4683,4682,4684,-1,4683,4684,4685,-1,4686,4685,4687,-1,4687,4685,4684,-1,4688,4686,4689,-1,4689,4686,4687,-1,4599,4597,4690,-1,4690,4597,4691,-1,4690,4691,4692,-1,4692,4691,4693,-1,4692,4693,4694,-1,4694,4693,4695,-1,4694,4695,4696,-1,4696,4695,4697,-1,4696,4697,4698,-1,4698,4697,4699,-1,4698,4699,4700,-1,4698,4700,4701,-1,4701,4700,4702,-1,4701,4702,4703,-1,4703,4702,4704,-1,4703,4704,4705,-1,4705,4704,4706,-1,4705,4706,4707,-1,4708,4707,4709,-1,4709,4707,4706,-1,4708,4709,4710,-1,4708,4710,4711,-1,4711,4710,4712,-1,4711,4712,4713,-1,4713,4712,4714,-1,4713,4714,4715,-1,4716,4715,4717,-1,4717,4715,4714,-1,4716,4717,4718,-1,4718,4717,4719,-1,4718,4719,4720,-1,4720,4719,4721,-1,4722,4720,4723,-1,4723,4720,4721,-1,4722,4723,4724,-1,4724,4723,4725,-1,4724,4725,4726,-1,4726,4725,4727,-1,4726,4727,4728,-1,4728,4727,4729,-1,4728,4729,4730,-1,4730,4729,4731,-1,4730,4731,4732,-1,4732,4731,4733,-1,4734,4732,4735,-1,4735,4732,4733,-1,4734,4735,4736,-1,4734,4736,4737,-1,4737,4736,4738,-1,4737,4738,4739,-1,4739,4738,4740,-1,4739,4740,4741,-1,4741,4740,4742,-1,4741,4742,4743,-1,4743,4742,4601,-1,4743,4601,4600,-1,4685,4686,4688,-1,4602,4625,4600,-1,4600,4625,4623,-1,4600,4623,4743,-1,4743,4623,4630,-1,4743,4630,4741,-1,4741,4630,4632,-1,4741,4632,4739,-1,4739,4632,4634,-1,4739,4634,4737,-1,4737,4634,4636,-1,4737,4636,4734,-1,4734,4636,4638,-1,4734,4638,4732,-1,4732,4638,4640,-1,4732,4640,4730,-1,4730,4640,4643,-1,4730,4643,4728,-1,4728,4643,4645,-1,4728,4645,4726,-1,4726,4645,4647,-1,4726,4647,4724,-1,4724,4647,4649,-1,4724,4649,4722,-1,4722,4649,4651,-1,4722,4651,4720,-1,4720,4651,4652,-1,4720,4652,4718,-1,4718,4652,4655,-1,4718,4655,4716,-1,4716,4655,4657,-1,4716,4657,4715,-1,4715,4657,4658,-1,4715,4658,4713,-1,4713,4658,4660,-1,4713,4660,4711,-1,4711,4660,4662,-1,4711,4662,4708,-1,4708,4662,4664,-1,4708,4664,4707,-1,4707,4664,4666,-1,4707,4666,4705,-1,4705,4666,4668,-1,4705,4668,4703,-1,4703,4668,4670,-1,4703,4670,4701,-1,4701,4670,4672,-1,4701,4672,4698,-1,4698,4672,4674,-1,4698,4674,4696,-1,4696,4674,4677,-1,4696,4677,4694,-1,4694,4677,4679,-1,4694,4679,4692,-1,4692,4679,4681,-1,4692,4681,4690,-1,4690,4681,4683,-1,4690,4683,4599,-1,4599,4683,4685,-1,4599,4685,4598,-1,4598,4685,4688,-1,4689,4687,4596,-1,4596,4687,4684,-1,4624,4603,4622,-1,4622,4603,4601,-1,4622,4601,4631,-1,4631,4601,4742,-1,4631,4742,4633,-1,4633,4742,4740,-1,4633,4740,4635,-1,4635,4740,4738,-1,4635,4738,4637,-1,4637,4738,4736,-1,4637,4736,4639,-1,4639,4736,4735,-1,4639,4735,4641,-1,4641,4735,4733,-1,4641,4733,4642,-1,4642,4733,4731,-1,4642,4731,4644,-1,4644,4731,4729,-1,4644,4729,4646,-1,4646,4729,4727,-1,4646,4727,4648,-1,4648,4727,4725,-1,4648,4725,4650,-1,4650,4725,4723,-1,4650,4723,4653,-1,4653,4723,4721,-1,4653,4721,4654,-1,4654,4721,4719,-1,4654,4719,4656,-1,4656,4719,4717,-1,4656,4717,4659,-1,4659,4717,4714,-1,4659,4714,4661,-1,4661,4714,4712,-1,4661,4712,4663,-1,4663,4712,4710,-1,4663,4710,4665,-1,4665,4710,4709,-1,4665,4709,4667,-1,4667,4709,4706,-1,4667,4706,4669,-1,4669,4706,4704,-1,4669,4704,4671,-1,4671,4704,4702,-1,4671,4702,4673,-1,4673,4702,4700,-1,4673,4700,4675,-1,4675,4700,4699,-1,4675,4699,4676,-1,4676,4699,4697,-1,4676,4697,4678,-1,4678,4697,4695,-1,4678,4695,4680,-1,4680,4695,4693,-1,4680,4693,4682,-1,4682,4693,4691,-1,4682,4691,4684,-1,4684,4691,4597,-1,4684,4597,4596,-1,4744,4745,4746,-1,4746,4745,4747,-1,4748,4749,4750,-1,4751,4752,4749,-1,4749,4752,4753,-1,4749,4753,4750,-1,4750,4754,4748,-1,4748,4754,4755,-1,4748,4755,4756,-1,4756,4757,4748,-1,4748,4757,4758,-1,4748,4758,4759,-1,4759,4760,4748,-1,4748,4760,4761,-1,4748,4761,4762,-1,4763,4764,4765,-1,4765,4764,4766,-1,4765,4766,4767,-1,4767,4766,4768,-1,4767,4768,4769,-1,4770,4768,4771,-1,4771,4768,4772,-1,4770,4773,4768,-1,4768,4773,4774,-1,4768,4774,4775,-1,4775,4776,4768,-1,4768,4776,4777,-1,4768,4777,4769,-1,4764,4763,4778,-1,4764,4778,4779,-1,4779,4778,4780,-1,4779,4780,4781,-1,4781,4780,4782,-1,4781,4782,4783,-1,4783,4782,4784,-1,4783,4784,4785,-1,4785,4784,4786,-1,4785,4786,4787,-1,4788,4787,4789,-1,4789,4787,4786,-1,4788,4789,4790,-1,4790,4789,4791,-1,4790,4791,4792,-1,4792,4791,4793,-1,4792,4793,4794,-1,4794,4793,4795,-1,4794,4795,4796,-1,4796,4795,4797,-1,4796,4797,4798,-1,4798,4797,4799,-1,4800,4798,4801,-1,4801,4798,4799,-1,4800,4801,4802,-1,4802,4801,4803,-1,4802,4803,4804,-1,4804,4803,4805,-1,4806,4804,4807,-1,4807,4804,4805,-1,4806,4807,4808,-1,4806,4808,4809,-1,4809,4808,4810,-1,4809,4810,4811,-1,4811,4810,4812,-1,4811,4812,4813,-1,4814,4813,4815,-1,4815,4813,4812,-1,4814,4815,4816,-1,4814,4816,4817,-1,4817,4816,4818,-1,4817,4818,4819,-1,4819,4818,4820,-1,4819,4820,4821,-1,4821,4820,4822,-1,4821,4822,4823,-1,4823,4822,4824,-1,4824,4822,4825,-1,4824,4825,4826,-1,4826,4825,4827,-1,4826,4827,4828,-1,4828,4827,4829,-1,4828,4829,4830,-1,4830,4829,4831,-1,4830,4831,4744,-1,4744,4831,4745,-1,4832,4833,4834,-1,4834,4833,4835,-1,4836,4832,4837,-1,4837,4832,4834,-1,4836,4837,4838,-1,4836,4838,4839,-1,4839,4838,4840,-1,4839,4840,4841,-1,4841,4840,4842,-1,4841,4842,4843,-1,4843,4842,4844,-1,4843,4844,4845,-1,4845,4844,4846,-1,4845,4846,4847,-1,4847,4846,4848,-1,4848,4846,4849,-1,4848,4849,4850,-1,4850,4849,4851,-1,4850,4851,4852,-1,4852,4851,4853,-1,4852,4853,4854,-1,4854,4853,4855,-1,4856,4854,4857,-1,4857,4854,4855,-1,4856,4857,4858,-1,4858,4857,4859,-1,4858,4859,4860,-1,4860,4859,4861,-1,4860,4861,4862,-1,4862,4861,4863,-1,4864,4862,4865,-1,4865,4862,4863,-1,4864,4865,4866,-1,4864,4866,4867,-1,4867,4866,4868,-1,4867,4868,4869,-1,4870,4871,4872,-1,4870,4872,4873,-1,4873,4872,4874,-1,4873,4874,4875,-1,4875,4874,4876,-1,4875,4876,4877,-1,4877,4876,4878,-1,4877,4878,4879,-1,4879,4878,4880,-1,4879,4880,4881,-1,4882,4881,4883,-1,4883,4881,4880,-1,4882,4883,4884,-1,4884,4883,4885,-1,4884,4885,4886,-1,4886,4885,4887,-1,4886,4887,4888,-1,4888,4887,4889,-1,4888,4889,4890,-1,4890,4889,4891,-1,4890,4891,4751,-1,4751,4891,4752,-1,4833,4832,4746,-1,4746,4832,4836,-1,4749,4766,4751,-1,4751,4766,4764,-1,4751,4764,4890,-1,4890,4764,4779,-1,4890,4779,4888,-1,4888,4779,4781,-1,4888,4781,4886,-1,4886,4781,4783,-1,4886,4783,4884,-1,4884,4783,4785,-1,4884,4785,4882,-1,4882,4785,4787,-1,4882,4787,4881,-1,4881,4787,4788,-1,4881,4788,4879,-1,4879,4788,4790,-1,4879,4790,4877,-1,4877,4790,4792,-1,4877,4792,4875,-1,4875,4792,4794,-1,4875,4794,4873,-1,4873,4794,4796,-1,4873,4796,4870,-1,4870,4796,4798,-1,4870,4798,4869,-1,4869,4798,4800,-1,4869,4800,4867,-1,4867,4800,4802,-1,4867,4802,4864,-1,4864,4802,4804,-1,4864,4804,4862,-1,4862,4804,4806,-1,4862,4806,4860,-1,4860,4806,4809,-1,4860,4809,4858,-1,4858,4809,4811,-1,4858,4811,4856,-1,4856,4811,4813,-1,4856,4813,4854,-1,4854,4813,4814,-1,4854,4814,4852,-1,4852,4814,4817,-1,4852,4817,4850,-1,4850,4817,4819,-1,4850,4819,4848,-1,4848,4819,4821,-1,4848,4821,4847,-1,4847,4821,4823,-1,4847,4823,4845,-1,4845,4823,4824,-1,4845,4824,4843,-1,4843,4824,4826,-1,4843,4826,4841,-1,4841,4826,4828,-1,4841,4828,4839,-1,4839,4828,4830,-1,4839,4830,4836,-1,4836,4830,4744,-1,4836,4744,4746,-1,4837,4834,4835,-1,4835,4747,4837,-1,4837,4747,4745,-1,4837,4745,4838,-1,4838,4745,4831,-1,4838,4831,4840,-1,4840,4831,4829,-1,4840,4829,4842,-1,4842,4829,4827,-1,4842,4827,4844,-1,4844,4827,4825,-1,4844,4825,4846,-1,4846,4825,4822,-1,4846,4822,4849,-1,4849,4822,4820,-1,4849,4820,4851,-1,4851,4820,4818,-1,4851,4818,4853,-1,4853,4818,4816,-1,4853,4816,4855,-1,4855,4816,4815,-1,4855,4815,4857,-1,4857,4815,4812,-1,4857,4812,4859,-1,4859,4812,4810,-1,4859,4810,4861,-1,4861,4810,4808,-1,4861,4808,4863,-1,4863,4808,4807,-1,4863,4807,4865,-1,4865,4807,4805,-1,4865,4805,4866,-1,4866,4805,4803,-1,4866,4803,4868,-1,4868,4803,4801,-1,4868,4801,4871,-1,4871,4801,4799,-1,4871,4799,4872,-1,4872,4799,4797,-1,4872,4797,4874,-1,4874,4797,4795,-1,4874,4795,4876,-1,4876,4795,4793,-1,4876,4793,4878,-1,4878,4793,4791,-1,4878,4791,4880,-1,4880,4791,4789,-1,4880,4789,4883,-1,4883,4789,4786,-1,4883,4786,4885,-1,4885,4786,4784,-1,4885,4784,4887,-1,4887,4784,4782,-1,4887,4782,4889,-1,4889,4782,4780,-1,4889,4780,4891,-1,4891,4780,4778,-1,4891,4778,4752,-1,4752,4778,4763,-1,4752,4763,4753,-1,4753,4763,4765,-1,4892,4893,4894,-1,4894,4893,4895,-1,4896,4897,4898,-1,4899,4900,4897,-1,4897,4900,4901,-1,4897,4901,4898,-1,4898,4902,4896,-1,4896,4902,4903,-1,4896,4903,4904,-1,4904,4905,4896,-1,4896,4905,4906,-1,4896,4906,4907,-1,4907,4908,4896,-1,4896,4908,4909,-1,4896,4909,4910,-1,4911,4912,4913,-1,4913,4912,4914,-1,4913,4914,4915,-1,4915,4914,4916,-1,4915,4916,4917,-1,4918,4916,4919,-1,4919,4916,4920,-1,4918,4921,4916,-1,4916,4921,4922,-1,4916,4922,4923,-1,4923,4924,4916,-1,4916,4924,4925,-1,4916,4925,4917,-1,4912,4911,4926,-1,4926,4911,4927,-1,4926,4927,4928,-1,4928,4927,4929,-1,4928,4929,4930,-1,4930,4929,4931,-1,4930,4931,4932,-1,4932,4931,4933,-1,4932,4933,4934,-1,4934,4933,4935,-1,4936,4934,4937,-1,4937,4934,4935,-1,4936,4937,4938,-1,4936,4938,4939,-1,4939,4938,4940,-1,4939,4940,4941,-1,4941,4940,4942,-1,4941,4942,4943,-1,4943,4942,4944,-1,4943,4944,4945,-1,4945,4944,4946,-1,4945,4946,4947,-1,4948,4949,4950,-1,4948,4950,4951,-1,4951,4950,4952,-1,4951,4952,4953,-1,4954,4953,4955,-1,4955,4953,4952,-1,4954,4955,4956,-1,4956,4955,4957,-1,4956,4957,4958,-1,4958,4957,4959,-1,4958,4959,4960,-1,4960,4959,4961,-1,4962,4960,4963,-1,4963,4960,4961,-1,4962,4963,4964,-1,4964,4963,4965,-1,4964,4965,4966,-1,4966,4965,4967,-1,4966,4967,4968,-1,4968,4967,4969,-1,4968,4969,4970,-1,4970,4969,4971,-1,4970,4971,4972,-1,4970,4972,4973,-1,4973,4972,4974,-1,4973,4974,4975,-1,4975,4974,4976,-1,4975,4976,4977,-1,4977,4976,4978,-1,4977,4978,4979,-1,4979,4978,4980,-1,4979,4980,4981,-1,4982,4981,4983,-1,4983,4981,4980,-1,4984,4982,4985,-1,4985,4982,4983,-1,4895,4893,4986,-1,4986,4893,4987,-1,4986,4987,4988,-1,4988,4987,4989,-1,4988,4989,4990,-1,4990,4989,4991,-1,4990,4991,4992,-1,4992,4991,4993,-1,4992,4993,4994,-1,4994,4993,4995,-1,4994,4995,4996,-1,4994,4996,4997,-1,4997,4996,4998,-1,4997,4998,4999,-1,4999,4998,5000,-1,4999,5000,5001,-1,5001,5000,5002,-1,5001,5002,5003,-1,5004,5003,5005,-1,5005,5003,5002,-1,5004,5005,5006,-1,5004,5006,5007,-1,5007,5006,5008,-1,5007,5008,5009,-1,5009,5008,5010,-1,5009,5010,5011,-1,5012,5011,5013,-1,5013,5011,5010,-1,5012,5013,5014,-1,5014,5013,5015,-1,5014,5015,5016,-1,5016,5015,5017,-1,5018,5016,5019,-1,5019,5016,5017,-1,5018,5019,5020,-1,5020,5019,5021,-1,5020,5021,5022,-1,5022,5021,5023,-1,5022,5023,5024,-1,5024,5023,5025,-1,5024,5025,5026,-1,5026,5025,5027,-1,5026,5027,5028,-1,5028,5027,5029,-1,5030,5028,5031,-1,5031,5028,5029,-1,5030,5031,5032,-1,5030,5032,5033,-1,5033,5032,5034,-1,5033,5034,5035,-1,5035,5034,5036,-1,5035,5036,5037,-1,5037,5036,5038,-1,5037,5038,5039,-1,5039,5038,4900,-1,5039,4900,4899,-1,4981,4982,4984,-1,4897,4914,4899,-1,4899,4914,4912,-1,4899,4912,5039,-1,5039,4912,4926,-1,5039,4926,5037,-1,5037,4926,4928,-1,5037,4928,5035,-1,5035,4928,4930,-1,5035,4930,5033,-1,5033,4930,4932,-1,5033,4932,5030,-1,5030,4932,4934,-1,5030,4934,5028,-1,5028,4934,4936,-1,5028,4936,5026,-1,5026,4936,4939,-1,5026,4939,5024,-1,5024,4939,4941,-1,5024,4941,5022,-1,5022,4941,4943,-1,5022,4943,5020,-1,5020,4943,4945,-1,5020,4945,5018,-1,5018,4945,4947,-1,5018,4947,5016,-1,5016,4947,4948,-1,5016,4948,5014,-1,5014,4948,4951,-1,5014,4951,5012,-1,5012,4951,4953,-1,5012,4953,5011,-1,5011,4953,4954,-1,5011,4954,5009,-1,5009,4954,4956,-1,5009,4956,5007,-1,5007,4956,4958,-1,5007,4958,5004,-1,5004,4958,4960,-1,5004,4960,5003,-1,5003,4960,4962,-1,5003,4962,5001,-1,5001,4962,4964,-1,5001,4964,4999,-1,4999,4964,4966,-1,4999,4966,4997,-1,4997,4966,4968,-1,4997,4968,4994,-1,4994,4968,4970,-1,4994,4970,4992,-1,4992,4970,4973,-1,4992,4973,4990,-1,4990,4973,4975,-1,4990,4975,4988,-1,4988,4975,4977,-1,4988,4977,4986,-1,4986,4977,4979,-1,4986,4979,4895,-1,4895,4979,4981,-1,4895,4981,4894,-1,4894,4981,4984,-1,4985,4983,4892,-1,4892,4983,4980,-1,4913,4901,4911,-1,4911,4901,4900,-1,4911,4900,4927,-1,4927,4900,5038,-1,4927,5038,4929,-1,4929,5038,5036,-1,4929,5036,4931,-1,4931,5036,5034,-1,4931,5034,4933,-1,4933,5034,5032,-1,4933,5032,4935,-1,4935,5032,5031,-1,4935,5031,4937,-1,4937,5031,5029,-1,4937,5029,4938,-1,4938,5029,5027,-1,4938,5027,4940,-1,4940,5027,5025,-1,4940,5025,4942,-1,4942,5025,5023,-1,4942,5023,4944,-1,4944,5023,5021,-1,4944,5021,4946,-1,4946,5021,5019,-1,4946,5019,4949,-1,4949,5019,5017,-1,4949,5017,4950,-1,4950,5017,5015,-1,4950,5015,4952,-1,4952,5015,5013,-1,4952,5013,4955,-1,4955,5013,5010,-1,4955,5010,4957,-1,4957,5010,5008,-1,4957,5008,4959,-1,4959,5008,5006,-1,4959,5006,4961,-1,4961,5006,5005,-1,4961,5005,4963,-1,4963,5005,5002,-1,4963,5002,4965,-1,4965,5002,5000,-1,4965,5000,4967,-1,4967,5000,4998,-1,4967,4998,4969,-1,4969,4998,4996,-1,4969,4996,4971,-1,4971,4996,4995,-1,4971,4995,4972,-1,4972,4995,4993,-1,4972,4993,4974,-1,4974,4993,4991,-1,4974,4991,4976,-1,4976,4991,4989,-1,4976,4989,4978,-1,4978,4989,4987,-1,4978,4987,4980,-1,4980,4987,4893,-1,4980,4893,4892,-1,595,616,609,-1,595,609,596,-1,596,609,621,-1,596,621,597,-1,597,621,620,-1,597,620,598,-1,598,620,619,-1,598,619,599,-1,599,619,613,-1,599,613,600,-1,600,613,612,-1,600,612,603,-1,617,594,606,-1,617,606,618,-1,618,606,605,-1,618,605,610,-1,610,605,602,-1,610,602,607,-1,607,602,601,-1,607,601,608,-1,608,601,604,-1,608,604,611,-1,611,604,603,-1,611,603,612,-1,743,764,757,-1,743,757,744,-1,744,757,769,-1,744,769,745,-1,745,769,768,-1,745,768,746,-1,746,768,767,-1,746,767,747,-1,747,767,761,-1,747,761,748,-1,748,761,760,-1,748,760,751,-1,765,742,754,-1,765,754,766,-1,766,754,753,-1,766,753,758,-1,758,753,750,-1,758,750,755,-1,755,750,749,-1,755,749,756,-1,756,749,752,-1,756,752,759,-1,759,752,751,-1,759,751,760,-1,897,912,905,-1,897,905,898,-1,898,905,917,-1,898,917,899,-1,899,917,916,-1,899,916,891,-1,891,916,915,-1,891,915,892,-1,892,915,909,-1,892,909,894,-1,894,909,908,-1,894,908,895,-1,913,888,893,-1,913,893,914,-1,914,893,902,-1,914,902,906,-1,906,902,901,-1,906,901,903,-1,903,901,900,-1,903,900,904,-1,904,900,896,-1,904,896,907,-1,907,896,895,-1,907,895,908,-1,1045,1060,1053,-1,1045,1053,1046,-1,1046,1053,1065,-1,1046,1065,1047,-1,1047,1065,1064,-1,1047,1064,1039,-1,1039,1064,1063,-1,1039,1063,1040,-1,1040,1063,1057,-1,1040,1057,1042,-1,1042,1057,1056,-1,1042,1056,1043,-1,1061,1036,1041,-1,1061,1041,1062,-1,1062,1041,1050,-1,1062,1050,1054,-1,1054,1050,1049,-1,1054,1049,1051,-1,1051,1049,1048,-1,1051,1048,1052,-1,1052,1048,1044,-1,1052,1044,1055,-1,1055,1044,1043,-1,1055,1043,1056,-1,1187,1208,1201,-1,1187,1201,1188,-1,1188,1201,1213,-1,1188,1213,1189,-1,1189,1213,1212,-1,1189,1212,1190,-1,1190,1212,1211,-1,1190,1211,1191,-1,1191,1211,1205,-1,1191,1205,1192,-1,1192,1205,1204,-1,1192,1204,1195,-1,1209,1186,1198,-1,1209,1198,1210,-1,1210,1198,1197,-1,1210,1197,1202,-1,1202,1197,1194,-1,1202,1194,1199,-1,1199,1194,1193,-1,1199,1193,1200,-1,1200,1193,1196,-1,1200,1196,1203,-1,1203,1196,1195,-1,1203,1195,1204,-1,1335,1356,1349,-1,1335,1349,1336,-1,1336,1349,1361,-1,1336,1361,1337,-1,1337,1361,1360,-1,1337,1360,1338,-1,1338,1360,1359,-1,1338,1359,1339,-1,1339,1359,1353,-1,1339,1353,1340,-1,1340,1353,1352,-1,1340,1352,1343,-1,1357,1334,1346,-1,1357,1346,1358,-1,1358,1346,1345,-1,1358,1345,1350,-1,1350,1345,1342,-1,1350,1342,1347,-1,1347,1342,1341,-1,1347,1341,1348,-1,1348,1341,1344,-1,1348,1344,1351,-1,1351,1344,1343,-1,1351,1343,1352,-1,1489,1504,1497,-1,1489,1497,1490,-1,1490,1497,1509,-1,1490,1509,1491,-1,1491,1509,1508,-1,1491,1508,1483,-1,1483,1508,1507,-1,1483,1507,1484,-1,1484,1507,1501,-1,1484,1501,1486,-1,1486,1501,1500,-1,1486,1500,1487,-1,1505,1480,1485,-1,1505,1485,1506,-1,1506,1485,1494,-1,1506,1494,1498,-1,1498,1494,1493,-1,1498,1493,1495,-1,1495,1493,1492,-1,1495,1492,1496,-1,1496,1492,1488,-1,1496,1488,1499,-1,1499,1488,1487,-1,1499,1487,1500,-1,1637,1652,1645,-1,1637,1645,1638,-1,1638,1645,1657,-1,1638,1657,1639,-1,1639,1657,1656,-1,1639,1656,1631,-1,1631,1656,1655,-1,1631,1655,1632,-1,1632,1655,1649,-1,1632,1649,1634,-1,1634,1649,1648,-1,1634,1648,1635,-1,1653,1628,1633,-1,1653,1633,1654,-1,1654,1633,1642,-1,1654,1642,1646,-1,1646,1642,1641,-1,1646,1641,1643,-1,1643,1641,1640,-1,1643,1640,1644,-1,1644,1640,1636,-1,1644,1636,1647,-1,1647,1636,1635,-1,1647,1635,1648,-1,1778,1794,1796,-1,1778,1796,1790,-1,1790,1796,1801,-1,1790,1801,1782,-1,1782,1801,1800,-1,1782,1800,1783,-1,1783,1800,1799,-1,1783,1799,1784,-1,1784,1799,1807,-1,1784,1807,1791,-1,1791,1807,1797,-1,1791,1797,1776,-1,1795,1781,1789,-1,1795,1789,1802,-1,1802,1789,1788,-1,1802,1788,1803,-1,1803,1788,1787,-1,1803,1787,1804,-1,1804,1787,1786,-1,1804,1786,1805,-1,1805,1786,1785,-1,1805,1785,1806,-1,1806,1785,1777,-1,1806,1777,1798,-1,1798,1777,1776,-1,1798,1776,1797,-1,1928,1944,1946,-1,1928,1946,1940,-1,1940,1946,1951,-1,1940,1951,1932,-1,1932,1951,1950,-1,1932,1950,1933,-1,1933,1950,1949,-1,1933,1949,1934,-1,1934,1949,1957,-1,1934,1957,1941,-1,1941,1957,1947,-1,1941,1947,1926,-1,1945,1931,1939,-1,1945,1939,1952,-1,1952,1939,1938,-1,1952,1938,1953,-1,1953,1938,1937,-1,1953,1937,1954,-1,1954,1937,1936,-1,1954,1936,1955,-1,1955,1936,1935,-1,1955,1935,1956,-1,1956,1935,1927,-1,1956,1927,1948,-1,1948,1927,1926,-1,1948,1926,1947,-1,2079,2093,2105,-1,2079,2105,2082,-1,2082,2105,2100,-1,2082,2100,2083,-1,2083,2100,2099,-1,2083,2099,2084,-1,2084,2099,2098,-1,2084,2098,2085,-1,2085,2098,2104,-1,2085,2104,2087,-1,2087,2104,2103,-1,2087,2103,2088,-1,2094,2078,2080,-1,2094,2080,2095,-1,2095,2080,2081,-1,2095,2081,2096,-1,2096,2081,2086,-1,2096,2086,2097,-1,2097,2086,2090,-1,2097,2090,2101,-1,2101,2090,2089,-1,2101,2089,2102,-1,2102,2089,2088,-1,2102,2088,2103,-1,2227,2241,2253,-1,2227,2253,2230,-1,2230,2253,2248,-1,2230,2248,2231,-1,2231,2248,2247,-1,2231,2247,2232,-1,2232,2247,2246,-1,2232,2246,2233,-1,2233,2246,2252,-1,2233,2252,2235,-1,2235,2252,2251,-1,2235,2251,2236,-1,2242,2226,2228,-1,2242,2228,2243,-1,2243,2228,2229,-1,2243,2229,2244,-1,2244,2229,2234,-1,2244,2234,2245,-1,2245,2234,2238,-1,2245,2238,2249,-1,2249,2238,2237,-1,2249,2237,2250,-1,2250,2237,2236,-1,2250,2236,2251,-1,2375,2389,2391,-1,2375,2391,2376,-1,2376,2391,2400,-1,2376,2400,2382,-1,2382,2400,2399,-1,2382,2399,2383,-1,2383,2399,2398,-1,2383,2398,2384,-1,2384,2398,2401,-1,2384,2401,2386,-1,2386,2401,2392,-1,2386,2392,2379,-1,2390,2374,2385,-1,2390,2385,2393,-1,2393,2385,2381,-1,2393,2381,2394,-1,2394,2381,2380,-1,2394,2380,2395,-1,2395,2380,2378,-1,2395,2378,2396,-1,2396,2378,2377,-1,2396,2377,2397,-1,2397,2377,2379,-1,2397,2379,2392,-1,2523,2537,2539,-1,2523,2539,2524,-1,2524,2539,2548,-1,2524,2548,2530,-1,2530,2548,2547,-1,2530,2547,2531,-1,2531,2547,2546,-1,2531,2546,2532,-1,2532,2546,2549,-1,2532,2549,2534,-1,2534,2549,2540,-1,2534,2540,2527,-1,2538,2522,2533,-1,2538,2533,2541,-1,2541,2533,2529,-1,2541,2529,2542,-1,2542,2529,2528,-1,2542,2528,2543,-1,2543,2528,2526,-1,2543,2526,2544,-1,2544,2526,2525,-1,2544,2525,2545,-1,2545,2525,2527,-1,2545,2527,2540,-1,2671,2685,2696,-1,2671,2696,2672,-1,2672,2696,2695,-1,2672,2695,2673,-1,2673,2695,2688,-1,2673,2688,2674,-1,2674,2688,2687,-1,2674,2687,2675,-1,2675,2687,2697,-1,2675,2697,2681,-1,2681,2697,2691,-1,2681,2691,2678,-1,2686,2670,2682,-1,2686,2682,2689,-1,2689,2682,2680,-1,2689,2680,2690,-1,2690,2680,2679,-1,2690,2679,2692,-1,2692,2679,2677,-1,2692,2677,2693,-1,2693,2677,2676,-1,2693,2676,2694,-1,2694,2676,2678,-1,2694,2678,2691,-1,2819,2833,2844,-1,2819,2844,2820,-1,2820,2844,2843,-1,2820,2843,2821,-1,2821,2843,2836,-1,2821,2836,2822,-1,2822,2836,2835,-1,2822,2835,2823,-1,2823,2835,2845,-1,2823,2845,2829,-1,2829,2845,2839,-1,2829,2839,2826,-1,2834,2818,2830,-1,2834,2830,2837,-1,2837,2830,2828,-1,2837,2828,2838,-1,2838,2828,2827,-1,2838,2827,2840,-1,2840,2827,2825,-1,2840,2825,2841,-1,2841,2825,2824,-1,2841,2824,2842,-1,2842,2824,2826,-1,2842,2826,2839,-1,2967,2981,2993,-1,2967,2993,2970,-1,2970,2993,2988,-1,2970,2988,2971,-1,2971,2988,2987,-1,2971,2987,2972,-1,2972,2987,2986,-1,2972,2986,2973,-1,2973,2986,2992,-1,2973,2992,2975,-1,2975,2992,2991,-1,2975,2991,2976,-1,2982,2966,2968,-1,2982,2968,2983,-1,2983,2968,2969,-1,2983,2969,2984,-1,2984,2969,2974,-1,2984,2974,2985,-1,2985,2974,2978,-1,2985,2978,2989,-1,2989,2978,2977,-1,2989,2977,2990,-1,2990,2977,2976,-1,2990,2976,2991,-1,3115,3129,3141,-1,3115,3141,3118,-1,3118,3141,3136,-1,3118,3136,3119,-1,3119,3136,3135,-1,3119,3135,3120,-1,3120,3135,3134,-1,3120,3134,3121,-1,3121,3134,3140,-1,3121,3140,3123,-1,3123,3140,3139,-1,3123,3139,3124,-1,3130,3114,3116,-1,3130,3116,3131,-1,3131,3116,3117,-1,3131,3117,3132,-1,3132,3117,3122,-1,3132,3122,3133,-1,3133,3122,3126,-1,3133,3126,3137,-1,3137,3126,3125,-1,3137,3125,3138,-1,3138,3125,3124,-1,3138,3124,3139,-1,3262,3278,3280,-1,3262,3280,3274,-1,3274,3280,3285,-1,3274,3285,3266,-1,3266,3285,3284,-1,3266,3284,3267,-1,3267,3284,3283,-1,3267,3283,3268,-1,3268,3283,3291,-1,3268,3291,3275,-1,3275,3291,3281,-1,3275,3281,3260,-1,3279,3265,3273,-1,3279,3273,3286,-1,3286,3273,3272,-1,3286,3272,3287,-1,3287,3272,3271,-1,3287,3271,3288,-1,3288,3271,3270,-1,3288,3270,3289,-1,3289,3270,3269,-1,3289,3269,3290,-1,3290,3269,3261,-1,3290,3261,3282,-1,3282,3261,3260,-1,3282,3260,3281,-1,3412,3428,3430,-1,3412,3430,3424,-1,3424,3430,3435,-1,3424,3435,3416,-1,3416,3435,3434,-1,3416,3434,3417,-1,3417,3434,3433,-1,3417,3433,3418,-1,3418,3433,3441,-1,3418,3441,3425,-1,3425,3441,3431,-1,3425,3431,3410,-1,3429,3415,3423,-1,3429,3423,3436,-1,3436,3423,3422,-1,3436,3422,3437,-1,3437,3422,3421,-1,3437,3421,3438,-1,3438,3421,3420,-1,3438,3420,3439,-1,3439,3420,3419,-1,3439,3419,3440,-1,3440,3419,3411,-1,3440,3411,3432,-1,3432,3411,3410,-1,3432,3410,3431,-1,3562,3578,3580,-1,3562,3580,3574,-1,3574,3580,3585,-1,3574,3585,3566,-1,3566,3585,3584,-1,3566,3584,3567,-1,3567,3584,3583,-1,3567,3583,3568,-1,3568,3583,3591,-1,3568,3591,3575,-1,3575,3591,3581,-1,3575,3581,3560,-1,3579,3565,3573,-1,3579,3573,3586,-1,3586,3573,3572,-1,3586,3572,3587,-1,3587,3572,3571,-1,3587,3571,3588,-1,3588,3571,3570,-1,3588,3570,3589,-1,3589,3570,3569,-1,3589,3569,3590,-1,3590,3569,3561,-1,3590,3561,3582,-1,3582,3561,3560,-1,3582,3560,3581,-1,3712,3728,3730,-1,3712,3730,3724,-1,3724,3730,3735,-1,3724,3735,3716,-1,3716,3735,3734,-1,3716,3734,3717,-1,3717,3734,3733,-1,3717,3733,3718,-1,3718,3733,3741,-1,3718,3741,3725,-1,3725,3741,3731,-1,3725,3731,3710,-1,3729,3715,3723,-1,3729,3723,3736,-1,3736,3723,3722,-1,3736,3722,3737,-1,3737,3722,3721,-1,3737,3721,3738,-1,3738,3721,3720,-1,3738,3720,3739,-1,3739,3720,3719,-1,3739,3719,3740,-1,3740,3719,3711,-1,3740,3711,3732,-1,3732,3711,3710,-1,3732,3710,3731,-1,3863,3884,3877,-1,3863,3877,3864,-1,3864,3877,3889,-1,3864,3889,3865,-1,3865,3889,3888,-1,3865,3888,3866,-1,3866,3888,3887,-1,3866,3887,3867,-1,3867,3887,3881,-1,3867,3881,3868,-1,3868,3881,3880,-1,3868,3880,3871,-1,3885,3862,3874,-1,3885,3874,3886,-1,3886,3874,3873,-1,3886,3873,3878,-1,3878,3873,3870,-1,3878,3870,3875,-1,3875,3870,3869,-1,3875,3869,3876,-1,3876,3869,3872,-1,3876,3872,3879,-1,3879,3872,3871,-1,3879,3871,3880,-1,4011,4032,4025,-1,4011,4025,4012,-1,4012,4025,4037,-1,4012,4037,4013,-1,4013,4037,4036,-1,4013,4036,4014,-1,4014,4036,4035,-1,4014,4035,4015,-1,4015,4035,4029,-1,4015,4029,4016,-1,4016,4029,4028,-1,4016,4028,4019,-1,4033,4010,4022,-1,4033,4022,4034,-1,4034,4022,4021,-1,4034,4021,4026,-1,4026,4021,4018,-1,4026,4018,4023,-1,4023,4018,4017,-1,4023,4017,4024,-1,4024,4017,4020,-1,4024,4020,4027,-1,4027,4020,4019,-1,4027,4019,4028,-1,4159,4180,4173,-1,4159,4173,4160,-1,4160,4173,4185,-1,4160,4185,4161,-1,4161,4185,4184,-1,4161,4184,4162,-1,4162,4184,4183,-1,4162,4183,4163,-1,4163,4183,4177,-1,4163,4177,4164,-1,4164,4177,4176,-1,4164,4176,4167,-1,4181,4158,4170,-1,4181,4170,4182,-1,4182,4170,4169,-1,4182,4169,4174,-1,4174,4169,4166,-1,4174,4166,4171,-1,4171,4166,4165,-1,4171,4165,4172,-1,4172,4165,4168,-1,4172,4168,4175,-1,4175,4168,4167,-1,4175,4167,4176,-1,4307,4328,4321,-1,4307,4321,4308,-1,4308,4321,4333,-1,4308,4333,4309,-1,4309,4333,4332,-1,4309,4332,4310,-1,4310,4332,4331,-1,4310,4331,4311,-1,4311,4331,4325,-1,4311,4325,4312,-1,4312,4325,4324,-1,4312,4324,4315,-1,4329,4306,4318,-1,4329,4318,4330,-1,4330,4318,4317,-1,4330,4317,4322,-1,4322,4317,4314,-1,4322,4314,4319,-1,4319,4314,4313,-1,4319,4313,4320,-1,4320,4313,4316,-1,4320,4316,4323,-1,4323,4316,4315,-1,4323,4315,4324,-1,4455,4476,4469,-1,4455,4469,4456,-1,4456,4469,4481,-1,4456,4481,4457,-1,4457,4481,4480,-1,4457,4480,4458,-1,4458,4480,4479,-1,4458,4479,4459,-1,4459,4479,4473,-1,4459,4473,4460,-1,4460,4473,4472,-1,4460,4472,4463,-1,4477,4454,4466,-1,4477,4466,4478,-1,4478,4466,4465,-1,4478,4465,4470,-1,4470,4465,4462,-1,4470,4462,4467,-1,4467,4462,4461,-1,4467,4461,4468,-1,4468,4461,4464,-1,4468,4464,4471,-1,4471,4464,4463,-1,4471,4463,4472,-1,4603,4624,4617,-1,4603,4617,4604,-1,4604,4617,4629,-1,4604,4629,4605,-1,4605,4629,4628,-1,4605,4628,4606,-1,4606,4628,4627,-1,4606,4627,4607,-1,4607,4627,4621,-1,4607,4621,4608,-1,4608,4621,4620,-1,4608,4620,4611,-1,4625,4602,4614,-1,4625,4614,4626,-1,4626,4614,4613,-1,4626,4613,4618,-1,4618,4613,4610,-1,4618,4610,4615,-1,4615,4610,4609,-1,4615,4609,4616,-1,4616,4609,4612,-1,4616,4612,4619,-1,4619,4612,4611,-1,4619,4611,4620,-1,4753,4765,4767,-1,4753,4767,4750,-1,4750,4767,4769,-1,4750,4769,4754,-1,4754,4769,4777,-1,4754,4777,4755,-1,4755,4777,4776,-1,4755,4776,4756,-1,4756,4776,4775,-1,4756,4775,4757,-1,4757,4775,4774,-1,4757,4774,4758,-1,4766,4749,4748,-1,4766,4748,4768,-1,4768,4748,4762,-1,4768,4762,4772,-1,4772,4762,4761,-1,4772,4761,4771,-1,4771,4761,4760,-1,4771,4760,4770,-1,4770,4760,4759,-1,4770,4759,4773,-1,4773,4759,4758,-1,4773,4758,4774,-1,4901,4913,4915,-1,4901,4915,4898,-1,4898,4915,4917,-1,4898,4917,4902,-1,4902,4917,4925,-1,4902,4925,4903,-1,4903,4925,4924,-1,4903,4924,4904,-1,4904,4924,4923,-1,4904,4923,4905,-1,4905,4923,4922,-1,4905,4922,4906,-1,4914,4897,4896,-1,4914,4896,4916,-1,4916,4896,4910,-1,4916,4910,4920,-1,4920,4910,4909,-1,4920,4909,4919,-1,4919,4909,4908,-1,4919,4908,4918,-1,4918,4908,4907,-1,4918,4907,4921,-1,4921,4907,4906,-1,4921,4906,4922,-1,5040,5041,5042,-1,5042,5041,5043,-1,5044,5045,5046,-1,5046,5045,5047,-1,5046,5047,5048,-1,5048,5047,5049,-1,5048,5049,5050,-1,5050,5049,5051,-1,5052,5044,5046,-1,5053,5054,5042,-1,5042,5054,5055,-1,5056,5052,5057,-1,5057,5052,5046,-1,5057,5046,5058,-1,5058,5046,5048,-1,5058,5048,5059,-1,5059,5048,5050,-1,5059,5050,5060,-1,5060,5050,5061,-1,5060,5061,5062,-1,5062,5061,5063,-1,5062,5063,5064,-1,5064,5063,5065,-1,5064,5065,5066,-1,5066,5065,5067,-1,5066,5067,5068,-1,5068,5067,5069,-1,5068,5069,5070,-1,5070,5069,5071,-1,5070,5071,5072,-1,5072,5071,5073,-1,5056,5074,5052,-1,5052,5074,5075,-1,5052,5075,5076,-1,5076,5075,5077,-1,5076,5077,5078,-1,5078,5077,5079,-1,5078,5079,5080,-1,5080,5079,5081,-1,5080,5081,5082,-1,5082,5081,5083,-1,5082,5083,5084,-1,5084,5083,5085,-1,5084,5085,5086,-1,5086,5085,5087,-1,5086,5087,5088,-1,5088,5087,5089,-1,5088,5089,5090,-1,5090,5089,5091,-1,5090,5091,5092,-1,5092,5091,5093,-1,5092,5093,5094,-1,5094,5093,5095,-1,5094,5095,5096,-1,5096,5095,5097,-1,5096,5097,5098,-1,5098,5097,5099,-1,5098,5099,5100,-1,5100,5099,5101,-1,5100,5101,5102,-1,5102,5101,5103,-1,5102,5103,5104,-1,5104,5103,5105,-1,5104,5105,5106,-1,5106,5105,5107,-1,5106,5107,5055,-1,5055,5107,5040,-1,5055,5040,5042,-1,5108,5109,5110,-1,5109,5108,5111,-1,5112,5113,5114,-1,5115,5116,5117,-1,5117,5116,5118,-1,5117,5118,5119,-1,5119,5118,5120,-1,5119,5120,5121,-1,5121,5120,5122,-1,5121,5122,5123,-1,5123,5122,5124,-1,5123,5124,5125,-1,5125,5124,5126,-1,5125,5126,5127,-1,5127,5126,5128,-1,5127,5128,5129,-1,5129,5128,5051,-1,5129,5051,5130,-1,5130,5051,5049,-1,5130,5049,5110,-1,5110,5049,5047,-1,5110,5047,5108,-1,5108,5047,5045,-1,5114,5043,5112,-1,5112,5043,5041,-1,5112,5041,5131,-1,5131,5041,5132,-1,5131,5132,5133,-1,5133,5132,5134,-1,5133,5134,5135,-1,5135,5134,5136,-1,5135,5136,5137,-1,5137,5136,5138,-1,5137,5138,5139,-1,5139,5138,5140,-1,5139,5140,5141,-1,5141,5140,5142,-1,5141,5142,5143,-1,5143,5142,5144,-1,5143,5144,5145,-1,5145,5144,5146,-1,5145,5146,5147,-1,5147,5146,5148,-1,5147,5148,5149,-1,5149,5148,5150,-1,5149,5150,5151,-1,5151,5150,5152,-1,5151,5152,5153,-1,5153,5152,5154,-1,5153,5154,5155,-1,5155,5154,5156,-1,5155,5156,5157,-1,5157,5156,5158,-1,5157,5158,5159,-1,5159,5158,5160,-1,5159,5160,5161,-1,5161,5160,5162,-1,5161,5162,5108,-1,5108,5162,5163,-1,5108,5163,5111,-1,5073,5071,5118,-1,5164,5165,5166,-1,5165,5167,5166,-1,5166,5167,5168,-1,5166,5168,5169,-1,5118,5116,5073,-1,5073,5116,5170,-1,5073,5170,5166,-1,5166,5170,5171,-1,5166,5171,5164,-1,5169,5172,5166,-1,5166,5172,5173,-1,5166,5173,5174,-1,5175,5176,5177,-1,5175,5177,5178,-1,5176,5179,5177,-1,5177,5179,5180,-1,5177,5180,5181,-1,5117,5070,5115,-1,5115,5070,5072,-1,5115,5072,5177,-1,5177,5072,5182,-1,5177,5182,5178,-1,5181,5183,5177,-1,5177,5183,5184,-1,5177,5184,5185,-1,5070,5117,5068,-1,5068,5117,5119,-1,5068,5119,5066,-1,5066,5119,5121,-1,5066,5121,5064,-1,5064,5121,5123,-1,5064,5123,5062,-1,5062,5123,5125,-1,5062,5125,5060,-1,5060,5125,5127,-1,5059,5060,5129,-1,5129,5060,5127,-1,5059,5129,5130,-1,5059,5130,5058,-1,5058,5130,5110,-1,5058,5110,5057,-1,5057,5110,5109,-1,5057,5109,5056,-1,5056,5109,5111,-1,5056,5111,5074,-1,5074,5111,5163,-1,5074,5163,5075,-1,5077,5075,5162,-1,5162,5075,5163,-1,5077,5162,5079,-1,5079,5162,5160,-1,5079,5160,5081,-1,5081,5160,5158,-1,5083,5081,5156,-1,5156,5081,5158,-1,5083,5156,5154,-1,5083,5154,5085,-1,5085,5154,5152,-1,5085,5152,5087,-1,5087,5152,5150,-1,5087,5150,5089,-1,5091,5089,5148,-1,5148,5089,5150,-1,5091,5148,5146,-1,5091,5146,5093,-1,5093,5146,5144,-1,5093,5144,5095,-1,5095,5144,5142,-1,5095,5142,5097,-1,5097,5142,5140,-1,5097,5140,5099,-1,5099,5140,5101,-1,5101,5140,5138,-1,5101,5138,5103,-1,5103,5138,5136,-1,5103,5136,5105,-1,5105,5136,5134,-1,5105,5134,5107,-1,5107,5134,5132,-1,5107,5132,5040,-1,5040,5132,5041,-1,5054,5053,5113,-1,5113,5053,5114,-1,5055,5054,5112,-1,5112,5054,5113,-1,5055,5112,5131,-1,5055,5131,5106,-1,5106,5131,5133,-1,5106,5133,5104,-1,5104,5133,5135,-1,5104,5135,5102,-1,5102,5135,5137,-1,5102,5137,5100,-1,5100,5137,5139,-1,5100,5139,5098,-1,5098,5139,5096,-1,5096,5139,5141,-1,5096,5141,5094,-1,5094,5141,5143,-1,5094,5143,5092,-1,5092,5143,5145,-1,5092,5145,5090,-1,5090,5145,5147,-1,5088,5090,5149,-1,5149,5090,5147,-1,5088,5149,5086,-1,5086,5149,5151,-1,5086,5151,5084,-1,5084,5151,5153,-1,5084,5153,5082,-1,5082,5153,5155,-1,5080,5082,5157,-1,5157,5082,5155,-1,5080,5157,5159,-1,5080,5159,5078,-1,5078,5159,5161,-1,5078,5161,5076,-1,5061,5050,5128,-1,5128,5050,5051,-1,5061,5128,5126,-1,5061,5126,5063,-1,5063,5126,5124,-1,5063,5124,5065,-1,5065,5124,5122,-1,5065,5122,5067,-1,5067,5122,5120,-1,5067,5120,5069,-1,5069,5120,5118,-1,5069,5118,5071,-1,5186,5187,5188,-1,5188,5187,5189,-1,5188,5189,5190,-1,5190,5189,5191,-1,5190,5191,5192,-1,5192,5191,5193,-1,5194,5195,5196,-1,5196,5195,5197,-1,5198,5199,5200,-1,5199,5198,5201,-1,5202,5203,5204,-1,5204,5203,5205,-1,5204,5205,5206,-1,5206,5205,5207,-1,5206,5207,5208,-1,5208,5207,5209,-1,5208,5209,5210,-1,5210,5209,5211,-1,5210,5211,5212,-1,5212,5211,5213,-1,5212,5213,5214,-1,5214,5213,5215,-1,5214,5215,5216,-1,5216,5215,5186,-1,5216,5186,5217,-1,5217,5186,5188,-1,5217,5188,5200,-1,5200,5188,5190,-1,5200,5190,5198,-1,5198,5190,5192,-1,5218,5219,5220,-1,5220,5196,5218,-1,5218,5196,5197,-1,5218,5197,5221,-1,5221,5197,5222,-1,5221,5222,5223,-1,5223,5222,5224,-1,5223,5224,5225,-1,5225,5224,5226,-1,5225,5226,5227,-1,5227,5226,5228,-1,5227,5228,5229,-1,5229,5228,5230,-1,5229,5230,5231,-1,5231,5230,5232,-1,5231,5232,5233,-1,5233,5232,5234,-1,5233,5234,5235,-1,5235,5234,5236,-1,5235,5236,5237,-1,5237,5236,5238,-1,5237,5238,5239,-1,5239,5238,5240,-1,5239,5240,5241,-1,5241,5240,5242,-1,5241,5242,5243,-1,5243,5242,5244,-1,5243,5244,5245,-1,5245,5244,5246,-1,5245,5246,5247,-1,5247,5246,5248,-1,5247,5248,5249,-1,5249,5248,5250,-1,5249,5250,5251,-1,5251,5250,5252,-1,5251,5252,5198,-1,5198,5252,5253,-1,5198,5253,5201,-1,5254,5193,5191,-1,5255,5254,5256,-1,5256,5254,5191,-1,5256,5191,5257,-1,5257,5191,5189,-1,5257,5189,5258,-1,5258,5189,5187,-1,5258,5187,5259,-1,5259,5187,5260,-1,5259,5260,5261,-1,5261,5260,5262,-1,5261,5262,5263,-1,5263,5262,5264,-1,5263,5264,5265,-1,5265,5264,5266,-1,5265,5266,5267,-1,5267,5266,5268,-1,5267,5268,5269,-1,5269,5268,5270,-1,5269,5270,5271,-1,5271,5270,5272,-1,5273,5274,5194,-1,5194,5274,5275,-1,5255,5276,5254,-1,5254,5276,5277,-1,5254,5277,5278,-1,5278,5277,5279,-1,5278,5279,5280,-1,5280,5279,5281,-1,5280,5281,5282,-1,5282,5281,5283,-1,5282,5283,5284,-1,5284,5283,5285,-1,5284,5285,5286,-1,5286,5285,5287,-1,5286,5287,5288,-1,5288,5287,5289,-1,5288,5289,5290,-1,5290,5289,5291,-1,5290,5291,5292,-1,5292,5291,5293,-1,5292,5293,5294,-1,5294,5293,5295,-1,5294,5295,5296,-1,5296,5295,5297,-1,5296,5297,5298,-1,5298,5297,5299,-1,5298,5299,5300,-1,5300,5299,5301,-1,5300,5301,5302,-1,5302,5301,5303,-1,5302,5303,5304,-1,5304,5303,5305,-1,5304,5305,5306,-1,5306,5305,5307,-1,5306,5307,5308,-1,5308,5307,5309,-1,5308,5309,5275,-1,5275,5309,5195,-1,5275,5195,5194,-1,5202,5204,5269,-1,5310,5311,5312,-1,5311,5313,5312,-1,5312,5313,5314,-1,5312,5314,5315,-1,5269,5271,5202,-1,5202,5271,5316,-1,5202,5316,5312,-1,5312,5316,5317,-1,5312,5317,5310,-1,5315,5318,5312,-1,5312,5318,5319,-1,5312,5319,5320,-1,5321,5322,5323,-1,5321,5323,5324,-1,5322,5325,5323,-1,5323,5325,5326,-1,5323,5326,5327,-1,5270,5205,5272,-1,5272,5205,5203,-1,5272,5203,5323,-1,5323,5203,5328,-1,5323,5328,5324,-1,5327,5329,5323,-1,5323,5329,5330,-1,5323,5330,5331,-1,5205,5270,5268,-1,5205,5268,5207,-1,5207,5268,5266,-1,5207,5266,5209,-1,5209,5266,5264,-1,5209,5264,5211,-1,5211,5264,5262,-1,5211,5262,5213,-1,5213,5262,5260,-1,5213,5260,5215,-1,5186,5215,5187,-1,5187,5215,5260,-1,5251,5278,5280,-1,5251,5280,5249,-1,5249,5280,5282,-1,5249,5282,5247,-1,5245,5247,5284,-1,5284,5247,5282,-1,5245,5284,5243,-1,5243,5284,5286,-1,5243,5286,5241,-1,5241,5286,5288,-1,5241,5288,5239,-1,5239,5288,5290,-1,5237,5239,5292,-1,5292,5239,5290,-1,5237,5292,5235,-1,5235,5292,5294,-1,5235,5294,5233,-1,5233,5294,5296,-1,5233,5296,5231,-1,5231,5296,5298,-1,5231,5298,5229,-1,5229,5298,5300,-1,5229,5300,5302,-1,5229,5302,5227,-1,5227,5302,5304,-1,5227,5304,5225,-1,5225,5304,5306,-1,5225,5306,5223,-1,5223,5306,5308,-1,5223,5308,5221,-1,5221,5308,5275,-1,5221,5275,5218,-1,5219,5218,5274,-1,5274,5218,5275,-1,5220,5219,5273,-1,5273,5219,5274,-1,5197,5195,5222,-1,5222,5195,5309,-1,5222,5309,5224,-1,5224,5309,5307,-1,5224,5307,5226,-1,5226,5307,5305,-1,5226,5305,5228,-1,5228,5305,5303,-1,5228,5303,5230,-1,5230,5303,5301,-1,5230,5301,5299,-1,5230,5299,5232,-1,5232,5299,5297,-1,5232,5297,5234,-1,5234,5297,5295,-1,5234,5295,5236,-1,5236,5295,5293,-1,5236,5293,5238,-1,5240,5238,5291,-1,5291,5238,5293,-1,5240,5291,5289,-1,5240,5289,5242,-1,5242,5289,5287,-1,5242,5287,5244,-1,5244,5287,5285,-1,5244,5285,5246,-1,5248,5246,5283,-1,5283,5246,5285,-1,5248,5283,5250,-1,5250,5283,5281,-1,5250,5281,5252,-1,5252,5281,5279,-1,5253,5252,5277,-1,5277,5252,5279,-1,5253,5277,5276,-1,5253,5276,5201,-1,5201,5276,5255,-1,5201,5255,5199,-1,5199,5255,5256,-1,5199,5256,5200,-1,5200,5256,5257,-1,5200,5257,5217,-1,5217,5257,5258,-1,5217,5258,5216,-1,5214,5216,5259,-1,5259,5216,5258,-1,5214,5259,5212,-1,5212,5259,5261,-1,5212,5261,5210,-1,5210,5261,5263,-1,5210,5263,5208,-1,5208,5263,5265,-1,5208,5265,5206,-1,5206,5265,5267,-1,5206,5267,5204,-1,5204,5267,5269,-1,5332,5333,5334,-1,5334,5333,5335,-1,5336,5337,5338,-1,5338,5337,5339,-1,5338,5339,5340,-1,5340,5339,5341,-1,5340,5341,5342,-1,5342,5341,5343,-1,5344,5336,5338,-1,5345,5346,5334,-1,5334,5346,5347,-1,5348,5344,5349,-1,5349,5344,5338,-1,5349,5338,5350,-1,5350,5338,5340,-1,5350,5340,5351,-1,5351,5340,5342,-1,5351,5342,5352,-1,5352,5342,5353,-1,5352,5353,5354,-1,5354,5353,5355,-1,5354,5355,5356,-1,5356,5355,5357,-1,5356,5357,5358,-1,5358,5357,5359,-1,5358,5359,5360,-1,5360,5359,5361,-1,5360,5361,5362,-1,5362,5361,5363,-1,5362,5363,5364,-1,5364,5363,5365,-1,5348,5366,5344,-1,5344,5366,5367,-1,5344,5367,5368,-1,5368,5367,5369,-1,5368,5369,5370,-1,5370,5369,5371,-1,5370,5371,5372,-1,5372,5371,5373,-1,5372,5373,5374,-1,5374,5373,5375,-1,5374,5375,5376,-1,5376,5375,5377,-1,5376,5377,5378,-1,5378,5377,5379,-1,5378,5379,5380,-1,5380,5379,5381,-1,5380,5381,5382,-1,5382,5381,5383,-1,5382,5383,5384,-1,5384,5383,5385,-1,5384,5385,5386,-1,5386,5385,5387,-1,5386,5387,5388,-1,5388,5387,5389,-1,5388,5389,5390,-1,5390,5389,5391,-1,5390,5391,5392,-1,5392,5391,5393,-1,5392,5393,5394,-1,5394,5393,5395,-1,5394,5395,5396,-1,5396,5395,5397,-1,5396,5397,5398,-1,5398,5397,5399,-1,5398,5399,5347,-1,5347,5399,5332,-1,5347,5332,5334,-1,5400,5401,5402,-1,5401,5400,5403,-1,5404,5405,5406,-1,5407,5408,5409,-1,5409,5408,5410,-1,5409,5410,5411,-1,5411,5410,5412,-1,5411,5412,5413,-1,5413,5412,5414,-1,5413,5414,5415,-1,5415,5414,5416,-1,5415,5416,5417,-1,5417,5416,5418,-1,5417,5418,5419,-1,5419,5418,5420,-1,5419,5420,5421,-1,5421,5420,5343,-1,5421,5343,5422,-1,5422,5343,5341,-1,5422,5341,5402,-1,5402,5341,5339,-1,5402,5339,5400,-1,5400,5339,5337,-1,5406,5335,5404,-1,5404,5335,5333,-1,5404,5333,5423,-1,5423,5333,5424,-1,5423,5424,5425,-1,5425,5424,5426,-1,5425,5426,5427,-1,5427,5426,5428,-1,5427,5428,5429,-1,5429,5428,5430,-1,5429,5430,5431,-1,5431,5430,5432,-1,5431,5432,5433,-1,5433,5432,5434,-1,5433,5434,5435,-1,5435,5434,5436,-1,5435,5436,5437,-1,5437,5436,5438,-1,5437,5438,5439,-1,5439,5438,5440,-1,5439,5440,5441,-1,5441,5440,5442,-1,5441,5442,5443,-1,5443,5442,5444,-1,5443,5444,5445,-1,5445,5444,5446,-1,5445,5446,5447,-1,5447,5446,5448,-1,5447,5448,5449,-1,5449,5448,5450,-1,5449,5450,5451,-1,5451,5450,5452,-1,5451,5452,5453,-1,5453,5452,5454,-1,5453,5454,5400,-1,5400,5454,5455,-1,5400,5455,5403,-1,5363,5410,5365,-1,5365,5410,5408,-1,5365,5408,5456,-1,5457,5458,5456,-1,5456,5458,5459,-1,5456,5459,5460,-1,5456,5461,5462,-1,5460,5463,5456,-1,5456,5463,5464,-1,5456,5464,5461,-1,5462,5465,5456,-1,5456,5465,5466,-1,5456,5466,5365,-1,5467,5468,5469,-1,5467,5469,5470,-1,5468,5471,5469,-1,5469,5471,5472,-1,5469,5472,5473,-1,5409,5362,5407,-1,5407,5362,5364,-1,5407,5364,5469,-1,5469,5364,5474,-1,5469,5474,5470,-1,5473,5475,5469,-1,5469,5475,5476,-1,5469,5476,5477,-1,5362,5409,5360,-1,5360,5409,5411,-1,5360,5411,5358,-1,5358,5411,5413,-1,5358,5413,5356,-1,5356,5413,5415,-1,5356,5415,5354,-1,5354,5415,5417,-1,5354,5417,5352,-1,5352,5417,5419,-1,5351,5352,5421,-1,5421,5352,5419,-1,5351,5421,5422,-1,5351,5422,5350,-1,5350,5422,5402,-1,5350,5402,5349,-1,5349,5402,5401,-1,5349,5401,5348,-1,5348,5401,5403,-1,5348,5403,5366,-1,5366,5403,5455,-1,5366,5455,5367,-1,5369,5367,5454,-1,5454,5367,5455,-1,5369,5454,5371,-1,5371,5454,5452,-1,5371,5452,5373,-1,5373,5452,5450,-1,5375,5373,5448,-1,5448,5373,5450,-1,5375,5448,5446,-1,5375,5446,5377,-1,5377,5446,5444,-1,5377,5444,5379,-1,5379,5444,5442,-1,5379,5442,5381,-1,5383,5381,5440,-1,5440,5381,5442,-1,5383,5440,5438,-1,5383,5438,5385,-1,5385,5438,5436,-1,5385,5436,5387,-1,5387,5436,5434,-1,5387,5434,5389,-1,5389,5434,5432,-1,5389,5432,5391,-1,5391,5432,5393,-1,5393,5432,5430,-1,5393,5430,5395,-1,5395,5430,5428,-1,5395,5428,5397,-1,5397,5428,5426,-1,5397,5426,5399,-1,5399,5426,5424,-1,5399,5424,5332,-1,5332,5424,5333,-1,5346,5345,5405,-1,5405,5345,5406,-1,5347,5346,5404,-1,5404,5346,5405,-1,5347,5404,5423,-1,5347,5423,5398,-1,5398,5423,5425,-1,5398,5425,5396,-1,5396,5425,5427,-1,5396,5427,5394,-1,5394,5427,5429,-1,5394,5429,5392,-1,5392,5429,5431,-1,5392,5431,5390,-1,5390,5431,5388,-1,5388,5431,5433,-1,5388,5433,5386,-1,5386,5433,5435,-1,5386,5435,5384,-1,5384,5435,5437,-1,5384,5437,5382,-1,5382,5437,5439,-1,5380,5382,5441,-1,5441,5382,5439,-1,5380,5441,5378,-1,5378,5441,5443,-1,5378,5443,5376,-1,5376,5443,5445,-1,5376,5445,5374,-1,5374,5445,5447,-1,5372,5374,5449,-1,5449,5374,5447,-1,5372,5449,5451,-1,5372,5451,5370,-1,5370,5451,5453,-1,5370,5453,5368,-1,5353,5342,5420,-1,5420,5342,5343,-1,5353,5420,5418,-1,5353,5418,5355,-1,5355,5418,5416,-1,5355,5416,5357,-1,5357,5416,5414,-1,5357,5414,5359,-1,5359,5414,5412,-1,5359,5412,5361,-1,5361,5412,5410,-1,5361,5410,5363,-1,5478,5479,5480,-1,5480,5479,5481,-1,5480,5481,5482,-1,5482,5481,5483,-1,5482,5483,5484,-1,5484,5483,5485,-1,5486,5487,5488,-1,5488,5487,5489,-1,5490,5491,5492,-1,5491,5490,5493,-1,5494,5495,5496,-1,5496,5495,5497,-1,5496,5497,5498,-1,5498,5497,5499,-1,5498,5499,5500,-1,5500,5499,5501,-1,5500,5501,5502,-1,5502,5501,5503,-1,5502,5503,5504,-1,5504,5503,5505,-1,5504,5505,5506,-1,5506,5505,5507,-1,5506,5507,5508,-1,5508,5507,5478,-1,5508,5478,5509,-1,5509,5478,5480,-1,5509,5480,5492,-1,5492,5480,5482,-1,5492,5482,5490,-1,5490,5482,5484,-1,5510,5511,5512,-1,5512,5488,5510,-1,5510,5488,5489,-1,5510,5489,5513,-1,5513,5489,5514,-1,5513,5514,5515,-1,5515,5514,5516,-1,5515,5516,5517,-1,5517,5516,5518,-1,5517,5518,5519,-1,5519,5518,5520,-1,5519,5520,5521,-1,5521,5520,5522,-1,5521,5522,5523,-1,5523,5522,5524,-1,5523,5524,5525,-1,5525,5524,5526,-1,5525,5526,5527,-1,5527,5526,5528,-1,5527,5528,5529,-1,5529,5528,5530,-1,5529,5530,5531,-1,5531,5530,5532,-1,5531,5532,5533,-1,5533,5532,5534,-1,5533,5534,5535,-1,5535,5534,5536,-1,5535,5536,5537,-1,5537,5536,5538,-1,5537,5538,5539,-1,5539,5538,5540,-1,5539,5540,5541,-1,5541,5540,5542,-1,5541,5542,5543,-1,5543,5542,5544,-1,5543,5544,5490,-1,5490,5544,5545,-1,5490,5545,5493,-1,5546,5485,5483,-1,5547,5546,5548,-1,5548,5546,5483,-1,5548,5483,5549,-1,5549,5483,5481,-1,5549,5481,5550,-1,5550,5481,5479,-1,5550,5479,5551,-1,5551,5479,5552,-1,5551,5552,5553,-1,5553,5552,5554,-1,5553,5554,5555,-1,5555,5554,5556,-1,5555,5556,5557,-1,5557,5556,5558,-1,5557,5558,5559,-1,5559,5558,5560,-1,5559,5560,5561,-1,5561,5560,5562,-1,5561,5562,5563,-1,5563,5562,5564,-1,5565,5566,5486,-1,5486,5566,5567,-1,5547,5568,5546,-1,5546,5568,5569,-1,5546,5569,5570,-1,5570,5569,5571,-1,5570,5571,5572,-1,5572,5571,5573,-1,5572,5573,5574,-1,5574,5573,5575,-1,5574,5575,5576,-1,5576,5575,5577,-1,5576,5577,5578,-1,5578,5577,5579,-1,5578,5579,5580,-1,5580,5579,5581,-1,5580,5581,5582,-1,5582,5581,5583,-1,5582,5583,5584,-1,5584,5583,5585,-1,5584,5585,5586,-1,5586,5585,5587,-1,5586,5587,5588,-1,5588,5587,5589,-1,5588,5589,5590,-1,5590,5589,5591,-1,5590,5591,5592,-1,5592,5591,5593,-1,5592,5593,5594,-1,5594,5593,5595,-1,5594,5595,5596,-1,5596,5595,5597,-1,5596,5597,5598,-1,5598,5597,5599,-1,5598,5599,5600,-1,5600,5599,5601,-1,5600,5601,5567,-1,5567,5601,5487,-1,5567,5487,5486,-1,5496,5561,5494,-1,5494,5561,5563,-1,5494,5563,5602,-1,5603,5604,5602,-1,5602,5604,5605,-1,5602,5605,5606,-1,5602,5607,5608,-1,5606,5609,5602,-1,5602,5609,5610,-1,5602,5610,5607,-1,5608,5611,5602,-1,5602,5611,5612,-1,5602,5612,5494,-1,5613,5614,5615,-1,5613,5615,5616,-1,5614,5617,5615,-1,5615,5617,5618,-1,5615,5618,5619,-1,5562,5497,5564,-1,5564,5497,5495,-1,5564,5495,5615,-1,5615,5495,5620,-1,5615,5620,5616,-1,5619,5621,5615,-1,5615,5621,5622,-1,5615,5622,5623,-1,5497,5562,5560,-1,5497,5560,5499,-1,5499,5560,5558,-1,5499,5558,5501,-1,5501,5558,5556,-1,5501,5556,5503,-1,5503,5556,5554,-1,5503,5554,5505,-1,5505,5554,5552,-1,5505,5552,5507,-1,5478,5507,5479,-1,5479,5507,5552,-1,5543,5570,5572,-1,5543,5572,5541,-1,5541,5572,5574,-1,5541,5574,5539,-1,5537,5539,5576,-1,5576,5539,5574,-1,5537,5576,5535,-1,5535,5576,5578,-1,5535,5578,5533,-1,5533,5578,5580,-1,5533,5580,5531,-1,5531,5580,5582,-1,5529,5531,5584,-1,5584,5531,5582,-1,5529,5584,5527,-1,5527,5584,5586,-1,5527,5586,5525,-1,5525,5586,5588,-1,5525,5588,5523,-1,5523,5588,5590,-1,5523,5590,5521,-1,5521,5590,5592,-1,5521,5592,5594,-1,5521,5594,5519,-1,5519,5594,5596,-1,5519,5596,5517,-1,5517,5596,5598,-1,5517,5598,5515,-1,5515,5598,5600,-1,5515,5600,5513,-1,5513,5600,5567,-1,5513,5567,5510,-1,5511,5510,5566,-1,5566,5510,5567,-1,5512,5511,5565,-1,5565,5511,5566,-1,5489,5487,5514,-1,5514,5487,5601,-1,5514,5601,5516,-1,5516,5601,5599,-1,5516,5599,5518,-1,5518,5599,5597,-1,5518,5597,5520,-1,5520,5597,5595,-1,5520,5595,5522,-1,5522,5595,5593,-1,5522,5593,5591,-1,5522,5591,5524,-1,5524,5591,5589,-1,5524,5589,5526,-1,5526,5589,5587,-1,5526,5587,5528,-1,5528,5587,5585,-1,5528,5585,5530,-1,5532,5530,5583,-1,5583,5530,5585,-1,5532,5583,5581,-1,5532,5581,5534,-1,5534,5581,5579,-1,5534,5579,5536,-1,5536,5579,5577,-1,5536,5577,5538,-1,5540,5538,5575,-1,5575,5538,5577,-1,5540,5575,5542,-1,5542,5575,5573,-1,5542,5573,5544,-1,5544,5573,5571,-1,5545,5544,5569,-1,5569,5544,5571,-1,5545,5569,5568,-1,5545,5568,5493,-1,5493,5568,5547,-1,5493,5547,5491,-1,5491,5547,5548,-1,5491,5548,5492,-1,5492,5548,5549,-1,5492,5549,5509,-1,5509,5549,5550,-1,5509,5550,5508,-1,5506,5508,5551,-1,5551,5508,5550,-1,5506,5551,5504,-1,5504,5551,5553,-1,5504,5553,5502,-1,5502,5553,5555,-1,5502,5555,5500,-1,5500,5555,5557,-1,5500,5557,5498,-1,5498,5557,5559,-1,5498,5559,5496,-1,5496,5559,5561,-1,5624,5625,5626,-1,5626,5625,5627,-1,5628,5629,5630,-1,5630,5629,5631,-1,5630,5631,5632,-1,5632,5631,5633,-1,5632,5633,5634,-1,5634,5633,5635,-1,5636,5628,5630,-1,5637,5638,5626,-1,5626,5638,5639,-1,5640,5636,5641,-1,5641,5636,5630,-1,5641,5630,5642,-1,5642,5630,5632,-1,5642,5632,5643,-1,5643,5632,5634,-1,5643,5634,5644,-1,5644,5634,5645,-1,5644,5645,5646,-1,5646,5645,5647,-1,5646,5647,5648,-1,5648,5647,5649,-1,5648,5649,5650,-1,5650,5649,5651,-1,5650,5651,5652,-1,5652,5651,5653,-1,5652,5653,5654,-1,5654,5653,5655,-1,5654,5655,5656,-1,5656,5655,5657,-1,5640,5658,5636,-1,5636,5658,5659,-1,5636,5659,5660,-1,5660,5659,5661,-1,5660,5661,5662,-1,5662,5661,5663,-1,5662,5663,5664,-1,5664,5663,5665,-1,5664,5665,5666,-1,5666,5665,5667,-1,5666,5667,5668,-1,5668,5667,5669,-1,5668,5669,5670,-1,5670,5669,5671,-1,5670,5671,5672,-1,5672,5671,5673,-1,5672,5673,5674,-1,5674,5673,5675,-1,5674,5675,5676,-1,5676,5675,5677,-1,5676,5677,5678,-1,5678,5677,5679,-1,5678,5679,5680,-1,5680,5679,5681,-1,5680,5681,5682,-1,5682,5681,5683,-1,5682,5683,5684,-1,5684,5683,5685,-1,5684,5685,5686,-1,5686,5685,5687,-1,5686,5687,5688,-1,5688,5687,5689,-1,5688,5689,5690,-1,5690,5689,5691,-1,5690,5691,5639,-1,5639,5691,5624,-1,5639,5624,5626,-1,5692,5693,5694,-1,5693,5692,5695,-1,5696,5697,5698,-1,5699,5700,5701,-1,5701,5700,5702,-1,5701,5702,5703,-1,5703,5702,5704,-1,5703,5704,5705,-1,5705,5704,5706,-1,5705,5706,5707,-1,5707,5706,5708,-1,5707,5708,5709,-1,5709,5708,5710,-1,5709,5710,5711,-1,5711,5710,5712,-1,5711,5712,5713,-1,5713,5712,5635,-1,5713,5635,5714,-1,5714,5635,5633,-1,5714,5633,5694,-1,5694,5633,5631,-1,5694,5631,5692,-1,5692,5631,5629,-1,5698,5627,5696,-1,5696,5627,5625,-1,5696,5625,5715,-1,5715,5625,5716,-1,5715,5716,5717,-1,5717,5716,5718,-1,5717,5718,5719,-1,5719,5718,5720,-1,5719,5720,5721,-1,5721,5720,5722,-1,5721,5722,5723,-1,5723,5722,5724,-1,5723,5724,5725,-1,5725,5724,5726,-1,5725,5726,5727,-1,5727,5726,5728,-1,5727,5728,5729,-1,5729,5728,5730,-1,5729,5730,5731,-1,5731,5730,5732,-1,5731,5732,5733,-1,5733,5732,5734,-1,5733,5734,5735,-1,5735,5734,5736,-1,5735,5736,5737,-1,5737,5736,5738,-1,5737,5738,5739,-1,5739,5738,5740,-1,5739,5740,5741,-1,5741,5740,5742,-1,5741,5742,5743,-1,5743,5742,5744,-1,5743,5744,5745,-1,5745,5744,5746,-1,5745,5746,5692,-1,5692,5746,5747,-1,5692,5747,5695,-1,5657,5655,5702,-1,5748,5749,5750,-1,5749,5751,5750,-1,5750,5751,5752,-1,5750,5752,5753,-1,5702,5700,5657,-1,5657,5700,5754,-1,5657,5754,5750,-1,5750,5754,5755,-1,5750,5755,5748,-1,5753,5756,5750,-1,5750,5756,5757,-1,5750,5757,5758,-1,5759,5760,5761,-1,5759,5761,5762,-1,5760,5763,5761,-1,5761,5763,5764,-1,5761,5764,5765,-1,5701,5654,5699,-1,5699,5654,5656,-1,5699,5656,5761,-1,5761,5656,5766,-1,5761,5766,5762,-1,5765,5767,5761,-1,5761,5767,5768,-1,5761,5768,5769,-1,5654,5701,5652,-1,5652,5701,5703,-1,5652,5703,5650,-1,5650,5703,5705,-1,5650,5705,5648,-1,5648,5705,5707,-1,5648,5707,5646,-1,5646,5707,5709,-1,5646,5709,5644,-1,5644,5709,5711,-1,5643,5644,5713,-1,5713,5644,5711,-1,5643,5713,5714,-1,5643,5714,5642,-1,5642,5714,5694,-1,5642,5694,5641,-1,5641,5694,5693,-1,5641,5693,5640,-1,5640,5693,5695,-1,5640,5695,5658,-1,5658,5695,5747,-1,5658,5747,5659,-1,5661,5659,5746,-1,5746,5659,5747,-1,5661,5746,5663,-1,5663,5746,5744,-1,5663,5744,5665,-1,5665,5744,5742,-1,5667,5665,5740,-1,5740,5665,5742,-1,5667,5740,5738,-1,5667,5738,5669,-1,5669,5738,5736,-1,5669,5736,5671,-1,5671,5736,5734,-1,5671,5734,5673,-1,5675,5673,5732,-1,5732,5673,5734,-1,5675,5732,5730,-1,5675,5730,5677,-1,5677,5730,5728,-1,5677,5728,5679,-1,5679,5728,5726,-1,5679,5726,5681,-1,5681,5726,5724,-1,5681,5724,5683,-1,5683,5724,5685,-1,5685,5724,5722,-1,5685,5722,5687,-1,5687,5722,5720,-1,5687,5720,5689,-1,5689,5720,5718,-1,5689,5718,5691,-1,5691,5718,5716,-1,5691,5716,5624,-1,5624,5716,5625,-1,5638,5637,5697,-1,5697,5637,5698,-1,5639,5638,5696,-1,5696,5638,5697,-1,5639,5696,5715,-1,5639,5715,5690,-1,5690,5715,5717,-1,5690,5717,5688,-1,5688,5717,5719,-1,5688,5719,5686,-1,5686,5719,5721,-1,5686,5721,5684,-1,5684,5721,5723,-1,5684,5723,5682,-1,5682,5723,5680,-1,5680,5723,5725,-1,5680,5725,5678,-1,5678,5725,5727,-1,5678,5727,5676,-1,5676,5727,5729,-1,5676,5729,5674,-1,5674,5729,5731,-1,5672,5674,5733,-1,5733,5674,5731,-1,5672,5733,5670,-1,5670,5733,5735,-1,5670,5735,5668,-1,5668,5735,5737,-1,5668,5737,5666,-1,5666,5737,5739,-1,5664,5666,5741,-1,5741,5666,5739,-1,5664,5741,5743,-1,5664,5743,5662,-1,5662,5743,5745,-1,5662,5745,5660,-1,5645,5634,5712,-1,5712,5634,5635,-1,5645,5712,5710,-1,5645,5710,5647,-1,5647,5710,5708,-1,5647,5708,5649,-1,5649,5708,5706,-1,5649,5706,5651,-1,5651,5706,5704,-1,5651,5704,5653,-1,5653,5704,5702,-1,5653,5702,5655,-1,5770,5771,5772,-1,5772,5771,5773,-1,5772,5773,5774,-1,5774,5773,5775,-1,5774,5775,5776,-1,5776,5775,5777,-1,5778,5779,5780,-1,5780,5779,5781,-1,5782,5783,5784,-1,5783,5782,5785,-1,5786,5787,5788,-1,5788,5787,5789,-1,5788,5789,5790,-1,5790,5789,5791,-1,5790,5791,5792,-1,5792,5791,5793,-1,5792,5793,5794,-1,5794,5793,5795,-1,5794,5795,5796,-1,5796,5795,5797,-1,5796,5797,5798,-1,5798,5797,5799,-1,5798,5799,5800,-1,5800,5799,5770,-1,5800,5770,5801,-1,5801,5770,5772,-1,5801,5772,5784,-1,5784,5772,5774,-1,5784,5774,5782,-1,5782,5774,5776,-1,5802,5803,5804,-1,5804,5780,5802,-1,5802,5780,5781,-1,5802,5781,5805,-1,5805,5781,5806,-1,5805,5806,5807,-1,5807,5806,5808,-1,5807,5808,5809,-1,5809,5808,5810,-1,5809,5810,5811,-1,5811,5810,5812,-1,5811,5812,5813,-1,5813,5812,5814,-1,5813,5814,5815,-1,5815,5814,5816,-1,5815,5816,5817,-1,5817,5816,5818,-1,5817,5818,5819,-1,5819,5818,5820,-1,5819,5820,5821,-1,5821,5820,5822,-1,5821,5822,5823,-1,5823,5822,5824,-1,5823,5824,5825,-1,5825,5824,5826,-1,5825,5826,5827,-1,5827,5826,5828,-1,5827,5828,5829,-1,5829,5828,5830,-1,5829,5830,5831,-1,5831,5830,5832,-1,5831,5832,5833,-1,5833,5832,5834,-1,5833,5834,5835,-1,5835,5834,5836,-1,5835,5836,5782,-1,5782,5836,5837,-1,5782,5837,5785,-1,5838,5777,5775,-1,5839,5838,5840,-1,5840,5838,5775,-1,5840,5775,5841,-1,5841,5775,5773,-1,5841,5773,5842,-1,5842,5773,5771,-1,5842,5771,5843,-1,5843,5771,5844,-1,5843,5844,5845,-1,5845,5844,5846,-1,5845,5846,5847,-1,5847,5846,5848,-1,5847,5848,5849,-1,5849,5848,5850,-1,5849,5850,5851,-1,5851,5850,5852,-1,5851,5852,5853,-1,5853,5852,5854,-1,5853,5854,5855,-1,5855,5854,5856,-1,5857,5858,5778,-1,5778,5858,5859,-1,5839,5860,5838,-1,5838,5860,5861,-1,5838,5861,5862,-1,5862,5861,5863,-1,5862,5863,5864,-1,5864,5863,5865,-1,5864,5865,5866,-1,5866,5865,5867,-1,5866,5867,5868,-1,5868,5867,5869,-1,5868,5869,5870,-1,5870,5869,5871,-1,5870,5871,5872,-1,5872,5871,5873,-1,5872,5873,5874,-1,5874,5873,5875,-1,5874,5875,5876,-1,5876,5875,5877,-1,5876,5877,5878,-1,5878,5877,5879,-1,5878,5879,5880,-1,5880,5879,5881,-1,5880,5881,5882,-1,5882,5881,5883,-1,5882,5883,5884,-1,5884,5883,5885,-1,5884,5885,5886,-1,5886,5885,5887,-1,5886,5887,5888,-1,5888,5887,5889,-1,5888,5889,5890,-1,5890,5889,5891,-1,5890,5891,5892,-1,5892,5891,5893,-1,5892,5893,5859,-1,5859,5893,5779,-1,5859,5779,5778,-1,5786,5788,5853,-1,5894,5895,5896,-1,5895,5897,5896,-1,5896,5897,5898,-1,5896,5898,5899,-1,5853,5855,5786,-1,5786,5855,5900,-1,5786,5900,5896,-1,5896,5900,5901,-1,5896,5901,5894,-1,5899,5902,5896,-1,5896,5902,5903,-1,5896,5903,5904,-1,5905,5906,5907,-1,5905,5907,5908,-1,5906,5909,5907,-1,5907,5909,5910,-1,5907,5910,5911,-1,5854,5789,5856,-1,5856,5789,5787,-1,5856,5787,5907,-1,5907,5787,5912,-1,5907,5912,5908,-1,5911,5913,5907,-1,5907,5913,5914,-1,5907,5914,5915,-1,5789,5854,5852,-1,5789,5852,5791,-1,5791,5852,5850,-1,5791,5850,5793,-1,5793,5850,5848,-1,5793,5848,5795,-1,5795,5848,5846,-1,5795,5846,5797,-1,5797,5846,5844,-1,5797,5844,5799,-1,5770,5799,5771,-1,5771,5799,5844,-1,5835,5862,5864,-1,5835,5864,5833,-1,5833,5864,5866,-1,5833,5866,5831,-1,5829,5831,5868,-1,5868,5831,5866,-1,5829,5868,5827,-1,5827,5868,5870,-1,5827,5870,5825,-1,5825,5870,5872,-1,5825,5872,5823,-1,5823,5872,5874,-1,5821,5823,5876,-1,5876,5823,5874,-1,5821,5876,5819,-1,5819,5876,5878,-1,5819,5878,5817,-1,5817,5878,5880,-1,5817,5880,5815,-1,5815,5880,5882,-1,5815,5882,5813,-1,5813,5882,5884,-1,5813,5884,5886,-1,5813,5886,5811,-1,5811,5886,5888,-1,5811,5888,5809,-1,5809,5888,5890,-1,5809,5890,5807,-1,5807,5890,5892,-1,5807,5892,5805,-1,5805,5892,5859,-1,5805,5859,5802,-1,5803,5802,5858,-1,5858,5802,5859,-1,5804,5803,5857,-1,5857,5803,5858,-1,5781,5779,5806,-1,5806,5779,5893,-1,5806,5893,5808,-1,5808,5893,5891,-1,5808,5891,5810,-1,5810,5891,5889,-1,5810,5889,5812,-1,5812,5889,5887,-1,5812,5887,5814,-1,5814,5887,5885,-1,5814,5885,5883,-1,5814,5883,5816,-1,5816,5883,5881,-1,5816,5881,5818,-1,5818,5881,5879,-1,5818,5879,5820,-1,5820,5879,5877,-1,5820,5877,5822,-1,5824,5822,5875,-1,5875,5822,5877,-1,5824,5875,5873,-1,5824,5873,5826,-1,5826,5873,5871,-1,5826,5871,5828,-1,5828,5871,5869,-1,5828,5869,5830,-1,5832,5830,5867,-1,5867,5830,5869,-1,5832,5867,5834,-1,5834,5867,5865,-1,5834,5865,5836,-1,5836,5865,5863,-1,5837,5836,5861,-1,5861,5836,5863,-1,5837,5861,5860,-1,5837,5860,5785,-1,5785,5860,5839,-1,5785,5839,5783,-1,5783,5839,5840,-1,5783,5840,5784,-1,5784,5840,5841,-1,5784,5841,5801,-1,5801,5841,5842,-1,5801,5842,5800,-1,5798,5800,5843,-1,5843,5800,5842,-1,5798,5843,5796,-1,5796,5843,5845,-1,5796,5845,5794,-1,5794,5845,5847,-1,5794,5847,5792,-1,5792,5847,5849,-1,5792,5849,5790,-1,5790,5849,5851,-1,5790,5851,5788,-1,5788,5851,5853,-1,5916,5917,5918,-1,5918,5917,5919,-1,5920,5921,5922,-1,5922,5921,5923,-1,5922,5923,5924,-1,5924,5923,5925,-1,5924,5925,5926,-1,5926,5925,5927,-1,5928,5920,5922,-1,5929,5930,5918,-1,5918,5930,5931,-1,5932,5928,5933,-1,5933,5928,5922,-1,5933,5922,5934,-1,5934,5922,5924,-1,5934,5924,5935,-1,5935,5924,5926,-1,5935,5926,5936,-1,5936,5926,5937,-1,5936,5937,5938,-1,5938,5937,5939,-1,5938,5939,5940,-1,5940,5939,5941,-1,5940,5941,5942,-1,5942,5941,5943,-1,5942,5943,5944,-1,5944,5943,5945,-1,5944,5945,5946,-1,5946,5945,5947,-1,5946,5947,5948,-1,5948,5947,5949,-1,5932,5950,5928,-1,5928,5950,5951,-1,5928,5951,5952,-1,5952,5951,5953,-1,5952,5953,5954,-1,5954,5953,5955,-1,5954,5955,5956,-1,5956,5955,5957,-1,5956,5957,5958,-1,5958,5957,5959,-1,5958,5959,5960,-1,5960,5959,5961,-1,5960,5961,5962,-1,5962,5961,5963,-1,5962,5963,5964,-1,5964,5963,5965,-1,5964,5965,5966,-1,5966,5965,5967,-1,5966,5967,5968,-1,5968,5967,5969,-1,5968,5969,5970,-1,5970,5969,5971,-1,5970,5971,5972,-1,5972,5971,5973,-1,5972,5973,5974,-1,5974,5973,5975,-1,5974,5975,5976,-1,5976,5975,5977,-1,5976,5977,5978,-1,5978,5977,5979,-1,5978,5979,5980,-1,5980,5979,5981,-1,5980,5981,5982,-1,5982,5981,5983,-1,5982,5983,5931,-1,5931,5983,5916,-1,5931,5916,5918,-1,5984,5985,5986,-1,5985,5984,5987,-1,5988,5989,5990,-1,5991,5992,5993,-1,5993,5992,5994,-1,5993,5994,5995,-1,5995,5994,5996,-1,5995,5996,5997,-1,5997,5996,5998,-1,5997,5998,5999,-1,5999,5998,6000,-1,5999,6000,6001,-1,6001,6000,6002,-1,6001,6002,6003,-1,6003,6002,6004,-1,6003,6004,6005,-1,6005,6004,5927,-1,6005,5927,6006,-1,6006,5927,5925,-1,6006,5925,5986,-1,5986,5925,5923,-1,5986,5923,5984,-1,5984,5923,5921,-1,5990,5919,5988,-1,5988,5919,5917,-1,5988,5917,6007,-1,6007,5917,6008,-1,6007,6008,6009,-1,6009,6008,6010,-1,6009,6010,6011,-1,6011,6010,6012,-1,6011,6012,6013,-1,6013,6012,6014,-1,6013,6014,6015,-1,6015,6014,6016,-1,6015,6016,6017,-1,6017,6016,6018,-1,6017,6018,6019,-1,6019,6018,6020,-1,6019,6020,6021,-1,6021,6020,6022,-1,6021,6022,6023,-1,6023,6022,6024,-1,6023,6024,6025,-1,6025,6024,6026,-1,6025,6026,6027,-1,6027,6026,6028,-1,6027,6028,6029,-1,6029,6028,6030,-1,6029,6030,6031,-1,6031,6030,6032,-1,6031,6032,6033,-1,6033,6032,6034,-1,6033,6034,6035,-1,6035,6034,6036,-1,6035,6036,6037,-1,6037,6036,6038,-1,6037,6038,5984,-1,5984,6038,6039,-1,5984,6039,5987,-1,6040,6041,5992,-1,5947,5994,5949,-1,5949,5994,5992,-1,6042,6043,6044,-1,6041,6045,5992,-1,5992,6045,6046,-1,5992,6046,6047,-1,6047,6048,5992,-1,5992,6048,6049,-1,5992,6049,5949,-1,5992,6050,6040,-1,6040,6050,6042,-1,6040,6042,6051,-1,6051,6042,6044,-1,5993,5946,5991,-1,5991,5946,5948,-1,6052,5991,6053,-1,6053,5991,6054,-1,6055,6056,6057,-1,5948,6058,5991,-1,5991,6058,6059,-1,5991,6059,6060,-1,6060,6061,5991,-1,5991,6061,6062,-1,5991,6062,6054,-1,6052,6053,6057,-1,6057,6053,6063,-1,6057,6063,6055,-1,5946,5993,5944,-1,5944,5993,5995,-1,5944,5995,5942,-1,5942,5995,5997,-1,5942,5997,5940,-1,5940,5997,5999,-1,5940,5999,5938,-1,5938,5999,6001,-1,5938,6001,5936,-1,5936,6001,6003,-1,5935,5936,6005,-1,6005,5936,6003,-1,5935,6005,6006,-1,5935,6006,5934,-1,5934,6006,5986,-1,5934,5986,5933,-1,5933,5986,5985,-1,5933,5985,5932,-1,5932,5985,5987,-1,5932,5987,5950,-1,5950,5987,6039,-1,5950,6039,5951,-1,5953,5951,6038,-1,6038,5951,6039,-1,5953,6038,5955,-1,5955,6038,6036,-1,5955,6036,5957,-1,5957,6036,6034,-1,5959,5957,6032,-1,6032,5957,6034,-1,5959,6032,6030,-1,5959,6030,5961,-1,5961,6030,6028,-1,5961,6028,5963,-1,5963,6028,6026,-1,5963,6026,5965,-1,5967,5965,6024,-1,6024,5965,6026,-1,5967,6024,6022,-1,5967,6022,5969,-1,5969,6022,6020,-1,5969,6020,5971,-1,5971,6020,6018,-1,5971,6018,5973,-1,5973,6018,6016,-1,5973,6016,5975,-1,5975,6016,5977,-1,5977,6016,6014,-1,5977,6014,5979,-1,5979,6014,6012,-1,5979,6012,5981,-1,5981,6012,6010,-1,5981,6010,5983,-1,5983,6010,6008,-1,5983,6008,5916,-1,5916,6008,5917,-1,5930,5929,5989,-1,5989,5929,5990,-1,5931,5930,5988,-1,5988,5930,5989,-1,5931,5988,6007,-1,5931,6007,5982,-1,5982,6007,6009,-1,5982,6009,5980,-1,5980,6009,6011,-1,5980,6011,5978,-1,5978,6011,6013,-1,5978,6013,5976,-1,5976,6013,6015,-1,5976,6015,5974,-1,5974,6015,5972,-1,5972,6015,6017,-1,5972,6017,5970,-1,5970,6017,6019,-1,5970,6019,5968,-1,5968,6019,6021,-1,5968,6021,5966,-1,5966,6021,6023,-1,5964,5966,6025,-1,6025,5966,6023,-1,5964,6025,5962,-1,5962,6025,6027,-1,5962,6027,5960,-1,5960,6027,6029,-1,5960,6029,5958,-1,5958,6029,6031,-1,5956,5958,6033,-1,6033,5958,6031,-1,5956,6033,6035,-1,5956,6035,5954,-1,5954,6035,6037,-1,5954,6037,5952,-1,5937,5926,6004,-1,6004,5926,5927,-1,5937,6004,6002,-1,5937,6002,5939,-1,5939,6002,6000,-1,5939,6000,5941,-1,5941,6000,5998,-1,5941,5998,5943,-1,5943,5998,5996,-1,5943,5996,5945,-1,5945,5996,5994,-1,5945,5994,5947,-1,6064,6065,6066,-1,6066,6065,6067,-1,6066,6067,6068,-1,6068,6067,6069,-1,6068,6069,6070,-1,6070,6069,6071,-1,6072,6073,6074,-1,6074,6073,6075,-1,6076,6077,6078,-1,6077,6076,6079,-1,6080,6081,6082,-1,6082,6081,6083,-1,6082,6083,6084,-1,6084,6083,6085,-1,6084,6085,6086,-1,6086,6085,6087,-1,6086,6087,6088,-1,6088,6087,6089,-1,6088,6089,6090,-1,6090,6089,6091,-1,6090,6091,6092,-1,6092,6091,6093,-1,6092,6093,6094,-1,6094,6093,6064,-1,6094,6064,6095,-1,6095,6064,6066,-1,6095,6066,6078,-1,6078,6066,6068,-1,6078,6068,6076,-1,6076,6068,6070,-1,6096,6097,6098,-1,6098,6074,6096,-1,6096,6074,6075,-1,6096,6075,6099,-1,6099,6075,6100,-1,6099,6100,6101,-1,6101,6100,6102,-1,6101,6102,6103,-1,6103,6102,6104,-1,6103,6104,6105,-1,6105,6104,6106,-1,6105,6106,6107,-1,6107,6106,6108,-1,6107,6108,6109,-1,6109,6108,6110,-1,6109,6110,6111,-1,6111,6110,6112,-1,6111,6112,6113,-1,6113,6112,6114,-1,6113,6114,6115,-1,6115,6114,6116,-1,6115,6116,6117,-1,6117,6116,6118,-1,6117,6118,6119,-1,6119,6118,6120,-1,6119,6120,6121,-1,6121,6120,6122,-1,6121,6122,6123,-1,6123,6122,6124,-1,6123,6124,6125,-1,6125,6124,6126,-1,6125,6126,6127,-1,6127,6126,6128,-1,6127,6128,6129,-1,6129,6128,6130,-1,6129,6130,6076,-1,6076,6130,6131,-1,6076,6131,6079,-1,6132,6071,6069,-1,6133,6132,6134,-1,6134,6132,6069,-1,6134,6069,6135,-1,6135,6069,6067,-1,6135,6067,6136,-1,6136,6067,6065,-1,6136,6065,6137,-1,6137,6065,6138,-1,6137,6138,6139,-1,6139,6138,6140,-1,6139,6140,6141,-1,6141,6140,6142,-1,6141,6142,6143,-1,6143,6142,6144,-1,6143,6144,6145,-1,6145,6144,6146,-1,6145,6146,6147,-1,6147,6146,6148,-1,6147,6148,6149,-1,6149,6148,6150,-1,6151,6152,6072,-1,6072,6152,6153,-1,6133,6154,6132,-1,6132,6154,6155,-1,6132,6155,6156,-1,6156,6155,6157,-1,6156,6157,6158,-1,6158,6157,6159,-1,6158,6159,6160,-1,6160,6159,6161,-1,6160,6161,6162,-1,6162,6161,6163,-1,6162,6163,6164,-1,6164,6163,6165,-1,6164,6165,6166,-1,6166,6165,6167,-1,6166,6167,6168,-1,6168,6167,6169,-1,6168,6169,6170,-1,6170,6169,6171,-1,6170,6171,6172,-1,6172,6171,6173,-1,6172,6173,6174,-1,6174,6173,6175,-1,6174,6175,6176,-1,6176,6175,6177,-1,6176,6177,6178,-1,6178,6177,6179,-1,6178,6179,6180,-1,6180,6179,6181,-1,6180,6181,6182,-1,6182,6181,6183,-1,6182,6183,6184,-1,6184,6183,6185,-1,6184,6185,6186,-1,6186,6185,6187,-1,6186,6187,6153,-1,6153,6187,6073,-1,6153,6073,6072,-1,6188,6189,6149,-1,6082,6147,6080,-1,6080,6147,6149,-1,6190,6191,6192,-1,6189,6193,6149,-1,6149,6193,6194,-1,6149,6194,6195,-1,6195,6196,6149,-1,6149,6196,6197,-1,6149,6197,6080,-1,6149,6198,6188,-1,6188,6198,6190,-1,6188,6190,6199,-1,6199,6190,6192,-1,6148,6083,6150,-1,6150,6083,6081,-1,6200,6150,6201,-1,6201,6150,6202,-1,6203,6204,6205,-1,6081,6206,6150,-1,6150,6206,6207,-1,6150,6207,6208,-1,6208,6209,6150,-1,6150,6209,6210,-1,6150,6210,6202,-1,6200,6201,6205,-1,6205,6201,6211,-1,6205,6211,6203,-1,6083,6148,6146,-1,6083,6146,6085,-1,6085,6146,6144,-1,6085,6144,6087,-1,6087,6144,6142,-1,6087,6142,6089,-1,6089,6142,6140,-1,6089,6140,6091,-1,6091,6140,6138,-1,6091,6138,6093,-1,6064,6093,6065,-1,6065,6093,6138,-1,6129,6156,6158,-1,6129,6158,6127,-1,6127,6158,6160,-1,6127,6160,6125,-1,6123,6125,6162,-1,6162,6125,6160,-1,6123,6162,6121,-1,6121,6162,6164,-1,6121,6164,6119,-1,6119,6164,6166,-1,6119,6166,6117,-1,6117,6166,6168,-1,6115,6117,6170,-1,6170,6117,6168,-1,6115,6170,6113,-1,6113,6170,6172,-1,6113,6172,6111,-1,6111,6172,6174,-1,6111,6174,6109,-1,6109,6174,6176,-1,6109,6176,6107,-1,6107,6176,6178,-1,6107,6178,6180,-1,6107,6180,6105,-1,6105,6180,6182,-1,6105,6182,6103,-1,6103,6182,6184,-1,6103,6184,6101,-1,6101,6184,6186,-1,6101,6186,6099,-1,6099,6186,6153,-1,6099,6153,6096,-1,6097,6096,6152,-1,6152,6096,6153,-1,6098,6097,6151,-1,6151,6097,6152,-1,6075,6073,6100,-1,6100,6073,6187,-1,6100,6187,6102,-1,6102,6187,6185,-1,6102,6185,6104,-1,6104,6185,6183,-1,6104,6183,6106,-1,6106,6183,6181,-1,6106,6181,6108,-1,6108,6181,6179,-1,6108,6179,6177,-1,6108,6177,6110,-1,6110,6177,6175,-1,6110,6175,6112,-1,6112,6175,6173,-1,6112,6173,6114,-1,6114,6173,6171,-1,6114,6171,6116,-1,6118,6116,6169,-1,6169,6116,6171,-1,6118,6169,6167,-1,6118,6167,6120,-1,6120,6167,6165,-1,6120,6165,6122,-1,6122,6165,6163,-1,6122,6163,6124,-1,6126,6124,6161,-1,6161,6124,6163,-1,6126,6161,6128,-1,6128,6161,6159,-1,6128,6159,6130,-1,6130,6159,6157,-1,6131,6130,6155,-1,6155,6130,6157,-1,6131,6155,6154,-1,6131,6154,6079,-1,6079,6154,6133,-1,6079,6133,6077,-1,6077,6133,6134,-1,6077,6134,6078,-1,6078,6134,6135,-1,6078,6135,6095,-1,6095,6135,6136,-1,6095,6136,6094,-1,6092,6094,6137,-1,6137,6094,6136,-1,6092,6137,6090,-1,6090,6137,6139,-1,6090,6139,6088,-1,6088,6139,6141,-1,6088,6141,6086,-1,6086,6141,6143,-1,6086,6143,6084,-1,6084,6143,6145,-1,6084,6145,6082,-1,6082,6145,6147,-1,6212,6213,6214,-1,6214,6213,6215,-1,6216,6217,6218,-1,6218,6217,6219,-1,6218,6219,6220,-1,6220,6219,6221,-1,6220,6221,6222,-1,6222,6221,6223,-1,6224,6216,6218,-1,6225,6226,6214,-1,6214,6226,6227,-1,6228,6224,6229,-1,6229,6224,6218,-1,6229,6218,6230,-1,6230,6218,6220,-1,6230,6220,6231,-1,6231,6220,6222,-1,6231,6222,6232,-1,6232,6222,6233,-1,6232,6233,6234,-1,6234,6233,6235,-1,6234,6235,6236,-1,6236,6235,6237,-1,6236,6237,6238,-1,6238,6237,6239,-1,6238,6239,6240,-1,6240,6239,6241,-1,6240,6241,6242,-1,6242,6241,6243,-1,6242,6243,6244,-1,6244,6243,6245,-1,6228,6246,6224,-1,6224,6246,6247,-1,6224,6247,6248,-1,6248,6247,6249,-1,6248,6249,6250,-1,6250,6249,6251,-1,6250,6251,6252,-1,6252,6251,6253,-1,6252,6253,6254,-1,6254,6253,6255,-1,6254,6255,6256,-1,6256,6255,6257,-1,6256,6257,6258,-1,6258,6257,6259,-1,6258,6259,6260,-1,6260,6259,6261,-1,6260,6261,6262,-1,6262,6261,6263,-1,6262,6263,6264,-1,6264,6263,6265,-1,6264,6265,6266,-1,6266,6265,6267,-1,6266,6267,6268,-1,6268,6267,6269,-1,6268,6269,6270,-1,6270,6269,6271,-1,6270,6271,6272,-1,6272,6271,6273,-1,6272,6273,6274,-1,6274,6273,6275,-1,6274,6275,6276,-1,6276,6275,6277,-1,6276,6277,6278,-1,6278,6277,6279,-1,6278,6279,6227,-1,6227,6279,6212,-1,6227,6212,6214,-1,6280,6281,6282,-1,6281,6280,6283,-1,6284,6285,6286,-1,6287,6288,6289,-1,6289,6288,6290,-1,6289,6290,6291,-1,6291,6290,6292,-1,6291,6292,6293,-1,6293,6292,6294,-1,6293,6294,6295,-1,6295,6294,6296,-1,6295,6296,6297,-1,6297,6296,6298,-1,6297,6298,6299,-1,6299,6298,6300,-1,6299,6300,6301,-1,6301,6300,6223,-1,6301,6223,6302,-1,6302,6223,6221,-1,6302,6221,6282,-1,6282,6221,6219,-1,6282,6219,6280,-1,6280,6219,6217,-1,6286,6215,6284,-1,6284,6215,6213,-1,6284,6213,6303,-1,6303,6213,6304,-1,6303,6304,6305,-1,6305,6304,6306,-1,6305,6306,6307,-1,6307,6306,6308,-1,6307,6308,6309,-1,6309,6308,6310,-1,6309,6310,6311,-1,6311,6310,6312,-1,6311,6312,6313,-1,6313,6312,6314,-1,6313,6314,6315,-1,6315,6314,6316,-1,6315,6316,6317,-1,6317,6316,6318,-1,6317,6318,6319,-1,6319,6318,6320,-1,6319,6320,6321,-1,6321,6320,6322,-1,6321,6322,6323,-1,6323,6322,6324,-1,6323,6324,6325,-1,6325,6324,6326,-1,6325,6326,6327,-1,6327,6326,6328,-1,6327,6328,6329,-1,6329,6328,6330,-1,6329,6330,6331,-1,6331,6330,6332,-1,6331,6332,6333,-1,6333,6332,6334,-1,6333,6334,6280,-1,6280,6334,6335,-1,6280,6335,6283,-1,6243,6290,6245,-1,6245,6290,6288,-1,6245,6288,6336,-1,6336,6288,6337,-1,6337,6288,6338,-1,6337,6338,6339,-1,6339,6340,6337,-1,6337,6340,6341,-1,6337,6341,6342,-1,6341,6343,6344,-1,6344,6345,6341,-1,6341,6345,6346,-1,6341,6346,6342,-1,6289,6242,6287,-1,6287,6242,6244,-1,6244,6347,6287,-1,6287,6347,6348,-1,6287,6348,6349,-1,6350,6351,6352,-1,6349,6353,6287,-1,6287,6353,6354,-1,6287,6354,6355,-1,6355,6356,6287,-1,6287,6356,6350,-1,6287,6350,6357,-1,6357,6350,6352,-1,6242,6289,6240,-1,6240,6289,6291,-1,6240,6291,6238,-1,6238,6291,6293,-1,6238,6293,6236,-1,6236,6293,6295,-1,6236,6295,6234,-1,6234,6295,6297,-1,6234,6297,6232,-1,6232,6297,6299,-1,6231,6232,6301,-1,6301,6232,6299,-1,6231,6301,6302,-1,6231,6302,6230,-1,6230,6302,6282,-1,6230,6282,6229,-1,6229,6282,6281,-1,6229,6281,6228,-1,6228,6281,6283,-1,6228,6283,6246,-1,6246,6283,6335,-1,6246,6335,6247,-1,6249,6247,6334,-1,6334,6247,6335,-1,6249,6334,6251,-1,6251,6334,6332,-1,6251,6332,6253,-1,6253,6332,6330,-1,6255,6253,6328,-1,6328,6253,6330,-1,6255,6328,6326,-1,6255,6326,6257,-1,6257,6326,6324,-1,6257,6324,6259,-1,6259,6324,6322,-1,6259,6322,6261,-1,6263,6261,6320,-1,6320,6261,6322,-1,6263,6320,6318,-1,6263,6318,6265,-1,6265,6318,6316,-1,6265,6316,6267,-1,6267,6316,6314,-1,6267,6314,6269,-1,6269,6314,6312,-1,6269,6312,6271,-1,6271,6312,6273,-1,6273,6312,6310,-1,6273,6310,6275,-1,6275,6310,6308,-1,6275,6308,6277,-1,6277,6308,6306,-1,6277,6306,6279,-1,6279,6306,6304,-1,6279,6304,6212,-1,6212,6304,6213,-1,6226,6225,6285,-1,6285,6225,6286,-1,6227,6226,6284,-1,6284,6226,6285,-1,6227,6284,6303,-1,6227,6303,6278,-1,6278,6303,6305,-1,6278,6305,6276,-1,6276,6305,6307,-1,6276,6307,6274,-1,6274,6307,6309,-1,6274,6309,6272,-1,6272,6309,6311,-1,6272,6311,6270,-1,6270,6311,6268,-1,6268,6311,6313,-1,6268,6313,6266,-1,6266,6313,6315,-1,6266,6315,6264,-1,6264,6315,6317,-1,6264,6317,6262,-1,6262,6317,6319,-1,6260,6262,6321,-1,6321,6262,6319,-1,6260,6321,6258,-1,6258,6321,6323,-1,6258,6323,6256,-1,6256,6323,6325,-1,6256,6325,6254,-1,6254,6325,6327,-1,6252,6254,6329,-1,6329,6254,6327,-1,6252,6329,6331,-1,6252,6331,6250,-1,6250,6331,6333,-1,6250,6333,6248,-1,6233,6222,6300,-1,6300,6222,6223,-1,6233,6300,6298,-1,6233,6298,6235,-1,6235,6298,6296,-1,6235,6296,6237,-1,6237,6296,6294,-1,6237,6294,6239,-1,6239,6294,6292,-1,6239,6292,6241,-1,6241,6292,6290,-1,6241,6290,6243,-1,6358,6359,6360,-1,6360,6359,6361,-1,6360,6361,6362,-1,6362,6361,6363,-1,6362,6363,6364,-1,6364,6363,6365,-1,6366,6367,6368,-1,6368,6367,6369,-1,6370,6371,6372,-1,6371,6370,6373,-1,6374,6375,6376,-1,6376,6375,6377,-1,6376,6377,6378,-1,6378,6377,6379,-1,6378,6379,6380,-1,6380,6379,6381,-1,6380,6381,6382,-1,6382,6381,6383,-1,6382,6383,6384,-1,6384,6383,6385,-1,6384,6385,6386,-1,6386,6385,6387,-1,6386,6387,6388,-1,6388,6387,6358,-1,6388,6358,6389,-1,6389,6358,6360,-1,6389,6360,6372,-1,6372,6360,6362,-1,6372,6362,6370,-1,6370,6362,6364,-1,6390,6391,6392,-1,6392,6368,6390,-1,6390,6368,6369,-1,6390,6369,6393,-1,6393,6369,6394,-1,6393,6394,6395,-1,6395,6394,6396,-1,6395,6396,6397,-1,6397,6396,6398,-1,6397,6398,6399,-1,6399,6398,6400,-1,6399,6400,6401,-1,6401,6400,6402,-1,6401,6402,6403,-1,6403,6402,6404,-1,6403,6404,6405,-1,6405,6404,6406,-1,6405,6406,6407,-1,6407,6406,6408,-1,6407,6408,6409,-1,6409,6408,6410,-1,6409,6410,6411,-1,6411,6410,6412,-1,6411,6412,6413,-1,6413,6412,6414,-1,6413,6414,6415,-1,6415,6414,6416,-1,6415,6416,6417,-1,6417,6416,6418,-1,6417,6418,6419,-1,6419,6418,6420,-1,6419,6420,6421,-1,6421,6420,6422,-1,6421,6422,6423,-1,6423,6422,6424,-1,6423,6424,6370,-1,6370,6424,6425,-1,6370,6425,6373,-1,6426,6365,6363,-1,6427,6426,6428,-1,6428,6426,6363,-1,6428,6363,6429,-1,6429,6363,6361,-1,6429,6361,6430,-1,6430,6361,6359,-1,6430,6359,6431,-1,6431,6359,6432,-1,6431,6432,6433,-1,6433,6432,6434,-1,6433,6434,6435,-1,6435,6434,6436,-1,6435,6436,6437,-1,6437,6436,6438,-1,6437,6438,6439,-1,6439,6438,6440,-1,6439,6440,6441,-1,6441,6440,6442,-1,6441,6442,6443,-1,6443,6442,6444,-1,6445,6446,6366,-1,6366,6446,6447,-1,6427,6448,6426,-1,6426,6448,6449,-1,6426,6449,6450,-1,6450,6449,6451,-1,6450,6451,6452,-1,6452,6451,6453,-1,6452,6453,6454,-1,6454,6453,6455,-1,6454,6455,6456,-1,6456,6455,6457,-1,6456,6457,6458,-1,6458,6457,6459,-1,6458,6459,6460,-1,6460,6459,6461,-1,6460,6461,6462,-1,6462,6461,6463,-1,6462,6463,6464,-1,6464,6463,6465,-1,6464,6465,6466,-1,6466,6465,6467,-1,6466,6467,6468,-1,6468,6467,6469,-1,6468,6469,6470,-1,6470,6469,6471,-1,6470,6471,6472,-1,6472,6471,6473,-1,6472,6473,6474,-1,6474,6473,6475,-1,6474,6475,6476,-1,6476,6475,6477,-1,6476,6477,6478,-1,6478,6477,6479,-1,6478,6479,6480,-1,6480,6479,6481,-1,6480,6481,6447,-1,6447,6481,6367,-1,6447,6367,6366,-1,6376,6441,6374,-1,6374,6441,6443,-1,6374,6443,6482,-1,6482,6443,6483,-1,6483,6443,6484,-1,6483,6484,6485,-1,6485,6486,6483,-1,6483,6486,6487,-1,6483,6487,6488,-1,6487,6489,6490,-1,6490,6491,6487,-1,6487,6491,6492,-1,6487,6492,6488,-1,6442,6377,6444,-1,6444,6377,6375,-1,6375,6493,6444,-1,6444,6493,6494,-1,6444,6494,6495,-1,6496,6497,6498,-1,6495,6499,6444,-1,6444,6499,6500,-1,6444,6500,6501,-1,6501,6502,6444,-1,6444,6502,6496,-1,6444,6496,6503,-1,6503,6496,6498,-1,6377,6442,6440,-1,6377,6440,6379,-1,6379,6440,6438,-1,6379,6438,6381,-1,6381,6438,6436,-1,6381,6436,6383,-1,6383,6436,6434,-1,6383,6434,6385,-1,6385,6434,6432,-1,6385,6432,6387,-1,6358,6387,6359,-1,6359,6387,6432,-1,6423,6450,6452,-1,6423,6452,6421,-1,6421,6452,6454,-1,6421,6454,6419,-1,6417,6419,6456,-1,6456,6419,6454,-1,6417,6456,6415,-1,6415,6456,6458,-1,6415,6458,6413,-1,6413,6458,6460,-1,6413,6460,6411,-1,6411,6460,6462,-1,6409,6411,6464,-1,6464,6411,6462,-1,6409,6464,6407,-1,6407,6464,6466,-1,6407,6466,6405,-1,6405,6466,6468,-1,6405,6468,6403,-1,6403,6468,6470,-1,6403,6470,6401,-1,6401,6470,6472,-1,6401,6472,6474,-1,6401,6474,6399,-1,6399,6474,6476,-1,6399,6476,6397,-1,6397,6476,6478,-1,6397,6478,6395,-1,6395,6478,6480,-1,6395,6480,6393,-1,6393,6480,6447,-1,6393,6447,6390,-1,6391,6390,6446,-1,6446,6390,6447,-1,6392,6391,6445,-1,6445,6391,6446,-1,6369,6367,6394,-1,6394,6367,6481,-1,6394,6481,6396,-1,6396,6481,6479,-1,6396,6479,6398,-1,6398,6479,6477,-1,6398,6477,6400,-1,6400,6477,6475,-1,6400,6475,6402,-1,6402,6475,6473,-1,6402,6473,6471,-1,6402,6471,6404,-1,6404,6471,6469,-1,6404,6469,6406,-1,6406,6469,6467,-1,6406,6467,6408,-1,6408,6467,6465,-1,6408,6465,6410,-1,6412,6410,6463,-1,6463,6410,6465,-1,6412,6463,6461,-1,6412,6461,6414,-1,6414,6461,6459,-1,6414,6459,6416,-1,6416,6459,6457,-1,6416,6457,6418,-1,6420,6418,6455,-1,6455,6418,6457,-1,6420,6455,6422,-1,6422,6455,6453,-1,6422,6453,6424,-1,6424,6453,6451,-1,6425,6424,6449,-1,6449,6424,6451,-1,6425,6449,6448,-1,6425,6448,6373,-1,6373,6448,6427,-1,6373,6427,6371,-1,6371,6427,6428,-1,6371,6428,6372,-1,6372,6428,6429,-1,6372,6429,6389,-1,6389,6429,6430,-1,6389,6430,6388,-1,6386,6388,6431,-1,6431,6388,6430,-1,6386,6431,6384,-1,6384,6431,6433,-1,6384,6433,6382,-1,6382,6433,6435,-1,6382,6435,6380,-1,6380,6435,6437,-1,6380,6437,6378,-1,6378,6437,6439,-1,6378,6439,6376,-1,6376,6439,6441,-1,6504,6505,6506,-1,6506,6505,6507,-1,6508,6509,6510,-1,6510,6509,6511,-1,6510,6511,6512,-1,6512,6511,6513,-1,6512,6513,6514,-1,6514,6513,6515,-1,6516,6508,6510,-1,6517,6518,6506,-1,6506,6518,6519,-1,6520,6516,6521,-1,6521,6516,6510,-1,6521,6510,6522,-1,6522,6510,6512,-1,6522,6512,6523,-1,6523,6512,6514,-1,6523,6514,6524,-1,6524,6514,6525,-1,6524,6525,6526,-1,6526,6525,6527,-1,6526,6527,6528,-1,6528,6527,6529,-1,6528,6529,6530,-1,6530,6529,6531,-1,6530,6531,6532,-1,6532,6531,6533,-1,6532,6533,6534,-1,6534,6533,6535,-1,6534,6535,6536,-1,6536,6535,6537,-1,6520,6538,6516,-1,6516,6538,6539,-1,6516,6539,6540,-1,6540,6539,6541,-1,6540,6541,6542,-1,6542,6541,6543,-1,6542,6543,6544,-1,6544,6543,6545,-1,6544,6545,6546,-1,6546,6545,6547,-1,6546,6547,6548,-1,6548,6547,6549,-1,6548,6549,6550,-1,6550,6549,6551,-1,6550,6551,6552,-1,6552,6551,6553,-1,6552,6553,6554,-1,6554,6553,6555,-1,6554,6555,6556,-1,6556,6555,6557,-1,6556,6557,6558,-1,6558,6557,6559,-1,6558,6559,6560,-1,6560,6559,6561,-1,6560,6561,6562,-1,6562,6561,6563,-1,6562,6563,6564,-1,6564,6563,6565,-1,6564,6565,6566,-1,6566,6565,6567,-1,6566,6567,6568,-1,6568,6567,6569,-1,6568,6569,6570,-1,6570,6569,6571,-1,6570,6571,6519,-1,6519,6571,6504,-1,6519,6504,6506,-1,6572,6573,6574,-1,6573,6572,6575,-1,6576,6577,6578,-1,6579,6580,6581,-1,6581,6580,6582,-1,6581,6582,6583,-1,6583,6582,6584,-1,6583,6584,6585,-1,6585,6584,6586,-1,6585,6586,6587,-1,6587,6586,6588,-1,6587,6588,6589,-1,6589,6588,6590,-1,6589,6590,6591,-1,6591,6590,6592,-1,6591,6592,6593,-1,6593,6592,6515,-1,6593,6515,6594,-1,6594,6515,6513,-1,6594,6513,6574,-1,6574,6513,6511,-1,6574,6511,6572,-1,6572,6511,6509,-1,6578,6507,6576,-1,6576,6507,6505,-1,6576,6505,6595,-1,6595,6505,6596,-1,6595,6596,6597,-1,6597,6596,6598,-1,6597,6598,6599,-1,6599,6598,6600,-1,6599,6600,6601,-1,6601,6600,6602,-1,6601,6602,6603,-1,6603,6602,6604,-1,6603,6604,6605,-1,6605,6604,6606,-1,6605,6606,6607,-1,6607,6606,6608,-1,6607,6608,6609,-1,6609,6608,6610,-1,6609,6610,6611,-1,6611,6610,6612,-1,6611,6612,6613,-1,6613,6612,6614,-1,6613,6614,6615,-1,6615,6614,6616,-1,6615,6616,6617,-1,6617,6616,6618,-1,6617,6618,6619,-1,6619,6618,6620,-1,6619,6620,6621,-1,6621,6620,6622,-1,6621,6622,6623,-1,6623,6622,6624,-1,6623,6624,6625,-1,6625,6624,6626,-1,6625,6626,6572,-1,6572,6626,6627,-1,6572,6627,6575,-1,6535,6582,6537,-1,6537,6582,6580,-1,6537,6580,6628,-1,6628,6629,6537,-1,6537,6629,6630,-1,6537,6630,6631,-1,6632,6633,6634,-1,6634,6633,6635,-1,6634,6635,6636,-1,6631,6637,6537,-1,6537,6637,6634,-1,6537,6634,6638,-1,6638,6634,6636,-1,6581,6534,6579,-1,6579,6534,6536,-1,6579,6536,6639,-1,6640,6641,6536,-1,6642,6643,6644,-1,6644,6643,6645,-1,6644,6645,6646,-1,6641,6647,6536,-1,6536,6647,6648,-1,6536,6648,6639,-1,6640,6536,6644,-1,6644,6536,6649,-1,6644,6649,6642,-1,6534,6581,6532,-1,6532,6581,6583,-1,6532,6583,6530,-1,6530,6583,6585,-1,6530,6585,6528,-1,6528,6585,6587,-1,6528,6587,6526,-1,6526,6587,6589,-1,6526,6589,6524,-1,6524,6589,6591,-1,6523,6524,6593,-1,6593,6524,6591,-1,6523,6593,6594,-1,6523,6594,6522,-1,6522,6594,6574,-1,6522,6574,6521,-1,6521,6574,6573,-1,6521,6573,6520,-1,6520,6573,6575,-1,6520,6575,6538,-1,6538,6575,6627,-1,6538,6627,6539,-1,6541,6539,6626,-1,6626,6539,6627,-1,6541,6626,6543,-1,6543,6626,6624,-1,6543,6624,6545,-1,6545,6624,6622,-1,6547,6545,6620,-1,6620,6545,6622,-1,6547,6620,6618,-1,6547,6618,6549,-1,6549,6618,6616,-1,6549,6616,6551,-1,6551,6616,6614,-1,6551,6614,6553,-1,6555,6553,6612,-1,6612,6553,6614,-1,6555,6612,6610,-1,6555,6610,6557,-1,6557,6610,6608,-1,6557,6608,6559,-1,6559,6608,6606,-1,6559,6606,6561,-1,6561,6606,6604,-1,6561,6604,6563,-1,6563,6604,6565,-1,6565,6604,6602,-1,6565,6602,6567,-1,6567,6602,6600,-1,6567,6600,6569,-1,6569,6600,6598,-1,6569,6598,6571,-1,6571,6598,6596,-1,6571,6596,6504,-1,6504,6596,6505,-1,6518,6517,6577,-1,6577,6517,6578,-1,6519,6518,6576,-1,6576,6518,6577,-1,6519,6576,6595,-1,6519,6595,6570,-1,6570,6595,6597,-1,6570,6597,6568,-1,6568,6597,6599,-1,6568,6599,6566,-1,6566,6599,6601,-1,6566,6601,6564,-1,6564,6601,6603,-1,6564,6603,6562,-1,6562,6603,6560,-1,6560,6603,6605,-1,6560,6605,6558,-1,6558,6605,6607,-1,6558,6607,6556,-1,6556,6607,6609,-1,6556,6609,6554,-1,6554,6609,6611,-1,6552,6554,6613,-1,6613,6554,6611,-1,6552,6613,6550,-1,6550,6613,6615,-1,6550,6615,6548,-1,6548,6615,6617,-1,6548,6617,6546,-1,6546,6617,6619,-1,6544,6546,6621,-1,6621,6546,6619,-1,6544,6621,6623,-1,6544,6623,6542,-1,6542,6623,6625,-1,6542,6625,6540,-1,6525,6514,6592,-1,6592,6514,6515,-1,6525,6592,6590,-1,6525,6590,6527,-1,6527,6590,6588,-1,6527,6588,6529,-1,6529,6588,6586,-1,6529,6586,6531,-1,6531,6586,6584,-1,6531,6584,6533,-1,6533,6584,6582,-1,6533,6582,6535,-1,6650,6651,6652,-1,6652,6651,6653,-1,6652,6653,6654,-1,6654,6653,6655,-1,6654,6655,6656,-1,6656,6655,6657,-1,6658,6659,6660,-1,6660,6659,6661,-1,6662,6663,6664,-1,6663,6662,6665,-1,6666,6667,6668,-1,6668,6667,6669,-1,6668,6669,6670,-1,6670,6669,6671,-1,6670,6671,6672,-1,6672,6671,6673,-1,6672,6673,6674,-1,6674,6673,6675,-1,6674,6675,6676,-1,6676,6675,6677,-1,6676,6677,6678,-1,6678,6677,6679,-1,6678,6679,6680,-1,6680,6679,6650,-1,6680,6650,6681,-1,6681,6650,6652,-1,6681,6652,6664,-1,6664,6652,6654,-1,6664,6654,6662,-1,6662,6654,6656,-1,6682,6683,6684,-1,6684,6660,6682,-1,6682,6660,6661,-1,6682,6661,6685,-1,6685,6661,6686,-1,6685,6686,6687,-1,6687,6686,6688,-1,6687,6688,6689,-1,6689,6688,6690,-1,6689,6690,6691,-1,6691,6690,6692,-1,6691,6692,6693,-1,6693,6692,6694,-1,6693,6694,6695,-1,6695,6694,6696,-1,6695,6696,6697,-1,6697,6696,6698,-1,6697,6698,6699,-1,6699,6698,6700,-1,6699,6700,6701,-1,6701,6700,6702,-1,6701,6702,6703,-1,6703,6702,6704,-1,6703,6704,6705,-1,6705,6704,6706,-1,6705,6706,6707,-1,6707,6706,6708,-1,6707,6708,6709,-1,6709,6708,6710,-1,6709,6710,6711,-1,6711,6710,6712,-1,6711,6712,6713,-1,6713,6712,6714,-1,6713,6714,6715,-1,6715,6714,6716,-1,6715,6716,6662,-1,6662,6716,6717,-1,6662,6717,6665,-1,6718,6657,6655,-1,6719,6718,6720,-1,6720,6718,6655,-1,6720,6655,6721,-1,6721,6655,6653,-1,6721,6653,6722,-1,6722,6653,6651,-1,6722,6651,6723,-1,6723,6651,6724,-1,6723,6724,6725,-1,6725,6724,6726,-1,6725,6726,6727,-1,6727,6726,6728,-1,6727,6728,6729,-1,6729,6728,6730,-1,6729,6730,6731,-1,6731,6730,6732,-1,6731,6732,6733,-1,6733,6732,6734,-1,6733,6734,6735,-1,6735,6734,6736,-1,6737,6738,6658,-1,6658,6738,6739,-1,6719,6740,6718,-1,6718,6740,6741,-1,6718,6741,6742,-1,6742,6741,6743,-1,6742,6743,6744,-1,6744,6743,6745,-1,6744,6745,6746,-1,6746,6745,6747,-1,6746,6747,6748,-1,6748,6747,6749,-1,6748,6749,6750,-1,6750,6749,6751,-1,6750,6751,6752,-1,6752,6751,6753,-1,6752,6753,6754,-1,6754,6753,6755,-1,6754,6755,6756,-1,6756,6755,6757,-1,6756,6757,6758,-1,6758,6757,6759,-1,6758,6759,6760,-1,6760,6759,6761,-1,6760,6761,6762,-1,6762,6761,6763,-1,6762,6763,6764,-1,6764,6763,6765,-1,6764,6765,6766,-1,6766,6765,6767,-1,6766,6767,6768,-1,6768,6767,6769,-1,6768,6769,6770,-1,6770,6769,6771,-1,6770,6771,6772,-1,6772,6771,6773,-1,6772,6773,6739,-1,6739,6773,6659,-1,6739,6659,6658,-1,6668,6733,6666,-1,6666,6733,6735,-1,6666,6735,6774,-1,6774,6775,6666,-1,6666,6775,6776,-1,6666,6776,6777,-1,6778,6779,6780,-1,6780,6779,6781,-1,6780,6781,6782,-1,6777,6783,6666,-1,6666,6783,6780,-1,6666,6780,6784,-1,6784,6780,6782,-1,6734,6669,6736,-1,6736,6669,6667,-1,6785,6786,6667,-1,6787,6788,6789,-1,6788,6790,6789,-1,6789,6790,6791,-1,6789,6791,6792,-1,6786,6793,6667,-1,6667,6793,6794,-1,6667,6794,6736,-1,6787,6789,6667,-1,6667,6789,6795,-1,6667,6795,6785,-1,6669,6734,6732,-1,6669,6732,6671,-1,6671,6732,6730,-1,6671,6730,6673,-1,6673,6730,6728,-1,6673,6728,6675,-1,6675,6728,6726,-1,6675,6726,6677,-1,6677,6726,6724,-1,6677,6724,6679,-1,6650,6679,6651,-1,6651,6679,6724,-1,6715,6742,6744,-1,6715,6744,6713,-1,6713,6744,6746,-1,6713,6746,6711,-1,6709,6711,6748,-1,6748,6711,6746,-1,6709,6748,6707,-1,6707,6748,6750,-1,6707,6750,6705,-1,6705,6750,6752,-1,6705,6752,6703,-1,6703,6752,6754,-1,6701,6703,6756,-1,6756,6703,6754,-1,6701,6756,6699,-1,6699,6756,6758,-1,6699,6758,6697,-1,6697,6758,6760,-1,6697,6760,6695,-1,6695,6760,6762,-1,6695,6762,6693,-1,6693,6762,6764,-1,6693,6764,6766,-1,6693,6766,6691,-1,6691,6766,6768,-1,6691,6768,6689,-1,6689,6768,6770,-1,6689,6770,6687,-1,6687,6770,6772,-1,6687,6772,6685,-1,6685,6772,6739,-1,6685,6739,6682,-1,6683,6682,6738,-1,6738,6682,6739,-1,6684,6683,6737,-1,6737,6683,6738,-1,6661,6659,6686,-1,6686,6659,6773,-1,6686,6773,6688,-1,6688,6773,6771,-1,6688,6771,6690,-1,6690,6771,6769,-1,6690,6769,6692,-1,6692,6769,6767,-1,6692,6767,6694,-1,6694,6767,6765,-1,6694,6765,6763,-1,6694,6763,6696,-1,6696,6763,6761,-1,6696,6761,6698,-1,6698,6761,6759,-1,6698,6759,6700,-1,6700,6759,6757,-1,6700,6757,6702,-1,6704,6702,6755,-1,6755,6702,6757,-1,6704,6755,6753,-1,6704,6753,6706,-1,6706,6753,6751,-1,6706,6751,6708,-1,6708,6751,6749,-1,6708,6749,6710,-1,6712,6710,6747,-1,6747,6710,6749,-1,6712,6747,6714,-1,6714,6747,6745,-1,6714,6745,6716,-1,6716,6745,6743,-1,6717,6716,6741,-1,6741,6716,6743,-1,6717,6741,6740,-1,6717,6740,6665,-1,6665,6740,6719,-1,6665,6719,6663,-1,6663,6719,6720,-1,6663,6720,6664,-1,6664,6720,6721,-1,6664,6721,6681,-1,6681,6721,6722,-1,6681,6722,6680,-1,6678,6680,6723,-1,6723,6680,6722,-1,6678,6723,6676,-1,6676,6723,6725,-1,6676,6725,6674,-1,6674,6725,6727,-1,6674,6727,6672,-1,6672,6727,6729,-1,6672,6729,6670,-1,6670,6729,6731,-1,6670,6731,6668,-1,6668,6731,6733,-1,6796,6797,6798,-1,6798,6797,6799,-1,6800,6801,6802,-1,6802,6801,6803,-1,6802,6803,6804,-1,6804,6803,6805,-1,6804,6805,6806,-1,6806,6805,6807,-1,6808,6800,6802,-1,6809,6810,6798,-1,6798,6810,6811,-1,6812,6808,6813,-1,6813,6808,6802,-1,6813,6802,6814,-1,6814,6802,6804,-1,6814,6804,6815,-1,6815,6804,6806,-1,6815,6806,6816,-1,6816,6806,6817,-1,6816,6817,6818,-1,6818,6817,6819,-1,6818,6819,6820,-1,6820,6819,6821,-1,6820,6821,6822,-1,6822,6821,6823,-1,6822,6823,6824,-1,6824,6823,6825,-1,6824,6825,6826,-1,6826,6825,6827,-1,6826,6827,6828,-1,6828,6827,6829,-1,6812,6830,6808,-1,6808,6830,6831,-1,6808,6831,6832,-1,6832,6831,6833,-1,6832,6833,6834,-1,6834,6833,6835,-1,6834,6835,6836,-1,6836,6835,6837,-1,6836,6837,6838,-1,6838,6837,6839,-1,6838,6839,6840,-1,6840,6839,6841,-1,6840,6841,6842,-1,6842,6841,6843,-1,6842,6843,6844,-1,6844,6843,6845,-1,6844,6845,6846,-1,6846,6845,6847,-1,6846,6847,6848,-1,6848,6847,6849,-1,6848,6849,6850,-1,6850,6849,6851,-1,6850,6851,6852,-1,6852,6851,6853,-1,6852,6853,6854,-1,6854,6853,6855,-1,6854,6855,6856,-1,6856,6855,6857,-1,6856,6857,6858,-1,6858,6857,6859,-1,6858,6859,6860,-1,6860,6859,6861,-1,6860,6861,6862,-1,6862,6861,6863,-1,6862,6863,6811,-1,6811,6863,6796,-1,6811,6796,6798,-1,6864,6865,6866,-1,6865,6864,6867,-1,6868,6869,6870,-1,6871,6872,6873,-1,6873,6872,6874,-1,6873,6874,6875,-1,6875,6874,6876,-1,6875,6876,6877,-1,6877,6876,6878,-1,6877,6878,6879,-1,6879,6878,6880,-1,6879,6880,6881,-1,6881,6880,6882,-1,6881,6882,6883,-1,6883,6882,6884,-1,6883,6884,6885,-1,6885,6884,6807,-1,6885,6807,6886,-1,6886,6807,6805,-1,6886,6805,6866,-1,6866,6805,6803,-1,6866,6803,6864,-1,6864,6803,6801,-1,6870,6799,6868,-1,6868,6799,6797,-1,6868,6797,6887,-1,6887,6797,6888,-1,6887,6888,6889,-1,6889,6888,6890,-1,6889,6890,6891,-1,6891,6890,6892,-1,6891,6892,6893,-1,6893,6892,6894,-1,6893,6894,6895,-1,6895,6894,6896,-1,6895,6896,6897,-1,6897,6896,6898,-1,6897,6898,6899,-1,6899,6898,6900,-1,6899,6900,6901,-1,6901,6900,6902,-1,6901,6902,6903,-1,6903,6902,6904,-1,6903,6904,6905,-1,6905,6904,6906,-1,6905,6906,6907,-1,6907,6906,6908,-1,6907,6908,6909,-1,6909,6908,6910,-1,6909,6910,6911,-1,6911,6910,6912,-1,6911,6912,6913,-1,6913,6912,6914,-1,6913,6914,6915,-1,6915,6914,6916,-1,6915,6916,6917,-1,6917,6916,6918,-1,6917,6918,6864,-1,6864,6918,6919,-1,6864,6919,6867,-1,6827,6874,6829,-1,6829,6874,6872,-1,6829,6872,6920,-1,6921,6922,6923,-1,6923,6922,6924,-1,6923,6924,6925,-1,6920,6926,6829,-1,6829,6926,6927,-1,6829,6927,6928,-1,6928,6929,6829,-1,6829,6929,6923,-1,6829,6923,6930,-1,6930,6923,6925,-1,6873,6826,6871,-1,6871,6826,6828,-1,6871,6828,6931,-1,6932,6933,6934,-1,6933,6935,6934,-1,6934,6935,6936,-1,6934,6936,6937,-1,6932,6934,6828,-1,6828,6934,6938,-1,6828,6938,6939,-1,6939,6940,6828,-1,6828,6940,6941,-1,6828,6941,6931,-1,6826,6873,6824,-1,6824,6873,6875,-1,6824,6875,6822,-1,6822,6875,6877,-1,6822,6877,6820,-1,6820,6877,6879,-1,6820,6879,6818,-1,6818,6879,6881,-1,6818,6881,6816,-1,6816,6881,6883,-1,6815,6816,6885,-1,6885,6816,6883,-1,6815,6885,6886,-1,6815,6886,6814,-1,6814,6886,6866,-1,6814,6866,6813,-1,6813,6866,6865,-1,6813,6865,6812,-1,6812,6865,6867,-1,6812,6867,6830,-1,6830,6867,6919,-1,6830,6919,6831,-1,6833,6831,6918,-1,6918,6831,6919,-1,6833,6918,6835,-1,6835,6918,6916,-1,6835,6916,6837,-1,6837,6916,6914,-1,6839,6837,6912,-1,6912,6837,6914,-1,6839,6912,6910,-1,6839,6910,6841,-1,6841,6910,6908,-1,6841,6908,6843,-1,6843,6908,6906,-1,6843,6906,6845,-1,6847,6845,6904,-1,6904,6845,6906,-1,6847,6904,6902,-1,6847,6902,6849,-1,6849,6902,6900,-1,6849,6900,6851,-1,6851,6900,6898,-1,6851,6898,6853,-1,6853,6898,6896,-1,6853,6896,6855,-1,6855,6896,6857,-1,6857,6896,6894,-1,6857,6894,6859,-1,6859,6894,6892,-1,6859,6892,6861,-1,6861,6892,6890,-1,6861,6890,6863,-1,6863,6890,6888,-1,6863,6888,6796,-1,6796,6888,6797,-1,6810,6809,6869,-1,6869,6809,6870,-1,6811,6810,6868,-1,6868,6810,6869,-1,6811,6868,6887,-1,6811,6887,6862,-1,6862,6887,6889,-1,6862,6889,6860,-1,6860,6889,6891,-1,6860,6891,6858,-1,6858,6891,6893,-1,6858,6893,6856,-1,6856,6893,6895,-1,6856,6895,6854,-1,6854,6895,6852,-1,6852,6895,6897,-1,6852,6897,6850,-1,6850,6897,6899,-1,6850,6899,6848,-1,6848,6899,6901,-1,6848,6901,6846,-1,6846,6901,6903,-1,6844,6846,6905,-1,6905,6846,6903,-1,6844,6905,6842,-1,6842,6905,6907,-1,6842,6907,6840,-1,6840,6907,6909,-1,6840,6909,6838,-1,6838,6909,6911,-1,6836,6838,6913,-1,6913,6838,6911,-1,6836,6913,6915,-1,6836,6915,6834,-1,6834,6915,6917,-1,6834,6917,6832,-1,6817,6806,6884,-1,6884,6806,6807,-1,6817,6884,6882,-1,6817,6882,6819,-1,6819,6882,6880,-1,6819,6880,6821,-1,6821,6880,6878,-1,6821,6878,6823,-1,6823,6878,6876,-1,6823,6876,6825,-1,6825,6876,6874,-1,6825,6874,6827,-1,6942,6943,6944,-1,6944,6943,6945,-1,6944,6945,6946,-1,6946,6945,6947,-1,6946,6947,6948,-1,6948,6947,6949,-1,6950,6951,6952,-1,6952,6951,6953,-1,6954,6955,6956,-1,6955,6954,6957,-1,6958,6959,6960,-1,6960,6959,6961,-1,6960,6961,6962,-1,6962,6961,6963,-1,6962,6963,6964,-1,6964,6963,6965,-1,6964,6965,6966,-1,6966,6965,6967,-1,6966,6967,6968,-1,6968,6967,6969,-1,6968,6969,6970,-1,6970,6969,6971,-1,6970,6971,6972,-1,6972,6971,6942,-1,6972,6942,6973,-1,6973,6942,6944,-1,6973,6944,6956,-1,6956,6944,6946,-1,6956,6946,6954,-1,6954,6946,6948,-1,6974,6975,6976,-1,6976,6952,6974,-1,6974,6952,6953,-1,6974,6953,6977,-1,6977,6953,6978,-1,6977,6978,6979,-1,6979,6978,6980,-1,6979,6980,6981,-1,6981,6980,6982,-1,6981,6982,6983,-1,6983,6982,6984,-1,6983,6984,6985,-1,6985,6984,6986,-1,6985,6986,6987,-1,6987,6986,6988,-1,6987,6988,6989,-1,6989,6988,6990,-1,6989,6990,6991,-1,6991,6990,6992,-1,6991,6992,6993,-1,6993,6992,6994,-1,6993,6994,6995,-1,6995,6994,6996,-1,6995,6996,6997,-1,6997,6996,6998,-1,6997,6998,6999,-1,6999,6998,7000,-1,6999,7000,7001,-1,7001,7000,7002,-1,7001,7002,7003,-1,7003,7002,7004,-1,7003,7004,7005,-1,7005,7004,7006,-1,7005,7006,7007,-1,7007,7006,7008,-1,7007,7008,6954,-1,6954,7008,7009,-1,6954,7009,6957,-1,7010,6949,6947,-1,7011,7010,7012,-1,7012,7010,6947,-1,7012,6947,7013,-1,7013,6947,6945,-1,7013,6945,7014,-1,7014,6945,6943,-1,7014,6943,7015,-1,7015,6943,7016,-1,7015,7016,7017,-1,7017,7016,7018,-1,7017,7018,7019,-1,7019,7018,7020,-1,7019,7020,7021,-1,7021,7020,7022,-1,7021,7022,7023,-1,7023,7022,7024,-1,7023,7024,7025,-1,7025,7024,7026,-1,7025,7026,7027,-1,7027,7026,7028,-1,7029,7030,6950,-1,6950,7030,7031,-1,7011,7032,7010,-1,7010,7032,7033,-1,7010,7033,7034,-1,7034,7033,7035,-1,7034,7035,7036,-1,7036,7035,7037,-1,7036,7037,7038,-1,7038,7037,7039,-1,7038,7039,7040,-1,7040,7039,7041,-1,7040,7041,7042,-1,7042,7041,7043,-1,7042,7043,7044,-1,7044,7043,7045,-1,7044,7045,7046,-1,7046,7045,7047,-1,7046,7047,7048,-1,7048,7047,7049,-1,7048,7049,7050,-1,7050,7049,7051,-1,7050,7051,7052,-1,7052,7051,7053,-1,7052,7053,7054,-1,7054,7053,7055,-1,7054,7055,7056,-1,7056,7055,7057,-1,7056,7057,7058,-1,7058,7057,7059,-1,7058,7059,7060,-1,7060,7059,7061,-1,7060,7061,7062,-1,7062,7061,7063,-1,7062,7063,7064,-1,7064,7063,7065,-1,7064,7065,7031,-1,7031,7065,6951,-1,7031,6951,6950,-1,6960,7025,6958,-1,6958,7025,7027,-1,6958,7027,7066,-1,7067,7068,7069,-1,7069,7068,7070,-1,7069,7070,7071,-1,7066,7072,6958,-1,6958,7072,7073,-1,6958,7073,7074,-1,7074,7075,6958,-1,6958,7075,7069,-1,6958,7069,7076,-1,7076,7069,7071,-1,7026,6961,7028,-1,7028,6961,6959,-1,7028,6959,7077,-1,7078,7079,7080,-1,7079,7081,7080,-1,7080,7081,7082,-1,7080,7082,7083,-1,7078,7080,6959,-1,6959,7080,7084,-1,6959,7084,7085,-1,7085,7086,6959,-1,6959,7086,7087,-1,6959,7087,7077,-1,6961,7026,7024,-1,6961,7024,6963,-1,6963,7024,7022,-1,6963,7022,6965,-1,6965,7022,7020,-1,6965,7020,6967,-1,6967,7020,7018,-1,6967,7018,6969,-1,6969,7018,7016,-1,6969,7016,6971,-1,6942,6971,6943,-1,6943,6971,7016,-1,7007,7034,7036,-1,7007,7036,7005,-1,7005,7036,7038,-1,7005,7038,7003,-1,7001,7003,7040,-1,7040,7003,7038,-1,7001,7040,6999,-1,6999,7040,7042,-1,6999,7042,6997,-1,6997,7042,7044,-1,6997,7044,6995,-1,6995,7044,7046,-1,6993,6995,7048,-1,7048,6995,7046,-1,6993,7048,6991,-1,6991,7048,7050,-1,6991,7050,6989,-1,6989,7050,7052,-1,6989,7052,6987,-1,6987,7052,7054,-1,6987,7054,6985,-1,6985,7054,7056,-1,6985,7056,7058,-1,6985,7058,6983,-1,6983,7058,7060,-1,6983,7060,6981,-1,6981,7060,7062,-1,6981,7062,6979,-1,6979,7062,7064,-1,6979,7064,6977,-1,6977,7064,7031,-1,6977,7031,6974,-1,6975,6974,7030,-1,7030,6974,7031,-1,6976,6975,7029,-1,7029,6975,7030,-1,6953,6951,6978,-1,6978,6951,7065,-1,6978,7065,6980,-1,6980,7065,7063,-1,6980,7063,6982,-1,6982,7063,7061,-1,6982,7061,6984,-1,6984,7061,7059,-1,6984,7059,6986,-1,6986,7059,7057,-1,6986,7057,7055,-1,6986,7055,6988,-1,6988,7055,7053,-1,6988,7053,6990,-1,6990,7053,7051,-1,6990,7051,6992,-1,6992,7051,7049,-1,6992,7049,6994,-1,6996,6994,7047,-1,7047,6994,7049,-1,6996,7047,7045,-1,6996,7045,6998,-1,6998,7045,7043,-1,6998,7043,7000,-1,7000,7043,7041,-1,7000,7041,7002,-1,7004,7002,7039,-1,7039,7002,7041,-1,7004,7039,7006,-1,7006,7039,7037,-1,7006,7037,7008,-1,7008,7037,7035,-1,7009,7008,7033,-1,7033,7008,7035,-1,7009,7033,7032,-1,7009,7032,6957,-1,6957,7032,7011,-1,6957,7011,6955,-1,6955,7011,7012,-1,6955,7012,6956,-1,6956,7012,7013,-1,6956,7013,6973,-1,6973,7013,7014,-1,6973,7014,6972,-1,6970,6972,7015,-1,7015,6972,7014,-1,6970,7015,6968,-1,6968,7015,7017,-1,6968,7017,6966,-1,6966,7017,7019,-1,6966,7019,6964,-1,6964,7019,7021,-1,6964,7021,6962,-1,6962,7021,7023,-1,6962,7023,6960,-1,6960,7023,7025,-1,7088,7089,7090,-1,7090,7089,7091,-1,7092,7093,7094,-1,7094,7093,7095,-1,7094,7095,7096,-1,7096,7095,7097,-1,7096,7097,7098,-1,7098,7097,7099,-1,7100,7092,7094,-1,7101,7102,7090,-1,7090,7102,7103,-1,7104,7100,7105,-1,7105,7100,7094,-1,7105,7094,7106,-1,7106,7094,7096,-1,7106,7096,7107,-1,7107,7096,7098,-1,7107,7098,7108,-1,7108,7098,7109,-1,7108,7109,7110,-1,7110,7109,7111,-1,7110,7111,7112,-1,7112,7111,7113,-1,7112,7113,7114,-1,7114,7113,7115,-1,7114,7115,7116,-1,7116,7115,7117,-1,7116,7117,7118,-1,7118,7117,7119,-1,7118,7119,7120,-1,7120,7119,7121,-1,7104,7122,7100,-1,7100,7122,7123,-1,7100,7123,7124,-1,7124,7123,7125,-1,7124,7125,7126,-1,7126,7125,7127,-1,7126,7127,7128,-1,7128,7127,7129,-1,7128,7129,7130,-1,7130,7129,7131,-1,7130,7131,7132,-1,7132,7131,7133,-1,7132,7133,7134,-1,7134,7133,7135,-1,7134,7135,7136,-1,7136,7135,7137,-1,7136,7137,7138,-1,7138,7137,7139,-1,7138,7139,7140,-1,7140,7139,7141,-1,7140,7141,7142,-1,7142,7141,7143,-1,7142,7143,7144,-1,7144,7143,7145,-1,7144,7145,7146,-1,7146,7145,7147,-1,7146,7147,7148,-1,7148,7147,7149,-1,7148,7149,7150,-1,7150,7149,7151,-1,7150,7151,7152,-1,7152,7151,7153,-1,7152,7153,7154,-1,7154,7153,7155,-1,7154,7155,7103,-1,7103,7155,7088,-1,7103,7088,7090,-1,7156,7157,7158,-1,7157,7156,7159,-1,7160,7161,7162,-1,7163,7164,7165,-1,7165,7164,7166,-1,7165,7166,7167,-1,7167,7166,7168,-1,7167,7168,7169,-1,7169,7168,7170,-1,7169,7170,7171,-1,7171,7170,7172,-1,7171,7172,7173,-1,7173,7172,7174,-1,7173,7174,7175,-1,7175,7174,7176,-1,7175,7176,7177,-1,7177,7176,7099,-1,7177,7099,7178,-1,7178,7099,7097,-1,7178,7097,7158,-1,7158,7097,7095,-1,7158,7095,7156,-1,7156,7095,7093,-1,7162,7091,7160,-1,7160,7091,7089,-1,7160,7089,7179,-1,7179,7089,7180,-1,7179,7180,7181,-1,7181,7180,7182,-1,7181,7182,7183,-1,7183,7182,7184,-1,7183,7184,7185,-1,7185,7184,7186,-1,7185,7186,7187,-1,7187,7186,7188,-1,7187,7188,7189,-1,7189,7188,7190,-1,7189,7190,7191,-1,7191,7190,7192,-1,7191,7192,7193,-1,7193,7192,7194,-1,7193,7194,7195,-1,7195,7194,7196,-1,7195,7196,7197,-1,7197,7196,7198,-1,7197,7198,7199,-1,7199,7198,7200,-1,7199,7200,7201,-1,7201,7200,7202,-1,7201,7202,7203,-1,7203,7202,7204,-1,7203,7204,7205,-1,7205,7204,7206,-1,7205,7206,7207,-1,7207,7206,7208,-1,7207,7208,7209,-1,7209,7208,7210,-1,7209,7210,7156,-1,7156,7210,7211,-1,7156,7211,7159,-1,7119,7166,7121,-1,7121,7166,7164,-1,7121,7164,7212,-1,7212,7164,7213,-1,7213,7164,7214,-1,7213,7214,7215,-1,7215,7216,7213,-1,7213,7216,7217,-1,7213,7217,7218,-1,7217,7219,7220,-1,7220,7221,7217,-1,7217,7221,7222,-1,7217,7222,7218,-1,7165,7118,7163,-1,7163,7118,7120,-1,7120,7223,7163,-1,7163,7223,7224,-1,7163,7224,7225,-1,7226,7227,7228,-1,7225,7229,7163,-1,7163,7229,7230,-1,7163,7230,7231,-1,7231,7232,7163,-1,7163,7232,7226,-1,7163,7226,7233,-1,7233,7226,7228,-1,7118,7165,7116,-1,7116,7165,7167,-1,7116,7167,7114,-1,7114,7167,7169,-1,7114,7169,7112,-1,7112,7169,7171,-1,7112,7171,7110,-1,7110,7171,7173,-1,7110,7173,7108,-1,7108,7173,7175,-1,7107,7108,7177,-1,7177,7108,7175,-1,7107,7177,7178,-1,7107,7178,7106,-1,7106,7178,7158,-1,7106,7158,7105,-1,7105,7158,7157,-1,7105,7157,7104,-1,7104,7157,7159,-1,7104,7159,7122,-1,7122,7159,7211,-1,7122,7211,7123,-1,7125,7123,7210,-1,7210,7123,7211,-1,7125,7210,7127,-1,7127,7210,7208,-1,7127,7208,7129,-1,7129,7208,7206,-1,7131,7129,7204,-1,7204,7129,7206,-1,7131,7204,7202,-1,7131,7202,7133,-1,7133,7202,7200,-1,7133,7200,7135,-1,7135,7200,7198,-1,7135,7198,7137,-1,7139,7137,7196,-1,7196,7137,7198,-1,7139,7196,7194,-1,7139,7194,7141,-1,7141,7194,7192,-1,7141,7192,7143,-1,7143,7192,7190,-1,7143,7190,7145,-1,7145,7190,7188,-1,7145,7188,7147,-1,7147,7188,7149,-1,7149,7188,7186,-1,7149,7186,7151,-1,7151,7186,7184,-1,7151,7184,7153,-1,7153,7184,7182,-1,7153,7182,7155,-1,7155,7182,7180,-1,7155,7180,7088,-1,7088,7180,7089,-1,7102,7101,7161,-1,7161,7101,7162,-1,7103,7102,7160,-1,7160,7102,7161,-1,7103,7160,7179,-1,7103,7179,7154,-1,7154,7179,7181,-1,7154,7181,7152,-1,7152,7181,7183,-1,7152,7183,7150,-1,7150,7183,7185,-1,7150,7185,7148,-1,7148,7185,7187,-1,7148,7187,7146,-1,7146,7187,7144,-1,7144,7187,7189,-1,7144,7189,7142,-1,7142,7189,7191,-1,7142,7191,7140,-1,7140,7191,7193,-1,7140,7193,7138,-1,7138,7193,7195,-1,7136,7138,7197,-1,7197,7138,7195,-1,7136,7197,7134,-1,7134,7197,7199,-1,7134,7199,7132,-1,7132,7199,7201,-1,7132,7201,7130,-1,7130,7201,7203,-1,7128,7130,7205,-1,7205,7130,7203,-1,7128,7205,7207,-1,7128,7207,7126,-1,7126,7207,7209,-1,7126,7209,7124,-1,7109,7098,7176,-1,7176,7098,7099,-1,7109,7176,7174,-1,7109,7174,7111,-1,7111,7174,7172,-1,7111,7172,7113,-1,7113,7172,7170,-1,7113,7170,7115,-1,7115,7170,7168,-1,7115,7168,7117,-1,7117,7168,7166,-1,7117,7166,7119,-1,7234,7235,7236,-1,7236,7235,7237,-1,7236,7237,7238,-1,7238,7237,7239,-1,7238,7239,7240,-1,7240,7239,7241,-1,7242,7243,7244,-1,7244,7243,7245,-1,7246,7247,7248,-1,7247,7246,7249,-1,7250,7251,7252,-1,7252,7251,7253,-1,7252,7253,7254,-1,7254,7253,7255,-1,7254,7255,7256,-1,7256,7255,7257,-1,7256,7257,7258,-1,7258,7257,7259,-1,7258,7259,7260,-1,7260,7259,7261,-1,7260,7261,7262,-1,7262,7261,7263,-1,7262,7263,7264,-1,7264,7263,7234,-1,7264,7234,7265,-1,7265,7234,7236,-1,7265,7236,7248,-1,7248,7236,7238,-1,7248,7238,7246,-1,7246,7238,7240,-1,7266,7267,7268,-1,7268,7244,7266,-1,7266,7244,7245,-1,7266,7245,7269,-1,7269,7245,7270,-1,7269,7270,7271,-1,7271,7270,7272,-1,7271,7272,7273,-1,7273,7272,7274,-1,7273,7274,7275,-1,7275,7274,7276,-1,7275,7276,7277,-1,7277,7276,7278,-1,7277,7278,7279,-1,7279,7278,7280,-1,7279,7280,7281,-1,7281,7280,7282,-1,7281,7282,7283,-1,7283,7282,7284,-1,7283,7284,7285,-1,7285,7284,7286,-1,7285,7286,7287,-1,7287,7286,7288,-1,7287,7288,7289,-1,7289,7288,7290,-1,7289,7290,7291,-1,7291,7290,7292,-1,7291,7292,7293,-1,7293,7292,7294,-1,7293,7294,7295,-1,7295,7294,7296,-1,7295,7296,7297,-1,7297,7296,7298,-1,7297,7298,7299,-1,7299,7298,7300,-1,7299,7300,7246,-1,7246,7300,7301,-1,7246,7301,7249,-1,7302,7241,7239,-1,7303,7302,7304,-1,7304,7302,7239,-1,7304,7239,7305,-1,7305,7239,7237,-1,7305,7237,7306,-1,7306,7237,7235,-1,7306,7235,7307,-1,7307,7235,7308,-1,7307,7308,7309,-1,7309,7308,7310,-1,7309,7310,7311,-1,7311,7310,7312,-1,7311,7312,7313,-1,7313,7312,7314,-1,7313,7314,7315,-1,7315,7314,7316,-1,7315,7316,7317,-1,7317,7316,7318,-1,7317,7318,7319,-1,7319,7318,7320,-1,7321,7322,7242,-1,7242,7322,7323,-1,7303,7324,7302,-1,7302,7324,7325,-1,7302,7325,7326,-1,7326,7325,7327,-1,7326,7327,7328,-1,7328,7327,7329,-1,7328,7329,7330,-1,7330,7329,7331,-1,7330,7331,7332,-1,7332,7331,7333,-1,7332,7333,7334,-1,7334,7333,7335,-1,7334,7335,7336,-1,7336,7335,7337,-1,7336,7337,7338,-1,7338,7337,7339,-1,7338,7339,7340,-1,7340,7339,7341,-1,7340,7341,7342,-1,7342,7341,7343,-1,7342,7343,7344,-1,7344,7343,7345,-1,7344,7345,7346,-1,7346,7345,7347,-1,7346,7347,7348,-1,7348,7347,7349,-1,7348,7349,7350,-1,7350,7349,7351,-1,7350,7351,7352,-1,7352,7351,7353,-1,7352,7353,7354,-1,7354,7353,7355,-1,7354,7355,7356,-1,7356,7355,7357,-1,7356,7357,7323,-1,7323,7357,7243,-1,7323,7243,7242,-1,7252,7317,7250,-1,7250,7317,7319,-1,7250,7319,7358,-1,7358,7319,7359,-1,7359,7319,7360,-1,7359,7360,7361,-1,7361,7362,7359,-1,7359,7362,7363,-1,7359,7363,7364,-1,7363,7365,7366,-1,7366,7367,7363,-1,7363,7367,7368,-1,7363,7368,7364,-1,7318,7253,7320,-1,7320,7253,7251,-1,7251,7369,7320,-1,7320,7369,7370,-1,7320,7370,7371,-1,7372,7373,7374,-1,7371,7375,7320,-1,7320,7375,7376,-1,7320,7376,7377,-1,7377,7378,7320,-1,7320,7378,7372,-1,7320,7372,7379,-1,7379,7372,7374,-1,7253,7318,7316,-1,7253,7316,7255,-1,7255,7316,7314,-1,7255,7314,7257,-1,7257,7314,7312,-1,7257,7312,7259,-1,7259,7312,7310,-1,7259,7310,7261,-1,7261,7310,7308,-1,7261,7308,7263,-1,7234,7263,7235,-1,7235,7263,7308,-1,7299,7326,7328,-1,7299,7328,7297,-1,7297,7328,7330,-1,7297,7330,7295,-1,7293,7295,7332,-1,7332,7295,7330,-1,7293,7332,7291,-1,7291,7332,7334,-1,7291,7334,7289,-1,7289,7334,7336,-1,7289,7336,7287,-1,7287,7336,7338,-1,7285,7287,7340,-1,7340,7287,7338,-1,7285,7340,7283,-1,7283,7340,7342,-1,7283,7342,7281,-1,7281,7342,7344,-1,7281,7344,7279,-1,7279,7344,7346,-1,7279,7346,7277,-1,7277,7346,7348,-1,7277,7348,7350,-1,7277,7350,7275,-1,7275,7350,7352,-1,7275,7352,7273,-1,7273,7352,7354,-1,7273,7354,7271,-1,7271,7354,7356,-1,7271,7356,7269,-1,7269,7356,7323,-1,7269,7323,7266,-1,7267,7266,7322,-1,7322,7266,7323,-1,7268,7267,7321,-1,7321,7267,7322,-1,7245,7243,7270,-1,7270,7243,7357,-1,7270,7357,7272,-1,7272,7357,7355,-1,7272,7355,7274,-1,7274,7355,7353,-1,7274,7353,7276,-1,7276,7353,7351,-1,7276,7351,7278,-1,7278,7351,7349,-1,7278,7349,7347,-1,7278,7347,7280,-1,7280,7347,7345,-1,7280,7345,7282,-1,7282,7345,7343,-1,7282,7343,7284,-1,7284,7343,7341,-1,7284,7341,7286,-1,7288,7286,7339,-1,7339,7286,7341,-1,7288,7339,7337,-1,7288,7337,7290,-1,7290,7337,7335,-1,7290,7335,7292,-1,7292,7335,7333,-1,7292,7333,7294,-1,7296,7294,7331,-1,7331,7294,7333,-1,7296,7331,7298,-1,7298,7331,7329,-1,7298,7329,7300,-1,7300,7329,7327,-1,7301,7300,7325,-1,7325,7300,7327,-1,7301,7325,7324,-1,7301,7324,7249,-1,7249,7324,7303,-1,7249,7303,7247,-1,7247,7303,7304,-1,7247,7304,7248,-1,7248,7304,7305,-1,7248,7305,7265,-1,7265,7305,7306,-1,7265,7306,7264,-1,7262,7264,7307,-1,7307,7264,7306,-1,7262,7307,7260,-1,7260,7307,7309,-1,7260,7309,7258,-1,7258,7309,7311,-1,7258,7311,7256,-1,7256,7311,7313,-1,7256,7313,7254,-1,7254,7313,7315,-1,7254,7315,7252,-1,7252,7315,7317,-1,7380,7381,7382,-1,7382,7381,7383,-1,7384,7385,7386,-1,7386,7385,7387,-1,7386,7387,7388,-1,7388,7387,7389,-1,7388,7389,7390,-1,7390,7389,7391,-1,7392,7384,7386,-1,7393,7394,7382,-1,7382,7394,7395,-1,7396,7392,7397,-1,7397,7392,7386,-1,7397,7386,7398,-1,7398,7386,7388,-1,7398,7388,7399,-1,7399,7388,7390,-1,7399,7390,7400,-1,7400,7390,7401,-1,7400,7401,7402,-1,7402,7401,7403,-1,7402,7403,7404,-1,7404,7403,7405,-1,7404,7405,7406,-1,7406,7405,7407,-1,7406,7407,7408,-1,7408,7407,7409,-1,7408,7409,7410,-1,7410,7409,7411,-1,7410,7411,7412,-1,7412,7411,7413,-1,7396,7414,7392,-1,7392,7414,7415,-1,7392,7415,7416,-1,7416,7415,7417,-1,7416,7417,7418,-1,7418,7417,7419,-1,7418,7419,7420,-1,7420,7419,7421,-1,7420,7421,7422,-1,7422,7421,7423,-1,7422,7423,7424,-1,7424,7423,7425,-1,7424,7425,7426,-1,7426,7425,7427,-1,7426,7427,7428,-1,7428,7427,7429,-1,7428,7429,7430,-1,7430,7429,7431,-1,7430,7431,7432,-1,7432,7431,7433,-1,7432,7433,7434,-1,7434,7433,7435,-1,7434,7435,7436,-1,7436,7435,7437,-1,7436,7437,7438,-1,7438,7437,7439,-1,7438,7439,7440,-1,7440,7439,7441,-1,7440,7441,7442,-1,7442,7441,7443,-1,7442,7443,7444,-1,7444,7443,7445,-1,7444,7445,7446,-1,7446,7445,7447,-1,7446,7447,7395,-1,7395,7447,7380,-1,7395,7380,7382,-1,7448,7449,7450,-1,7449,7448,7451,-1,7452,7453,7454,-1,7455,7456,7457,-1,7457,7456,7458,-1,7457,7458,7459,-1,7459,7458,7460,-1,7459,7460,7461,-1,7461,7460,7462,-1,7461,7462,7463,-1,7463,7462,7464,-1,7463,7464,7465,-1,7465,7464,7466,-1,7465,7466,7467,-1,7467,7466,7468,-1,7467,7468,7469,-1,7469,7468,7391,-1,7469,7391,7470,-1,7470,7391,7389,-1,7470,7389,7450,-1,7450,7389,7387,-1,7450,7387,7448,-1,7448,7387,7385,-1,7454,7383,7452,-1,7452,7383,7381,-1,7452,7381,7471,-1,7471,7381,7472,-1,7471,7472,7473,-1,7473,7472,7474,-1,7473,7474,7475,-1,7475,7474,7476,-1,7475,7476,7477,-1,7477,7476,7478,-1,7477,7478,7479,-1,7479,7478,7480,-1,7479,7480,7481,-1,7481,7480,7482,-1,7481,7482,7483,-1,7483,7482,7484,-1,7483,7484,7485,-1,7485,7484,7486,-1,7485,7486,7487,-1,7487,7486,7488,-1,7487,7488,7489,-1,7489,7488,7490,-1,7489,7490,7491,-1,7491,7490,7492,-1,7491,7492,7493,-1,7493,7492,7494,-1,7493,7494,7495,-1,7495,7494,7496,-1,7495,7496,7497,-1,7497,7496,7498,-1,7497,7498,7499,-1,7499,7498,7500,-1,7499,7500,7501,-1,7501,7500,7502,-1,7501,7502,7448,-1,7448,7502,7503,-1,7448,7503,7451,-1,7504,7505,7456,-1,7411,7458,7413,-1,7413,7458,7456,-1,7506,7507,7508,-1,7505,7509,7456,-1,7456,7509,7510,-1,7456,7510,7511,-1,7511,7512,7456,-1,7456,7512,7513,-1,7456,7513,7413,-1,7456,7514,7504,-1,7504,7514,7506,-1,7504,7506,7515,-1,7515,7506,7508,-1,7457,7410,7455,-1,7455,7410,7412,-1,7516,7455,7517,-1,7517,7455,7518,-1,7519,7520,7521,-1,7412,7522,7455,-1,7455,7522,7523,-1,7455,7523,7524,-1,7524,7525,7455,-1,7455,7525,7526,-1,7455,7526,7518,-1,7516,7517,7521,-1,7521,7517,7527,-1,7521,7527,7519,-1,7410,7457,7408,-1,7408,7457,7459,-1,7408,7459,7406,-1,7406,7459,7461,-1,7406,7461,7404,-1,7404,7461,7463,-1,7404,7463,7402,-1,7402,7463,7465,-1,7402,7465,7400,-1,7400,7465,7467,-1,7399,7400,7469,-1,7469,7400,7467,-1,7399,7469,7470,-1,7399,7470,7398,-1,7398,7470,7450,-1,7398,7450,7397,-1,7397,7450,7449,-1,7397,7449,7396,-1,7396,7449,7451,-1,7396,7451,7414,-1,7414,7451,7503,-1,7414,7503,7415,-1,7417,7415,7502,-1,7502,7415,7503,-1,7417,7502,7419,-1,7419,7502,7500,-1,7419,7500,7421,-1,7421,7500,7498,-1,7423,7421,7496,-1,7496,7421,7498,-1,7423,7496,7494,-1,7423,7494,7425,-1,7425,7494,7492,-1,7425,7492,7427,-1,7427,7492,7490,-1,7427,7490,7429,-1,7431,7429,7488,-1,7488,7429,7490,-1,7431,7488,7486,-1,7431,7486,7433,-1,7433,7486,7484,-1,7433,7484,7435,-1,7435,7484,7482,-1,7435,7482,7437,-1,7437,7482,7480,-1,7437,7480,7439,-1,7439,7480,7441,-1,7441,7480,7478,-1,7441,7478,7443,-1,7443,7478,7476,-1,7443,7476,7445,-1,7445,7476,7474,-1,7445,7474,7447,-1,7447,7474,7472,-1,7447,7472,7380,-1,7380,7472,7381,-1,7394,7393,7453,-1,7453,7393,7454,-1,7395,7394,7452,-1,7452,7394,7453,-1,7395,7452,7471,-1,7395,7471,7446,-1,7446,7471,7473,-1,7446,7473,7444,-1,7444,7473,7475,-1,7444,7475,7442,-1,7442,7475,7477,-1,7442,7477,7440,-1,7440,7477,7479,-1,7440,7479,7438,-1,7438,7479,7436,-1,7436,7479,7481,-1,7436,7481,7434,-1,7434,7481,7483,-1,7434,7483,7432,-1,7432,7483,7485,-1,7432,7485,7430,-1,7430,7485,7487,-1,7428,7430,7489,-1,7489,7430,7487,-1,7428,7489,7426,-1,7426,7489,7491,-1,7426,7491,7424,-1,7424,7491,7493,-1,7424,7493,7422,-1,7422,7493,7495,-1,7420,7422,7497,-1,7497,7422,7495,-1,7420,7497,7499,-1,7420,7499,7418,-1,7418,7499,7501,-1,7418,7501,7416,-1,7401,7390,7468,-1,7468,7390,7391,-1,7401,7468,7466,-1,7401,7466,7403,-1,7403,7466,7464,-1,7403,7464,7405,-1,7405,7464,7462,-1,7405,7462,7407,-1,7407,7462,7460,-1,7407,7460,7409,-1,7409,7460,7458,-1,7409,7458,7411,-1,7528,7529,7530,-1,7530,7529,7531,-1,7530,7531,7532,-1,7532,7531,7533,-1,7532,7533,7534,-1,7534,7533,7535,-1,7536,7537,7538,-1,7538,7537,7539,-1,7540,7541,7542,-1,7541,7540,7543,-1,7544,7545,7546,-1,7546,7545,7547,-1,7546,7547,7548,-1,7548,7547,7549,-1,7548,7549,7550,-1,7550,7549,7551,-1,7550,7551,7552,-1,7552,7551,7553,-1,7552,7553,7554,-1,7554,7553,7555,-1,7554,7555,7556,-1,7556,7555,7557,-1,7556,7557,7558,-1,7558,7557,7528,-1,7558,7528,7559,-1,7559,7528,7530,-1,7559,7530,7542,-1,7542,7530,7532,-1,7542,7532,7540,-1,7540,7532,7534,-1,7560,7561,7562,-1,7562,7538,7560,-1,7560,7538,7539,-1,7560,7539,7563,-1,7563,7539,7564,-1,7563,7564,7565,-1,7565,7564,7566,-1,7565,7566,7567,-1,7567,7566,7568,-1,7567,7568,7569,-1,7569,7568,7570,-1,7569,7570,7571,-1,7571,7570,7572,-1,7571,7572,7573,-1,7573,7572,7574,-1,7573,7574,7575,-1,7575,7574,7576,-1,7575,7576,7577,-1,7577,7576,7578,-1,7577,7578,7579,-1,7579,7578,7580,-1,7579,7580,7581,-1,7581,7580,7582,-1,7581,7582,7583,-1,7583,7582,7584,-1,7583,7584,7585,-1,7585,7584,7586,-1,7585,7586,7587,-1,7587,7586,7588,-1,7587,7588,7589,-1,7589,7588,7590,-1,7589,7590,7591,-1,7591,7590,7592,-1,7591,7592,7593,-1,7593,7592,7594,-1,7593,7594,7540,-1,7540,7594,7595,-1,7540,7595,7543,-1,7596,7535,7533,-1,7597,7596,7598,-1,7598,7596,7533,-1,7598,7533,7599,-1,7599,7533,7531,-1,7599,7531,7600,-1,7600,7531,7529,-1,7600,7529,7601,-1,7601,7529,7602,-1,7601,7602,7603,-1,7603,7602,7604,-1,7603,7604,7605,-1,7605,7604,7606,-1,7605,7606,7607,-1,7607,7606,7608,-1,7607,7608,7609,-1,7609,7608,7610,-1,7609,7610,7611,-1,7611,7610,7612,-1,7611,7612,7613,-1,7613,7612,7614,-1,7615,7616,7536,-1,7536,7616,7617,-1,7597,7618,7596,-1,7596,7618,7619,-1,7596,7619,7620,-1,7620,7619,7621,-1,7620,7621,7622,-1,7622,7621,7623,-1,7622,7623,7624,-1,7624,7623,7625,-1,7624,7625,7626,-1,7626,7625,7627,-1,7626,7627,7628,-1,7628,7627,7629,-1,7628,7629,7630,-1,7630,7629,7631,-1,7630,7631,7632,-1,7632,7631,7633,-1,7632,7633,7634,-1,7634,7633,7635,-1,7634,7635,7636,-1,7636,7635,7637,-1,7636,7637,7638,-1,7638,7637,7639,-1,7638,7639,7640,-1,7640,7639,7641,-1,7640,7641,7642,-1,7642,7641,7643,-1,7642,7643,7644,-1,7644,7643,7645,-1,7644,7645,7646,-1,7646,7645,7647,-1,7646,7647,7648,-1,7648,7647,7649,-1,7648,7649,7650,-1,7650,7649,7651,-1,7650,7651,7617,-1,7617,7651,7537,-1,7617,7537,7536,-1,7652,7653,7613,-1,7546,7611,7544,-1,7544,7611,7613,-1,7654,7655,7656,-1,7653,7657,7613,-1,7613,7657,7658,-1,7613,7658,7659,-1,7659,7660,7613,-1,7613,7660,7661,-1,7613,7661,7544,-1,7613,7662,7652,-1,7652,7662,7654,-1,7652,7654,7663,-1,7663,7654,7656,-1,7612,7547,7614,-1,7614,7547,7545,-1,7664,7614,7665,-1,7665,7614,7666,-1,7667,7668,7669,-1,7545,7670,7614,-1,7614,7670,7671,-1,7614,7671,7672,-1,7672,7673,7614,-1,7614,7673,7674,-1,7614,7674,7666,-1,7664,7665,7669,-1,7669,7665,7675,-1,7669,7675,7667,-1,7547,7612,7610,-1,7547,7610,7549,-1,7549,7610,7608,-1,7549,7608,7551,-1,7551,7608,7606,-1,7551,7606,7553,-1,7553,7606,7604,-1,7553,7604,7555,-1,7555,7604,7602,-1,7555,7602,7557,-1,7528,7557,7529,-1,7529,7557,7602,-1,7593,7620,7622,-1,7593,7622,7591,-1,7591,7622,7624,-1,7591,7624,7589,-1,7587,7589,7626,-1,7626,7589,7624,-1,7587,7626,7585,-1,7585,7626,7628,-1,7585,7628,7583,-1,7583,7628,7630,-1,7583,7630,7581,-1,7581,7630,7632,-1,7579,7581,7634,-1,7634,7581,7632,-1,7579,7634,7577,-1,7577,7634,7636,-1,7577,7636,7575,-1,7575,7636,7638,-1,7575,7638,7573,-1,7573,7638,7640,-1,7573,7640,7571,-1,7571,7640,7642,-1,7571,7642,7644,-1,7571,7644,7569,-1,7569,7644,7646,-1,7569,7646,7567,-1,7567,7646,7648,-1,7567,7648,7565,-1,7565,7648,7650,-1,7565,7650,7563,-1,7563,7650,7617,-1,7563,7617,7560,-1,7561,7560,7616,-1,7616,7560,7617,-1,7562,7561,7615,-1,7615,7561,7616,-1,7539,7537,7564,-1,7564,7537,7651,-1,7564,7651,7566,-1,7566,7651,7649,-1,7566,7649,7568,-1,7568,7649,7647,-1,7568,7647,7570,-1,7570,7647,7645,-1,7570,7645,7572,-1,7572,7645,7643,-1,7572,7643,7641,-1,7572,7641,7574,-1,7574,7641,7639,-1,7574,7639,7576,-1,7576,7639,7637,-1,7576,7637,7578,-1,7578,7637,7635,-1,7578,7635,7580,-1,7582,7580,7633,-1,7633,7580,7635,-1,7582,7633,7631,-1,7582,7631,7584,-1,7584,7631,7629,-1,7584,7629,7586,-1,7586,7629,7627,-1,7586,7627,7588,-1,7590,7588,7625,-1,7625,7588,7627,-1,7590,7625,7592,-1,7592,7625,7623,-1,7592,7623,7594,-1,7594,7623,7621,-1,7595,7594,7619,-1,7619,7594,7621,-1,7595,7619,7618,-1,7595,7618,7543,-1,7543,7618,7597,-1,7543,7597,7541,-1,7541,7597,7598,-1,7541,7598,7542,-1,7542,7598,7599,-1,7542,7599,7559,-1,7559,7599,7600,-1,7559,7600,7558,-1,7556,7558,7601,-1,7601,7558,7600,-1,7556,7601,7554,-1,7554,7601,7603,-1,7554,7603,7552,-1,7552,7603,7605,-1,7552,7605,7550,-1,7550,7605,7607,-1,7550,7607,7548,-1,7548,7607,7609,-1,7548,7609,7546,-1,7546,7609,7611,-1,7676,7677,7678,-1,7678,7677,7679,-1,7680,7681,7682,-1,7682,7681,7683,-1,7682,7683,7684,-1,7684,7683,7685,-1,7684,7685,7686,-1,7686,7685,7687,-1,7688,7680,7682,-1,7689,7690,7678,-1,7678,7690,7691,-1,7692,7688,7693,-1,7693,7688,7682,-1,7693,7682,7694,-1,7694,7682,7684,-1,7694,7684,7695,-1,7695,7684,7686,-1,7695,7686,7696,-1,7696,7686,7697,-1,7696,7697,7698,-1,7698,7697,7699,-1,7698,7699,7700,-1,7700,7699,7701,-1,7700,7701,7702,-1,7702,7701,7703,-1,7702,7703,7704,-1,7704,7703,7705,-1,7704,7705,7706,-1,7706,7705,7707,-1,7706,7707,7708,-1,7708,7707,7709,-1,7692,7710,7688,-1,7688,7710,7711,-1,7688,7711,7712,-1,7712,7711,7713,-1,7712,7713,7714,-1,7714,7713,7715,-1,7714,7715,7716,-1,7716,7715,7717,-1,7716,7717,7718,-1,7718,7717,7719,-1,7718,7719,7720,-1,7720,7719,7721,-1,7720,7721,7722,-1,7722,7721,7723,-1,7722,7723,7724,-1,7724,7723,7725,-1,7724,7725,7726,-1,7726,7725,7727,-1,7726,7727,7728,-1,7728,7727,7729,-1,7728,7729,7730,-1,7730,7729,7731,-1,7730,7731,7732,-1,7732,7731,7733,-1,7732,7733,7734,-1,7734,7733,7735,-1,7734,7735,7736,-1,7736,7735,7737,-1,7736,7737,7738,-1,7738,7737,7739,-1,7738,7739,7740,-1,7740,7739,7741,-1,7740,7741,7742,-1,7742,7741,7743,-1,7742,7743,7691,-1,7691,7743,7676,-1,7691,7676,7678,-1,7744,7745,7746,-1,7745,7744,7747,-1,7748,7749,7750,-1,7751,7752,7753,-1,7753,7752,7754,-1,7753,7754,7755,-1,7755,7754,7756,-1,7755,7756,7757,-1,7757,7756,7758,-1,7757,7758,7759,-1,7759,7758,7760,-1,7759,7760,7761,-1,7761,7760,7762,-1,7761,7762,7763,-1,7763,7762,7764,-1,7763,7764,7765,-1,7765,7764,7687,-1,7765,7687,7766,-1,7766,7687,7685,-1,7766,7685,7746,-1,7746,7685,7683,-1,7746,7683,7744,-1,7744,7683,7681,-1,7750,7679,7748,-1,7748,7679,7677,-1,7748,7677,7767,-1,7767,7677,7768,-1,7767,7768,7769,-1,7769,7768,7770,-1,7769,7770,7771,-1,7771,7770,7772,-1,7771,7772,7773,-1,7773,7772,7774,-1,7773,7774,7775,-1,7775,7774,7776,-1,7775,7776,7777,-1,7777,7776,7778,-1,7777,7778,7779,-1,7779,7778,7780,-1,7779,7780,7781,-1,7781,7780,7782,-1,7781,7782,7783,-1,7783,7782,7784,-1,7783,7784,7785,-1,7785,7784,7786,-1,7785,7786,7787,-1,7787,7786,7788,-1,7787,7788,7789,-1,7789,7788,7790,-1,7789,7790,7791,-1,7791,7790,7792,-1,7791,7792,7793,-1,7793,7792,7794,-1,7793,7794,7795,-1,7795,7794,7796,-1,7795,7796,7797,-1,7797,7796,7798,-1,7797,7798,7744,-1,7744,7798,7799,-1,7744,7799,7747,-1,7800,7801,7752,-1,7707,7754,7709,-1,7709,7754,7752,-1,7802,7803,7804,-1,7801,7805,7752,-1,7752,7805,7806,-1,7752,7806,7807,-1,7807,7808,7752,-1,7752,7808,7809,-1,7752,7809,7709,-1,7752,7810,7800,-1,7800,7810,7802,-1,7800,7802,7811,-1,7811,7802,7804,-1,7753,7706,7751,-1,7751,7706,7708,-1,7812,7751,7813,-1,7813,7751,7814,-1,7815,7816,7817,-1,7708,7818,7751,-1,7751,7818,7819,-1,7751,7819,7820,-1,7820,7821,7751,-1,7751,7821,7822,-1,7751,7822,7814,-1,7812,7813,7817,-1,7817,7813,7823,-1,7817,7823,7815,-1,7706,7753,7704,-1,7704,7753,7755,-1,7704,7755,7702,-1,7702,7755,7757,-1,7702,7757,7700,-1,7700,7757,7759,-1,7700,7759,7698,-1,7698,7759,7761,-1,7698,7761,7696,-1,7696,7761,7763,-1,7695,7696,7765,-1,7765,7696,7763,-1,7695,7765,7766,-1,7695,7766,7694,-1,7694,7766,7746,-1,7694,7746,7693,-1,7693,7746,7745,-1,7693,7745,7692,-1,7692,7745,7747,-1,7692,7747,7710,-1,7710,7747,7799,-1,7710,7799,7711,-1,7713,7711,7798,-1,7798,7711,7799,-1,7713,7798,7715,-1,7715,7798,7796,-1,7715,7796,7717,-1,7717,7796,7794,-1,7719,7717,7792,-1,7792,7717,7794,-1,7719,7792,7790,-1,7719,7790,7721,-1,7721,7790,7788,-1,7721,7788,7723,-1,7723,7788,7786,-1,7723,7786,7725,-1,7727,7725,7784,-1,7784,7725,7786,-1,7727,7784,7782,-1,7727,7782,7729,-1,7729,7782,7780,-1,7729,7780,7731,-1,7731,7780,7778,-1,7731,7778,7733,-1,7733,7778,7776,-1,7733,7776,7735,-1,7735,7776,7737,-1,7737,7776,7774,-1,7737,7774,7739,-1,7739,7774,7772,-1,7739,7772,7741,-1,7741,7772,7770,-1,7741,7770,7743,-1,7743,7770,7768,-1,7743,7768,7676,-1,7676,7768,7677,-1,7690,7689,7749,-1,7749,7689,7750,-1,7691,7690,7748,-1,7748,7690,7749,-1,7691,7748,7767,-1,7691,7767,7742,-1,7742,7767,7769,-1,7742,7769,7740,-1,7740,7769,7771,-1,7740,7771,7738,-1,7738,7771,7773,-1,7738,7773,7736,-1,7736,7773,7775,-1,7736,7775,7734,-1,7734,7775,7732,-1,7732,7775,7777,-1,7732,7777,7730,-1,7730,7777,7779,-1,7730,7779,7728,-1,7728,7779,7781,-1,7728,7781,7726,-1,7726,7781,7783,-1,7724,7726,7785,-1,7785,7726,7783,-1,7724,7785,7722,-1,7722,7785,7787,-1,7722,7787,7720,-1,7720,7787,7789,-1,7720,7789,7718,-1,7718,7789,7791,-1,7716,7718,7793,-1,7793,7718,7791,-1,7716,7793,7795,-1,7716,7795,7714,-1,7714,7795,7797,-1,7714,7797,7712,-1,7697,7686,7764,-1,7764,7686,7687,-1,7697,7764,7762,-1,7697,7762,7699,-1,7699,7762,7760,-1,7699,7760,7701,-1,7701,7760,7758,-1,7701,7758,7703,-1,7703,7758,7756,-1,7703,7756,7705,-1,7705,7756,7754,-1,7705,7754,7707,-1,7824,7825,7826,-1,7826,7825,7827,-1,7826,7827,7828,-1,7828,7827,7829,-1,7828,7829,7830,-1,7830,7829,7831,-1,7832,7833,7834,-1,7834,7833,7835,-1,7836,7837,7838,-1,7837,7836,7839,-1,7840,7841,7842,-1,7842,7841,7843,-1,7842,7843,7844,-1,7844,7843,7845,-1,7844,7845,7846,-1,7846,7845,7847,-1,7846,7847,7848,-1,7848,7847,7849,-1,7848,7849,7850,-1,7850,7849,7851,-1,7850,7851,7852,-1,7852,7851,7853,-1,7852,7853,7854,-1,7854,7853,7824,-1,7854,7824,7855,-1,7855,7824,7826,-1,7855,7826,7838,-1,7838,7826,7828,-1,7838,7828,7836,-1,7836,7828,7830,-1,7856,7857,7858,-1,7858,7834,7856,-1,7856,7834,7835,-1,7856,7835,7859,-1,7859,7835,7860,-1,7859,7860,7861,-1,7861,7860,7862,-1,7861,7862,7863,-1,7863,7862,7864,-1,7863,7864,7865,-1,7865,7864,7866,-1,7865,7866,7867,-1,7867,7866,7868,-1,7867,7868,7869,-1,7869,7868,7870,-1,7869,7870,7871,-1,7871,7870,7872,-1,7871,7872,7873,-1,7873,7872,7874,-1,7873,7874,7875,-1,7875,7874,7876,-1,7875,7876,7877,-1,7877,7876,7878,-1,7877,7878,7879,-1,7879,7878,7880,-1,7879,7880,7881,-1,7881,7880,7882,-1,7881,7882,7883,-1,7883,7882,7884,-1,7883,7884,7885,-1,7885,7884,7886,-1,7885,7886,7887,-1,7887,7886,7888,-1,7887,7888,7889,-1,7889,7888,7890,-1,7889,7890,7836,-1,7836,7890,7891,-1,7836,7891,7839,-1,7892,7831,7829,-1,7893,7892,7894,-1,7894,7892,7829,-1,7894,7829,7895,-1,7895,7829,7827,-1,7895,7827,7896,-1,7896,7827,7825,-1,7896,7825,7897,-1,7897,7825,7898,-1,7897,7898,7899,-1,7899,7898,7900,-1,7899,7900,7901,-1,7901,7900,7902,-1,7901,7902,7903,-1,7903,7902,7904,-1,7903,7904,7905,-1,7905,7904,7906,-1,7905,7906,7907,-1,7907,7906,7908,-1,7907,7908,7909,-1,7909,7908,7910,-1,7911,7912,7832,-1,7832,7912,7913,-1,7893,7914,7892,-1,7892,7914,7915,-1,7892,7915,7916,-1,7916,7915,7917,-1,7916,7917,7918,-1,7918,7917,7919,-1,7918,7919,7920,-1,7920,7919,7921,-1,7920,7921,7922,-1,7922,7921,7923,-1,7922,7923,7924,-1,7924,7923,7925,-1,7924,7925,7926,-1,7926,7925,7927,-1,7926,7927,7928,-1,7928,7927,7929,-1,7928,7929,7930,-1,7930,7929,7931,-1,7930,7931,7932,-1,7932,7931,7933,-1,7932,7933,7934,-1,7934,7933,7935,-1,7934,7935,7936,-1,7936,7935,7937,-1,7936,7937,7938,-1,7938,7937,7939,-1,7938,7939,7940,-1,7940,7939,7941,-1,7940,7941,7942,-1,7942,7941,7943,-1,7942,7943,7944,-1,7944,7943,7945,-1,7944,7945,7946,-1,7946,7945,7947,-1,7946,7947,7913,-1,7913,7947,7833,-1,7913,7833,7832,-1,7948,7949,7909,-1,7842,7907,7840,-1,7840,7907,7909,-1,7950,7951,7952,-1,7949,7953,7909,-1,7909,7953,7954,-1,7909,7954,7955,-1,7955,7956,7909,-1,7909,7956,7957,-1,7909,7957,7840,-1,7909,7958,7948,-1,7948,7958,7950,-1,7948,7950,7959,-1,7959,7950,7952,-1,7908,7843,7910,-1,7910,7843,7841,-1,7960,7910,7961,-1,7961,7910,7962,-1,7963,7964,7965,-1,7841,7966,7910,-1,7910,7966,7967,-1,7910,7967,7968,-1,7968,7969,7910,-1,7910,7969,7970,-1,7910,7970,7962,-1,7960,7961,7965,-1,7965,7961,7971,-1,7965,7971,7963,-1,7843,7908,7906,-1,7843,7906,7845,-1,7845,7906,7904,-1,7845,7904,7847,-1,7847,7904,7902,-1,7847,7902,7849,-1,7849,7902,7900,-1,7849,7900,7851,-1,7851,7900,7898,-1,7851,7898,7853,-1,7824,7853,7825,-1,7825,7853,7898,-1,7889,7916,7918,-1,7889,7918,7887,-1,7887,7918,7920,-1,7887,7920,7885,-1,7883,7885,7922,-1,7922,7885,7920,-1,7883,7922,7881,-1,7881,7922,7924,-1,7881,7924,7879,-1,7879,7924,7926,-1,7879,7926,7877,-1,7877,7926,7928,-1,7875,7877,7930,-1,7930,7877,7928,-1,7875,7930,7873,-1,7873,7930,7932,-1,7873,7932,7871,-1,7871,7932,7934,-1,7871,7934,7869,-1,7869,7934,7936,-1,7869,7936,7867,-1,7867,7936,7938,-1,7867,7938,7940,-1,7867,7940,7865,-1,7865,7940,7942,-1,7865,7942,7863,-1,7863,7942,7944,-1,7863,7944,7861,-1,7861,7944,7946,-1,7861,7946,7859,-1,7859,7946,7913,-1,7859,7913,7856,-1,7857,7856,7912,-1,7912,7856,7913,-1,7858,7857,7911,-1,7911,7857,7912,-1,7835,7833,7860,-1,7860,7833,7947,-1,7860,7947,7862,-1,7862,7947,7945,-1,7862,7945,7864,-1,7864,7945,7943,-1,7864,7943,7866,-1,7866,7943,7941,-1,7866,7941,7868,-1,7868,7941,7939,-1,7868,7939,7937,-1,7868,7937,7870,-1,7870,7937,7935,-1,7870,7935,7872,-1,7872,7935,7933,-1,7872,7933,7874,-1,7874,7933,7931,-1,7874,7931,7876,-1,7878,7876,7929,-1,7929,7876,7931,-1,7878,7929,7927,-1,7878,7927,7880,-1,7880,7927,7925,-1,7880,7925,7882,-1,7882,7925,7923,-1,7882,7923,7884,-1,7886,7884,7921,-1,7921,7884,7923,-1,7886,7921,7888,-1,7888,7921,7919,-1,7888,7919,7890,-1,7890,7919,7917,-1,7891,7890,7915,-1,7915,7890,7917,-1,7891,7915,7914,-1,7891,7914,7839,-1,7839,7914,7893,-1,7839,7893,7837,-1,7837,7893,7894,-1,7837,7894,7838,-1,7838,7894,7895,-1,7838,7895,7855,-1,7855,7895,7896,-1,7855,7896,7854,-1,7852,7854,7897,-1,7897,7854,7896,-1,7852,7897,7850,-1,7850,7897,7899,-1,7850,7899,7848,-1,7848,7899,7901,-1,7848,7901,7846,-1,7846,7901,7903,-1,7846,7903,7844,-1,7844,7903,7905,-1,7844,7905,7842,-1,7842,7905,7907,-1,7972,7973,7974,-1,7974,7973,7975,-1,7976,7977,7978,-1,7978,7977,7979,-1,7978,7979,7980,-1,7980,7979,7981,-1,7980,7981,7982,-1,7982,7981,7983,-1,7984,7976,7978,-1,7985,7986,7974,-1,7974,7986,7987,-1,7988,7984,7989,-1,7989,7984,7978,-1,7989,7978,7990,-1,7990,7978,7980,-1,7990,7980,7991,-1,7991,7980,7982,-1,7991,7982,7992,-1,7992,7982,7993,-1,7992,7993,7994,-1,7994,7993,7995,-1,7994,7995,7996,-1,7996,7995,7997,-1,7996,7997,7998,-1,7998,7997,7999,-1,7998,7999,8000,-1,8000,7999,8001,-1,8000,8001,8002,-1,8002,8001,8003,-1,8002,8003,8004,-1,8004,8003,8005,-1,7988,8006,7984,-1,7984,8006,8007,-1,7984,8007,8008,-1,8008,8007,8009,-1,8008,8009,8010,-1,8010,8009,8011,-1,8010,8011,8012,-1,8012,8011,8013,-1,8012,8013,8014,-1,8014,8013,8015,-1,8014,8015,8016,-1,8016,8015,8017,-1,8016,8017,8018,-1,8018,8017,8019,-1,8018,8019,8020,-1,8020,8019,8021,-1,8020,8021,8022,-1,8022,8021,8023,-1,8022,8023,8024,-1,8024,8023,8025,-1,8024,8025,8026,-1,8026,8025,8027,-1,8026,8027,8028,-1,8028,8027,8029,-1,8028,8029,8030,-1,8030,8029,8031,-1,8030,8031,8032,-1,8032,8031,8033,-1,8032,8033,8034,-1,8034,8033,8035,-1,8034,8035,8036,-1,8036,8035,8037,-1,8036,8037,8038,-1,8038,8037,8039,-1,8038,8039,7987,-1,7987,8039,7972,-1,7987,7972,7974,-1,8040,8041,8042,-1,8041,8040,8043,-1,8044,8045,8046,-1,8047,8048,8049,-1,8049,8048,8050,-1,8049,8050,8051,-1,8051,8050,8052,-1,8051,8052,8053,-1,8053,8052,8054,-1,8053,8054,8055,-1,8055,8054,8056,-1,8055,8056,8057,-1,8057,8056,8058,-1,8057,8058,8059,-1,8059,8058,8060,-1,8059,8060,8061,-1,8061,8060,7983,-1,8061,7983,8062,-1,8062,7983,7981,-1,8062,7981,8042,-1,8042,7981,7979,-1,8042,7979,8040,-1,8040,7979,7977,-1,8046,7975,8044,-1,8044,7975,7973,-1,8044,7973,8063,-1,8063,7973,8064,-1,8063,8064,8065,-1,8065,8064,8066,-1,8065,8066,8067,-1,8067,8066,8068,-1,8067,8068,8069,-1,8069,8068,8070,-1,8069,8070,8071,-1,8071,8070,8072,-1,8071,8072,8073,-1,8073,8072,8074,-1,8073,8074,8075,-1,8075,8074,8076,-1,8075,8076,8077,-1,8077,8076,8078,-1,8077,8078,8079,-1,8079,8078,8080,-1,8079,8080,8081,-1,8081,8080,8082,-1,8081,8082,8083,-1,8083,8082,8084,-1,8083,8084,8085,-1,8085,8084,8086,-1,8085,8086,8087,-1,8087,8086,8088,-1,8087,8088,8089,-1,8089,8088,8090,-1,8089,8090,8091,-1,8091,8090,8092,-1,8091,8092,8093,-1,8093,8092,8094,-1,8093,8094,8040,-1,8040,8094,8095,-1,8040,8095,8043,-1,8005,8003,8050,-1,8096,8097,8098,-1,8097,8099,8098,-1,8098,8099,8100,-1,8098,8100,8101,-1,8050,8048,8005,-1,8005,8048,8102,-1,8005,8102,8098,-1,8098,8102,8103,-1,8098,8103,8096,-1,8101,8104,8098,-1,8098,8104,8105,-1,8098,8105,8106,-1,8107,8108,8109,-1,8107,8109,8110,-1,8108,8111,8109,-1,8109,8111,8112,-1,8109,8112,8113,-1,8049,8002,8047,-1,8047,8002,8004,-1,8047,8004,8109,-1,8109,8004,8114,-1,8109,8114,8110,-1,8113,8115,8109,-1,8109,8115,8116,-1,8109,8116,8117,-1,8002,8049,8000,-1,8000,8049,8051,-1,8000,8051,7998,-1,7998,8051,8053,-1,7998,8053,7996,-1,7996,8053,8055,-1,7996,8055,7994,-1,7994,8055,8057,-1,7994,8057,7992,-1,7992,8057,8059,-1,7991,7992,8061,-1,8061,7992,8059,-1,7991,8061,8062,-1,7991,8062,7990,-1,7990,8062,8042,-1,7990,8042,7989,-1,7989,8042,8041,-1,7989,8041,7988,-1,7988,8041,8043,-1,7988,8043,8006,-1,8006,8043,8095,-1,8006,8095,8007,-1,8009,8007,8094,-1,8094,8007,8095,-1,8009,8094,8011,-1,8011,8094,8092,-1,8011,8092,8013,-1,8013,8092,8090,-1,8015,8013,8088,-1,8088,8013,8090,-1,8015,8088,8086,-1,8015,8086,8017,-1,8017,8086,8084,-1,8017,8084,8019,-1,8019,8084,8082,-1,8019,8082,8021,-1,8023,8021,8080,-1,8080,8021,8082,-1,8023,8080,8078,-1,8023,8078,8025,-1,8025,8078,8076,-1,8025,8076,8027,-1,8027,8076,8074,-1,8027,8074,8029,-1,8029,8074,8072,-1,8029,8072,8031,-1,8031,8072,8033,-1,8033,8072,8070,-1,8033,8070,8035,-1,8035,8070,8068,-1,8035,8068,8037,-1,8037,8068,8066,-1,8037,8066,8039,-1,8039,8066,8064,-1,8039,8064,7972,-1,7972,8064,7973,-1,7986,7985,8045,-1,8045,7985,8046,-1,7987,7986,8044,-1,8044,7986,8045,-1,7987,8044,8063,-1,7987,8063,8038,-1,8038,8063,8065,-1,8038,8065,8036,-1,8036,8065,8067,-1,8036,8067,8034,-1,8034,8067,8069,-1,8034,8069,8032,-1,8032,8069,8071,-1,8032,8071,8030,-1,8030,8071,8028,-1,8028,8071,8073,-1,8028,8073,8026,-1,8026,8073,8075,-1,8026,8075,8024,-1,8024,8075,8077,-1,8024,8077,8022,-1,8022,8077,8079,-1,8020,8022,8081,-1,8081,8022,8079,-1,8020,8081,8018,-1,8018,8081,8083,-1,8018,8083,8016,-1,8016,8083,8085,-1,8016,8085,8014,-1,8014,8085,8087,-1,8012,8014,8089,-1,8089,8014,8087,-1,8012,8089,8091,-1,8012,8091,8010,-1,8010,8091,8093,-1,8010,8093,8008,-1,7993,7982,8060,-1,8060,7982,7983,-1,7993,8060,8058,-1,7993,8058,7995,-1,7995,8058,8056,-1,7995,8056,7997,-1,7997,8056,8054,-1,7997,8054,7999,-1,7999,8054,8052,-1,7999,8052,8001,-1,8001,8052,8050,-1,8001,8050,8003,-1,8118,8119,8120,-1,8120,8119,8121,-1,8120,8121,8122,-1,8122,8121,8123,-1,8122,8123,8124,-1,8124,8123,8125,-1,8126,8127,8128,-1,8128,8127,8129,-1,8130,8131,8132,-1,8131,8130,8133,-1,8134,8135,8136,-1,8136,8135,8137,-1,8136,8137,8138,-1,8138,8137,8139,-1,8138,8139,8140,-1,8140,8139,8141,-1,8140,8141,8142,-1,8142,8141,8143,-1,8142,8143,8144,-1,8144,8143,8145,-1,8144,8145,8146,-1,8146,8145,8147,-1,8146,8147,8148,-1,8148,8147,8118,-1,8148,8118,8149,-1,8149,8118,8120,-1,8149,8120,8132,-1,8132,8120,8122,-1,8132,8122,8130,-1,8130,8122,8124,-1,8150,8151,8152,-1,8152,8128,8150,-1,8150,8128,8129,-1,8150,8129,8153,-1,8153,8129,8154,-1,8153,8154,8155,-1,8155,8154,8156,-1,8155,8156,8157,-1,8157,8156,8158,-1,8157,8158,8159,-1,8159,8158,8160,-1,8159,8160,8161,-1,8161,8160,8162,-1,8161,8162,8163,-1,8163,8162,8164,-1,8163,8164,8165,-1,8165,8164,8166,-1,8165,8166,8167,-1,8167,8166,8168,-1,8167,8168,8169,-1,8169,8168,8170,-1,8169,8170,8171,-1,8171,8170,8172,-1,8171,8172,8173,-1,8173,8172,8174,-1,8173,8174,8175,-1,8175,8174,8176,-1,8175,8176,8177,-1,8177,8176,8178,-1,8177,8178,8179,-1,8179,8178,8180,-1,8179,8180,8181,-1,8181,8180,8182,-1,8181,8182,8183,-1,8183,8182,8184,-1,8183,8184,8130,-1,8130,8184,8185,-1,8130,8185,8133,-1,8186,8125,8123,-1,8187,8186,8188,-1,8188,8186,8123,-1,8188,8123,8189,-1,8189,8123,8121,-1,8189,8121,8190,-1,8190,8121,8119,-1,8190,8119,8191,-1,8191,8119,8192,-1,8191,8192,8193,-1,8193,8192,8194,-1,8193,8194,8195,-1,8195,8194,8196,-1,8195,8196,8197,-1,8197,8196,8198,-1,8197,8198,8199,-1,8199,8198,8200,-1,8199,8200,8201,-1,8201,8200,8202,-1,8201,8202,8203,-1,8203,8202,8204,-1,8205,8206,8126,-1,8126,8206,8207,-1,8187,8208,8186,-1,8186,8208,8209,-1,8186,8209,8210,-1,8210,8209,8211,-1,8210,8211,8212,-1,8212,8211,8213,-1,8212,8213,8214,-1,8214,8213,8215,-1,8214,8215,8216,-1,8216,8215,8217,-1,8216,8217,8218,-1,8218,8217,8219,-1,8218,8219,8220,-1,8220,8219,8221,-1,8220,8221,8222,-1,8222,8221,8223,-1,8222,8223,8224,-1,8224,8223,8225,-1,8224,8225,8226,-1,8226,8225,8227,-1,8226,8227,8228,-1,8228,8227,8229,-1,8228,8229,8230,-1,8230,8229,8231,-1,8230,8231,8232,-1,8232,8231,8233,-1,8232,8233,8234,-1,8234,8233,8235,-1,8234,8235,8236,-1,8236,8235,8237,-1,8236,8237,8238,-1,8238,8237,8239,-1,8238,8239,8240,-1,8240,8239,8241,-1,8240,8241,8207,-1,8207,8241,8127,-1,8207,8127,8126,-1,8134,8136,8201,-1,8242,8243,8244,-1,8243,8245,8244,-1,8244,8245,8246,-1,8244,8246,8247,-1,8201,8203,8134,-1,8134,8203,8248,-1,8134,8248,8244,-1,8244,8248,8249,-1,8244,8249,8242,-1,8247,8250,8244,-1,8244,8250,8251,-1,8244,8251,8252,-1,8253,8254,8255,-1,8253,8255,8256,-1,8254,8257,8255,-1,8255,8257,8258,-1,8255,8258,8259,-1,8202,8137,8204,-1,8204,8137,8135,-1,8204,8135,8255,-1,8255,8135,8260,-1,8255,8260,8256,-1,8259,8261,8255,-1,8255,8261,8262,-1,8255,8262,8263,-1,8137,8202,8200,-1,8137,8200,8139,-1,8139,8200,8198,-1,8139,8198,8141,-1,8141,8198,8196,-1,8141,8196,8143,-1,8143,8196,8194,-1,8143,8194,8145,-1,8145,8194,8192,-1,8145,8192,8147,-1,8118,8147,8119,-1,8119,8147,8192,-1,8183,8210,8212,-1,8183,8212,8181,-1,8181,8212,8214,-1,8181,8214,8179,-1,8177,8179,8216,-1,8216,8179,8214,-1,8177,8216,8175,-1,8175,8216,8218,-1,8175,8218,8173,-1,8173,8218,8220,-1,8173,8220,8171,-1,8171,8220,8222,-1,8169,8171,8224,-1,8224,8171,8222,-1,8169,8224,8167,-1,8167,8224,8226,-1,8167,8226,8165,-1,8165,8226,8228,-1,8165,8228,8163,-1,8163,8228,8230,-1,8163,8230,8161,-1,8161,8230,8232,-1,8161,8232,8234,-1,8161,8234,8159,-1,8159,8234,8236,-1,8159,8236,8157,-1,8157,8236,8238,-1,8157,8238,8155,-1,8155,8238,8240,-1,8155,8240,8153,-1,8153,8240,8207,-1,8153,8207,8150,-1,8151,8150,8206,-1,8206,8150,8207,-1,8152,8151,8205,-1,8205,8151,8206,-1,8129,8127,8154,-1,8154,8127,8241,-1,8154,8241,8156,-1,8156,8241,8239,-1,8156,8239,8158,-1,8158,8239,8237,-1,8158,8237,8160,-1,8160,8237,8235,-1,8160,8235,8162,-1,8162,8235,8233,-1,8162,8233,8231,-1,8162,8231,8164,-1,8164,8231,8229,-1,8164,8229,8166,-1,8166,8229,8227,-1,8166,8227,8168,-1,8168,8227,8225,-1,8168,8225,8170,-1,8172,8170,8223,-1,8223,8170,8225,-1,8172,8223,8221,-1,8172,8221,8174,-1,8174,8221,8219,-1,8174,8219,8176,-1,8176,8219,8217,-1,8176,8217,8178,-1,8180,8178,8215,-1,8215,8178,8217,-1,8180,8215,8182,-1,8182,8215,8213,-1,8182,8213,8184,-1,8184,8213,8211,-1,8185,8184,8209,-1,8209,8184,8211,-1,8185,8209,8208,-1,8185,8208,8133,-1,8133,8208,8187,-1,8133,8187,8131,-1,8131,8187,8188,-1,8131,8188,8132,-1,8132,8188,8189,-1,8132,8189,8149,-1,8149,8189,8190,-1,8149,8190,8148,-1,8146,8148,8191,-1,8191,8148,8190,-1,8146,8191,8144,-1,8144,8191,8193,-1,8144,8193,8142,-1,8142,8193,8195,-1,8142,8195,8140,-1,8140,8195,8197,-1,8140,8197,8138,-1,8138,8197,8199,-1,8138,8199,8136,-1,8136,8199,8201,-1,8264,8265,8266,-1,8266,8265,8267,-1,8268,8269,8270,-1,8270,8269,8271,-1,8270,8271,8272,-1,8272,8271,8273,-1,8272,8273,8274,-1,8274,8273,8275,-1,8276,8268,8270,-1,8277,8278,8266,-1,8266,8278,8279,-1,8280,8276,8281,-1,8281,8276,8270,-1,8281,8270,8282,-1,8282,8270,8272,-1,8282,8272,8283,-1,8283,8272,8274,-1,8283,8274,8284,-1,8284,8274,8285,-1,8284,8285,8286,-1,8286,8285,8287,-1,8286,8287,8288,-1,8288,8287,8289,-1,8288,8289,8290,-1,8290,8289,8291,-1,8290,8291,8292,-1,8292,8291,8293,-1,8292,8293,8294,-1,8294,8293,8295,-1,8294,8295,8296,-1,8296,8295,8297,-1,8280,8298,8276,-1,8276,8298,8299,-1,8276,8299,8300,-1,8300,8299,8301,-1,8300,8301,8302,-1,8302,8301,8303,-1,8302,8303,8304,-1,8304,8303,8305,-1,8304,8305,8306,-1,8306,8305,8307,-1,8306,8307,8308,-1,8308,8307,8309,-1,8308,8309,8310,-1,8310,8309,8311,-1,8310,8311,8312,-1,8312,8311,8313,-1,8312,8313,8314,-1,8314,8313,8315,-1,8314,8315,8316,-1,8316,8315,8317,-1,8316,8317,8318,-1,8318,8317,8319,-1,8318,8319,8320,-1,8320,8319,8321,-1,8320,8321,8322,-1,8322,8321,8323,-1,8322,8323,8324,-1,8324,8323,8325,-1,8324,8325,8326,-1,8326,8325,8327,-1,8326,8327,8328,-1,8328,8327,8329,-1,8328,8329,8330,-1,8330,8329,8331,-1,8330,8331,8279,-1,8279,8331,8264,-1,8279,8264,8266,-1,8332,8333,8334,-1,8333,8332,8335,-1,8336,8337,8338,-1,8339,8340,8341,-1,8341,8340,8342,-1,8341,8342,8343,-1,8343,8342,8344,-1,8343,8344,8345,-1,8345,8344,8346,-1,8345,8346,8347,-1,8347,8346,8348,-1,8347,8348,8349,-1,8349,8348,8350,-1,8349,8350,8351,-1,8351,8350,8352,-1,8351,8352,8353,-1,8353,8352,8275,-1,8353,8275,8354,-1,8354,8275,8273,-1,8354,8273,8334,-1,8334,8273,8271,-1,8334,8271,8332,-1,8332,8271,8269,-1,8338,8267,8336,-1,8336,8267,8265,-1,8336,8265,8355,-1,8355,8265,8356,-1,8355,8356,8357,-1,8357,8356,8358,-1,8357,8358,8359,-1,8359,8358,8360,-1,8359,8360,8361,-1,8361,8360,8362,-1,8361,8362,8363,-1,8363,8362,8364,-1,8363,8364,8365,-1,8365,8364,8366,-1,8365,8366,8367,-1,8367,8366,8368,-1,8367,8368,8369,-1,8369,8368,8370,-1,8369,8370,8371,-1,8371,8370,8372,-1,8371,8372,8373,-1,8373,8372,8374,-1,8373,8374,8375,-1,8375,8374,8376,-1,8375,8376,8377,-1,8377,8376,8378,-1,8377,8378,8379,-1,8379,8378,8380,-1,8379,8380,8381,-1,8381,8380,8382,-1,8381,8382,8383,-1,8383,8382,8384,-1,8383,8384,8385,-1,8385,8384,8386,-1,8385,8386,8332,-1,8332,8386,8387,-1,8332,8387,8335,-1,8297,8295,8342,-1,8388,8389,8390,-1,8389,8391,8390,-1,8390,8391,8392,-1,8390,8392,8393,-1,8342,8340,8297,-1,8297,8340,8394,-1,8297,8394,8390,-1,8390,8394,8395,-1,8390,8395,8388,-1,8393,8396,8390,-1,8390,8396,8397,-1,8390,8397,8398,-1,8399,8400,8401,-1,8399,8401,8402,-1,8400,8403,8401,-1,8401,8403,8404,-1,8401,8404,8405,-1,8341,8294,8339,-1,8339,8294,8296,-1,8339,8296,8401,-1,8401,8296,8406,-1,8401,8406,8402,-1,8405,8407,8401,-1,8401,8407,8408,-1,8401,8408,8409,-1,8294,8341,8292,-1,8292,8341,8343,-1,8292,8343,8290,-1,8290,8343,8345,-1,8290,8345,8288,-1,8288,8345,8347,-1,8288,8347,8286,-1,8286,8347,8349,-1,8286,8349,8284,-1,8284,8349,8351,-1,8283,8284,8353,-1,8353,8284,8351,-1,8283,8353,8354,-1,8283,8354,8282,-1,8282,8354,8334,-1,8282,8334,8281,-1,8281,8334,8333,-1,8281,8333,8280,-1,8280,8333,8335,-1,8280,8335,8298,-1,8298,8335,8387,-1,8298,8387,8299,-1,8301,8299,8386,-1,8386,8299,8387,-1,8301,8386,8303,-1,8303,8386,8384,-1,8303,8384,8305,-1,8305,8384,8382,-1,8307,8305,8380,-1,8380,8305,8382,-1,8307,8380,8378,-1,8307,8378,8309,-1,8309,8378,8376,-1,8309,8376,8311,-1,8311,8376,8374,-1,8311,8374,8313,-1,8315,8313,8372,-1,8372,8313,8374,-1,8315,8372,8370,-1,8315,8370,8317,-1,8317,8370,8368,-1,8317,8368,8319,-1,8319,8368,8366,-1,8319,8366,8321,-1,8321,8366,8364,-1,8321,8364,8323,-1,8323,8364,8325,-1,8325,8364,8362,-1,8325,8362,8327,-1,8327,8362,8360,-1,8327,8360,8329,-1,8329,8360,8358,-1,8329,8358,8331,-1,8331,8358,8356,-1,8331,8356,8264,-1,8264,8356,8265,-1,8278,8277,8337,-1,8337,8277,8338,-1,8279,8278,8336,-1,8336,8278,8337,-1,8279,8336,8355,-1,8279,8355,8330,-1,8330,8355,8357,-1,8330,8357,8328,-1,8328,8357,8359,-1,8328,8359,8326,-1,8326,8359,8361,-1,8326,8361,8324,-1,8324,8361,8363,-1,8324,8363,8322,-1,8322,8363,8320,-1,8320,8363,8365,-1,8320,8365,8318,-1,8318,8365,8367,-1,8318,8367,8316,-1,8316,8367,8369,-1,8316,8369,8314,-1,8314,8369,8371,-1,8312,8314,8373,-1,8373,8314,8371,-1,8312,8373,8310,-1,8310,8373,8375,-1,8310,8375,8308,-1,8308,8375,8377,-1,8308,8377,8306,-1,8306,8377,8379,-1,8304,8306,8381,-1,8381,8306,8379,-1,8304,8381,8383,-1,8304,8383,8302,-1,8302,8383,8385,-1,8302,8385,8300,-1,8285,8274,8352,-1,8352,8274,8275,-1,8285,8352,8350,-1,8285,8350,8287,-1,8287,8350,8348,-1,8287,8348,8289,-1,8289,8348,8346,-1,8289,8346,8291,-1,8291,8346,8344,-1,8291,8344,8293,-1,8293,8344,8342,-1,8293,8342,8295,-1,8410,8411,8412,-1,8412,8411,8413,-1,8412,8413,8414,-1,8414,8413,8415,-1,8414,8415,8416,-1,8416,8415,8417,-1,8418,8419,8420,-1,8420,8419,8421,-1,8422,8423,8424,-1,8423,8422,8425,-1,8426,8427,8428,-1,8428,8427,8429,-1,8428,8429,8430,-1,8430,8429,8431,-1,8430,8431,8432,-1,8432,8431,8433,-1,8432,8433,8434,-1,8434,8433,8435,-1,8434,8435,8436,-1,8436,8435,8437,-1,8436,8437,8438,-1,8438,8437,8439,-1,8438,8439,8440,-1,8440,8439,8410,-1,8440,8410,8441,-1,8441,8410,8412,-1,8441,8412,8424,-1,8424,8412,8414,-1,8424,8414,8422,-1,8422,8414,8416,-1,8442,8443,8444,-1,8444,8420,8442,-1,8442,8420,8421,-1,8442,8421,8445,-1,8445,8421,8446,-1,8445,8446,8447,-1,8447,8446,8448,-1,8447,8448,8449,-1,8449,8448,8450,-1,8449,8450,8451,-1,8451,8450,8452,-1,8451,8452,8453,-1,8453,8452,8454,-1,8453,8454,8455,-1,8455,8454,8456,-1,8455,8456,8457,-1,8457,8456,8458,-1,8457,8458,8459,-1,8459,8458,8460,-1,8459,8460,8461,-1,8461,8460,8462,-1,8461,8462,8463,-1,8463,8462,8464,-1,8463,8464,8465,-1,8465,8464,8466,-1,8465,8466,8467,-1,8467,8466,8468,-1,8467,8468,8469,-1,8469,8468,8470,-1,8469,8470,8471,-1,8471,8470,8472,-1,8471,8472,8473,-1,8473,8472,8474,-1,8473,8474,8475,-1,8475,8474,8476,-1,8475,8476,8422,-1,8422,8476,8477,-1,8422,8477,8425,-1,8478,8417,8415,-1,8479,8478,8480,-1,8480,8478,8415,-1,8480,8415,8481,-1,8481,8415,8413,-1,8481,8413,8482,-1,8482,8413,8411,-1,8482,8411,8483,-1,8483,8411,8484,-1,8483,8484,8485,-1,8485,8484,8486,-1,8485,8486,8487,-1,8487,8486,8488,-1,8487,8488,8489,-1,8489,8488,8490,-1,8489,8490,8491,-1,8491,8490,8492,-1,8491,8492,8493,-1,8493,8492,8494,-1,8493,8494,8495,-1,8495,8494,8496,-1,8497,8498,8418,-1,8418,8498,8499,-1,8479,8500,8478,-1,8478,8500,8501,-1,8478,8501,8502,-1,8502,8501,8503,-1,8502,8503,8504,-1,8504,8503,8505,-1,8504,8505,8506,-1,8506,8505,8507,-1,8506,8507,8508,-1,8508,8507,8509,-1,8508,8509,8510,-1,8510,8509,8511,-1,8510,8511,8512,-1,8512,8511,8513,-1,8512,8513,8514,-1,8514,8513,8515,-1,8514,8515,8516,-1,8516,8515,8517,-1,8516,8517,8518,-1,8518,8517,8519,-1,8518,8519,8520,-1,8520,8519,8521,-1,8520,8521,8522,-1,8522,8521,8523,-1,8522,8523,8524,-1,8524,8523,8525,-1,8524,8525,8526,-1,8526,8525,8527,-1,8526,8527,8528,-1,8528,8527,8529,-1,8528,8529,8530,-1,8530,8529,8531,-1,8530,8531,8532,-1,8532,8531,8533,-1,8532,8533,8499,-1,8499,8533,8419,-1,8499,8419,8418,-1,8426,8428,8493,-1,8534,8535,8536,-1,8535,8537,8536,-1,8536,8537,8538,-1,8536,8538,8539,-1,8493,8495,8426,-1,8426,8495,8540,-1,8426,8540,8536,-1,8536,8540,8541,-1,8536,8541,8534,-1,8539,8542,8536,-1,8536,8542,8543,-1,8536,8543,8544,-1,8545,8546,8547,-1,8545,8547,8548,-1,8546,8549,8547,-1,8547,8549,8550,-1,8547,8550,8551,-1,8494,8429,8496,-1,8496,8429,8427,-1,8496,8427,8547,-1,8547,8427,8552,-1,8547,8552,8548,-1,8551,8553,8547,-1,8547,8553,8554,-1,8547,8554,8555,-1,8429,8494,8492,-1,8429,8492,8431,-1,8431,8492,8490,-1,8431,8490,8433,-1,8433,8490,8488,-1,8433,8488,8435,-1,8435,8488,8486,-1,8435,8486,8437,-1,8437,8486,8484,-1,8437,8484,8439,-1,8410,8439,8411,-1,8411,8439,8484,-1,8475,8502,8504,-1,8475,8504,8473,-1,8473,8504,8506,-1,8473,8506,8471,-1,8469,8471,8508,-1,8508,8471,8506,-1,8469,8508,8467,-1,8467,8508,8510,-1,8467,8510,8465,-1,8465,8510,8512,-1,8465,8512,8463,-1,8463,8512,8514,-1,8461,8463,8516,-1,8516,8463,8514,-1,8461,8516,8459,-1,8459,8516,8518,-1,8459,8518,8457,-1,8457,8518,8520,-1,8457,8520,8455,-1,8455,8520,8522,-1,8455,8522,8453,-1,8453,8522,8524,-1,8453,8524,8526,-1,8453,8526,8451,-1,8451,8526,8528,-1,8451,8528,8449,-1,8449,8528,8530,-1,8449,8530,8447,-1,8447,8530,8532,-1,8447,8532,8445,-1,8445,8532,8499,-1,8445,8499,8442,-1,8443,8442,8498,-1,8498,8442,8499,-1,8444,8443,8497,-1,8497,8443,8498,-1,8421,8419,8446,-1,8446,8419,8533,-1,8446,8533,8448,-1,8448,8533,8531,-1,8448,8531,8450,-1,8450,8531,8529,-1,8450,8529,8452,-1,8452,8529,8527,-1,8452,8527,8454,-1,8454,8527,8525,-1,8454,8525,8523,-1,8454,8523,8456,-1,8456,8523,8521,-1,8456,8521,8458,-1,8458,8521,8519,-1,8458,8519,8460,-1,8460,8519,8517,-1,8460,8517,8462,-1,8464,8462,8515,-1,8515,8462,8517,-1,8464,8515,8513,-1,8464,8513,8466,-1,8466,8513,8511,-1,8466,8511,8468,-1,8468,8511,8509,-1,8468,8509,8470,-1,8472,8470,8507,-1,8507,8470,8509,-1,8472,8507,8474,-1,8474,8507,8505,-1,8474,8505,8476,-1,8476,8505,8503,-1,8477,8476,8501,-1,8501,8476,8503,-1,8477,8501,8500,-1,8477,8500,8425,-1,8425,8500,8479,-1,8425,8479,8423,-1,8423,8479,8480,-1,8423,8480,8424,-1,8424,8480,8481,-1,8424,8481,8441,-1,8441,8481,8482,-1,8441,8482,8440,-1,8438,8440,8483,-1,8483,8440,8482,-1,8438,8483,8436,-1,8436,8483,8485,-1,8436,8485,8434,-1,8434,8485,8487,-1,8434,8487,8432,-1,8432,8487,8489,-1,8432,8489,8430,-1,8430,8489,8491,-1,8430,8491,8428,-1,8428,8491,8493,-1,8556,8557,8558,-1,8558,8557,8559,-1,8560,8561,8562,-1,8562,8561,8563,-1,8562,8563,8564,-1,8564,8563,8565,-1,8564,8565,8566,-1,8566,8565,8567,-1,8568,8560,8562,-1,8569,8570,8558,-1,8558,8570,8571,-1,8572,8568,8573,-1,8573,8568,8562,-1,8573,8562,8574,-1,8574,8562,8564,-1,8574,8564,8575,-1,8575,8564,8566,-1,8575,8566,8576,-1,8576,8566,8577,-1,8576,8577,8578,-1,8578,8577,8579,-1,8578,8579,8580,-1,8580,8579,8581,-1,8580,8581,8582,-1,8582,8581,8583,-1,8582,8583,8584,-1,8584,8583,8585,-1,8584,8585,8586,-1,8586,8585,8587,-1,8586,8587,8588,-1,8588,8587,8589,-1,8572,8590,8568,-1,8568,8590,8591,-1,8568,8591,8592,-1,8592,8591,8593,-1,8592,8593,8594,-1,8594,8593,8595,-1,8594,8595,8596,-1,8596,8595,8597,-1,8596,8597,8598,-1,8598,8597,8599,-1,8598,8599,8600,-1,8600,8599,8601,-1,8600,8601,8602,-1,8602,8601,8603,-1,8602,8603,8604,-1,8604,8603,8605,-1,8604,8605,8606,-1,8606,8605,8607,-1,8606,8607,8608,-1,8608,8607,8609,-1,8608,8609,8610,-1,8610,8609,8611,-1,8610,8611,8612,-1,8612,8611,8613,-1,8612,8613,8614,-1,8614,8613,8615,-1,8614,8615,8616,-1,8616,8615,8617,-1,8616,8617,8618,-1,8618,8617,8619,-1,8618,8619,8620,-1,8620,8619,8621,-1,8620,8621,8622,-1,8622,8621,8623,-1,8622,8623,8571,-1,8571,8623,8556,-1,8571,8556,8558,-1,8624,8625,8626,-1,8625,8624,8627,-1,8628,8629,8630,-1,8631,8632,8633,-1,8633,8632,8634,-1,8633,8634,8635,-1,8635,8634,8636,-1,8635,8636,8637,-1,8637,8636,8638,-1,8637,8638,8639,-1,8639,8638,8640,-1,8639,8640,8641,-1,8641,8640,8642,-1,8641,8642,8643,-1,8643,8642,8644,-1,8643,8644,8645,-1,8645,8644,8567,-1,8645,8567,8646,-1,8646,8567,8565,-1,8646,8565,8626,-1,8626,8565,8563,-1,8626,8563,8624,-1,8624,8563,8561,-1,8630,8559,8628,-1,8628,8559,8557,-1,8628,8557,8647,-1,8647,8557,8648,-1,8647,8648,8649,-1,8649,8648,8650,-1,8649,8650,8651,-1,8651,8650,8652,-1,8651,8652,8653,-1,8653,8652,8654,-1,8653,8654,8655,-1,8655,8654,8656,-1,8655,8656,8657,-1,8657,8656,8658,-1,8657,8658,8659,-1,8659,8658,8660,-1,8659,8660,8661,-1,8661,8660,8662,-1,8661,8662,8663,-1,8663,8662,8664,-1,8663,8664,8665,-1,8665,8664,8666,-1,8665,8666,8667,-1,8667,8666,8668,-1,8667,8668,8669,-1,8669,8668,8670,-1,8669,8670,8671,-1,8671,8670,8672,-1,8671,8672,8673,-1,8673,8672,8674,-1,8673,8674,8675,-1,8675,8674,8676,-1,8675,8676,8677,-1,8677,8676,8678,-1,8677,8678,8624,-1,8624,8678,8679,-1,8624,8679,8627,-1,8589,8587,8634,-1,8680,8681,8682,-1,8681,8683,8682,-1,8682,8683,8684,-1,8682,8684,8685,-1,8634,8632,8589,-1,8589,8632,8686,-1,8589,8686,8682,-1,8682,8686,8687,-1,8682,8687,8680,-1,8685,8688,8682,-1,8682,8688,8689,-1,8682,8689,8690,-1,8691,8692,8693,-1,8691,8693,8694,-1,8692,8695,8693,-1,8693,8695,8696,-1,8693,8696,8697,-1,8633,8586,8631,-1,8631,8586,8588,-1,8631,8588,8693,-1,8693,8588,8698,-1,8693,8698,8694,-1,8697,8699,8693,-1,8693,8699,8700,-1,8693,8700,8701,-1,8586,8633,8584,-1,8584,8633,8635,-1,8584,8635,8582,-1,8582,8635,8637,-1,8582,8637,8580,-1,8580,8637,8639,-1,8580,8639,8578,-1,8578,8639,8641,-1,8578,8641,8576,-1,8576,8641,8643,-1,8575,8576,8645,-1,8645,8576,8643,-1,8575,8645,8646,-1,8575,8646,8574,-1,8574,8646,8626,-1,8574,8626,8573,-1,8573,8626,8625,-1,8573,8625,8572,-1,8572,8625,8627,-1,8572,8627,8590,-1,8590,8627,8679,-1,8590,8679,8591,-1,8593,8591,8678,-1,8678,8591,8679,-1,8593,8678,8595,-1,8595,8678,8676,-1,8595,8676,8597,-1,8597,8676,8674,-1,8599,8597,8672,-1,8672,8597,8674,-1,8599,8672,8670,-1,8599,8670,8601,-1,8601,8670,8668,-1,8601,8668,8603,-1,8603,8668,8666,-1,8603,8666,8605,-1,8607,8605,8664,-1,8664,8605,8666,-1,8607,8664,8662,-1,8607,8662,8609,-1,8609,8662,8660,-1,8609,8660,8611,-1,8611,8660,8658,-1,8611,8658,8613,-1,8613,8658,8656,-1,8613,8656,8615,-1,8615,8656,8617,-1,8617,8656,8654,-1,8617,8654,8619,-1,8619,8654,8652,-1,8619,8652,8621,-1,8621,8652,8650,-1,8621,8650,8623,-1,8623,8650,8648,-1,8623,8648,8556,-1,8556,8648,8557,-1,8570,8569,8629,-1,8629,8569,8630,-1,8571,8570,8628,-1,8628,8570,8629,-1,8571,8628,8647,-1,8571,8647,8622,-1,8622,8647,8649,-1,8622,8649,8620,-1,8620,8649,8651,-1,8620,8651,8618,-1,8618,8651,8653,-1,8618,8653,8616,-1,8616,8653,8655,-1,8616,8655,8614,-1,8614,8655,8612,-1,8612,8655,8657,-1,8612,8657,8610,-1,8610,8657,8659,-1,8610,8659,8608,-1,8608,8659,8661,-1,8608,8661,8606,-1,8606,8661,8663,-1,8604,8606,8665,-1,8665,8606,8663,-1,8604,8665,8602,-1,8602,8665,8667,-1,8602,8667,8600,-1,8600,8667,8669,-1,8600,8669,8598,-1,8598,8669,8671,-1,8596,8598,8673,-1,8673,8598,8671,-1,8596,8673,8675,-1,8596,8675,8594,-1,8594,8675,8677,-1,8594,8677,8592,-1,8577,8566,8644,-1,8644,8566,8567,-1,8577,8644,8642,-1,8577,8642,8579,-1,8579,8642,8640,-1,8579,8640,8581,-1,8581,8640,8638,-1,8581,8638,8583,-1,8583,8638,8636,-1,8583,8636,8585,-1,8585,8636,8634,-1,8585,8634,8587,-1,8702,8703,8704,-1,8704,8703,8705,-1,8704,8705,8706,-1,8706,8705,8707,-1,8706,8707,8708,-1,8708,8707,8709,-1,8710,8711,8712,-1,8712,8711,8713,-1,8714,8715,8716,-1,8715,8714,8717,-1,8718,8719,8720,-1,8720,8719,8721,-1,8720,8721,8722,-1,8722,8721,8723,-1,8722,8723,8724,-1,8724,8723,8725,-1,8724,8725,8726,-1,8726,8725,8727,-1,8726,8727,8728,-1,8728,8727,8729,-1,8728,8729,8730,-1,8730,8729,8731,-1,8730,8731,8732,-1,8732,8731,8702,-1,8732,8702,8733,-1,8733,8702,8704,-1,8733,8704,8716,-1,8716,8704,8706,-1,8716,8706,8714,-1,8714,8706,8708,-1,8734,8735,8736,-1,8736,8712,8734,-1,8734,8712,8713,-1,8734,8713,8737,-1,8737,8713,8738,-1,8737,8738,8739,-1,8739,8738,8740,-1,8739,8740,8741,-1,8741,8740,8742,-1,8741,8742,8743,-1,8743,8742,8744,-1,8743,8744,8745,-1,8745,8744,8746,-1,8745,8746,8747,-1,8747,8746,8748,-1,8747,8748,8749,-1,8749,8748,8750,-1,8749,8750,8751,-1,8751,8750,8752,-1,8751,8752,8753,-1,8753,8752,8754,-1,8753,8754,8755,-1,8755,8754,8756,-1,8755,8756,8757,-1,8757,8756,8758,-1,8757,8758,8759,-1,8759,8758,8760,-1,8759,8760,8761,-1,8761,8760,8762,-1,8761,8762,8763,-1,8763,8762,8764,-1,8763,8764,8765,-1,8765,8764,8766,-1,8765,8766,8767,-1,8767,8766,8768,-1,8767,8768,8714,-1,8714,8768,8769,-1,8714,8769,8717,-1,8770,8709,8707,-1,8771,8770,8772,-1,8772,8770,8707,-1,8772,8707,8773,-1,8773,8707,8705,-1,8773,8705,8774,-1,8774,8705,8703,-1,8774,8703,8775,-1,8775,8703,8776,-1,8775,8776,8777,-1,8777,8776,8778,-1,8777,8778,8779,-1,8779,8778,8780,-1,8779,8780,8781,-1,8781,8780,8782,-1,8781,8782,8783,-1,8783,8782,8784,-1,8783,8784,8785,-1,8785,8784,8786,-1,8785,8786,8787,-1,8787,8786,8788,-1,8789,8790,8710,-1,8710,8790,8791,-1,8771,8792,8770,-1,8770,8792,8793,-1,8770,8793,8794,-1,8794,8793,8795,-1,8794,8795,8796,-1,8796,8795,8797,-1,8796,8797,8798,-1,8798,8797,8799,-1,8798,8799,8800,-1,8800,8799,8801,-1,8800,8801,8802,-1,8802,8801,8803,-1,8802,8803,8804,-1,8804,8803,8805,-1,8804,8805,8806,-1,8806,8805,8807,-1,8806,8807,8808,-1,8808,8807,8809,-1,8808,8809,8810,-1,8810,8809,8811,-1,8810,8811,8812,-1,8812,8811,8813,-1,8812,8813,8814,-1,8814,8813,8815,-1,8814,8815,8816,-1,8816,8815,8817,-1,8816,8817,8818,-1,8818,8817,8819,-1,8818,8819,8820,-1,8820,8819,8821,-1,8820,8821,8822,-1,8822,8821,8823,-1,8822,8823,8824,-1,8824,8823,8825,-1,8824,8825,8791,-1,8791,8825,8711,-1,8791,8711,8710,-1,8718,8720,8785,-1,8826,8827,8828,-1,8827,8829,8828,-1,8828,8829,8830,-1,8828,8830,8831,-1,8785,8787,8718,-1,8718,8787,8832,-1,8718,8832,8828,-1,8828,8832,8833,-1,8828,8833,8826,-1,8831,8834,8828,-1,8828,8834,8835,-1,8828,8835,8836,-1,8837,8838,8839,-1,8837,8839,8840,-1,8838,8841,8839,-1,8839,8841,8842,-1,8839,8842,8843,-1,8786,8721,8788,-1,8788,8721,8719,-1,8788,8719,8839,-1,8839,8719,8844,-1,8839,8844,8840,-1,8843,8845,8839,-1,8839,8845,8846,-1,8839,8846,8847,-1,8721,8786,8784,-1,8721,8784,8723,-1,8723,8784,8782,-1,8723,8782,8725,-1,8725,8782,8780,-1,8725,8780,8727,-1,8727,8780,8778,-1,8727,8778,8729,-1,8729,8778,8776,-1,8729,8776,8731,-1,8702,8731,8703,-1,8703,8731,8776,-1,8767,8794,8796,-1,8767,8796,8765,-1,8765,8796,8798,-1,8765,8798,8763,-1,8761,8763,8800,-1,8800,8763,8798,-1,8761,8800,8759,-1,8759,8800,8802,-1,8759,8802,8757,-1,8757,8802,8804,-1,8757,8804,8755,-1,8755,8804,8806,-1,8753,8755,8808,-1,8808,8755,8806,-1,8753,8808,8751,-1,8751,8808,8810,-1,8751,8810,8749,-1,8749,8810,8812,-1,8749,8812,8747,-1,8747,8812,8814,-1,8747,8814,8745,-1,8745,8814,8816,-1,8745,8816,8818,-1,8745,8818,8743,-1,8743,8818,8820,-1,8743,8820,8741,-1,8741,8820,8822,-1,8741,8822,8739,-1,8739,8822,8824,-1,8739,8824,8737,-1,8737,8824,8791,-1,8737,8791,8734,-1,8735,8734,8790,-1,8790,8734,8791,-1,8736,8735,8789,-1,8789,8735,8790,-1,8713,8711,8738,-1,8738,8711,8825,-1,8738,8825,8740,-1,8740,8825,8823,-1,8740,8823,8742,-1,8742,8823,8821,-1,8742,8821,8744,-1,8744,8821,8819,-1,8744,8819,8746,-1,8746,8819,8817,-1,8746,8817,8815,-1,8746,8815,8748,-1,8748,8815,8813,-1,8748,8813,8750,-1,8750,8813,8811,-1,8750,8811,8752,-1,8752,8811,8809,-1,8752,8809,8754,-1,8756,8754,8807,-1,8807,8754,8809,-1,8756,8807,8805,-1,8756,8805,8758,-1,8758,8805,8803,-1,8758,8803,8760,-1,8760,8803,8801,-1,8760,8801,8762,-1,8764,8762,8799,-1,8799,8762,8801,-1,8764,8799,8766,-1,8766,8799,8797,-1,8766,8797,8768,-1,8768,8797,8795,-1,8769,8768,8793,-1,8793,8768,8795,-1,8769,8793,8792,-1,8769,8792,8717,-1,8717,8792,8771,-1,8717,8771,8715,-1,8715,8771,8772,-1,8715,8772,8716,-1,8716,8772,8773,-1,8716,8773,8733,-1,8733,8773,8774,-1,8733,8774,8732,-1,8730,8732,8775,-1,8775,8732,8774,-1,8730,8775,8728,-1,8728,8775,8777,-1,8728,8777,8726,-1,8726,8777,8779,-1,8726,8779,8724,-1,8724,8779,8781,-1,8724,8781,8722,-1,8722,8781,8783,-1,8722,8783,8720,-1,8720,8783,8785,-1,8848,8849,8850,-1,8850,8849,8851,-1,8852,8853,8854,-1,8854,8853,8855,-1,8854,8855,8856,-1,8856,8855,8857,-1,8856,8857,8858,-1,8858,8857,8859,-1,8860,8852,8854,-1,8861,8862,8850,-1,8850,8862,8863,-1,8864,8860,8865,-1,8865,8860,8854,-1,8865,8854,8866,-1,8866,8854,8856,-1,8866,8856,8867,-1,8867,8856,8858,-1,8867,8858,8868,-1,8868,8858,8869,-1,8868,8869,8870,-1,8870,8869,8871,-1,8870,8871,8872,-1,8872,8871,8873,-1,8872,8873,8874,-1,8874,8873,8875,-1,8874,8875,8876,-1,8876,8875,8877,-1,8876,8877,8878,-1,8878,8877,8879,-1,8878,8879,8880,-1,8880,8879,8881,-1,8864,8882,8860,-1,8860,8882,8883,-1,8860,8883,8884,-1,8884,8883,8885,-1,8884,8885,8886,-1,8886,8885,8887,-1,8886,8887,8888,-1,8888,8887,8889,-1,8888,8889,8890,-1,8890,8889,8891,-1,8890,8891,8892,-1,8892,8891,8893,-1,8892,8893,8894,-1,8894,8893,8895,-1,8894,8895,8896,-1,8896,8895,8897,-1,8896,8897,8898,-1,8898,8897,8899,-1,8898,8899,8900,-1,8900,8899,8901,-1,8900,8901,8902,-1,8902,8901,8903,-1,8902,8903,8904,-1,8904,8903,8905,-1,8904,8905,8906,-1,8906,8905,8907,-1,8906,8907,8908,-1,8908,8907,8909,-1,8908,8909,8910,-1,8910,8909,8911,-1,8910,8911,8912,-1,8912,8911,8913,-1,8912,8913,8914,-1,8914,8913,8915,-1,8914,8915,8863,-1,8863,8915,8848,-1,8863,8848,8850,-1,8916,8917,8918,-1,8917,8916,8919,-1,8920,8921,8922,-1,8923,8924,8925,-1,8925,8924,8926,-1,8925,8926,8927,-1,8927,8926,8928,-1,8927,8928,8929,-1,8929,8928,8930,-1,8929,8930,8931,-1,8931,8930,8932,-1,8931,8932,8933,-1,8933,8932,8934,-1,8933,8934,8935,-1,8935,8934,8936,-1,8935,8936,8937,-1,8937,8936,8859,-1,8937,8859,8938,-1,8938,8859,8857,-1,8938,8857,8918,-1,8918,8857,8855,-1,8918,8855,8916,-1,8916,8855,8853,-1,8922,8851,8920,-1,8920,8851,8849,-1,8920,8849,8939,-1,8939,8849,8940,-1,8939,8940,8941,-1,8941,8940,8942,-1,8941,8942,8943,-1,8943,8942,8944,-1,8943,8944,8945,-1,8945,8944,8946,-1,8945,8946,8947,-1,8947,8946,8948,-1,8947,8948,8949,-1,8949,8948,8950,-1,8949,8950,8951,-1,8951,8950,8952,-1,8951,8952,8953,-1,8953,8952,8954,-1,8953,8954,8955,-1,8955,8954,8956,-1,8955,8956,8957,-1,8957,8956,8958,-1,8957,8958,8959,-1,8959,8958,8960,-1,8959,8960,8961,-1,8961,8960,8962,-1,8961,8962,8963,-1,8963,8962,8964,-1,8963,8964,8965,-1,8965,8964,8966,-1,8965,8966,8967,-1,8967,8966,8968,-1,8967,8968,8969,-1,8969,8968,8970,-1,8969,8970,8916,-1,8916,8970,8971,-1,8916,8971,8919,-1,8881,8879,8926,-1,8972,8973,8974,-1,8973,8975,8974,-1,8974,8975,8976,-1,8974,8976,8977,-1,8926,8924,8881,-1,8881,8924,8978,-1,8881,8978,8974,-1,8974,8978,8979,-1,8974,8979,8972,-1,8977,8980,8974,-1,8974,8980,8981,-1,8974,8981,8982,-1,8983,8984,8985,-1,8983,8985,8986,-1,8984,8987,8985,-1,8985,8987,8988,-1,8985,8988,8989,-1,8925,8878,8923,-1,8923,8878,8880,-1,8923,8880,8985,-1,8985,8880,8990,-1,8985,8990,8986,-1,8989,8991,8985,-1,8985,8991,8992,-1,8985,8992,8993,-1,8878,8925,8876,-1,8876,8925,8927,-1,8876,8927,8874,-1,8874,8927,8929,-1,8874,8929,8872,-1,8872,8929,8931,-1,8872,8931,8870,-1,8870,8931,8933,-1,8870,8933,8868,-1,8868,8933,8935,-1,8867,8868,8937,-1,8937,8868,8935,-1,8867,8937,8938,-1,8867,8938,8866,-1,8866,8938,8918,-1,8866,8918,8865,-1,8865,8918,8917,-1,8865,8917,8864,-1,8864,8917,8919,-1,8864,8919,8882,-1,8882,8919,8971,-1,8882,8971,8883,-1,8885,8883,8970,-1,8970,8883,8971,-1,8885,8970,8887,-1,8887,8970,8968,-1,8887,8968,8889,-1,8889,8968,8966,-1,8891,8889,8964,-1,8964,8889,8966,-1,8891,8964,8962,-1,8891,8962,8893,-1,8893,8962,8960,-1,8893,8960,8895,-1,8895,8960,8958,-1,8895,8958,8897,-1,8899,8897,8956,-1,8956,8897,8958,-1,8899,8956,8954,-1,8899,8954,8901,-1,8901,8954,8952,-1,8901,8952,8903,-1,8903,8952,8950,-1,8903,8950,8905,-1,8905,8950,8948,-1,8905,8948,8907,-1,8907,8948,8909,-1,8909,8948,8946,-1,8909,8946,8911,-1,8911,8946,8944,-1,8911,8944,8913,-1,8913,8944,8942,-1,8913,8942,8915,-1,8915,8942,8940,-1,8915,8940,8848,-1,8848,8940,8849,-1,8862,8861,8921,-1,8921,8861,8922,-1,8863,8862,8920,-1,8920,8862,8921,-1,8863,8920,8939,-1,8863,8939,8914,-1,8914,8939,8941,-1,8914,8941,8912,-1,8912,8941,8943,-1,8912,8943,8910,-1,8910,8943,8945,-1,8910,8945,8908,-1,8908,8945,8947,-1,8908,8947,8906,-1,8906,8947,8904,-1,8904,8947,8949,-1,8904,8949,8902,-1,8902,8949,8951,-1,8902,8951,8900,-1,8900,8951,8953,-1,8900,8953,8898,-1,8898,8953,8955,-1,8896,8898,8957,-1,8957,8898,8955,-1,8896,8957,8894,-1,8894,8957,8959,-1,8894,8959,8892,-1,8892,8959,8961,-1,8892,8961,8890,-1,8890,8961,8963,-1,8888,8890,8965,-1,8965,8890,8963,-1,8888,8965,8967,-1,8888,8967,8886,-1,8886,8967,8969,-1,8886,8969,8884,-1,8869,8858,8936,-1,8936,8858,8859,-1,8869,8936,8934,-1,8869,8934,8871,-1,8871,8934,8932,-1,8871,8932,8873,-1,8873,8932,8930,-1,8873,8930,8875,-1,8875,8930,8928,-1,8875,8928,8877,-1,8877,8928,8926,-1,8877,8926,8879,-1,8994,8995,8996,-1,8996,8995,8997,-1,8996,8997,8998,-1,8998,8997,8999,-1,8998,8999,9000,-1,9000,8999,9001,-1,9002,9003,9004,-1,9004,9003,9005,-1,9006,9007,9008,-1,9007,9006,9009,-1,9010,9011,9012,-1,9012,9011,9013,-1,9012,9013,9014,-1,9014,9013,9015,-1,9014,9015,9016,-1,9016,9015,9017,-1,9016,9017,9018,-1,9018,9017,9019,-1,9018,9019,9020,-1,9020,9019,9021,-1,9020,9021,9022,-1,9022,9021,9023,-1,9022,9023,9024,-1,9024,9023,8994,-1,9024,8994,9025,-1,9025,8994,8996,-1,9025,8996,9008,-1,9008,8996,8998,-1,9008,8998,9006,-1,9006,8998,9000,-1,9026,9027,9028,-1,9028,9004,9026,-1,9026,9004,9005,-1,9026,9005,9029,-1,9029,9005,9030,-1,9029,9030,9031,-1,9031,9030,9032,-1,9031,9032,9033,-1,9033,9032,9034,-1,9033,9034,9035,-1,9035,9034,9036,-1,9035,9036,9037,-1,9037,9036,9038,-1,9037,9038,9039,-1,9039,9038,9040,-1,9039,9040,9041,-1,9041,9040,9042,-1,9041,9042,9043,-1,9043,9042,9044,-1,9043,9044,9045,-1,9045,9044,9046,-1,9045,9046,9047,-1,9047,9046,9048,-1,9047,9048,9049,-1,9049,9048,9050,-1,9049,9050,9051,-1,9051,9050,9052,-1,9051,9052,9053,-1,9053,9052,9054,-1,9053,9054,9055,-1,9055,9054,9056,-1,9055,9056,9057,-1,9057,9056,9058,-1,9057,9058,9059,-1,9059,9058,9060,-1,9059,9060,9006,-1,9006,9060,9061,-1,9006,9061,9009,-1,9062,9001,8999,-1,9063,9062,9064,-1,9064,9062,8999,-1,9064,8999,9065,-1,9065,8999,8997,-1,9065,8997,9066,-1,9066,8997,8995,-1,9066,8995,9067,-1,9067,8995,9068,-1,9067,9068,9069,-1,9069,9068,9070,-1,9069,9070,9071,-1,9071,9070,9072,-1,9071,9072,9073,-1,9073,9072,9074,-1,9073,9074,9075,-1,9075,9074,9076,-1,9075,9076,9077,-1,9077,9076,9078,-1,9077,9078,9079,-1,9079,9078,9080,-1,9081,9082,9002,-1,9002,9082,9083,-1,9063,9084,9062,-1,9062,9084,9085,-1,9062,9085,9086,-1,9086,9085,9087,-1,9086,9087,9088,-1,9088,9087,9089,-1,9088,9089,9090,-1,9090,9089,9091,-1,9090,9091,9092,-1,9092,9091,9093,-1,9092,9093,9094,-1,9094,9093,9095,-1,9094,9095,9096,-1,9096,9095,9097,-1,9096,9097,9098,-1,9098,9097,9099,-1,9098,9099,9100,-1,9100,9099,9101,-1,9100,9101,9102,-1,9102,9101,9103,-1,9102,9103,9104,-1,9104,9103,9105,-1,9104,9105,9106,-1,9106,9105,9107,-1,9106,9107,9108,-1,9108,9107,9109,-1,9108,9109,9110,-1,9110,9109,9111,-1,9110,9111,9112,-1,9112,9111,9113,-1,9112,9113,9114,-1,9114,9113,9115,-1,9114,9115,9116,-1,9116,9115,9117,-1,9116,9117,9083,-1,9083,9117,9003,-1,9083,9003,9002,-1,9010,9012,9077,-1,9118,9119,9120,-1,9119,9121,9120,-1,9120,9121,9122,-1,9120,9122,9123,-1,9077,9079,9010,-1,9010,9079,9124,-1,9010,9124,9120,-1,9120,9124,9125,-1,9120,9125,9118,-1,9123,9126,9120,-1,9120,9126,9127,-1,9120,9127,9128,-1,9129,9130,9131,-1,9129,9131,9132,-1,9130,9133,9131,-1,9131,9133,9134,-1,9131,9134,9135,-1,9078,9013,9080,-1,9080,9013,9011,-1,9080,9011,9131,-1,9131,9011,9136,-1,9131,9136,9132,-1,9135,9137,9131,-1,9131,9137,9138,-1,9131,9138,9139,-1,9013,9078,9076,-1,9013,9076,9015,-1,9015,9076,9074,-1,9015,9074,9017,-1,9017,9074,9072,-1,9017,9072,9019,-1,9019,9072,9070,-1,9019,9070,9021,-1,9021,9070,9068,-1,9021,9068,9023,-1,8994,9023,8995,-1,8995,9023,9068,-1,9059,9086,9088,-1,9059,9088,9057,-1,9057,9088,9090,-1,9057,9090,9055,-1,9053,9055,9092,-1,9092,9055,9090,-1,9053,9092,9051,-1,9051,9092,9094,-1,9051,9094,9049,-1,9049,9094,9096,-1,9049,9096,9047,-1,9047,9096,9098,-1,9045,9047,9100,-1,9100,9047,9098,-1,9045,9100,9043,-1,9043,9100,9102,-1,9043,9102,9041,-1,9041,9102,9104,-1,9041,9104,9039,-1,9039,9104,9106,-1,9039,9106,9037,-1,9037,9106,9108,-1,9037,9108,9110,-1,9037,9110,9035,-1,9035,9110,9112,-1,9035,9112,9033,-1,9033,9112,9114,-1,9033,9114,9031,-1,9031,9114,9116,-1,9031,9116,9029,-1,9029,9116,9083,-1,9029,9083,9026,-1,9027,9026,9082,-1,9082,9026,9083,-1,9028,9027,9081,-1,9081,9027,9082,-1,9005,9003,9030,-1,9030,9003,9117,-1,9030,9117,9032,-1,9032,9117,9115,-1,9032,9115,9034,-1,9034,9115,9113,-1,9034,9113,9036,-1,9036,9113,9111,-1,9036,9111,9038,-1,9038,9111,9109,-1,9038,9109,9107,-1,9038,9107,9040,-1,9040,9107,9105,-1,9040,9105,9042,-1,9042,9105,9103,-1,9042,9103,9044,-1,9044,9103,9101,-1,9044,9101,9046,-1,9048,9046,9099,-1,9099,9046,9101,-1,9048,9099,9097,-1,9048,9097,9050,-1,9050,9097,9095,-1,9050,9095,9052,-1,9052,9095,9093,-1,9052,9093,9054,-1,9056,9054,9091,-1,9091,9054,9093,-1,9056,9091,9058,-1,9058,9091,9089,-1,9058,9089,9060,-1,9060,9089,9087,-1,9061,9060,9085,-1,9085,9060,9087,-1,9061,9085,9084,-1,9061,9084,9009,-1,9009,9084,9063,-1,9009,9063,9007,-1,9007,9063,9064,-1,9007,9064,9008,-1,9008,9064,9065,-1,9008,9065,9025,-1,9025,9065,9066,-1,9025,9066,9024,-1,9022,9024,9067,-1,9067,9024,9066,-1,9022,9067,9020,-1,9020,9067,9069,-1,9020,9069,9018,-1,9018,9069,9071,-1,9018,9071,9016,-1,9016,9071,9073,-1,9016,9073,9014,-1,9014,9073,9075,-1,9014,9075,9012,-1,9012,9075,9077,-1,9140,9141,9142,-1,9142,9141,9143,-1,9144,9145,9146,-1,9146,9145,9147,-1,9146,9147,9148,-1,9148,9147,9149,-1,9148,9149,9150,-1,9150,9149,9151,-1,9152,9144,9146,-1,9153,9154,9142,-1,9142,9154,9155,-1,9156,9152,9157,-1,9157,9152,9146,-1,9157,9146,9158,-1,9158,9146,9148,-1,9158,9148,9159,-1,9159,9148,9150,-1,9159,9150,9160,-1,9160,9150,9161,-1,9160,9161,9162,-1,9162,9161,9163,-1,9162,9163,9164,-1,9164,9163,9165,-1,9164,9165,9166,-1,9166,9165,9167,-1,9166,9167,9168,-1,9168,9167,9169,-1,9168,9169,9170,-1,9170,9169,9171,-1,9170,9171,9172,-1,9172,9171,9173,-1,9156,9174,9152,-1,9152,9174,9175,-1,9152,9175,9176,-1,9176,9175,9177,-1,9176,9177,9178,-1,9178,9177,9179,-1,9178,9179,9180,-1,9180,9179,9181,-1,9180,9181,9182,-1,9182,9181,9183,-1,9182,9183,9184,-1,9184,9183,9185,-1,9184,9185,9186,-1,9186,9185,9187,-1,9186,9187,9188,-1,9188,9187,9189,-1,9188,9189,9190,-1,9190,9189,9191,-1,9190,9191,9192,-1,9192,9191,9193,-1,9192,9193,9194,-1,9194,9193,9195,-1,9194,9195,9196,-1,9196,9195,9197,-1,9196,9197,9198,-1,9198,9197,9199,-1,9198,9199,9200,-1,9200,9199,9201,-1,9200,9201,9202,-1,9202,9201,9203,-1,9202,9203,9204,-1,9204,9203,9205,-1,9204,9205,9206,-1,9206,9205,9207,-1,9206,9207,9155,-1,9155,9207,9140,-1,9155,9140,9142,-1,9208,9209,9210,-1,9209,9208,9211,-1,9212,9213,9214,-1,9215,9216,9217,-1,9217,9216,9218,-1,9217,9218,9219,-1,9219,9218,9220,-1,9219,9220,9221,-1,9221,9220,9222,-1,9221,9222,9223,-1,9223,9222,9224,-1,9223,9224,9225,-1,9225,9224,9226,-1,9225,9226,9227,-1,9227,9226,9228,-1,9227,9228,9229,-1,9229,9228,9151,-1,9229,9151,9230,-1,9230,9151,9149,-1,9230,9149,9210,-1,9210,9149,9147,-1,9210,9147,9208,-1,9208,9147,9145,-1,9214,9143,9212,-1,9212,9143,9141,-1,9212,9141,9231,-1,9231,9141,9232,-1,9231,9232,9233,-1,9233,9232,9234,-1,9233,9234,9235,-1,9235,9234,9236,-1,9235,9236,9237,-1,9237,9236,9238,-1,9237,9238,9239,-1,9239,9238,9240,-1,9239,9240,9241,-1,9241,9240,9242,-1,9241,9242,9243,-1,9243,9242,9244,-1,9243,9244,9245,-1,9245,9244,9246,-1,9245,9246,9247,-1,9247,9246,9248,-1,9247,9248,9249,-1,9249,9248,9250,-1,9249,9250,9251,-1,9251,9250,9252,-1,9251,9252,9253,-1,9253,9252,9254,-1,9253,9254,9255,-1,9255,9254,9256,-1,9255,9256,9257,-1,9257,9256,9258,-1,9257,9258,9259,-1,9259,9258,9260,-1,9259,9260,9261,-1,9261,9260,9262,-1,9261,9262,9208,-1,9208,9262,9263,-1,9208,9263,9211,-1,9264,9173,9265,-1,9171,9218,9173,-1,9173,9218,9216,-1,9173,9216,9265,-1,9265,9266,9264,-1,9264,9266,9267,-1,9264,9267,9268,-1,9268,9267,9269,-1,9270,9271,9272,-1,9267,9273,9269,-1,9269,9273,9270,-1,9269,9270,9274,-1,9274,9270,9272,-1,9217,9170,9215,-1,9215,9170,9172,-1,9215,9172,9275,-1,9275,9172,9276,-1,9276,9277,9275,-1,9275,9277,9278,-1,9275,9278,9279,-1,9279,9278,9280,-1,9281,9282,9283,-1,9278,9284,9280,-1,9280,9284,9281,-1,9280,9281,9285,-1,9285,9281,9283,-1,9170,9217,9168,-1,9168,9217,9219,-1,9168,9219,9166,-1,9166,9219,9221,-1,9166,9221,9164,-1,9164,9221,9223,-1,9164,9223,9162,-1,9162,9223,9225,-1,9162,9225,9160,-1,9160,9225,9227,-1,9159,9160,9229,-1,9229,9160,9227,-1,9159,9229,9230,-1,9159,9230,9158,-1,9158,9230,9210,-1,9158,9210,9157,-1,9157,9210,9209,-1,9157,9209,9156,-1,9156,9209,9211,-1,9156,9211,9174,-1,9174,9211,9263,-1,9174,9263,9175,-1,9177,9175,9262,-1,9262,9175,9263,-1,9177,9262,9179,-1,9179,9262,9260,-1,9179,9260,9181,-1,9181,9260,9258,-1,9183,9181,9256,-1,9256,9181,9258,-1,9183,9256,9254,-1,9183,9254,9185,-1,9185,9254,9252,-1,9185,9252,9187,-1,9187,9252,9250,-1,9187,9250,9189,-1,9191,9189,9248,-1,9248,9189,9250,-1,9191,9248,9246,-1,9191,9246,9193,-1,9193,9246,9244,-1,9193,9244,9195,-1,9195,9244,9242,-1,9195,9242,9197,-1,9197,9242,9240,-1,9197,9240,9199,-1,9199,9240,9201,-1,9201,9240,9238,-1,9201,9238,9203,-1,9203,9238,9236,-1,9203,9236,9205,-1,9205,9236,9234,-1,9205,9234,9207,-1,9207,9234,9232,-1,9207,9232,9140,-1,9140,9232,9141,-1,9154,9153,9213,-1,9213,9153,9214,-1,9155,9154,9212,-1,9212,9154,9213,-1,9155,9212,9231,-1,9155,9231,9206,-1,9206,9231,9233,-1,9206,9233,9204,-1,9204,9233,9235,-1,9204,9235,9202,-1,9202,9235,9237,-1,9202,9237,9200,-1,9200,9237,9239,-1,9200,9239,9198,-1,9198,9239,9196,-1,9196,9239,9241,-1,9196,9241,9194,-1,9194,9241,9243,-1,9194,9243,9192,-1,9192,9243,9245,-1,9192,9245,9190,-1,9190,9245,9247,-1,9188,9190,9249,-1,9249,9190,9247,-1,9188,9249,9186,-1,9186,9249,9251,-1,9186,9251,9184,-1,9184,9251,9253,-1,9184,9253,9182,-1,9182,9253,9255,-1,9180,9182,9257,-1,9257,9182,9255,-1,9180,9257,9259,-1,9180,9259,9178,-1,9178,9259,9261,-1,9178,9261,9176,-1,9161,9150,9228,-1,9228,9150,9151,-1,9161,9228,9226,-1,9161,9226,9163,-1,9163,9226,9224,-1,9163,9224,9165,-1,9165,9224,9222,-1,9165,9222,9167,-1,9167,9222,9220,-1,9167,9220,9169,-1,9169,9220,9218,-1,9169,9218,9171,-1,9286,9287,9288,-1,9288,9287,9289,-1,9288,9289,9290,-1,9290,9289,9291,-1,9290,9291,9292,-1,9292,9291,9293,-1,9294,9295,9296,-1,9296,9295,9297,-1,9298,9299,9300,-1,9299,9298,9301,-1,9302,9303,9304,-1,9304,9303,9305,-1,9304,9305,9306,-1,9306,9305,9307,-1,9306,9307,9308,-1,9308,9307,9309,-1,9308,9309,9310,-1,9310,9309,9311,-1,9310,9311,9312,-1,9312,9311,9313,-1,9312,9313,9314,-1,9314,9313,9315,-1,9314,9315,9316,-1,9316,9315,9286,-1,9316,9286,9317,-1,9317,9286,9288,-1,9317,9288,9300,-1,9300,9288,9290,-1,9300,9290,9298,-1,9298,9290,9292,-1,9318,9319,9320,-1,9320,9296,9318,-1,9318,9296,9297,-1,9318,9297,9321,-1,9321,9297,9322,-1,9321,9322,9323,-1,9323,9322,9324,-1,9323,9324,9325,-1,9325,9324,9326,-1,9325,9326,9327,-1,9327,9326,9328,-1,9327,9328,9329,-1,9329,9328,9330,-1,9329,9330,9331,-1,9331,9330,9332,-1,9331,9332,9333,-1,9333,9332,9334,-1,9333,9334,9335,-1,9335,9334,9336,-1,9335,9336,9337,-1,9337,9336,9338,-1,9337,9338,9339,-1,9339,9338,9340,-1,9339,9340,9341,-1,9341,9340,9342,-1,9341,9342,9343,-1,9343,9342,9344,-1,9343,9344,9345,-1,9345,9344,9346,-1,9345,9346,9347,-1,9347,9346,9348,-1,9347,9348,9349,-1,9349,9348,9350,-1,9349,9350,9351,-1,9351,9350,9352,-1,9351,9352,9298,-1,9298,9352,9353,-1,9298,9353,9301,-1,9354,9293,9291,-1,9355,9354,9356,-1,9356,9354,9291,-1,9356,9291,9357,-1,9357,9291,9289,-1,9357,9289,9358,-1,9358,9289,9287,-1,9358,9287,9359,-1,9359,9287,9360,-1,9359,9360,9361,-1,9361,9360,9362,-1,9361,9362,9363,-1,9363,9362,9364,-1,9363,9364,9365,-1,9365,9364,9366,-1,9365,9366,9367,-1,9367,9366,9368,-1,9367,9368,9369,-1,9369,9368,9370,-1,9369,9370,9371,-1,9371,9370,9372,-1,9373,9374,9294,-1,9294,9374,9375,-1,9355,9376,9354,-1,9354,9376,9377,-1,9354,9377,9378,-1,9378,9377,9379,-1,9378,9379,9380,-1,9380,9379,9381,-1,9380,9381,9382,-1,9382,9381,9383,-1,9382,9383,9384,-1,9384,9383,9385,-1,9384,9385,9386,-1,9386,9385,9387,-1,9386,9387,9388,-1,9388,9387,9389,-1,9388,9389,9390,-1,9390,9389,9391,-1,9390,9391,9392,-1,9392,9391,9393,-1,9392,9393,9394,-1,9394,9393,9395,-1,9394,9395,9396,-1,9396,9395,9397,-1,9396,9397,9398,-1,9398,9397,9399,-1,9398,9399,9400,-1,9400,9399,9401,-1,9400,9401,9402,-1,9402,9401,9403,-1,9402,9403,9404,-1,9404,9403,9405,-1,9404,9405,9406,-1,9406,9405,9407,-1,9406,9407,9408,-1,9408,9407,9409,-1,9408,9409,9375,-1,9375,9409,9295,-1,9375,9295,9294,-1,9410,9302,9411,-1,9304,9369,9302,-1,9302,9369,9371,-1,9302,9371,9411,-1,9411,9412,9410,-1,9410,9412,9413,-1,9410,9413,9414,-1,9414,9413,9415,-1,9416,9417,9418,-1,9413,9419,9415,-1,9415,9419,9416,-1,9415,9416,9420,-1,9420,9416,9418,-1,9370,9305,9372,-1,9372,9305,9303,-1,9372,9303,9421,-1,9421,9303,9422,-1,9422,9423,9421,-1,9421,9423,9424,-1,9421,9424,9425,-1,9425,9424,9426,-1,9427,9428,9429,-1,9424,9430,9426,-1,9426,9430,9427,-1,9426,9427,9431,-1,9431,9427,9429,-1,9305,9370,9368,-1,9305,9368,9307,-1,9307,9368,9366,-1,9307,9366,9309,-1,9309,9366,9364,-1,9309,9364,9311,-1,9311,9364,9362,-1,9311,9362,9313,-1,9313,9362,9360,-1,9313,9360,9315,-1,9286,9315,9287,-1,9287,9315,9360,-1,9351,9378,9380,-1,9351,9380,9349,-1,9349,9380,9382,-1,9349,9382,9347,-1,9345,9347,9384,-1,9384,9347,9382,-1,9345,9384,9343,-1,9343,9384,9386,-1,9343,9386,9341,-1,9341,9386,9388,-1,9341,9388,9339,-1,9339,9388,9390,-1,9337,9339,9392,-1,9392,9339,9390,-1,9337,9392,9335,-1,9335,9392,9394,-1,9335,9394,9333,-1,9333,9394,9396,-1,9333,9396,9331,-1,9331,9396,9398,-1,9331,9398,9329,-1,9329,9398,9400,-1,9329,9400,9402,-1,9329,9402,9327,-1,9327,9402,9404,-1,9327,9404,9325,-1,9325,9404,9406,-1,9325,9406,9323,-1,9323,9406,9408,-1,9323,9408,9321,-1,9321,9408,9375,-1,9321,9375,9318,-1,9319,9318,9374,-1,9374,9318,9375,-1,9320,9319,9373,-1,9373,9319,9374,-1,9297,9295,9322,-1,9322,9295,9409,-1,9322,9409,9324,-1,9324,9409,9407,-1,9324,9407,9326,-1,9326,9407,9405,-1,9326,9405,9328,-1,9328,9405,9403,-1,9328,9403,9330,-1,9330,9403,9401,-1,9330,9401,9399,-1,9330,9399,9332,-1,9332,9399,9397,-1,9332,9397,9334,-1,9334,9397,9395,-1,9334,9395,9336,-1,9336,9395,9393,-1,9336,9393,9338,-1,9340,9338,9391,-1,9391,9338,9393,-1,9340,9391,9389,-1,9340,9389,9342,-1,9342,9389,9387,-1,9342,9387,9344,-1,9344,9387,9385,-1,9344,9385,9346,-1,9348,9346,9383,-1,9383,9346,9385,-1,9348,9383,9350,-1,9350,9383,9381,-1,9350,9381,9352,-1,9352,9381,9379,-1,9353,9352,9377,-1,9377,9352,9379,-1,9353,9377,9376,-1,9353,9376,9301,-1,9301,9376,9355,-1,9301,9355,9299,-1,9299,9355,9356,-1,9299,9356,9300,-1,9300,9356,9357,-1,9300,9357,9317,-1,9317,9357,9358,-1,9317,9358,9316,-1,9314,9316,9359,-1,9359,9316,9358,-1,9314,9359,9312,-1,9312,9359,9361,-1,9312,9361,9310,-1,9310,9361,9363,-1,9310,9363,9308,-1,9308,9363,9365,-1,9308,9365,9306,-1,9306,9365,9367,-1,9306,9367,9304,-1,9304,9367,9369,-1,5271,5272,5323,-1,5271,5323,5316,-1,5316,5323,5331,-1,5316,5331,5317,-1,5317,5331,5330,-1,5317,5330,5310,-1,5310,5330,5329,-1,5310,5329,5311,-1,5311,5329,5327,-1,5311,5327,5313,-1,5313,5327,5326,-1,5313,5326,5314,-1,5203,5202,5312,-1,5203,5312,5328,-1,5328,5312,5320,-1,5328,5320,5324,-1,5324,5320,5319,-1,5324,5319,5321,-1,5321,5319,5318,-1,5321,5318,5322,-1,5322,5318,5315,-1,5322,5315,5325,-1,5325,5315,5314,-1,5325,5314,5326,-1,5116,5115,5177,-1,5116,5177,5170,-1,5170,5177,5185,-1,5170,5185,5171,-1,5171,5185,5184,-1,5171,5184,5164,-1,5164,5184,5183,-1,5164,5183,5165,-1,5165,5183,5181,-1,5165,5181,5167,-1,5167,5181,5180,-1,5167,5180,5168,-1,5072,5073,5166,-1,5072,5166,5182,-1,5182,5166,5174,-1,5182,5174,5178,-1,5178,5174,5173,-1,5178,5173,5175,-1,5175,5173,5172,-1,5175,5172,5176,-1,5176,5172,5169,-1,5176,5169,5179,-1,5179,5169,5168,-1,5179,5168,5180,-1,5563,5564,5615,-1,5563,5615,5602,-1,5602,5615,5623,-1,5602,5623,5603,-1,5603,5623,5622,-1,5603,5622,5604,-1,5604,5622,5621,-1,5604,5621,5605,-1,5605,5621,5619,-1,5605,5619,5606,-1,5606,5619,5618,-1,5606,5618,5609,-1,5495,5494,5612,-1,5495,5612,5620,-1,5620,5612,5611,-1,5620,5611,5616,-1,5616,5611,5608,-1,5616,5608,5613,-1,5613,5608,5607,-1,5613,5607,5614,-1,5614,5607,5610,-1,5614,5610,5617,-1,5617,5610,5609,-1,5617,5609,5618,-1,5408,5407,5469,-1,5408,5469,5456,-1,5456,5469,5477,-1,5456,5477,5457,-1,5457,5477,5476,-1,5457,5476,5458,-1,5458,5476,5475,-1,5458,5475,5459,-1,5459,5475,5473,-1,5459,5473,5460,-1,5460,5473,5472,-1,5460,5472,5463,-1,5364,5365,5466,-1,5364,5466,5474,-1,5474,5466,5465,-1,5474,5465,5470,-1,5470,5465,5462,-1,5470,5462,5467,-1,5467,5462,5461,-1,5467,5461,5468,-1,5468,5461,5464,-1,5468,5464,5471,-1,5471,5464,5463,-1,5471,5463,5472,-1,5855,5856,5907,-1,5855,5907,5900,-1,5900,5907,5915,-1,5900,5915,5901,-1,5901,5915,5914,-1,5901,5914,5894,-1,5894,5914,5913,-1,5894,5913,5895,-1,5895,5913,5911,-1,5895,5911,5897,-1,5897,5911,5910,-1,5897,5910,5898,-1,5787,5786,5896,-1,5787,5896,5912,-1,5912,5896,5904,-1,5912,5904,5908,-1,5908,5904,5903,-1,5908,5903,5905,-1,5905,5903,5902,-1,5905,5902,5906,-1,5906,5902,5899,-1,5906,5899,5909,-1,5909,5899,5898,-1,5909,5898,5910,-1,5700,5699,5761,-1,5700,5761,5754,-1,5754,5761,5769,-1,5754,5769,5755,-1,5755,5769,5768,-1,5755,5768,5748,-1,5748,5768,5767,-1,5748,5767,5749,-1,5749,5767,5765,-1,5749,5765,5751,-1,5751,5765,5764,-1,5751,5764,5752,-1,5656,5657,5750,-1,5656,5750,5766,-1,5766,5750,5758,-1,5766,5758,5762,-1,5762,5758,5757,-1,5762,5757,5759,-1,5759,5757,5756,-1,5759,5756,5760,-1,5760,5756,5753,-1,5760,5753,5763,-1,5763,5753,5752,-1,5763,5752,5764,-1,6149,6150,6200,-1,6149,6200,6198,-1,6198,6200,6205,-1,6198,6205,6190,-1,6190,6205,6204,-1,6190,6204,6191,-1,6191,6204,6203,-1,6191,6203,6192,-1,6192,6203,6211,-1,6192,6211,6199,-1,6199,6211,6201,-1,6199,6201,6188,-1,6081,6080,6197,-1,6081,6197,6206,-1,6206,6197,6196,-1,6206,6196,6207,-1,6207,6196,6195,-1,6207,6195,6208,-1,6208,6195,6194,-1,6208,6194,6209,-1,6209,6194,6193,-1,6209,6193,6210,-1,6210,6193,6189,-1,6210,6189,6202,-1,6202,6189,6188,-1,6202,6188,6201,-1,5992,5991,6052,-1,5992,6052,6050,-1,6050,6052,6057,-1,6050,6057,6042,-1,6042,6057,6056,-1,6042,6056,6043,-1,6043,6056,6055,-1,6043,6055,6044,-1,6044,6055,6063,-1,6044,6063,6051,-1,6051,6063,6053,-1,6051,6053,6040,-1,5948,5949,6049,-1,5948,6049,6058,-1,6058,6049,6048,-1,6058,6048,6059,-1,6059,6048,6047,-1,6059,6047,6060,-1,6060,6047,6046,-1,6060,6046,6061,-1,6061,6046,6045,-1,6061,6045,6062,-1,6062,6045,6041,-1,6062,6041,6054,-1,6054,6041,6040,-1,6054,6040,6053,-1,6443,6444,6503,-1,6443,6503,6484,-1,6484,6503,6498,-1,6484,6498,6485,-1,6485,6498,6497,-1,6485,6497,6486,-1,6486,6497,6496,-1,6486,6496,6487,-1,6487,6496,6502,-1,6487,6502,6489,-1,6489,6502,6501,-1,6489,6501,6490,-1,6375,6374,6482,-1,6375,6482,6493,-1,6493,6482,6483,-1,6493,6483,6494,-1,6494,6483,6488,-1,6494,6488,6495,-1,6495,6488,6492,-1,6495,6492,6499,-1,6499,6492,6491,-1,6499,6491,6500,-1,6500,6491,6490,-1,6500,6490,6501,-1,6288,6287,6357,-1,6288,6357,6338,-1,6338,6357,6352,-1,6338,6352,6339,-1,6339,6352,6351,-1,6339,6351,6340,-1,6340,6351,6350,-1,6340,6350,6341,-1,6341,6350,6356,-1,6341,6356,6343,-1,6343,6356,6355,-1,6343,6355,6344,-1,6244,6245,6336,-1,6244,6336,6347,-1,6347,6336,6337,-1,6347,6337,6348,-1,6348,6337,6342,-1,6348,6342,6349,-1,6349,6342,6346,-1,6349,6346,6353,-1,6353,6346,6345,-1,6353,6345,6354,-1,6354,6345,6344,-1,6354,6344,6355,-1,6735,6736,6794,-1,6735,6794,6774,-1,6774,6794,6793,-1,6774,6793,6775,-1,6775,6793,6786,-1,6775,6786,6776,-1,6776,6786,6785,-1,6776,6785,6777,-1,6777,6785,6795,-1,6777,6795,6783,-1,6783,6795,6789,-1,6783,6789,6780,-1,6667,6666,6784,-1,6667,6784,6787,-1,6787,6784,6782,-1,6787,6782,6788,-1,6788,6782,6781,-1,6788,6781,6790,-1,6790,6781,6779,-1,6790,6779,6791,-1,6791,6779,6778,-1,6791,6778,6792,-1,6792,6778,6780,-1,6792,6780,6789,-1,6580,6579,6639,-1,6580,6639,6628,-1,6628,6639,6648,-1,6628,6648,6629,-1,6629,6648,6647,-1,6629,6647,6630,-1,6630,6647,6641,-1,6630,6641,6631,-1,6631,6641,6640,-1,6631,6640,6637,-1,6637,6640,6644,-1,6637,6644,6634,-1,6536,6537,6638,-1,6536,6638,6649,-1,6649,6638,6636,-1,6649,6636,6642,-1,6642,6636,6635,-1,6642,6635,6643,-1,6643,6635,6633,-1,6643,6633,6645,-1,6645,6633,6632,-1,6645,6632,6646,-1,6646,6632,6634,-1,6646,6634,6644,-1,7027,7028,7077,-1,7027,7077,7066,-1,7066,7077,7087,-1,7066,7087,7072,-1,7072,7087,7086,-1,7072,7086,7073,-1,7073,7086,7085,-1,7073,7085,7074,-1,7074,7085,7084,-1,7074,7084,7075,-1,7075,7084,7080,-1,7075,7080,7069,-1,6959,6958,7076,-1,6959,7076,7078,-1,7078,7076,7071,-1,7078,7071,7079,-1,7079,7071,7070,-1,7079,7070,7081,-1,7081,7070,7068,-1,7081,7068,7082,-1,7082,7068,7067,-1,7082,7067,7083,-1,7083,7067,7069,-1,7083,7069,7080,-1,6872,6871,6931,-1,6872,6931,6920,-1,6920,6931,6941,-1,6920,6941,6926,-1,6926,6941,6940,-1,6926,6940,6927,-1,6927,6940,6939,-1,6927,6939,6928,-1,6928,6939,6938,-1,6928,6938,6929,-1,6929,6938,6934,-1,6929,6934,6923,-1,6828,6829,6930,-1,6828,6930,6932,-1,6932,6930,6925,-1,6932,6925,6933,-1,6933,6925,6924,-1,6933,6924,6935,-1,6935,6924,6922,-1,6935,6922,6936,-1,6936,6922,6921,-1,6936,6921,6937,-1,6937,6921,6923,-1,6937,6923,6934,-1,7319,7320,7379,-1,7319,7379,7360,-1,7360,7379,7374,-1,7360,7374,7361,-1,7361,7374,7373,-1,7361,7373,7362,-1,7362,7373,7372,-1,7362,7372,7363,-1,7363,7372,7378,-1,7363,7378,7365,-1,7365,7378,7377,-1,7365,7377,7366,-1,7251,7250,7358,-1,7251,7358,7369,-1,7369,7358,7359,-1,7369,7359,7370,-1,7370,7359,7364,-1,7370,7364,7371,-1,7371,7364,7368,-1,7371,7368,7375,-1,7375,7368,7367,-1,7375,7367,7376,-1,7376,7367,7366,-1,7376,7366,7377,-1,7164,7163,7233,-1,7164,7233,7214,-1,7214,7233,7228,-1,7214,7228,7215,-1,7215,7228,7227,-1,7215,7227,7216,-1,7216,7227,7226,-1,7216,7226,7217,-1,7217,7226,7232,-1,7217,7232,7219,-1,7219,7232,7231,-1,7219,7231,7220,-1,7120,7121,7212,-1,7120,7212,7223,-1,7223,7212,7213,-1,7223,7213,7224,-1,7224,7213,7218,-1,7224,7218,7225,-1,7225,7218,7222,-1,7225,7222,7229,-1,7229,7222,7221,-1,7229,7221,7230,-1,7230,7221,7220,-1,7230,7220,7231,-1,7613,7614,7664,-1,7613,7664,7662,-1,7662,7664,7669,-1,7662,7669,7654,-1,7654,7669,7668,-1,7654,7668,7655,-1,7655,7668,7667,-1,7655,7667,7656,-1,7656,7667,7675,-1,7656,7675,7663,-1,7663,7675,7665,-1,7663,7665,7652,-1,7545,7544,7661,-1,7545,7661,7670,-1,7670,7661,7660,-1,7670,7660,7671,-1,7671,7660,7659,-1,7671,7659,7672,-1,7672,7659,7658,-1,7672,7658,7673,-1,7673,7658,7657,-1,7673,7657,7674,-1,7674,7657,7653,-1,7674,7653,7666,-1,7666,7653,7652,-1,7666,7652,7665,-1,7456,7455,7516,-1,7456,7516,7514,-1,7514,7516,7521,-1,7514,7521,7506,-1,7506,7521,7520,-1,7506,7520,7507,-1,7507,7520,7519,-1,7507,7519,7508,-1,7508,7519,7527,-1,7508,7527,7515,-1,7515,7527,7517,-1,7515,7517,7504,-1,7412,7413,7513,-1,7412,7513,7522,-1,7522,7513,7512,-1,7522,7512,7523,-1,7523,7512,7511,-1,7523,7511,7524,-1,7524,7511,7510,-1,7524,7510,7525,-1,7525,7510,7509,-1,7525,7509,7526,-1,7526,7509,7505,-1,7526,7505,7518,-1,7518,7505,7504,-1,7518,7504,7517,-1,7909,7910,7960,-1,7909,7960,7958,-1,7958,7960,7965,-1,7958,7965,7950,-1,7950,7965,7964,-1,7950,7964,7951,-1,7951,7964,7963,-1,7951,7963,7952,-1,7952,7963,7971,-1,7952,7971,7959,-1,7959,7971,7961,-1,7959,7961,7948,-1,7841,7840,7957,-1,7841,7957,7966,-1,7966,7957,7956,-1,7966,7956,7967,-1,7967,7956,7955,-1,7967,7955,7968,-1,7968,7955,7954,-1,7968,7954,7969,-1,7969,7954,7953,-1,7969,7953,7970,-1,7970,7953,7949,-1,7970,7949,7962,-1,7962,7949,7948,-1,7962,7948,7961,-1,7752,7751,7812,-1,7752,7812,7810,-1,7810,7812,7817,-1,7810,7817,7802,-1,7802,7817,7816,-1,7802,7816,7803,-1,7803,7816,7815,-1,7803,7815,7804,-1,7804,7815,7823,-1,7804,7823,7811,-1,7811,7823,7813,-1,7811,7813,7800,-1,7708,7709,7809,-1,7708,7809,7818,-1,7818,7809,7808,-1,7818,7808,7819,-1,7819,7808,7807,-1,7819,7807,7820,-1,7820,7807,7806,-1,7820,7806,7821,-1,7821,7806,7805,-1,7821,7805,7822,-1,7822,7805,7801,-1,7822,7801,7814,-1,7814,7801,7800,-1,7814,7800,7813,-1,8203,8204,8255,-1,8203,8255,8248,-1,8248,8255,8263,-1,8248,8263,8249,-1,8249,8263,8262,-1,8249,8262,8242,-1,8242,8262,8261,-1,8242,8261,8243,-1,8243,8261,8259,-1,8243,8259,8245,-1,8245,8259,8258,-1,8245,8258,8246,-1,8135,8134,8244,-1,8135,8244,8260,-1,8260,8244,8252,-1,8260,8252,8256,-1,8256,8252,8251,-1,8256,8251,8253,-1,8253,8251,8250,-1,8253,8250,8254,-1,8254,8250,8247,-1,8254,8247,8257,-1,8257,8247,8246,-1,8257,8246,8258,-1,8048,8047,8109,-1,8048,8109,8102,-1,8102,8109,8117,-1,8102,8117,8103,-1,8103,8117,8116,-1,8103,8116,8096,-1,8096,8116,8115,-1,8096,8115,8097,-1,8097,8115,8113,-1,8097,8113,8099,-1,8099,8113,8112,-1,8099,8112,8100,-1,8004,8005,8098,-1,8004,8098,8114,-1,8114,8098,8106,-1,8114,8106,8110,-1,8110,8106,8105,-1,8110,8105,8107,-1,8107,8105,8104,-1,8107,8104,8108,-1,8108,8104,8101,-1,8108,8101,8111,-1,8111,8101,8100,-1,8111,8100,8112,-1,8495,8496,8547,-1,8495,8547,8540,-1,8540,8547,8555,-1,8540,8555,8541,-1,8541,8555,8554,-1,8541,8554,8534,-1,8534,8554,8553,-1,8534,8553,8535,-1,8535,8553,8551,-1,8535,8551,8537,-1,8537,8551,8550,-1,8537,8550,8538,-1,8427,8426,8536,-1,8427,8536,8552,-1,8552,8536,8544,-1,8552,8544,8548,-1,8548,8544,8543,-1,8548,8543,8545,-1,8545,8543,8542,-1,8545,8542,8546,-1,8546,8542,8539,-1,8546,8539,8549,-1,8549,8539,8538,-1,8549,8538,8550,-1,8340,8339,8401,-1,8340,8401,8394,-1,8394,8401,8409,-1,8394,8409,8395,-1,8395,8409,8408,-1,8395,8408,8388,-1,8388,8408,8407,-1,8388,8407,8389,-1,8389,8407,8405,-1,8389,8405,8391,-1,8391,8405,8404,-1,8391,8404,8392,-1,8296,8297,8390,-1,8296,8390,8406,-1,8406,8390,8398,-1,8406,8398,8402,-1,8402,8398,8397,-1,8402,8397,8399,-1,8399,8397,8396,-1,8399,8396,8400,-1,8400,8396,8393,-1,8400,8393,8403,-1,8403,8393,8392,-1,8403,8392,8404,-1,8787,8788,8839,-1,8787,8839,8832,-1,8832,8839,8847,-1,8832,8847,8833,-1,8833,8847,8846,-1,8833,8846,8826,-1,8826,8846,8845,-1,8826,8845,8827,-1,8827,8845,8843,-1,8827,8843,8829,-1,8829,8843,8842,-1,8829,8842,8830,-1,8719,8718,8828,-1,8719,8828,8844,-1,8844,8828,8836,-1,8844,8836,8840,-1,8840,8836,8835,-1,8840,8835,8837,-1,8837,8835,8834,-1,8837,8834,8838,-1,8838,8834,8831,-1,8838,8831,8841,-1,8841,8831,8830,-1,8841,8830,8842,-1,8632,8631,8693,-1,8632,8693,8686,-1,8686,8693,8701,-1,8686,8701,8687,-1,8687,8701,8700,-1,8687,8700,8680,-1,8680,8700,8699,-1,8680,8699,8681,-1,8681,8699,8697,-1,8681,8697,8683,-1,8683,8697,8696,-1,8683,8696,8684,-1,8588,8589,8682,-1,8588,8682,8698,-1,8698,8682,8690,-1,8698,8690,8694,-1,8694,8690,8689,-1,8694,8689,8691,-1,8691,8689,8688,-1,8691,8688,8692,-1,8692,8688,8685,-1,8692,8685,8695,-1,8695,8685,8684,-1,8695,8684,8696,-1,9079,9080,9131,-1,9079,9131,9124,-1,9124,9131,9139,-1,9124,9139,9125,-1,9125,9139,9138,-1,9125,9138,9118,-1,9118,9138,9137,-1,9118,9137,9119,-1,9119,9137,9135,-1,9119,9135,9121,-1,9121,9135,9134,-1,9121,9134,9122,-1,9011,9010,9120,-1,9011,9120,9136,-1,9136,9120,9128,-1,9136,9128,9132,-1,9132,9128,9127,-1,9132,9127,9129,-1,9129,9127,9126,-1,9129,9126,9130,-1,9130,9126,9123,-1,9130,9123,9133,-1,9133,9123,9122,-1,9133,9122,9134,-1,8924,8923,8985,-1,8924,8985,8978,-1,8978,8985,8993,-1,8978,8993,8979,-1,8979,8993,8992,-1,8979,8992,8972,-1,8972,8992,8991,-1,8972,8991,8973,-1,8973,8991,8989,-1,8973,8989,8975,-1,8975,8989,8988,-1,8975,8988,8976,-1,8880,8881,8974,-1,8880,8974,8990,-1,8990,8974,8982,-1,8990,8982,8986,-1,8986,8982,8981,-1,8986,8981,8983,-1,8983,8981,8980,-1,8983,8980,8984,-1,8984,8980,8977,-1,8984,8977,8987,-1,8987,8977,8976,-1,8987,8976,8988,-1,9371,9372,9421,-1,9371,9421,9411,-1,9411,9421,9425,-1,9411,9425,9412,-1,9412,9425,9426,-1,9412,9426,9413,-1,9413,9426,9431,-1,9413,9431,9419,-1,9419,9431,9429,-1,9419,9429,9416,-1,9416,9429,9428,-1,9416,9428,9417,-1,9303,9302,9410,-1,9303,9410,9422,-1,9422,9410,9414,-1,9422,9414,9423,-1,9423,9414,9415,-1,9423,9415,9424,-1,9424,9415,9420,-1,9424,9420,9430,-1,9430,9420,9418,-1,9430,9418,9427,-1,9427,9418,9417,-1,9427,9417,9428,-1,9216,9215,9275,-1,9216,9275,9265,-1,9265,9275,9279,-1,9265,9279,9266,-1,9266,9279,9280,-1,9266,9280,9267,-1,9267,9280,9285,-1,9267,9285,9273,-1,9273,9285,9283,-1,9273,9283,9270,-1,9270,9283,9282,-1,9270,9282,9271,-1,9172,9173,9264,-1,9172,9264,9276,-1,9276,9264,9268,-1,9276,9268,9277,-1,9277,9268,9269,-1,9277,9269,9278,-1,9278,9269,9274,-1,9278,9274,9284,-1,9284,9274,9272,-1,9284,9272,9281,-1,9281,9272,9271,-1,9281,9271,9282,-1,
        ]
    }
}
Shape{
    appearance Appearance {
        material  Material 	{
            diffuseColor 0.25098039215686274 0.25098039215686274 0.25098039215686274
            specularColor 0.12549019607843137 0.12549019607843137 0.12549019607843137
            ambientIntensity 0.2
            transparency 0
            shininess 0.5
        }
    }
    geometry IndexedFaceSet {
        ccw TRUE
        solid FALSE
        coord DEF co Coordinate {
            point [
                -1.6869 -0.1014 -1.5355, -1.6869 -0.1014 0.3937, -1.7629 -0.1365 -1.5355, -1.7882 -0.1445 0.3937, -1.7887 -0.142 -1.5355, -1.8728 -0.1599 -1.5355, -1.897 -0.1612 0.3937, -1.8969 -0.1588 -1.5355, -1.9851 -0.1549 -1.5355, -2.0065 -0.1506 0.3937, -2.0059 -0.1485 -1.5355, -2.0925 -0.1218 -1.5355, -2.1101 -0.1134 0.3937, -2.109 -0.1116 -1.5355, -2.1881 -0.0628 -1.5355, -2.2013 -0.0517 0.3937, -2.1999 -0.0504 -1.5355, -2.2658 0.0184 -1.5355, -2.2744 0.0305 0.3937, -2.2744 0.0305 -1.5355, -2.0355 0.5594 -1.7323, -1.9615 0.5821 -1.7323, -1.7393 0.0282 -1.7323, -1.8842 0.5856 -1.7323, -2.1014 0.5187 -1.7323, -1.8085 -0.0064 -1.7323, -1.8842 -0.0226 -1.7323, -1.9615 -0.0191 -1.7323, -2.0355 0.0036 -1.7323, -2.1014 0.0443 -1.7323, -1.6869 0.4902 -1.7323, -1.6869 0.0728 -1.7323, -1.7393 0.5347 -1.7323, -1.8085 0.5694 -1.7323, -2.2121 0.3202 -1.7323, -2.1926 0.3951 -1.7323, -2.2121 0.2428 -1.7323, -2.1926 0.1679 -1.7323, -2.1549 0.1003 -1.7323, -2.1549 0.4627 -1.7323, 6.8337 0.5233 -1.5355, 6.8337 0.5233 0.3937, 6.8915 0.5947 -1.5355, 6.9071 0.6095 0.3937, 6.9085 0.6077 -1.5355, 6.9833 0.6651 -1.5355, 7.0 0.6743 0.3937, 7.0008 0.6723 -1.5355, 7.0901 0.7093 -1.5355, 7.1063 0.7133 0.3937, 7.1066 0.7115 -1.5355, 7.2047 0.7244 -1.5355, 7.2191 0.7242 0.3937, 7.2189 0.7225 -1.5355, 7.3194 0.7093 -1.5355, 7.3309 0.7061 0.3937, 7.3303 0.7048 -1.5355, 7.4344 0.6602 0.3937, 7.5229 0.5896 0.3937, 7.5222 0.589 -1.5355, 7.5179 0.5947 -1.5355, 7.4337 0.6593 -1.5355, 7.4262 0.6651 -1.5355, 7.6329 0.3938 -1.5355, 7.6325 0.3961 -1.5355, 7.5907 0.4988 0.3937, 7.5901 0.4986 -1.5355, 7.5883 0.503 -1.5355, 7.6332 0.3938 0.3937, 7.6476 0.2815 0.3937, 7.6476 0.2815 -1.5355, 7.6332 0.1692 0.3937, 7.6329 0.1692 -1.5355, 7.6325 0.1669 -1.5355, 7.5907 0.0642 0.3937, 7.5901 0.0644 -1.5355, 7.5883 0.06 -1.5355, 7.5229 -0.0266 0.3937, 7.5222 -0.026 -1.5355, 7.5179 -0.0317 -1.5355, 7.4344 -0.0972 0.3937, 7.4337 -0.0963 -1.5355, 7.4262 -0.1021 -1.5355, 7.3309 -0.1431 0.3937, 7.3303 -0.1418 -1.5355, 7.3194 -0.1463 -1.5355, 7.2191 -0.1612 0.3937, 7.2189 -0.1596 -1.5355, 7.2047 -0.1614 -1.5355, 7.1063 -0.1504 0.3937, 7.1066 -0.1485 -1.5355, 7.0901 -0.1463 -1.5355, 7.0 -0.1113 0.3937, 7.0008 -0.1094 -1.5355, 6.9833 -0.1021 -1.5355, 6.9071 -0.0465 0.3937, 6.9085 -0.0447 -1.5355, 6.8915 -0.0317 -1.5355, 6.8337 0.0397 0.3937, 6.8337 0.0397 -1.5355, 7.469 0.4341 -1.7323, 7.4994 0.3605 -1.7323, 7.2047 0.2815 -1.7323, 7.5098 0.2815 -1.7323, 7.4994 0.2025 -1.7323, 7.2837 0.5762 -1.7323, 7.3573 0.5457 -1.7323, 7.4205 0.4972 -1.7323, 7.0522 0.5457 -1.7323, 7.1258 0.5762 -1.7323, 7.2047 0.5866 -1.7323, 6.91 0.3605 -1.7323, 6.9405 0.4341 -1.7323, 6.989 0.4972 -1.7323, 6.9405 0.1289 -1.7323, 6.91 0.2025 -1.7323, 6.8996 0.2815 -1.7323, 7.1258 -0.0132 -1.7323, 7.0522 0.0173 -1.7323, 6.989 0.0657 -1.7323, 7.3573 0.0173 -1.7323, 7.2837 -0.0132 -1.7323, 7.2047 -0.0236 -1.7323, 7.469 0.1289 -1.7323, 7.4205 0.0657 -1.7323, 6.8337 0.3321 -1.6332, 6.8337 0.3809 -1.6194, 6.8337 0.4957 -1.5561, 6.8337 0.4401 -1.5917, 6.8337 0.2815 -1.6381, 6.8337 0.2309 -1.6332, 6.8337 0.1821 -1.6194, 6.8337 0.066 -1.5533, 6.8337 0.1224 -1.5914, -1.6869 0.6245 -1.5806, -1.6869 -0.0616 -1.5806, -2.2744 0.3282 -1.6426, -2.2744 0.5325 -1.5355, -2.2744 0.4279 -1.6064, -2.2744 0.3796 -1.6283, -2.2744 0.1836 -1.6284, -2.2744 0.2348 -1.6426, -2.2744 0.2817 -1.6468, -2.2744 0.135 -1.6064, -2.2658 0.5446 -1.5355, -2.1999 0.6134 -1.5355, -2.1881 0.6258 -1.5355, -2.109 0.6746 -1.5355, -2.0925 0.6848 -1.5355, -2.0059 0.7115 -1.5355, -1.9851 0.7179 -1.5355, -1.8969 0.7218 -1.5355, -1.6869 0.6644 -1.5355, -1.7629 0.6995 -1.5355, -1.7887 0.705 -1.5355, -1.8728 0.7229 -1.5355, -1.6869 0.2815 0.3937, -1.6869 0.6644 0.3937, -2.2744 0.2815 0.3937, -2.2744 0.5325 0.3937, 6.8337 0.2815 0.3937, 6.8337 0.2815 0.3937
            ]
        }
        coordIndex [
            0,1,2,-1,2,1,3,-1,2,3,4,-1,4,3,5,-1,5,3,6,-1,5,6,7,-1,7,6,8,-1,8,6,9,-1,8,9,10,-1,10,9,11,-1,11,9,12,-1,11,12,13,-1,13,12,14,-1,14,12,15,-1,14,15,16,-1,16,15,17,-1,17,15,18,-1,17,18,19,-1,20,21,22,-1,22,21,23,-1,20,22,24,-1,24,22,25,-1,24,25,26,-1,26,27,24,-1,24,27,28,-1,24,28,29,-1,30,31,32,-1,32,31,22,-1,32,22,33,-1,33,22,23,-1,34,35,36,-1,36,35,37,-1,29,38,24,-1,24,38,37,-1,24,37,39,-1,39,37,35,-1,40,41,42,-1,42,41,43,-1,42,43,44,-1,44,43,45,-1,45,43,46,-1,45,46,47,-1,47,46,48,-1,48,46,49,-1,48,49,50,-1,50,49,51,-1,51,49,52,-1,51,52,53,-1,53,52,54,-1,54,52,55,-1,54,55,56,-1,57,58,59,-1,59,60,57,-1,57,60,61,-1,57,61,55,-1,55,61,62,-1,55,62,56,-1,63,64,65,-1,65,64,66,-1,65,66,58,-1,58,66,67,-1,58,67,59,-1,65,68,63,-1,63,68,69,-1,63,69,70,-1,70,69,71,-1,70,71,72,-1,72,71,73,-1,73,71,74,-1,73,74,75,-1,75,74,76,-1,76,74,77,-1,76,77,78,-1,78,77,79,-1,79,77,80,-1,79,80,81,-1,81,80,82,-1,82,80,83,-1,82,83,84,-1,84,83,85,-1,85,83,86,-1,85,86,87,-1,87,86,88,-1,88,86,89,-1,88,89,90,-1,90,89,91,-1,91,89,92,-1,91,92,93,-1,93,92,94,-1,94,92,95,-1,94,95,96,-1,96,95,97,-1,97,95,98,-1,97,98,99,-1,100,101,102,-1,102,101,103,-1,102,103,104,-1,105,106,102,-1,102,106,107,-1,102,107,100,-1,108,109,102,-1,102,109,110,-1,102,110,105,-1,111,112,102,-1,102,112,113,-1,102,113,108,-1,114,115,102,-1,102,115,116,-1,102,116,111,-1,117,118,102,-1,102,118,119,-1,102,119,114,-1,120,121,102,-1,102,121,122,-1,102,122,117,-1,104,123,102,-1,102,123,124,-1,102,124,120,-1,125,126,111,-1,127,40,42,-1,113,112,127,-1,111,126,112,-1,112,126,128,-1,112,128,127,-1,125,111,129,-1,129,111,116,-1,129,116,130,-1,130,116,115,-1,130,115,131,-1,97,99,132,-1,131,115,133,-1,133,115,114,-1,133,114,132,-1,132,114,119,-1,132,119,97,-1,123,104,73,-1,73,75,123,-1,123,75,76,-1,123,76,124,-1,76,78,124,-1,124,78,79,-1,124,79,120,-1,79,81,120,-1,120,81,82,-1,120,82,121,-1,82,84,121,-1,121,84,85,-1,121,85,122,-1,85,87,122,-1,122,87,88,-1,122,88,117,-1,88,90,117,-1,117,90,91,-1,117,91,118,-1,91,93,118,-1,118,93,94,-1,118,94,119,-1,119,94,96,-1,119,96,97,-1,127,42,113,-1,113,42,44,-1,113,44,108,-1,44,45,108,-1,108,45,47,-1,108,47,109,-1,47,48,109,-1,109,48,50,-1,109,50,110,-1,50,51,110,-1,110,51,53,-1,110,53,105,-1,53,54,105,-1,105,54,56,-1,105,56,106,-1,56,62,106,-1,106,62,61,-1,106,61,107,-1,61,60,107,-1,107,60,59,-1,107,59,100,-1,59,67,100,-1,100,67,66,-1,100,66,101,-1,66,64,101,-1,101,64,63,-1,101,63,103,-1,103,63,70,-1,103,70,104,-1,104,70,72,-1,104,72,73,-1,134,32,33,-1,32,134,30,-1,135,22,31,-1,135,0,2,-1,22,135,25,-1,35,34,136,-1,137,39,138,-1,138,39,35,-1,138,35,139,-1,139,35,136,-1,37,140,36,-1,36,140,141,-1,36,141,34,-1,34,141,142,-1,34,142,136,-1,38,19,37,-1,37,19,143,-1,37,143,140,-1,135,2,25,-1,25,2,4,-1,25,4,26,-1,4,5,26,-1,26,5,7,-1,26,7,27,-1,7,8,27,-1,27,8,10,-1,27,10,28,-1,10,11,28,-1,28,11,13,-1,28,13,29,-1,13,14,29,-1,29,14,16,-1,29,16,38,-1,38,16,17,-1,38,17,19,-1,137,144,39,-1,39,144,145,-1,39,145,24,-1,145,146,24,-1,24,146,147,-1,24,147,20,-1,147,148,20,-1,20,148,149,-1,20,149,21,-1,149,150,21,-1,21,150,151,-1,21,151,23,-1,152,134,153,-1,153,134,33,-1,153,33,154,-1,154,33,23,-1,154,23,155,-1,155,23,151,-1,1,0,156,-1,156,0,135,-1,152,157,134,-1,134,157,156,-1,134,156,30,-1,30,156,135,-1,30,135,31,-1,139,136,158,-1,158,136,142,-1,158,142,141,-1,19,18,143,-1,143,18,158,-1,143,158,140,-1,140,158,141,-1,159,137,158,-1,158,137,138,-1,158,138,139,-1,41,40,127,-1,132,99,98,-1,98,160,132,-1,132,160,41,-1,132,41,133,-1,133,41,131,-1,127,128,41,-1,41,128,126,-1,41,126,125,-1,125,129,41,-1,41,129,130,-1,41,130,131,-1,
        ]
    }
}
Shape{
    appearance Appearance {
        material  Material 	{
            diffuseColor 1.0 1.0 1.0
            specularColor 0.5019607843137255 0.5019607843137255 0.5019607843137255
            ambientIntensity 0.2
            transparency 0
            shininess 0.5
        }
    }
    geometry IndexedFaceSet {
        ccw TRUE
        solid FALSE
        coord DEF co Coordinate {
            point [
                0.0343 -0.9724 1.9278, 0.0343 -0.9724 1.9034, 0.0343 -0.9685 1.9278, 0.0343 -0.9685 1.9034, -0.0508 -0.9724 1.9278, -0.0508 -0.9685 1.9278, -0.0508 -0.9724 2.117, -0.0508 -0.9685 2.117, -0.0783 -0.9724 2.117, -0.0783 -0.9685 2.117, -0.0783 -0.9724 1.9034, -0.0783 -0.9685 1.9034, 0.1763 -0.9724 1.9029, 0.1438 -0.9724 1.8998, 0.1626 -0.9685 1.9016, 0.1438 -0.9685 1.8998, 0.1763 -0.9685 1.9029, 0.1992 -0.9685 1.9105, 0.1992 -0.9724 1.9105, 0.2029 -0.9685 1.9123, 0.2029 -0.9724 1.9123, 0.2029 -0.9724 1.9387, 0.2029 -0.9685 1.9387, 0.1835 -0.9685 1.9298, 0.1835 -0.9724 1.9298, 0.1596 -0.9685 1.9249, 0.1596 -0.9724 1.9249, 0.1477 -0.9685 1.9244, 0.1477 -0.9724 1.9244, 0.1267 -0.9685 1.9269, 0.1267 -0.9724 1.9269, 0.1114 -0.9685 1.9327, 0.1114 -0.9724 1.9327, 0.0974 -0.9685 1.9424, 0.0974 -0.9724 1.9424, 0.0929 -0.9685 1.9469, 0.0929 -0.9724 1.9469, 0.0821 -0.9685 1.9621, 0.0821 -0.9724 1.9621, 0.0753 -0.9685 1.9795, 0.0753 -0.9724 1.9795, 0.0719 -0.9685 2.0057, 0.0719 -0.9724 2.0057, 0.0719 -0.9685 2.0078, 0.0719 -0.9724 2.0078, 0.0744 -0.9685 2.0329, 0.0744 -0.9724 2.0329, 0.081 -0.9685 2.0524, 0.081 -0.9724 2.0524, 0.0907 -0.9685 2.0678, 0.0907 -0.9724 2.0678, 0.0944 -0.9685 2.072, 0.0944 -0.9724 2.072, 0.1094 -0.9685 2.0843, 0.1094 -0.9724 2.0843, 0.1263 -0.9685 2.0919, 0.1263 -0.9724 2.0919, 0.1449 -0.9685 2.0954, 0.1449 -0.9724 2.0954, 0.1525 -0.9685 2.0957, 0.1525 -0.9724 2.0957, 0.1762 -0.9685 2.0932, 0.1762 -0.9724 2.0932, 0.1981 -0.9685 2.0855, 0.1981 -0.9724 2.0855, 0.2029 -0.9685 2.083, 0.2029 -0.9724 2.083, 0.2029 -0.9724 2.1118, 0.2029 -0.9685 2.1118, 0.1523 -0.9685 2.1206, 0.1523 -0.9724 2.1206, 0.1553 -0.9724 2.1205, 0.1828 -0.9685 2.1179, 0.1828 -0.9724 2.1179, 0.1738 -0.9685 2.1188, 0.1553 -0.9685 2.1205, 0.1373 -0.9685 2.1188, 0.1217 -0.9724 2.1169, 0.1217 -0.9685 2.1169, 0.0993 -0.9685 2.1083, 0.0993 -0.9724 2.1083, 0.0786 -0.9685 2.0937, 0.0786 -0.9724 2.0937, 0.0738 -0.9685 2.0891, 0.0738 -0.9724 2.0891, 0.0598 -0.9685 2.0713, 0.0526 -0.9685 2.0555, 0.0491 -0.9724 2.0479, 0.0598 -0.9724 2.0713, 0.0491 -0.9685 2.0479, 0.0436 -0.9685 2.0207, 0.0436 -0.9724 2.0207, 0.043 -0.9685 2.0062, 0.043 -0.9724 2.0062, 0.0471 -0.9685 1.9718, 0.0526 -0.9685 1.9577, 0.0557 -0.9724 1.9494, 0.0471 -0.9724 1.9718, 0.0557 -0.9685 1.9494, 0.0684 -0.9685 1.9312, 0.0684 -0.9724 1.9312, 0.0704 -0.9685 1.929, 0.0704 -0.9724 1.929, 0.1067 -0.9685 1.9056, 0.0866 -0.9724 1.9153, 0.0866 -0.9685 1.9153, 0.1247 -0.9685 1.9016, 0.1296 -0.9724 1.9006, 0.1067 -0.9724 1.9056, 0.1296 -0.9685 1.9006, 0.3604 -0.9724 1.9278, 0.3604 -0.9724 1.9034, 0.3604 -0.9685 1.9278, 0.3604 -0.9685 1.9034, 0.2732 -0.9685 1.9278, 0.2732 -0.9724 1.9278, 0.3308 -0.9685 1.9278, 0.2732 -0.9724 1.9996, 0.2732 -0.9685 1.9996, 0.3495 -0.9685 1.9996, 0.3495 -0.9724 1.9996, 0.3308 -0.9685 1.9996, 0.3495 -0.9724 2.0241, 0.3495 -0.9685 2.0241, 0.2732 -0.9685 2.0241, 0.2732 -0.9724 2.0241, 0.3308 -0.9685 2.0241, 0.2732 -0.9724 2.0924, 0.2732 -0.9685 2.0924, 0.3556 -0.9685 2.0924, 0.3556 -0.9724 2.0924, 0.3308 -0.9685 2.0924, 0.3556 -0.9724 2.117, 0.3556 -0.9685 2.117, 0.2456 -0.9685 2.117, 0.2456 -0.9724 2.117, 0.3308 -0.9685 2.117, 0.2456 -0.9724 1.9034, 0.2456 -0.9685 1.9034, 0.3308 -0.9685 1.9034, 0.4876 -0.9724 2.0895, 0.4657 -0.9724 2.1169, 0.4606 -0.9724 2.0924, 0.4617 -0.9724 2.117, 0.4283 -0.9724 2.0924, 0.4008 -0.9724 2.117, 0.4283 -0.9724 1.9278, 0.4008 -0.9724 1.9034, 0.4593 -0.9724 1.9278, 0.4595 -0.9724 1.9034, 0.4847 -0.9724 1.9303, 0.4954 -0.9724 1.9077, 0.5034 -0.9724 1.9366, 0.5198 -0.9724 1.9172, 0.5178 -0.9724 1.9456, 0.5424 -0.9724 1.9333, 0.5228 -0.9724 1.95, 0.534 -0.9724 1.9641, 0.557 -0.9724 1.9504, 0.5411 -0.9724 1.9801, 0.5681 -0.9724 1.9722, 0.5451 -0.9724 2.0, 0.5737 -0.9724 1.9968, 0.5456 -0.9724 2.0122, 0.5746 -0.9724 2.0129, 0.5431 -0.9724 2.0362, 0.5721 -0.9724 2.0379, 0.5374 -0.9724 2.0525, 0.565 -0.9724 2.0591, 0.5295 -0.9724 2.0649, 0.5524 -0.9724 2.0785, 0.5222 -0.9724 2.0723, 0.5424 -0.9724 2.0887, 0.5062 -0.9724 2.0829, 0.5233 -0.9724 2.1022, 0.498 -0.9724 2.1124, 0.4595 -0.9685 1.9034, 0.4008 -0.9685 1.9034, 0.5424 -0.9685 1.9333, 0.4954 -0.9685 1.9077, 0.4986 -0.9685 1.909, 0.5198 -0.9685 1.9172, 0.557 -0.9685 1.9504, 0.5681 -0.9685 1.9722, 0.5737 -0.9685 1.9968, 0.5746 -0.9685 2.0129, 0.5721 -0.9685 2.0379, 0.565 -0.9685 2.0591, 0.5524 -0.9685 2.0785, 0.5424 -0.9685 2.0887, 0.5233 -0.9685 2.1022, 0.4986 -0.9685 2.1122, 0.498 -0.9685 2.1124, 0.4657 -0.9685 2.1169, 0.4617 -0.9685 2.117, 0.4008 -0.9685 2.117, 0.4606 -0.9685 2.0924, 0.4283 -0.9685 2.0924, 0.4283 -0.9685 1.9278, 0.4593 -0.9685 1.9278, 0.5228 -0.9685 1.95, 0.5178 -0.9685 1.9456, 0.5034 -0.9685 1.9366, 0.4847 -0.9685 1.9303, 0.5456 -0.9685 2.0122, 0.5451 -0.9685 2.0, 0.5411 -0.9685 1.9801, 0.534 -0.9685 1.9641, 0.5222 -0.9685 2.0723, 0.5295 -0.9685 2.0649, 0.5374 -0.9685 2.0525, 0.5431 -0.9685 2.0362, 0.4876 -0.9685 2.0895, 0.5062 -0.9685 2.0829, 0.5062 -0.9685 2.0829
            ]
        }
        coordIndex [
            0,1,2,-1,2,1,3,-1,4,0,5,-1,5,0,2,-1,6,4,7,-1,7,4,5,-1,8,6,9,-1,9,6,7,-1,10,8,11,-1,11,8,9,-1,1,10,3,-1,3,10,11,-1,6,8,4,-1,4,8,10,-1,4,10,0,-1,0,10,1,-1,12,13,14,-1,14,13,15,-1,14,16,12,-1,12,16,17,-1,12,17,18,-1,18,17,19,-1,18,19,20,-1,21,20,22,-1,22,20,19,-1,21,22,23,-1,21,23,24,-1,24,23,25,-1,24,25,26,-1,26,25,27,-1,26,27,28,-1,28,27,29,-1,28,29,30,-1,30,29,31,-1,30,31,32,-1,32,31,33,-1,32,33,34,-1,34,33,35,-1,34,35,36,-1,36,35,37,-1,36,37,38,-1,38,37,39,-1,38,39,40,-1,40,39,41,-1,40,41,42,-1,42,41,43,-1,42,43,44,-1,44,43,45,-1,44,45,46,-1,46,45,47,-1,46,47,48,-1,48,47,49,-1,48,49,50,-1,50,49,51,-1,50,51,52,-1,52,51,53,-1,52,53,54,-1,54,53,55,-1,54,55,56,-1,56,55,57,-1,56,57,58,-1,58,57,59,-1,58,59,60,-1,60,59,61,-1,60,61,62,-1,62,61,63,-1,62,63,64,-1,64,63,65,-1,64,65,66,-1,67,66,68,-1,68,66,65,-1,69,70,71,-1,67,68,72,-1,67,72,73,-1,73,72,74,-1,73,74,71,-1,71,74,75,-1,71,75,69,-1,70,69,76,-1,70,76,77,-1,76,78,77,-1,77,78,79,-1,77,79,80,-1,80,79,81,-1,80,81,82,-1,82,81,83,-1,82,83,84,-1,84,83,85,-1,86,87,85,-1,85,87,88,-1,85,88,84,-1,86,89,87,-1,87,89,90,-1,87,90,91,-1,91,90,92,-1,91,92,93,-1,93,92,94,-1,95,96,94,-1,94,96,97,-1,94,97,93,-1,95,98,96,-1,96,98,99,-1,96,99,100,-1,100,99,101,-1,100,101,102,-1,103,104,105,-1,105,104,102,-1,105,102,101,-1,106,107,103,-1,103,107,108,-1,103,108,104,-1,106,109,107,-1,107,109,15,-1,107,15,13,-1,64,66,67,-1,54,56,77,-1,38,40,97,-1,46,48,88,-1,77,56,70,-1,64,67,62,-1,97,40,93,-1,88,48,84,-1,56,58,70,-1,70,58,60,-1,70,60,71,-1,71,60,62,-1,71,62,73,-1,73,62,67,-1,77,80,54,-1,54,80,82,-1,54,82,52,-1,52,82,84,-1,52,84,50,-1,50,84,48,-1,97,96,38,-1,38,96,100,-1,38,100,36,-1,36,100,102,-1,36,102,34,-1,34,102,104,-1,34,104,32,-1,32,104,108,-1,32,108,30,-1,30,108,107,-1,30,107,28,-1,28,107,13,-1,28,13,26,-1,26,13,12,-1,26,12,24,-1,24,12,18,-1,24,18,21,-1,21,18,20,-1,40,42,93,-1,93,42,44,-1,93,44,91,-1,91,44,46,-1,91,46,87,-1,87,46,88,-1,110,111,112,-1,112,111,113,-1,114,115,116,-1,116,115,110,-1,116,110,112,-1,117,115,118,-1,118,115,114,-1,119,120,121,-1,121,120,117,-1,121,117,118,-1,122,120,123,-1,123,120,119,-1,124,125,126,-1,126,125,122,-1,126,122,123,-1,127,125,128,-1,128,125,124,-1,129,130,131,-1,131,130,127,-1,131,127,128,-1,132,130,133,-1,133,130,129,-1,134,135,136,-1,136,135,132,-1,136,132,133,-1,137,135,138,-1,138,135,134,-1,113,111,139,-1,139,111,137,-1,139,137,138,-1,137,111,110,-1,110,115,137,-1,137,115,117,-1,137,117,135,-1,130,132,127,-1,127,132,135,-1,127,135,125,-1,125,135,117,-1,125,117,122,-1,122,117,120,-1,140,141,142,-1,142,141,143,-1,142,143,144,-1,144,143,145,-1,144,145,146,-1,146,145,147,-1,146,147,148,-1,148,147,149,-1,148,149,150,-1,150,149,151,-1,150,151,152,-1,152,151,153,-1,152,153,154,-1,154,153,155,-1,154,155,156,-1,156,155,157,-1,157,155,158,-1,157,158,159,-1,159,158,160,-1,159,160,161,-1,161,160,162,-1,161,162,163,-1,163,162,164,-1,163,164,165,-1,165,164,166,-1,165,166,167,-1,167,166,168,-1,167,168,169,-1,169,168,170,-1,169,170,171,-1,171,170,172,-1,171,172,173,-1,173,172,174,-1,173,174,140,-1,140,174,175,-1,140,175,141,-1,149,147,176,-1,176,147,177,-1,178,155,153,-1,149,176,179,-1,149,179,151,-1,151,179,180,-1,151,180,153,-1,153,180,181,-1,153,181,178,-1,155,178,182,-1,155,182,158,-1,158,182,183,-1,158,183,160,-1,160,183,184,-1,160,184,162,-1,162,184,185,-1,162,185,164,-1,164,185,186,-1,164,186,166,-1,166,186,187,-1,166,187,168,-1,168,187,188,-1,168,188,170,-1,170,188,189,-1,170,189,172,-1,172,189,190,-1,172,190,174,-1,174,190,191,-1,174,191,175,-1,191,192,175,-1,175,192,193,-1,175,193,141,-1,141,193,194,-1,141,194,143,-1,145,143,195,-1,195,143,194,-1,147,145,177,-1,177,145,195,-1,142,144,196,-1,196,144,197,-1,144,146,197,-1,197,146,198,-1,146,148,198,-1,198,148,199,-1,156,200,201,-1,156,201,154,-1,154,201,202,-1,154,202,152,-1,152,202,203,-1,152,203,150,-1,150,203,199,-1,150,199,148,-1,163,204,205,-1,163,205,161,-1,161,205,206,-1,161,206,159,-1,159,206,207,-1,159,207,157,-1,157,207,200,-1,157,200,156,-1,171,208,209,-1,171,209,169,-1,169,209,210,-1,169,210,167,-1,167,210,211,-1,167,211,165,-1,165,211,204,-1,165,204,163,-1,142,196,212,-1,142,212,140,-1,140,212,213,-1,140,213,173,-1,173,213,208,-1,173,208,171,-1,
        ]
    }
}
Shape{
    appearance Appearance {
        material  Material 	{
            diffuseColor 0.25098039215686274 0.25098039215686274 0.25098039215686274
            specularColor 0.12549019607843137 0.12549019607843137 0.12549019607843137
            ambientIntensity 0.2
            transparency 0
            shininess 0.5
        }
    }
    geometry IndexedFaceSet {
        ccw TRUE
        solid FALSE
        coord DEF co Coordinate {
            point [
                0.4283 -0.9685 2.0924, 0.4283 -0.9685 1.9278, 0.4606 -0.9685 2.0924, 0.4593 -0.9685 1.9278, 0.4847 -0.9685 1.9303, 0.5034 -0.9685 1.9366, 0.5178 -0.9685 1.9456, 0.5228 -0.9685 1.95, 0.534 -0.9685 1.9641, 0.5411 -0.9685 1.9801, 0.5451 -0.9685 2.0, 0.5456 -0.9685 2.0122, 0.5431 -0.9685 2.0362, 0.5374 -0.9685 2.0525, 0.5295 -0.9685 2.0649, 0.5222 -0.9685 2.0723, 0.4876 -0.9685 2.0895, 0.5062 -0.9685 2.0829, 0.5062 -0.9685 2.0829
            ]
        }
        coordIndex [
            0,1,2,-1,2,1,3,-1,2,3,4,-1,4,5,2,-1,2,5,6,-1,2,6,7,-1,7,8,2,-1,2,8,9,-1,2,9,10,-1,10,11,2,-1,2,11,12,-1,2,12,13,-1,13,14,2,-1,2,14,15,-1,2,15,16,-1,16,15,17,-1,
        ]
    }
}
Shape{
    appearance Appearance {
        material  Material 	{
            diffuseColor 1.0 1.0 1.0
            specularColor 0.5019607843137255 0.5019607843137255 0.5019607843137255
            ambientIntensity 0.2
            transparency 0
            shininess 0.5
        }
    }
    geometry IndexedFaceSet {
        ccw TRUE
        solid FALSE
        coord DEF co Coordinate {
            point [
                0.6462 -0.9724 1.986, 0.6374 -0.9724 1.9618, 0.7178 -0.9724 1.986, 0.7263 -0.9724 1.9618, 0.6781 -0.9724 2.0747, 0.6678 -0.9724 2.117, 0.5865 -0.9724 1.9034, 0.6169 -0.9724 1.9034, 0.6799 -0.9724 2.0811, 0.6816 -0.9724 2.0897, 0.6973 -0.9724 2.117, 0.6822 -0.9724 2.0897, 0.684 -0.9724 2.0806, 0.6856 -0.9724 2.0747, 0.7786 -0.9724 1.9034, 0.7481 -0.9724 1.9034, 0.6973 -0.9685 2.117, 0.7786 -0.9685 1.9034, 0.6678 -0.9685 2.117, 0.5865 -0.9685 1.9034, 0.648 -0.9685 2.065, 0.6169 -0.9685 1.9034, 0.6374 -0.9685 1.9618, 0.7263 -0.9685 1.9618, 0.648 -0.9685 1.9618, 0.7481 -0.9685 1.9034, 0.6462 -0.9685 1.986, 0.7178 -0.9685 1.986, 0.6856 -0.9685 2.0747, 0.6822 -0.9685 2.0897, 0.684 -0.9685 2.0806, 0.6816 -0.9685 2.0897, 0.6781 -0.9685 2.0747, 0.6799 -0.9685 2.0811, 0.6799 -0.9685 2.0811
            ]
        }
        coordIndex [
            0,1,2,-1,2,1,3,-1,4,5,0,-1,0,5,6,-1,0,6,1,-1,1,6,7,-1,4,8,5,-1,5,8,9,-1,5,9,10,-1,10,9,11,-1,10,11,12,-1,12,13,10,-1,10,13,2,-1,10,2,14,-1,14,2,3,-1,14,3,15,-1,10,14,16,-1,16,14,17,-1,5,10,18,-1,18,10,16,-1,19,6,20,-1,20,6,5,-1,20,5,18,-1,7,6,21,-1,21,6,19,-1,1,7,22,-1,22,7,21,-1,23,3,24,-1,24,3,1,-1,24,1,22,-1,15,3,25,-1,25,3,23,-1,14,15,17,-1,17,15,25,-1,0,2,26,-1,26,2,27,-1,2,13,27,-1,27,13,28,-1,11,29,30,-1,11,30,12,-1,12,30,28,-1,12,28,13,-1,11,9,29,-1,29,9,31,-1,4,32,33,-1,4,33,8,-1,8,33,31,-1,8,31,9,-1,4,0,32,-1,32,0,26,-1,
        ]
    }
}
Shape{
    appearance Appearance {
        material  Material 	{
            diffuseColor 0.25098039215686274 0.25098039215686274 0.25098039215686274
            specularColor 0.12549019607843137 0.12549019607843137 0.12549019607843137
            ambientIntensity 0.2
            transparency 0
            shininess 0.5
        }
    }
    geometry IndexedFaceSet {
        ccw TRUE
        solid FALSE
        coord DEF co Coordinate {
            point [
                0.6822 -0.9685 2.0897, 0.6816 -0.9685 2.0897, 0.684 -0.9685 2.0806, 0.6799 -0.9685 2.0811, 0.6856 -0.9685 2.0747, 0.6781 -0.9685 2.0747, 0.7178 -0.9685 1.986, 0.6462 -0.9685 1.986, 0.6462 -0.9685 1.986
            ]
        }
        coordIndex [
            0,1,2,-1,2,1,3,-1,2,3,4,-1,4,3,5,-1,4,5,6,-1,6,5,7,-1,
        ]
    }
}
Shape{
    appearance Appearance {
        material  Material 	{
            diffuseColor 1.0 1.0 1.0
            specularColor 0.5019607843137255 0.5019607843137255 0.5019607843137255
            ambientIntensity 0.2
            transparency 0
            shininess 0.5
        }
    }
    geometry IndexedFaceSet {
        ccw TRUE
        solid FALSE
        coord DEF co Coordinate {
            point [
                0.0365 -0.9724 1.5891, 0.0365 -0.9724 1.5647, 0.0365 -0.9685 1.5891, 0.0365 -0.9685 1.5647, -0.0508 -0.9724 1.5891, -0.0508 -0.9685 1.5891, -0.0508 -0.9724 1.6609, -0.0508 -0.9685 1.6609, 0.0256 -0.9724 1.6609, 0.0256 -0.9685 1.6609, 0.0256 -0.9724 1.6853, 0.0256 -0.9685 1.6853, -0.0508 -0.9724 1.6853, -0.0508 -0.9685 1.6853, -0.0508 -0.9724 1.7537, -0.0508 -0.9685 1.7537, 0.0316 -0.9724 1.7537, 0.0316 -0.9685 1.7537, 0.0316 -0.9724 1.7782, 0.0316 -0.9685 1.7782, -0.0783 -0.9724 1.7782, -0.0783 -0.9685 1.7782, -0.0783 -0.9724 1.5647, -0.0783 -0.9685 1.5647, 0.1572 -0.9724 1.5883, 0.1579 -0.9724 1.5883, 0.1561 -0.9724 1.6129, 0.1579 -0.9724 1.6248, 0.1846 -0.9724 1.6628, 0.1579 -0.9724 1.6266, 0.1579 -0.9724 1.6412, 0.1579 -0.9724 1.5647, 0.1846 -0.9724 1.5647, 0.0911 -0.9724 1.6498, 0.1 -0.9724 1.6298, 0.1065 -0.9724 1.6328, 0.1522 -0.9724 1.6034, 0.1464 -0.9724 1.5955, 0.153 -0.9724 1.5819, 0.1431 -0.9724 1.5922, 0.1446 -0.9724 1.5729, 0.1355 -0.9724 1.5871, 0.1351 -0.9724 1.5666, 0.1274 -0.9724 1.5842, 0.1242 -0.9724 1.5626, 0.1174 -0.9724 1.583, 0.1105 -0.9724 1.5611, 0.1084 -0.9724 1.5841, 0.0945 -0.9724 1.563, 0.1023 -0.9724 1.5863, 0.0842 -0.9724 1.5668, 0.097 -0.9724 1.5899, 0.0752 -0.9724 1.5731, 0.0947 -0.9724 1.5922, 0.1127 -0.9724 1.6553, 0.1222 -0.9724 1.6364, 0.1579 -0.9724 1.6616, 0.077 -0.9724 1.7065, 0.077 -0.9724 1.6805, 0.0853 -0.9724 1.7111, 0.0949 -0.9724 1.6919, 0.1057 -0.9724 1.7182, 0.1117 -0.9724 1.6974, 0.1295 -0.9724 1.7207, 0.127 -0.9724 1.699, 0.1468 -0.9724 1.719, 0.1361 -0.9724 1.698, 0.1578 -0.9724 1.7154, 0.1423 -0.9724 1.6959, 0.1665 -0.9724 1.7102, 0.147 -0.9724 1.6928, 0.1722 -0.9724 1.7048, 0.1511 -0.9724 1.6885, 0.1778 -0.9724 1.6965, 0.1542 -0.9724 1.683, 0.1821 -0.9724 1.6849, 0.157 -0.9724 1.6735, 0.0963 -0.9724 1.627, 0.0802 -0.9724 1.6439, 0.0931 -0.9724 1.6231, 0.0723 -0.9724 1.6367, 0.0908 -0.9724 1.6181, 0.0667 -0.9724 1.628, 0.0895 -0.9724 1.612, 0.0634 -0.9724 1.6183, 0.0892 -0.9724 1.6077, 0.0621 -0.9724 1.6055, 0.0899 -0.9724 1.6016, 0.0634 -0.9724 1.5934, 0.0917 -0.9724 1.5967, 0.0667 -0.9724 1.5844, 0.0722 -0.9724 1.5761, 0.1295 -0.9685 1.7207, 0.1057 -0.9685 1.7182, 0.0853 -0.9685 1.7111, 0.077 -0.9685 1.7065, 0.077 -0.9685 1.6805, 0.0949 -0.9685 1.6919, 0.1117 -0.9685 1.6974, 0.127 -0.9685 1.699, 0.1361 -0.9685 1.698, 0.1423 -0.9685 1.6959, 0.147 -0.9685 1.6928, 0.1511 -0.9685 1.6885, 0.1542 -0.9685 1.683, 0.157 -0.9685 1.6735, 0.1579 -0.9685 1.6616, 0.1127 -0.9685 1.6553, 0.0911 -0.9685 1.6498, 0.0802 -0.9685 1.6439, 0.0723 -0.9685 1.6367, 0.0667 -0.9685 1.628, 0.0634 -0.9685 1.6183, 0.0621 -0.9685 1.6055, 0.0634 -0.9685 1.5934, 0.0667 -0.9685 1.5844, 0.0722 -0.9685 1.5761, 0.0752 -0.9685 1.5731, 0.1105 -0.9685 1.5611, 0.0949 -0.9685 1.5629, 0.0945 -0.9685 1.563, 0.0842 -0.9685 1.5668, 0.1242 -0.9685 1.5626, 0.125 -0.9685 1.5629, 0.1351 -0.9685 1.5666, 0.1446 -0.9685 1.5729, 0.153 -0.9685 1.5819, 0.1572 -0.9685 1.5883, 0.1579 -0.9685 1.5883, 0.1579 -0.9685 1.5647, 0.1846 -0.9685 1.5647, 0.1846 -0.9685 1.6628, 0.1821 -0.9685 1.6849, 0.1778 -0.9685 1.6965, 0.1722 -0.9685 1.7048, 0.1665 -0.9685 1.7102, 0.1578 -0.9685 1.7154, 0.1468 -0.9685 1.719, 0.0963 -0.9685 1.627, 0.1 -0.9685 1.6298, 0.1065 -0.9685 1.6328, 0.1222 -0.9685 1.6364, 0.0892 -0.9685 1.6077, 0.0895 -0.9685 1.612, 0.0908 -0.9685 1.6181, 0.0931 -0.9685 1.6231, 0.097 -0.9685 1.5899, 0.0947 -0.9685 1.5922, 0.0917 -0.9685 1.5967, 0.0899 -0.9685 1.6016, 0.1174 -0.9685 1.583, 0.1084 -0.9685 1.5841, 0.1023 -0.9685 1.5863, 0.1464 -0.9685 1.5955, 0.1431 -0.9685 1.5922, 0.1355 -0.9685 1.5871, 0.1274 -0.9685 1.5842, 0.1579 -0.9685 1.6266, 0.1579 -0.9685 1.6248, 0.1561 -0.9685 1.6129, 0.1522 -0.9685 1.6034, 0.1579 -0.9685 1.6412, 0.1579 -0.9685 1.6412
            ]
        }
        coordIndex [
            0,1,2,-1,2,1,3,-1,4,0,5,-1,5,0,2,-1,6,4,7,-1,7,4,5,-1,8,6,9,-1,9,6,7,-1,10,8,11,-1,11,8,9,-1,12,10,13,-1,13,10,11,-1,14,12,15,-1,15,12,13,-1,16,14,17,-1,17,14,15,-1,18,16,19,-1,19,16,17,-1,20,18,21,-1,21,18,19,-1,22,20,23,-1,23,20,21,-1,1,22,3,-1,3,22,23,-1,22,1,0,-1,0,4,22,-1,22,4,6,-1,22,6,20,-1,16,18,14,-1,14,18,20,-1,14,20,12,-1,12,20,6,-1,12,6,10,-1,10,6,8,-1,24,25,26,-1,27,28,29,-1,29,28,30,-1,31,32,25,-1,25,32,28,-1,25,28,26,-1,26,28,27,-1,33,34,35,-1,26,36,24,-1,24,36,37,-1,24,37,38,-1,38,37,39,-1,38,39,40,-1,40,39,41,-1,40,41,42,-1,42,41,43,-1,42,43,44,-1,44,43,45,-1,44,45,46,-1,46,45,47,-1,46,47,48,-1,48,47,49,-1,48,49,50,-1,50,49,51,-1,50,51,52,-1,52,51,53,-1,33,35,54,-1,54,35,55,-1,54,55,56,-1,57,58,59,-1,59,58,60,-1,59,60,61,-1,61,60,62,-1,61,62,63,-1,63,62,64,-1,63,64,65,-1,65,64,66,-1,65,66,67,-1,67,66,68,-1,67,68,69,-1,69,68,70,-1,69,70,71,-1,71,70,72,-1,71,72,73,-1,73,72,74,-1,73,74,75,-1,75,74,76,-1,75,76,28,-1,28,76,56,-1,28,56,30,-1,30,56,55,-1,34,33,77,-1,77,33,78,-1,77,78,79,-1,79,78,80,-1,79,80,81,-1,81,80,82,-1,81,82,83,-1,83,82,84,-1,83,84,85,-1,85,84,86,-1,85,86,87,-1,87,86,88,-1,87,88,89,-1,89,88,90,-1,89,90,53,-1,53,90,91,-1,53,91,52,-1,63,92,93,-1,63,93,61,-1,61,93,94,-1,61,94,59,-1,59,94,95,-1,59,95,57,-1,58,57,96,-1,96,57,95,-1,58,96,97,-1,58,97,60,-1,60,97,98,-1,60,98,62,-1,62,98,99,-1,62,99,64,-1,64,99,100,-1,64,100,66,-1,66,100,101,-1,66,101,68,-1,68,101,102,-1,68,102,70,-1,70,102,103,-1,70,103,72,-1,72,103,104,-1,72,104,74,-1,74,104,105,-1,74,105,76,-1,76,105,106,-1,76,106,56,-1,54,56,107,-1,107,56,106,-1,54,107,108,-1,54,108,33,-1,33,108,109,-1,33,109,78,-1,78,109,110,-1,78,110,80,-1,80,110,111,-1,80,111,82,-1,82,111,112,-1,82,112,84,-1,84,112,113,-1,84,113,86,-1,86,113,114,-1,86,114,88,-1,88,114,115,-1,88,115,90,-1,90,115,116,-1,90,116,91,-1,91,116,117,-1,91,117,52,-1,118,46,119,-1,119,46,48,-1,119,48,120,-1,120,48,50,-1,120,50,121,-1,121,50,52,-1,121,52,117,-1,46,118,122,-1,46,122,44,-1,44,122,123,-1,44,123,42,-1,123,124,42,-1,42,124,125,-1,42,125,40,-1,40,125,126,-1,40,126,38,-1,38,126,127,-1,38,127,24,-1,25,24,128,-1,128,24,127,-1,31,25,129,-1,129,25,128,-1,32,31,130,-1,130,31,129,-1,28,32,131,-1,131,32,130,-1,28,131,132,-1,28,132,75,-1,75,132,133,-1,75,133,73,-1,73,133,134,-1,73,134,71,-1,71,134,135,-1,71,135,69,-1,69,135,136,-1,69,136,67,-1,67,136,137,-1,67,137,65,-1,65,137,92,-1,65,92,63,-1,77,138,139,-1,77,139,34,-1,34,139,140,-1,34,140,35,-1,35,140,141,-1,35,141,55,-1,85,142,143,-1,85,143,83,-1,83,143,144,-1,83,144,81,-1,81,144,145,-1,81,145,79,-1,79,145,138,-1,79,138,77,-1,51,146,147,-1,51,147,53,-1,53,147,148,-1,53,148,89,-1,89,148,149,-1,89,149,87,-1,87,149,142,-1,87,142,85,-1,45,150,151,-1,45,151,47,-1,47,151,152,-1,47,152,49,-1,49,152,146,-1,49,146,51,-1,37,153,154,-1,37,154,39,-1,39,154,155,-1,39,155,41,-1,41,155,156,-1,41,156,43,-1,43,156,150,-1,43,150,45,-1,29,157,158,-1,29,158,27,-1,27,158,159,-1,27,159,26,-1,26,159,160,-1,26,160,36,-1,36,160,153,-1,36,153,37,-1,29,30,157,-1,157,30,161,-1,30,55,161,-1,161,55,141,-1,
        ]
    }
}
Shape{
    appearance Appearance {
        material  Material 	{
            diffuseColor 0.25098039215686274 0.25098039215686274 0.25098039215686274
            specularColor 0.12549019607843137 0.12549019607843137 0.12549019607843137
            ambientIntensity 0.2
            transparency 0
            shininess 0.5
        }
    }
    geometry IndexedFaceSet {
        ccw TRUE
        solid FALSE
        coord DEF co Coordinate {
            point [
                0.1579 -0.9685 1.6412, 0.1222 -0.9685 1.6364, 0.1579 -0.9685 1.6266, 0.1065 -0.9685 1.6328, 0.1 -0.9685 1.6298, 0.0963 -0.9685 1.627, 0.1579 -0.9685 1.6248, 0.1561 -0.9685 1.6129, 0.0931 -0.9685 1.6231, 0.1522 -0.9685 1.6034, 0.0947 -0.9685 1.5922, 0.097 -0.9685 1.5899, 0.1431 -0.9685 1.5922, 0.0917 -0.9685 1.5967, 0.1355 -0.9685 1.5871, 0.1274 -0.9685 1.5842, 0.1174 -0.9685 1.583, 0.0908 -0.9685 1.6181, 0.0895 -0.9685 1.612, 0.1464 -0.9685 1.5955, 0.0892 -0.9685 1.6077, 0.0899 -0.9685 1.6016, 0.1023 -0.9685 1.5863, 0.1084 -0.9685 1.5841, 0.1084 -0.9685 1.5841
            ]
        }
        coordIndex [
            0,1,2,-1,2,1,3,-1,3,4,2,-1,2,4,5,-1,2,5,6,-1,6,5,7,-1,7,5,8,-1,7,8,9,-1,10,11,12,-1,10,12,13,-1,14,12,15,-1,15,12,16,-1,8,17,9,-1,9,17,18,-1,9,18,19,-1,19,18,20,-1,19,20,12,-1,12,20,21,-1,12,21,13,-1,11,22,12,-1,12,22,23,-1,12,23,16,-1,
        ]
    }
}
Shape{
    appearance Appearance {
        material  Material 	{
            diffuseColor 1.0 1.0 1.0
            specularColor 0.5019607843137255 0.5019607843137255 0.5019607843137255
            ambientIntensity 0.2
            transparency 0
            shininess 0.5
        }
    }
    geometry IndexedFaceSet {
        ccw TRUE
        solid FALSE
        coord DEF co Coordinate {
            point [
                0.2209 -0.9685 1.5977, 0.2209 -0.9724 1.5977, 0.2313 -0.9724 1.5912, 0.2649 -0.9724 1.5829, 0.2649 -0.9685 1.5829, 0.2481 -0.9685 1.5849, 0.2481 -0.9724 1.5849, 0.2332 -0.9685 1.5905, 0.2313 -0.9685 1.5912, 0.2209 -0.9724 1.5701, 0.2209 -0.9685 1.5701, 0.2395 -0.9724 1.5635, 0.2332 -0.9685 1.5657, 0.2622 -0.9685 1.5611, 0.2622 -0.9724 1.5611, 0.2451 -0.9685 1.5629, 0.2395 -0.9685 1.5635, 0.2849 -0.9724 1.5636, 0.2786 -0.9685 1.5629, 0.2849 -0.9685 1.5636, 0.2993 -0.9685 1.5688, 0.2993 -0.9724 1.5688, 0.3067 -0.9685 1.5732, 0.3067 -0.9724 1.5732, 0.3143 -0.9685 1.5799, 0.3143 -0.9724 1.5799, 0.3193 -0.9685 1.587, 0.3193 -0.9724 1.587, 0.3226 -0.9685 1.5954, 0.3226 -0.9724 1.5954, 0.3239 -0.9685 1.6062, 0.3239 -0.9724 1.6062, 0.3228 -0.9685 1.6162, 0.3228 -0.9724 1.6162, 0.3199 -0.9685 1.624, 0.3199 -0.9724 1.624, 0.3149 -0.9685 1.6314, 0.3149 -0.9724 1.6314, 0.3085 -0.9685 1.6371, 0.3085 -0.9724 1.6371, 0.2908 -0.9685 1.647, 0.2908 -0.9724 1.647, 0.2804 -0.9685 1.6512, 0.2804 -0.9724 1.6512, 0.2639 -0.9685 1.6584, 0.2639 -0.9724 1.6584, 0.2544 -0.9685 1.6643, 0.2544 -0.9724 1.6643, 0.2518 -0.9685 1.6671, 0.2518 -0.9724 1.6671, 0.2499 -0.9685 1.6707, 0.2499 -0.9724 1.6707, 0.2488 -0.9685 1.6749, 0.2488 -0.9724 1.6749, 0.2486 -0.9685 1.6785, 0.2486 -0.9724 1.6785, 0.2491 -0.9685 1.6827, 0.2491 -0.9724 1.6827, 0.2504 -0.9685 1.6863, 0.2504 -0.9724 1.6863, 0.2527 -0.9685 1.6897, 0.2527 -0.9724 1.6897, 0.2567 -0.9685 1.6933, 0.2567 -0.9724 1.6933, 0.2627 -0.9685 1.6965, 0.2627 -0.9724 1.6965, 0.2699 -0.9685 1.6984, 0.2699 -0.9724 1.6984, 0.2778 -0.9685 1.699, 0.2778 -0.9724 1.699, 0.2971 -0.9685 1.6965, 0.2971 -0.9724 1.6965, 0.3122 -0.9685 1.6905, 0.3122 -0.9724 1.6905, 0.3166 -0.9685 1.688, 0.3166 -0.9724 1.688, 0.3166 -0.9724 1.7139, 0.3166 -0.9685 1.7139, 0.2968 -0.9685 1.7194, 0.2968 -0.9724 1.7194, 0.2804 -0.9685 1.7207, 0.2804 -0.9724 1.7207, 0.2594 -0.9685 1.7182, 0.2594 -0.9724 1.7182, 0.245 -0.9685 1.7128, 0.245 -0.9724 1.7128, 0.2382 -0.9685 1.7086, 0.2382 -0.9724 1.7086, 0.2302 -0.9724 1.7015, 0.2332 -0.9685 1.7041, 0.2302 -0.9685 1.7015, 0.2253 -0.9685 1.6942, 0.2253 -0.9724 1.6942, 0.2221 -0.9685 1.6856, 0.2221 -0.9724 1.6856, 0.221 -0.9685 1.6761, 0.221 -0.9724 1.6761, 0.2222 -0.9685 1.6657, 0.2222 -0.9724 1.6657, 0.2251 -0.9685 1.6575, 0.2251 -0.9724 1.6575, 0.2286 -0.9685 1.6519, 0.2286 -0.9724 1.6519, 0.2615 -0.9685 1.6317, 0.2615 -0.9724 1.6317, 0.2456 -0.9724 1.639, 0.233 -0.9685 1.6474, 0.233 -0.9724 1.6474, 0.2332 -0.9685 1.6472, 0.2456 -0.9685 1.639, 0.2791 -0.9685 1.6244, 0.2791 -0.9724 1.6244, 0.2895 -0.9685 1.6181, 0.2895 -0.9724 1.6181, 0.2929 -0.9685 1.6146, 0.2929 -0.9724 1.6146, 0.2949 -0.9685 1.6111, 0.2949 -0.9724 1.6111, 0.2962 -0.9685 1.6069, 0.2962 -0.9724 1.6069, 0.2964 -0.9685 1.6036, 0.2964 -0.9724 1.6036, 0.2959 -0.9685 1.5985, 0.2959 -0.9724 1.5985, 0.2945 -0.9685 1.5947, 0.2945 -0.9724 1.5947, 0.2922 -0.9685 1.5912, 0.2922 -0.9724 1.5912, 0.2891 -0.9685 1.5885, 0.2891 -0.9724 1.5885, 0.2867 -0.9685 1.587, 0.2867 -0.9724 1.587, 0.2798 -0.9685 1.5845, 0.2798 -0.9724 1.5845, 0.266 -0.9685 1.5829, 0.266 -0.9724 1.5829, 0.4564 -0.9724 1.7172, 0.4842 -0.9724 1.7172, 0.4564 -0.9685 1.7172, 0.4842 -0.9685 1.7172, 0.4148 -0.9724 1.6024, 0.4148 -0.9685 1.6024, 0.4128 -0.9685 1.5953, 0.4128 -0.9724 1.5953, 0.4115 -0.9685 1.59, 0.4115 -0.9724 1.59, 0.4108 -0.9724 1.59, 0.4108 -0.9685 1.59, 0.4075 -0.9724 1.6026, 0.4075 -0.9685 1.6026, 0.3677 -0.9685 1.7172, 0.3677 -0.9724 1.7172, 0.3806 -0.9685 1.6801, 0.3378 -0.9724 1.7172, 0.3378 -0.9685 1.7172, 0.3976 -0.9685 1.565, 0.3976 -0.9724 1.565, 0.3806 -0.9685 1.6083, 0.3859 -0.9685 1.5373, 0.3859 -0.9724 1.5373, 0.3967 -0.9685 1.5629, 0.3806 -0.9685 1.5277, 0.3806 -0.9724 1.5277, 0.3806 -0.9685 1.5277, 0.3757 -0.9724 1.5221, 0.3757 -0.9685 1.5221, 0.3708 -0.9685 1.5187, 0.3708 -0.9724 1.5187, 0.3649 -0.9685 1.5165, 0.3649 -0.9724 1.5165, 0.3585 -0.9685 1.5158, 0.3585 -0.9724 1.5158, 0.3488 -0.9685 1.5171, 0.3488 -0.9724 1.5171, 0.3433 -0.9685 1.5189, 0.3433 -0.9724 1.5189, 0.3433 -0.9724 1.4951, 0.3433 -0.9685 1.4951, 0.3546 -0.9685 1.4931, 0.3546 -0.9724 1.4931, 0.3605 -0.9685 1.4929, 0.3605 -0.9724 1.4929, 0.3714 -0.9685 1.4941, 0.3714 -0.9724 1.4941, 0.3806 -0.9685 1.4977, 0.3819 -0.9724 1.4981, 0.3819 -0.9685 1.4981, 0.3912 -0.9685 1.5047, 0.3912 -0.9724 1.5047, 0.3931 -0.9685 1.5063, 0.3931 -0.9724 1.5063, 0.4029 -0.9685 1.5181, 0.4029 -0.9724 1.5181, 0.415 -0.9685 1.5417, 0.415 -0.9724 1.5417, 0.4233 -0.9685 1.5629, 0.6278 -0.9724 1.5891, 0.6278 -0.9724 1.5647, 0.6278 -0.9685 1.5891, 0.6278 -0.9685 1.5647, 0.5406 -0.9685 1.5891, 0.5406 -0.9724 1.5891, 0.5805 -0.9685 1.5891, 0.5406 -0.9724 1.6609, 0.5406 -0.9685 1.6609, 0.6169 -0.9685 1.6609, 0.6169 -0.9724 1.6609, 0.5805 -0.9685 1.6609, 0.6169 -0.9724 1.6853, 0.6169 -0.9685 1.6853, 0.5406 -0.9685 1.6853, 0.5406 -0.9724 1.6853, 0.5805 -0.9685 1.6853, 0.5406 -0.9724 1.7537, 0.5406 -0.9685 1.7537, 0.623 -0.9685 1.7537, 0.623 -0.9724 1.7537, 0.5805 -0.9685 1.7537, 0.623 -0.9724 1.7782, 0.623 -0.9685 1.7782, 0.513 -0.9685 1.7782, 0.513 -0.9724 1.7782, 0.5805 -0.9685 1.7782, 0.513 -0.9724 1.5647, 0.513 -0.9685 1.5647, 0.5805 -0.9685 1.5647, 0.755 -0.9724 1.7507, 0.7331 -0.9724 1.7782, 0.728 -0.9724 1.7537, 0.7291 -0.9724 1.7782, 0.6957 -0.9724 1.7537, 0.6682 -0.9724 1.7782, 0.6957 -0.9724 1.5891, 0.6682 -0.9724 1.5647, 0.7267 -0.9724 1.5891, 0.7269 -0.9724 1.5647, 0.7521 -0.9724 1.5916, 0.7628 -0.9724 1.569, 0.7708 -0.9724 1.5978, 0.7872 -0.9724 1.5785, 0.7852 -0.9724 1.6069, 0.8098 -0.9724 1.5946, 0.7902 -0.9724 1.6113, 0.8014 -0.9724 1.6254, 0.8244 -0.9724 1.6116, 0.8085 -0.9724 1.6414, 0.8354 -0.9724 1.6334, 0.8125 -0.9724 1.6613, 0.8411 -0.9724 1.658, 0.813 -0.9724 1.6734, 0.842 -0.9724 1.6742, 0.8105 -0.9724 1.6975, 0.8395 -0.9724 1.6992, 0.8048 -0.9724 1.7138, 0.8324 -0.9724 1.7204, 0.7969 -0.9724 1.7262, 0.8198 -0.9724 1.7398, 0.7896 -0.9724 1.7336, 0.8098 -0.9724 1.75, 0.7736 -0.9724 1.7441, 0.7907 -0.9724 1.7635, 0.7654 -0.9724 1.7737, 0.7269 -0.9685 1.5647, 0.6682 -0.9685 1.5647, 0.7628 -0.9685 1.569, 0.7872 -0.9685 1.5785, 0.8098 -0.9685 1.5946, 0.8244 -0.9685 1.6116, 0.8354 -0.9685 1.6334, 0.8411 -0.9685 1.658, 0.842 -0.9685 1.6742, 0.8395 -0.9685 1.6992, 0.8324 -0.9685 1.7204, 0.8198 -0.9685 1.7398, 0.8098 -0.9685 1.75, 0.7907 -0.9685 1.7635, 0.7654 -0.9685 1.7737, 0.7331 -0.9685 1.7782, 0.7291 -0.9685 1.7782, 0.6682 -0.9685 1.7782, 0.728 -0.9685 1.7537, 0.6957 -0.9685 1.7537, 0.6957 -0.9685 1.5891, 0.7267 -0.9685 1.5891, 0.7902 -0.9685 1.6113, 0.7852 -0.9685 1.6069, 0.7708 -0.9685 1.5978, 0.7521 -0.9685 1.5916, 0.813 -0.9685 1.6734, 0.8125 -0.9685 1.6613, 0.8085 -0.9685 1.6414, 0.8014 -0.9685 1.6254, 0.7896 -0.9685 1.7336, 0.7969 -0.9685 1.7262, 0.8048 -0.9685 1.7138, 0.8105 -0.9685 1.6975, 0.755 -0.9685 1.7507, 0.7736 -0.9685 1.7441, 0.7736 -0.9685 1.7441
            ]
        }
        coordIndex [
            0,1,2,-1,3,4,5,-1,3,5,6,-1,6,5,7,-1,6,7,2,-1,2,7,8,-1,2,8,0,-1,9,1,10,-1,10,1,0,-1,9,10,11,-1,11,10,12,-1,13,14,15,-1,15,14,11,-1,15,11,16,-1,16,11,12,-1,14,13,17,-1,17,13,18,-1,18,19,17,-1,17,19,20,-1,17,20,21,-1,21,20,22,-1,21,22,23,-1,23,22,24,-1,23,24,25,-1,25,24,26,-1,25,26,27,-1,27,26,28,-1,27,28,29,-1,29,28,30,-1,29,30,31,-1,31,30,32,-1,31,32,33,-1,33,32,34,-1,33,34,35,-1,35,34,36,-1,35,36,37,-1,37,36,38,-1,37,38,39,-1,39,38,40,-1,39,40,41,-1,41,40,42,-1,41,42,43,-1,43,42,44,-1,43,44,45,-1,45,44,46,-1,45,46,47,-1,47,46,48,-1,47,48,49,-1,49,48,50,-1,49,50,51,-1,51,50,52,-1,51,52,53,-1,53,52,54,-1,53,54,55,-1,55,54,56,-1,55,56,57,-1,57,56,58,-1,57,58,59,-1,59,58,60,-1,59,60,61,-1,61,60,62,-1,61,62,63,-1,63,62,64,-1,63,64,65,-1,65,64,66,-1,65,66,67,-1,67,66,68,-1,67,68,69,-1,69,68,70,-1,69,70,71,-1,71,70,72,-1,71,72,73,-1,73,72,74,-1,73,74,75,-1,76,75,77,-1,77,75,74,-1,76,77,78,-1,76,78,79,-1,79,78,80,-1,79,80,81,-1,81,80,82,-1,81,82,83,-1,83,82,84,-1,83,84,85,-1,85,84,86,-1,85,86,87,-1,87,86,88,-1,88,86,89,-1,89,90,88,-1,88,90,91,-1,88,91,92,-1,92,91,93,-1,92,93,94,-1,94,93,95,-1,94,95,96,-1,96,95,97,-1,96,97,98,-1,98,97,99,-1,98,99,100,-1,100,99,101,-1,100,101,102,-1,103,104,105,-1,102,101,106,-1,102,106,107,-1,107,106,108,-1,107,108,105,-1,105,108,109,-1,105,109,103,-1,104,103,110,-1,104,110,111,-1,111,110,112,-1,111,112,113,-1,113,112,114,-1,113,114,115,-1,115,114,116,-1,115,116,117,-1,117,116,118,-1,117,118,119,-1,119,118,120,-1,119,120,121,-1,121,120,122,-1,121,122,123,-1,123,122,124,-1,123,124,125,-1,125,124,126,-1,125,126,127,-1,127,126,128,-1,127,128,129,-1,129,128,130,-1,129,130,131,-1,131,130,132,-1,131,132,133,-1,133,132,134,-1,133,134,135,-1,135,134,4,-1,135,4,3,-1,61,63,85,-1,85,63,83,-1,111,43,104,-1,104,43,45,-1,21,23,127,-1,127,23,25,-1,127,25,125,-1,125,25,27,-1,125,27,123,-1,123,27,29,-1,123,29,121,-1,121,29,31,-1,121,31,119,-1,119,31,33,-1,119,33,117,-1,117,33,35,-1,117,35,115,-1,115,35,37,-1,115,37,113,-1,113,37,39,-1,113,39,111,-1,111,39,41,-1,111,41,43,-1,14,3,11,-1,11,3,6,-1,11,6,9,-1,9,6,2,-1,9,2,1,-1,63,65,83,-1,83,65,67,-1,83,67,81,-1,81,67,69,-1,81,69,79,-1,79,69,71,-1,79,71,76,-1,76,71,73,-1,76,73,75,-1,127,129,21,-1,21,129,131,-1,21,131,17,-1,17,131,133,-1,17,133,14,-1,14,133,135,-1,14,135,3,-1,85,87,61,-1,61,87,88,-1,61,88,59,-1,59,88,92,-1,59,92,57,-1,57,92,94,-1,57,94,55,-1,55,94,96,-1,55,96,53,-1,53,96,98,-1,53,98,51,-1,51,98,100,-1,51,100,49,-1,49,100,102,-1,49,102,47,-1,47,102,107,-1,47,107,45,-1,45,107,105,-1,45,105,104,-1,136,137,138,-1,138,137,139,-1,140,136,141,-1,141,136,138,-1,140,141,142,-1,140,142,143,-1,143,142,144,-1,143,144,145,-1,146,145,147,-1,147,145,144,-1,148,146,149,-1,149,146,147,-1,150,151,152,-1,152,151,148,-1,152,148,149,-1,153,151,154,-1,154,151,150,-1,155,156,157,-1,157,156,153,-1,157,153,154,-1,158,159,160,-1,160,159,156,-1,160,156,155,-1,159,158,161,-1,159,161,162,-1,162,161,163,-1,162,163,164,-1,163,165,164,-1,164,165,166,-1,164,166,167,-1,167,166,168,-1,167,168,169,-1,169,168,170,-1,169,170,171,-1,171,170,172,-1,171,172,173,-1,173,172,174,-1,173,174,175,-1,176,175,177,-1,177,175,174,-1,176,177,178,-1,176,178,179,-1,179,178,180,-1,179,180,181,-1,181,180,182,-1,181,182,183,-1,183,182,184,-1,183,184,185,-1,184,186,185,-1,185,186,187,-1,185,187,188,-1,188,187,189,-1,188,189,190,-1,190,189,191,-1,190,191,192,-1,192,191,193,-1,192,193,194,-1,139,137,195,-1,195,137,194,-1,195,194,193,-1,143,145,194,-1,137,136,194,-1,194,136,140,-1,194,140,143,-1,151,153,148,-1,148,153,156,-1,148,156,146,-1,192,162,190,-1,190,162,164,-1,175,176,173,-1,173,176,179,-1,173,179,171,-1,171,179,181,-1,171,181,169,-1,169,181,183,-1,169,183,167,-1,167,183,185,-1,167,185,164,-1,164,185,188,-1,164,188,190,-1,145,146,194,-1,194,146,156,-1,194,156,192,-1,192,156,159,-1,192,159,162,-1,196,197,198,-1,198,197,199,-1,200,201,202,-1,202,201,196,-1,202,196,198,-1,203,201,204,-1,204,201,200,-1,205,206,207,-1,207,206,203,-1,207,203,204,-1,208,206,209,-1,209,206,205,-1,210,211,212,-1,212,211,208,-1,212,208,209,-1,213,211,214,-1,214,211,210,-1,215,216,217,-1,217,216,213,-1,217,213,214,-1,218,216,219,-1,219,216,215,-1,220,221,222,-1,222,221,218,-1,222,218,219,-1,223,221,224,-1,224,221,220,-1,199,197,225,-1,225,197,223,-1,225,223,224,-1,223,197,196,-1,196,201,223,-1,223,201,203,-1,223,203,221,-1,216,218,213,-1,213,218,221,-1,213,221,211,-1,211,221,203,-1,211,203,208,-1,208,203,206,-1,226,227,228,-1,228,227,229,-1,228,229,230,-1,230,229,231,-1,230,231,232,-1,232,231,233,-1,232,233,234,-1,234,233,235,-1,234,235,236,-1,236,235,237,-1,236,237,238,-1,238,237,239,-1,238,239,240,-1,240,239,241,-1,240,241,242,-1,242,241,243,-1,243,241,244,-1,243,244,245,-1,245,244,246,-1,245,246,247,-1,247,246,248,-1,247,248,249,-1,249,248,250,-1,249,250,251,-1,251,250,252,-1,251,252,253,-1,253,252,254,-1,253,254,255,-1,255,254,256,-1,255,256,257,-1,257,256,258,-1,257,258,259,-1,259,258,260,-1,259,260,226,-1,226,260,261,-1,226,261,227,-1,235,233,262,-1,262,233,263,-1,235,262,264,-1,235,264,237,-1,237,264,265,-1,237,265,239,-1,239,265,266,-1,239,266,241,-1,241,266,267,-1,241,267,244,-1,244,267,268,-1,244,268,246,-1,246,268,269,-1,246,269,248,-1,248,269,270,-1,248,270,250,-1,250,270,271,-1,250,271,252,-1,252,271,272,-1,252,272,254,-1,254,272,273,-1,254,273,256,-1,256,273,274,-1,256,274,258,-1,258,274,275,-1,258,275,260,-1,260,275,276,-1,260,276,261,-1,261,276,277,-1,261,277,227,-1,227,277,278,-1,227,278,229,-1,231,229,279,-1,279,229,278,-1,233,231,263,-1,263,231,279,-1,228,230,280,-1,280,230,281,-1,230,232,281,-1,281,232,282,-1,232,234,282,-1,282,234,283,-1,242,284,285,-1,242,285,240,-1,240,285,286,-1,240,286,238,-1,238,286,287,-1,238,287,236,-1,236,287,283,-1,236,283,234,-1,249,288,289,-1,249,289,247,-1,247,289,290,-1,247,290,245,-1,245,290,291,-1,245,291,243,-1,243,291,284,-1,243,284,242,-1,257,292,293,-1,257,293,255,-1,255,293,294,-1,255,294,253,-1,253,294,295,-1,253,295,251,-1,251,295,288,-1,251,288,249,-1,228,280,296,-1,228,296,226,-1,226,296,297,-1,226,297,259,-1,259,297,292,-1,259,292,257,-1,
        ]
    }
}
Shape{
    appearance Appearance {
        material  Material 	{
            diffuseColor 0.25098039215686274 0.25098039215686274 0.25098039215686274
            specularColor 0.12549019607843137 0.12549019607843137 0.12549019607843137
            ambientIntensity 0.2
            transparency 0
            shininess 0.5
        }
    }
    geometry IndexedFaceSet {
        ccw TRUE
        solid FALSE
        coord DEF co Coordinate {
            point [
                0.6957 -0.9685 1.7537, 0.6957 -0.9685 1.5891, 0.728 -0.9685 1.7537, 0.7267 -0.9685 1.5891, 0.7521 -0.9685 1.5916, 0.7708 -0.9685 1.5978, 0.7852 -0.9685 1.6069, 0.7902 -0.9685 1.6113, 0.8014 -0.9685 1.6254, 0.8085 -0.9685 1.6414, 0.8125 -0.9685 1.6613, 0.813 -0.9685 1.6734, 0.8105 -0.9685 1.6975, 0.8048 -0.9685 1.7138, 0.7969 -0.9685 1.7262, 0.7896 -0.9685 1.7336, 0.755 -0.9685 1.7507, 0.7736 -0.9685 1.7441, 0.7736 -0.9685 1.7441
            ]
        }
        coordIndex [
            0,1,2,-1,2,1,3,-1,2,3,4,-1,4,5,2,-1,2,5,6,-1,2,6,7,-1,7,8,2,-1,2,8,9,-1,2,9,10,-1,10,11,2,-1,2,11,12,-1,2,12,13,-1,13,14,2,-1,2,14,15,-1,2,15,16,-1,16,15,17,-1,
        ]
    }
}
Shape{
    appearance Appearance {
        material  Material 	{
            diffuseColor 1.0 1.0 1.0
            specularColor 0.5019607843137255 0.5019607843137255 0.5019607843137255
            ambientIntensity 0.2
            transparency 0
            shininess 0.5
        }
    }
    geometry IndexedFaceSet {
        ccw TRUE
        solid FALSE
        coord DEF co Coordinate {
            point [
                0.9136 -0.9724 1.6472, 0.9048 -0.9724 1.6231, 0.9852 -0.9724 1.6472, 0.9937 -0.9724 1.6231, 0.9455 -0.9724 1.736, 0.9352 -0.9724 1.7782, 0.8538 -0.9724 1.5647, 0.8843 -0.9724 1.5647, 0.9473 -0.9724 1.7424, 0.949 -0.9724 1.7509, 0.9646 -0.9724 1.7782, 0.9496 -0.9724 1.7509, 0.9514 -0.9724 1.7419, 0.953 -0.9724 1.736, 1.046 -0.9724 1.5647, 1.0155 -0.9724 1.5647, 0.9646 -0.9685 1.7782, 1.046 -0.9685 1.5647, 0.9352 -0.9685 1.7782, 0.8538 -0.9685 1.5647, 0.8843 -0.9685 1.5647, 0.9048 -0.9685 1.6231, 0.9937 -0.9685 1.6231, 1.0155 -0.9685 1.5647, 0.9136 -0.9685 1.6472, 0.9852 -0.9685 1.6472, 0.953 -0.9685 1.736, 0.9496 -0.9685 1.7509, 0.9514 -0.9685 1.7419, 0.949 -0.9685 1.7509, 0.9455 -0.9685 1.736, 0.9473 -0.9685 1.7424, 0.9473 -0.9685 1.7424
            ]
        }
        coordIndex [
            0,1,2,-1,2,1,3,-1,4,5,0,-1,0,5,6,-1,0,6,1,-1,1,6,7,-1,4,8,5,-1,5,8,9,-1,5,9,10,-1,10,9,11,-1,10,11,12,-1,12,13,10,-1,10,13,2,-1,10,2,14,-1,14,2,3,-1,14,3,15,-1,10,14,16,-1,16,14,17,-1,5,10,18,-1,18,10,16,-1,6,5,19,-1,19,5,18,-1,7,6,20,-1,20,6,19,-1,1,7,21,-1,21,7,20,-1,3,1,22,-1,22,1,21,-1,15,3,23,-1,23,3,22,-1,14,15,17,-1,17,15,23,-1,0,2,24,-1,24,2,25,-1,2,13,25,-1,25,13,26,-1,11,27,28,-1,11,28,12,-1,12,28,26,-1,12,26,13,-1,11,9,27,-1,27,9,29,-1,4,30,31,-1,4,31,8,-1,8,31,29,-1,8,29,9,-1,4,0,30,-1,30,0,24,-1,
        ]
    }
}
Shape{
    appearance Appearance {
        material  Material 	{
            diffuseColor 0.25098039215686274 0.25098039215686274 0.25098039215686274
            specularColor 0.12549019607843137 0.12549019607843137 0.12549019607843137
            ambientIntensity 0.2
            transparency 0
            shininess 0.5
        }
    }
    geometry IndexedFaceSet {
        ccw TRUE
        solid FALSE
        coord DEF co Coordinate {
            point [
                0.9496 -0.9685 1.7509, 0.949 -0.9685 1.7509, 0.9514 -0.9685 1.7419, 0.9473 -0.9685 1.7424, 0.953 -0.9685 1.736, 0.9455 -0.9685 1.736, 0.9852 -0.9685 1.6472, 0.9136 -0.9685 1.6472, 0.9136 -0.9685 1.6472
            ]
        }
        coordIndex [
            0,1,2,-1,2,1,3,-1,2,3,4,-1,4,3,5,-1,4,5,6,-1,6,5,7,-1,
        ]
    }
}
Shape{
    appearance Appearance {
        material  Material 	{
            diffuseColor 1.0 1.0 1.0
            specularColor 0.5019607843137255 0.5019607843137255 0.5019607843137255
            ambientIntensity 0.2
            transparency 0
            shininess 0.5
        }
    }
    geometry IndexedFaceSet {
        ccw TRUE
        solid FALSE
        coord DEF co Coordinate {
            point [
                -1.0616 -0.9724 1.9324, -1.0278 -0.9724 1.9504, -1.0357 -0.9724 2.0439, -0.7683 -0.9724 1.5283, -0.7503 -0.9724 1.5621, -0.7414 -0.9724 1.5996, -0.9409 -0.9724 2.0482, -0.8938 -0.9724 1.9374, -0.8706 -0.9724 1.9855, -0.9501 -0.9724 1.5955, -0.9529 -0.9724 1.6097, -1.035 -0.9724 1.6687, -1.0365 -0.9724 1.567, -1.0558 -0.9724 1.5728, -1.0682 -0.9724 1.6891, -0.9758 -0.9724 2.0513, -0.528 -0.9724 1.7431, -0.575 -0.9724 1.8236, -0.7405 -0.9724 1.6308, -0.7785 -0.9724 1.7173, -0.7405 -0.9724 1.6156, -0.8216 -0.9724 1.4813, -0.7914 -0.9724 1.5024, -0.9441 -0.9724 1.5827, -0.9987 -0.9724 1.5065, -1.0213 -0.9724 1.5344, -0.4779 -0.9724 1.8934, -0.4657 -0.9724 1.8934, -0.4035 -0.9724 1.9754, -0.4368 -0.9724 1.8898, -0.3961 -0.9724 1.9729, -0.4103 -0.9724 1.8796, -0.3509 -0.9724 1.9505, -0.3098 -0.9724 1.9157, -0.9098 -0.9724 2.0845, -0.8366 -0.9724 2.0262, -0.8741 -0.9724 2.115, -0.7959 -0.9724 2.0558, -0.837 -0.9724 2.138, -0.9903 -0.9724 1.9593, -0.9743 -0.9724 1.9602, -0.9584 -0.9724 2.0503, -0.9384 -0.9724 1.9557, -0.9044 -0.9724 1.9432, -0.8457 -0.9724 1.5797, -0.854 -0.9724 1.5703, -0.8655 -0.9724 1.5621, -0.8555 -0.9724 1.4683, -0.8786 -0.9724 1.5568, -0.8923 -0.9724 1.4638, -0.8938 -0.9724 1.5549, -0.8981 -0.9724 1.4639, -0.8964 -0.9724 1.5549, -0.9339 -0.9724 1.4694, -0.9101 -0.9724 1.5571, -0.969 -0.9724 1.4841, -0.9238 -0.9724 1.563, -0.9354 -0.9724 1.5719, -0.8385 -0.9724 1.6352, -0.835 -0.9724 1.6212, -0.835 -0.9724 1.6073, -0.8387 -0.9724 1.5927, -0.3094 -0.9724 1.6323, -0.38 -0.9724 1.6927, -0.3506 -0.9724 1.5973, -0.4024 -0.9724 1.6743, -0.397 -0.9724 1.5747, -0.4292 -0.9724 1.6618, -0.4475 -0.9724 1.564, -0.4566 -0.9724 1.6566, -0.5371 -0.9724 1.564, -0.5249 -0.9724 1.6566, -0.5456 -0.9724 1.5653, -0.9521 -0.9724 1.6245, -0.9477 -0.9724 1.6388, -1.0183 -0.9724 1.7013, -0.9398 -0.9724 1.6514, -0.9932 -0.9724 1.73, -0.9338 -0.9724 1.6577, -0.9622 -0.9724 1.7516, -0.9219 -0.9724 1.6661, -0.9287 -0.9724 1.7644, -0.9087 -0.9724 1.6714, -0.8923 -0.9724 1.7689, -0.8938 -0.9724 1.6733, -0.8739 -0.9724 1.7678, -0.8812 -0.9724 1.6719, -0.8373 -0.9724 1.7587, -0.8671 -0.9724 1.6669, -0.805 -0.9724 1.7415, -0.8549 -0.9724 1.6586, -0.8451 -0.9724 1.6477, -0.3868 -0.9724 1.8631, -0.3694 -0.9724 1.8438, -0.2787 -0.9724 1.8725, -0.3553 -0.9724 1.8177, -0.2602 -0.9724 1.8262, -0.3481 -0.9724 1.7885, -0.2532 -0.9724 1.7765, -0.3473 -0.9724 1.775, -0.2601 -0.9724 1.7224, -0.351 -0.9724 1.7454, -0.2792 -0.9724 1.6743, -0.3615 -0.9724 1.7183, -0.3782 -0.9724 1.6946, -0.4855 -0.9724 2.0953, -0.545 -0.9724 2.0257, -0.4351 -0.9724 2.037, -0.5107 -0.9724 1.9848, -0.4873 -0.9724 1.9359, -1.1216 -0.9724 1.8452, -1.2213 -0.9724 1.8199, -1.1261 -0.9724 1.8084, -1.2217 -0.9724 1.8053, -1.1243 -0.9724 1.7848, -1.2144 -0.9724 1.7458, -1.1133 -0.9724 1.7476, -1.1926 -0.9724 1.6893, -1.0954 -0.9724 1.7171, -1.158 -0.9724 1.6399, -1.1106 -0.9724 1.5995, -0.767 -0.9724 2.165, -0.7464 -0.9724 2.0759, -0.6919 -0.9724 2.1742, -0.6904 -0.9724 2.0832, -0.6294 -0.9724 2.1677, -0.6389 -0.9724 2.0768, -0.5532 -0.9724 2.1408, -0.5913 -0.9724 2.0586, -0.5486 -0.9724 2.0289, -1.0919 -0.9724 2.022, -1.1402 -0.9724 1.9881, -1.0875 -0.9724 1.9093, -1.1504 -0.9724 1.9784, -1.1085 -0.9724 1.8791, -1.1869 -0.9724 1.9316, -1.2111 -0.9724 1.8769, -0.5326 -0.9724 1.658, -0.5691 -0.9724 1.5799, -0.5655 -0.9724 1.5763, -0.528 -0.9724 1.657, -0.5557 -0.9724 1.5693, -0.5811 -0.9724 1.611, -0.5797 -0.9724 1.5997, -0.5757 -0.9724 1.5894, -0.5458 -0.9724 1.6566, -0.5562 -0.9724 1.6525, -0.5807 -0.9724 1.617, -0.5656 -0.9724 1.6459, -0.5718 -0.9724 1.6389, -0.5777 -0.9724 1.6286, -0.534 -0.9724 1.6581, -0.2532 -0.9685 1.7765, -0.2602 -0.9685 1.8262, -0.2997 -0.9685 1.9016, -0.2653 -0.9685 1.839, -0.2787 -0.9685 1.8725, -0.3098 -0.9685 1.9157, -0.3509 -0.9685 1.9505, -0.3961 -0.9685 1.9729, -0.4035 -0.9685 1.9754, -0.4351 -0.9685 2.037, -0.4855 -0.9685 2.0953, -0.5204 -0.9685 2.1188, -0.5532 -0.9685 2.1408, -0.6294 -0.9685 2.1677, -0.6919 -0.9685 2.1742, -0.767 -0.9685 2.165, -0.837 -0.9685 2.138, -0.8681 -0.9685 2.1188, -0.8741 -0.9685 2.115, -0.9098 -0.9685 2.0845, -0.9409 -0.9685 2.0482, -0.9584 -0.9685 2.0503, -0.9758 -0.9685 2.0513, -1.0357 -0.9685 2.0439, -1.0919 -0.9685 2.022, -1.1402 -0.9685 1.9881, -1.1504 -0.9685 1.9784, -1.2217 -0.9685 1.8053, -1.1869 -0.9685 1.9316, -1.2002 -0.9685 1.9016, -1.2111 -0.9685 1.8769, -1.2179 -0.9685 1.839, -1.2213 -0.9685 1.8199, -1.2144 -0.9685 1.7458, -1.1926 -0.9685 1.6893, -1.158 -0.9685 1.6399, -1.1106 -0.9685 1.5995, -1.0558 -0.9685 1.5728, -1.0365 -0.9685 1.567, -1.0346 -0.9685 1.5629, -1.0213 -0.9685 1.5344, -0.9987 -0.9685 1.5065, -0.969 -0.9685 1.4841, -0.9551 -0.9685 1.4783, -0.9339 -0.9685 1.4694, -0.8981 -0.9685 1.4639, -0.8923 -0.9685 1.4638, -0.7405 -0.9685 1.6156, -0.8555 -0.9685 1.4683, -0.8295 -0.9685 1.4783, -0.8216 -0.9685 1.4813, -0.7914 -0.9685 1.5024, -0.7683 -0.9685 1.5283, -0.7503 -0.9685 1.5621, -0.7501 -0.9685 1.5629, -0.7414 -0.9685 1.5996, -0.7405 -0.9685 1.6308, -0.528 -0.9685 1.7431, -0.575 -0.9685 1.8236, -0.7785 -0.9685 1.7173, -0.805 -0.9685 1.7415, -0.8373 -0.9685 1.7587, -0.8739 -0.9685 1.7678, -0.8923 -0.9685 1.7689, -0.9287 -0.9685 1.7644, -0.9622 -0.9685 1.7516, -0.9932 -0.9685 1.73, -1.0183 -0.9685 1.7013, -1.035 -0.9685 1.6687, -1.0682 -0.9685 1.6891, -1.0954 -0.9685 1.7171, -1.1133 -0.9685 1.7476, -1.1243 -0.9685 1.7848, -1.1261 -0.9685 1.8084, -1.1223 -0.9685 1.839, -1.1216 -0.9685 1.8452, -1.1085 -0.9685 1.8791, -1.0928 -0.9685 1.9016, -1.0875 -0.9685 1.9093, -1.0616 -0.9685 1.9324, -1.0278 -0.9685 1.9504, -0.9903 -0.9685 1.9593, -0.9743 -0.9685 1.9602, -0.9384 -0.9685 1.9557, -0.9044 -0.9685 1.9432, -0.8938 -0.9685 1.9374, -0.8706 -0.9685 1.9855, -0.8366 -0.9685 2.0262, -0.7959 -0.9685 2.0558, -0.7464 -0.9685 2.0759, -0.6904 -0.9685 2.0832, -0.6389 -0.9685 2.0768, -0.5913 -0.9685 2.0586, -0.5486 -0.9685 2.0289, -0.545 -0.9685 2.0257, -0.5107 -0.9685 1.9848, -0.4873 -0.9685 1.9359, -0.4797 -0.9685 1.9016, -0.4779 -0.9685 1.8934, -0.4657 -0.9685 1.8934, -0.4368 -0.9685 1.8898, -0.4103 -0.9685 1.8796, -0.3868 -0.9685 1.8631, -0.3694 -0.9685 1.8438, -0.3669 -0.9685 1.839, -0.3553 -0.9685 1.8177, -0.3481 -0.9685 1.7885, -0.3473 -0.9685 1.775, -0.351 -0.9685 1.7454, -0.3615 -0.9685 1.7183, -0.3782 -0.9685 1.6946, -0.38 -0.9685 1.6927, -0.4024 -0.9685 1.6743, -0.4292 -0.9685 1.6618, -0.4566 -0.9685 1.6566, -0.5249 -0.9685 1.6566, -0.528 -0.9685 1.657, -0.5326 -0.9685 1.658, -0.534 -0.9685 1.6581, -0.5458 -0.9685 1.6566, -0.5562 -0.9685 1.6525, -0.5656 -0.9685 1.6459, -0.5718 -0.9685 1.6389, -0.5777 -0.9685 1.6286, -0.5807 -0.9685 1.617, -0.5811 -0.9685 1.611, -0.5797 -0.9685 1.5997, -0.5757 -0.9685 1.5894, -0.5691 -0.9685 1.5799, -0.5655 -0.9685 1.5763, -0.5557 -0.9685 1.5693, -0.5456 -0.9685 1.5653, -0.5371 -0.9685 1.564, -0.4475 -0.9685 1.564, -0.397 -0.9685 1.5747, -0.3506 -0.9685 1.5973, -0.3094 -0.9685 1.6323, -0.2792 -0.9685 1.6743, -0.2601 -0.9685 1.7224, -0.8938 -0.9685 1.6733, -0.8812 -0.9685 1.6719, -0.8671 -0.9685 1.6669, -0.8549 -0.9685 1.6586, -0.8451 -0.9685 1.6477, -0.8385 -0.9685 1.6352, -0.835 -0.9685 1.6212, -0.835 -0.9685 1.6073, -0.8387 -0.9685 1.5927, -0.8457 -0.9685 1.5797, -0.854 -0.9685 1.5703, -0.8655 -0.9685 1.5621, -0.8786 -0.9685 1.5568, -0.8938 -0.9685 1.5549, -0.8964 -0.9685 1.5549, -0.9101 -0.9685 1.5571, -0.9238 -0.9685 1.563, -0.9354 -0.9685 1.5719, -0.9441 -0.9685 1.5827, -0.9501 -0.9685 1.5955, -0.9529 -0.9685 1.6097, -0.9521 -0.9685 1.6245, -0.9477 -0.9685 1.6388, -0.9398 -0.9685 1.6514, -0.9338 -0.9685 1.6577, -0.9219 -0.9685 1.6661, -0.9087 -0.9685 1.6714, -0.9087 -0.9685 1.6714
            ]
        }
        coordIndex [
            0,1,2,-1,3,4,5,-1,6,7,8,-1,9,10,11,-1,12,11,13,-1,13,11,14,-1,2,1,15,-1,16,17,18,-1,18,17,19,-1,18,19,20,-1,20,19,21,-1,20,21,5,-1,5,21,22,-1,5,22,3,-1,23,9,24,-1,24,9,11,-1,24,11,25,-1,25,11,12,-1,26,27,28,-1,28,27,29,-1,28,29,30,-1,30,29,31,-1,30,31,32,-1,32,31,33,-1,6,8,34,-1,34,8,35,-1,34,35,36,-1,36,35,37,-1,36,37,38,-1,1,39,15,-1,15,39,40,-1,15,40,41,-1,41,40,42,-1,41,42,6,-1,6,42,43,-1,6,43,7,-1,44,45,21,-1,21,45,46,-1,21,46,47,-1,47,46,48,-1,47,48,49,-1,49,48,50,-1,49,50,51,-1,51,50,52,-1,51,52,53,-1,53,52,54,-1,53,54,55,-1,55,54,56,-1,55,56,24,-1,24,56,57,-1,24,57,23,-1,58,59,19,-1,19,59,60,-1,19,60,21,-1,21,60,61,-1,21,61,44,-1,62,63,64,-1,64,63,65,-1,64,65,66,-1,66,65,67,-1,66,67,68,-1,68,67,69,-1,68,69,70,-1,70,69,71,-1,70,71,72,-1,10,73,11,-1,11,73,74,-1,11,74,75,-1,75,74,76,-1,75,76,77,-1,77,76,78,-1,77,78,79,-1,79,78,80,-1,79,80,81,-1,81,80,82,-1,81,82,83,-1,83,82,84,-1,83,84,85,-1,85,84,86,-1,85,86,87,-1,87,86,88,-1,87,88,89,-1,89,88,90,-1,89,90,19,-1,19,90,91,-1,19,91,58,-1,31,92,33,-1,33,92,93,-1,33,93,94,-1,94,93,95,-1,94,95,96,-1,96,95,97,-1,96,97,98,-1,98,97,99,-1,98,99,100,-1,100,99,101,-1,100,101,102,-1,102,101,103,-1,102,103,62,-1,62,103,104,-1,62,104,63,-1,105,106,107,-1,107,106,108,-1,107,108,28,-1,28,108,109,-1,28,109,26,-1,110,111,112,-1,112,111,113,-1,112,113,114,-1,114,113,115,-1,114,115,116,-1,116,115,117,-1,116,117,118,-1,118,117,119,-1,118,119,14,-1,14,119,120,-1,14,120,13,-1,38,37,121,-1,121,37,122,-1,121,122,123,-1,123,122,124,-1,123,124,125,-1,125,124,126,-1,125,126,127,-1,127,126,128,-1,127,128,105,-1,105,128,129,-1,105,129,106,-1,2,130,0,-1,0,130,131,-1,0,131,132,-1,132,131,133,-1,132,133,134,-1,134,133,135,-1,134,135,110,-1,110,135,136,-1,110,136,111,-1,137,138,139,-1,71,140,72,-1,72,140,137,-1,72,137,141,-1,141,137,139,-1,142,143,137,-1,137,143,144,-1,137,144,138,-1,145,146,147,-1,146,148,147,-1,147,148,149,-1,147,149,150,-1,142,137,147,-1,147,137,151,-1,147,151,145,-1,98,152,153,-1,154,33,94,-1,98,153,96,-1,96,153,155,-1,96,155,94,-1,94,155,156,-1,94,156,154,-1,154,157,33,-1,33,157,158,-1,33,158,32,-1,32,158,159,-1,32,159,30,-1,30,159,160,-1,30,160,28,-1,28,160,161,-1,28,161,107,-1,107,161,162,-1,107,162,105,-1,127,105,163,-1,163,105,162,-1,163,164,127,-1,127,164,165,-1,127,165,125,-1,125,165,166,-1,125,166,123,-1,123,166,167,-1,123,167,121,-1,121,167,168,-1,121,168,38,-1,38,168,36,-1,36,168,169,-1,36,169,170,-1,36,170,171,-1,36,171,34,-1,34,171,172,-1,34,172,6,-1,6,172,173,-1,6,173,41,-1,41,173,174,-1,41,174,15,-1,15,174,175,-1,15,175,2,-1,2,175,176,-1,2,176,130,-1,130,176,177,-1,130,177,131,-1,131,177,178,-1,131,178,133,-1,179,113,111,-1,133,178,180,-1,133,180,135,-1,135,180,181,-1,135,181,136,-1,181,182,136,-1,136,182,183,-1,136,183,111,-1,111,183,184,-1,111,184,179,-1,113,179,185,-1,113,185,115,-1,115,185,186,-1,115,186,117,-1,117,186,187,-1,117,187,119,-1,119,187,188,-1,119,188,120,-1,120,188,189,-1,120,189,13,-1,13,189,190,-1,13,190,12,-1,12,190,191,-1,12,191,25,-1,191,192,25,-1,25,192,193,-1,25,193,24,-1,24,193,194,-1,24,194,55,-1,55,194,195,-1,55,195,53,-1,195,196,53,-1,53,196,197,-1,53,197,51,-1,51,197,198,-1,51,198,49,-1,199,20,5,-1,49,198,200,-1,201,21,200,-1,200,21,47,-1,200,47,49,-1,201,202,21,-1,21,202,203,-1,21,203,22,-1,22,203,204,-1,22,204,3,-1,3,204,205,-1,3,205,4,-1,4,205,206,-1,4,206,5,-1,5,206,207,-1,5,207,199,-1,18,20,208,-1,208,20,199,-1,16,18,209,-1,209,18,208,-1,17,16,210,-1,210,16,209,-1,19,17,211,-1,211,17,210,-1,19,211,212,-1,19,212,89,-1,89,212,213,-1,89,213,87,-1,87,213,214,-1,87,214,85,-1,85,214,215,-1,85,215,83,-1,83,215,216,-1,83,216,81,-1,81,216,217,-1,81,217,79,-1,79,217,218,-1,79,218,77,-1,77,218,219,-1,77,219,75,-1,75,219,220,-1,75,220,11,-1,11,220,221,-1,11,221,14,-1,14,221,222,-1,14,222,118,-1,118,222,223,-1,118,223,116,-1,116,223,224,-1,116,224,114,-1,114,224,225,-1,114,225,112,-1,110,112,225,-1,225,226,110,-1,110,226,227,-1,110,227,228,-1,229,132,228,-1,228,132,134,-1,228,134,110,-1,229,230,132,-1,132,230,231,-1,132,231,0,-1,0,231,232,-1,0,232,1,-1,1,232,233,-1,1,233,39,-1,39,233,234,-1,39,234,40,-1,40,234,235,-1,40,235,42,-1,42,235,236,-1,42,236,43,-1,43,236,237,-1,43,237,7,-1,7,237,238,-1,7,238,8,-1,8,238,239,-1,8,239,35,-1,35,239,240,-1,35,240,37,-1,37,240,241,-1,37,241,122,-1,122,241,242,-1,122,242,124,-1,124,242,243,-1,124,243,126,-1,126,243,244,-1,126,244,128,-1,128,244,245,-1,128,245,129,-1,129,245,246,-1,129,246,106,-1,106,246,247,-1,106,247,108,-1,108,247,248,-1,108,248,109,-1,109,248,26,-1,26,248,249,-1,26,249,250,-1,27,26,251,-1,251,26,250,-1,27,251,252,-1,27,252,29,-1,29,252,253,-1,29,253,31,-1,31,253,254,-1,31,254,92,-1,92,254,255,-1,92,255,93,-1,93,255,256,-1,93,256,95,-1,256,257,95,-1,95,257,258,-1,95,258,97,-1,97,258,259,-1,97,259,99,-1,99,259,260,-1,99,260,101,-1,101,260,261,-1,101,261,103,-1,103,261,262,-1,103,262,104,-1,104,262,263,-1,104,263,63,-1,63,263,264,-1,63,264,65,-1,65,264,265,-1,65,265,67,-1,67,265,266,-1,67,266,69,-1,71,69,267,-1,267,69,266,-1,71,267,268,-1,71,268,140,-1,140,268,269,-1,140,269,137,-1,137,269,270,-1,137,270,151,-1,151,270,271,-1,151,271,145,-1,145,271,272,-1,145,272,146,-1,146,272,273,-1,146,273,148,-1,148,273,274,-1,148,274,149,-1,149,274,275,-1,149,275,150,-1,150,275,276,-1,150,276,147,-1,147,276,277,-1,147,277,142,-1,142,277,278,-1,142,278,143,-1,143,278,279,-1,143,279,144,-1,144,279,280,-1,144,280,138,-1,138,280,281,-1,138,281,139,-1,139,281,282,-1,139,282,141,-1,141,282,283,-1,141,283,72,-1,72,283,284,-1,72,284,70,-1,68,70,285,-1,285,70,284,-1,68,285,286,-1,68,286,66,-1,66,286,287,-1,66,287,64,-1,64,287,288,-1,64,288,62,-1,62,288,289,-1,62,289,102,-1,102,289,290,-1,102,290,100,-1,100,290,152,-1,100,152,98,-1,84,291,292,-1,84,292,86,-1,86,292,293,-1,86,293,88,-1,88,293,294,-1,88,294,90,-1,90,294,295,-1,90,295,91,-1,91,295,296,-1,91,296,58,-1,58,296,297,-1,58,297,59,-1,59,297,298,-1,59,298,60,-1,60,298,299,-1,60,299,61,-1,61,299,300,-1,61,300,44,-1,44,300,301,-1,44,301,45,-1,45,301,302,-1,45,302,46,-1,46,302,303,-1,46,303,48,-1,48,303,304,-1,48,304,50,-1,50,304,305,-1,50,305,52,-1,52,305,306,-1,52,306,54,-1,54,306,307,-1,54,307,56,-1,56,307,308,-1,56,308,57,-1,57,308,309,-1,57,309,23,-1,23,309,310,-1,23,310,9,-1,9,310,311,-1,9,311,10,-1,10,311,312,-1,10,312,73,-1,73,312,313,-1,73,313,74,-1,74,313,314,-1,74,314,76,-1,76,314,315,-1,76,315,78,-1,78,315,316,-1,78,316,80,-1,80,316,317,-1,80,317,82,-1,82,317,291,-1,82,291,84,-1,
        ]
    }
}
Shape{
    appearance Appearance {
        material  Material 	{
            diffuseColor 0.25098039215686274 0.25098039215686274 0.25098039215686274
            specularColor 0.12549019607843137 0.12549019607843137 0.12549019607843137
            ambientIntensity 0.2
            transparency 0
            shininess 0.5
        }
    }
    geometry IndexedFaceSet {
        ccw TRUE
        solid FALSE
        coord DEF co Coordinate {
            point [
                -0.8964 -0.9685 1.5549, -0.9338 -0.9685 1.6577, -0.9398 -0.9685 1.6514, -0.8786 -0.9685 1.5568, -0.8655 -0.9685 1.5621, -0.8812 -0.9685 1.6719, -0.8938 -0.9685 1.6733, -0.9087 -0.9685 1.6714, -0.9219 -0.9685 1.6661, -0.9501 -0.9685 1.5955, -0.9441 -0.9685 1.5827, -0.9354 -0.9685 1.5719, -0.8938 -0.9685 1.5549, -0.9477 -0.9685 1.6388, -0.9521 -0.9685 1.6245, -0.9529 -0.9685 1.6097, -0.9238 -0.9685 1.563, -0.9101 -0.9685 1.5571, -0.854 -0.9685 1.5703, -0.8457 -0.9685 1.5797, -0.8387 -0.9685 1.5927, -0.835 -0.9685 1.6073, -0.835 -0.9685 1.6212, -0.8385 -0.9685 1.6352, -0.8451 -0.9685 1.6477, -0.8549 -0.9685 1.6586, -0.8671 -0.9685 1.6669, -0.8671 -0.9685 1.6669
            ]
        }
        coordIndex [
            0,1,2,-1,3,4,5,-1,6,7,0,-1,0,7,8,-1,0,8,1,-1,9,10,2,-1,2,10,11,-1,6,0,5,-1,5,0,12,-1,5,12,3,-1,13,14,2,-1,2,14,15,-1,2,15,9,-1,11,16,2,-1,2,16,17,-1,2,17,0,-1,4,18,5,-1,5,18,19,-1,5,19,20,-1,20,21,5,-1,5,21,22,-1,5,22,23,-1,23,24,5,-1,5,24,25,-1,5,25,26,-1,
        ]
    }
}